id_transaccion,id_tarjeta,id_categoria,fecha_hora,concepto,comercio,monto,tipo_movimiento,medio_operacion,moneda
61864c43-4995-4c75-9419-56b0452b2dcd,e80f9cac-b03e-4fcb-a3f3-7f1c6286bc7b,1,2026-01-01 02:08:00,Nomina,Nomina,20509.5,INGRESO,TRANSFERENCIA,MXN
d9ec4024-a541-49cf-960f-80f18d91b33d,6d2288f2-a9dc-4bbd-b86b-33d48f2390dd,2,2026-01-01 02:44:00,Bus,Bus,6.0,EGRESO,TRANSFERENCIA,MXN
95efb8ba-b083-4e9a-b9cc-9def8fb1ba28,c49c8bf6-2d71-40b9-8f87-363b870b0dfd,3,2026-01-01 04:46:00,Costco,Costco,758.0,EGRESO,EFECTIVO,MXN
39b30404-a1d3-49d5-ab4a-d5d96605d154,f30fbc40-9703-4c31-b9a5-ab557c4b82c8,4,2026-01-01 05:06:00,Amazon Prime,Amazon Prime,99.0,EGRESO,APP_MOVIL,MXN
11266314-40ef-4263-80e6-5183c800f13f,d83b0edd-72db-47f8-a768-7d03bc7fa190,5,2026-01-01 07:40:00,Burger King,Burger King,450.0,EGRESO,APP_MOVIL,MXN
304abf7c-42b2-47c8-abc6-6ae2c158a252,e9f3e63d-6775-4b45-9daf-9722ec25fbe3,6,2026-01-01 10:04:00,Cabify,Cabify,150.0,EGRESO,APP_MOVIL,MXN
2a7fd383-9ae2-4684-916b-eff790b0030b,1d7d3151-e6c5-479c-aa65-df54b837c324,7,2026-01-01 10:05:00,Electricidad,Electricidad,719.0,EGRESO,TRANSFERENCIA,MXN
9000bf2c-bedd-4b5b-92a1-ee080b375bcd,4bb45633-ce6a-4e78-8b36-ab2143b9312a,8,2026-01-01 10:49:00,Herramientas,Herramientas,437.0,EGRESO,EFECTIVO,MXN
bc6704a6-60e0-4252-a0bc-987d99491fdf,2ca34b24-a26a-4698-a4c6-7593f66ced33,9,2026-01-01 11:04:00,Movistar,Movistar,150.0,EGRESO,APP_MOVIL,MXN
d378f8a4-57d6-4e78-aad3-24c48dff21d8,af1d8cae-6064-4332-977d-e896264e20c2,10,2026-01-01 11:41:00,Compras Fisicas,Compras Fisicas,755.0,EGRESO,TRANSFERENCIA,MXN
e6230d30-2fbb-457b-b6fb-095e116762c0,71c16233-5b03-45a3-b9d9-75dfce80f8cd,11,2026-01-01 11:50:00,Metro,Metro,5.0,EGRESO,TRANSFERENCIA,MXN
d4c7c7e8-68d7-4e77-8e9d-bacacc66d28f,6b2251e4-b804-4f13-898b-216c0c5ba9cc,12,2026-01-01 13:29:00,Barberia,Barberia,430.0,EGRESO,APP_MOVIL,MXN
ed160a90-96b7-44c2-a7b8-c908241e5722,282aba8c-1169-402d-adbd-8a41f6676432,13,2026-01-01 14:03:00,Andrea,Andrea,1650.0,EGRESO,EFECTIVO,MXN
d32a1384-20c2-4bd9-beb5-ea2a4b0e7310,cc302a48-1c7f-4cd5-8095-557e5f3ee43f,8,2026-01-01 16:47:00,Herramientas,Herramientas,2484.0,EGRESO,APP_MOVIL,MXN
9e259974-a4fa-419f-8f7d-e7e0ca9f178c,b6ca9d87-476a-4c5d-83ca-7693a6527a9c,14,2026-01-01 19:50:00,Renta,Renta,3961.0,EGRESO,APP_MOVIL,MXN
37c2a900-8888-40a2-a0a4-66605039c271,460819f1-3e7b-4a18-b9bb-4a991973ca55,1,2026-01-01 19:55:00,Nomina,Nomina,11667.38,INGRESO,TRANSFERENCIA,MXN
6580d9b6-1891-4ed8-a6d4-817276991331,ef403853-e247-49d9-9751-bf46943b3d76,15,2026-01-01 21:52:00,Multa de Transito,Multa de Transito,961.0,EGRESO,APP_MOVIL,MXN
96f5ad7a-4d0e-48b1-b965-30ebfb24d7df,c9e1bb7a-b4b0-4880-88f1-2b90da359497,16,2026-01-01 22:25:00,Coach,Coach,1985.0,EGRESO,TRANSFERENCIA,MXN
ea065453-2c56-4909-8b49-4620affa18d7,8d64339b-b475-44e4-bf62-e45215d1ea8f,4,2026-01-01 22:42:00,Netflix,Netflix,219.0,EGRESO,APP_MOVIL,MXN
cfb32eee-18d1-42ab-98a2-2b4ee881139c,e9f3e63d-6775-4b45-9daf-9722ec25fbe3,12,2026-01-01 23:07:00,Barberia,Barberia,437.0,EGRESO,TRANSFERENCIA,MXN
827f162a-065b-4a6b-9352-44bf543be423,698259d6-1dc2-4996-bae9-8219285ebc59,16,2026-01-01 23:11:00,Coach,Coach,1763.0,EGRESO,APP_MOVIL,MXN
d10739a0-2ab3-42e9-94ab-09c1b95c5ef6,edeb6414-0b55-4e0a-bed2-b73a88276387,17,2026-01-01 23:23:00,Colegiatura,Colegiatura,7614.0,EGRESO,TRANSFERENCIA,MXN
8f30d16f-bfae-4808-9021-18d4a5c210e0,e4f9aabd-8595-4a2d-84b2-3d54a4541fdc,3,2026-01-01 23:35:00,Soriana,Soriana,2244.0,EGRESO,EFECTIVO,MXN
d07f6608-2d22-41e6-a39c-d18744fca33c,e77722c3-ca39-4480-832f-f90fbc2402a7,18,2026-01-02 00:49:00,Infinitum,Infinitum,499.0,EGRESO,APP_MOVIL,MXN
fee90839-6aa1-4876-afaa-8ac2d6c80a03,7489af6c-154c-4eef-b7af-50397bd6b848,1,2026-01-02 01:59:00,Nomina,Nomina,7457.35,INGRESO,TRANSFERENCIA,MXN
8e6cb4a0-b769-491f-b391-8b38c7fc9701,86d42cc6-6226-41a4-aa56-9a03fdc03387,17,2026-01-02 04:59:00,Colegiatura,Colegiatura,7718.0,EGRESO,APP_MOVIL,MXN
f0eccaf3-cf6d-4eae-bdbd-16e043d48f1c,b1df054d-9d22-4d28-b46d-87390f12a902,19,2026-01-02 05:11:00,Mantenimiento Automotriz,Mantenimiento Automotriz,1891.0,EGRESO,APP_MOVIL,MXN
46549b0f-fe32-4e6e-b696-676ddba91e3b,007759d6-7e92-4216-8b0d-24e4b3bdc25c,15,2026-01-02 06:56:00,Multa de Transito,Multa de Transito,3848.0,EGRESO,TRANSFERENCIA,MXN
4639a19a-c7c7-4459-9724-4abd274caadb,49c19272-4521-43eb-a5ed-ba309950965f,7,2026-01-02 08:00:00,Electricidad,Electricidad,1580.0,EGRESO,APP_MOVIL,MXN
e3aef426-ec47-45db-81ff-1f42c4e5d26c,169f4be3-cc0f-4b41-8a79-77865835d095,20,2026-01-02 11:15:00,Cinemex,Cinemex,571.0,EGRESO,APP_MOVIL,MXN
21235b61-2530-4e4f-89cd-de00a790ecab,8711e8ab-3016-4507-8ecf-8798f901a525,19,2026-01-02 11:53:00,Mantenimiento Automotriz,Mantenimiento Automotriz,3592.0,EGRESO,TRANSFERENCIA,MXN
89e06522-7891-4cf0-9459-a23e89c6d439,6be93697-d5c5-49d1-8778-8abe58f5c5a3,1,2026-01-02 11:57:00,Transferencia Recibida,Transferencia Recibida,2744.0,INGRESO,TRANSFERENCIA,MXN
409c13a9-c677-49ac-830c-7adb409be351,d7073699-b1fd-4984-8380-c897f19b37c2,21,2026-01-02 13:02:00,Metrobus,Metrobus,6.0,EGRESO,EFECTIVO,MXN
005e2dfa-1d4c-4129-8558-b484417adb1f,9ebdcad6-2344-4fb6-873b-906defca570a,1,2026-01-02 14:36:00,Transferencia Recibida,Transferencia Recibida,1063.0,INGRESO,TRANSFERENCIA,MXN
933c1ed6-03be-4fca-b87c-0e8b2f69eef6,57a16ad2-8282-4a67-91ec-ebc90dee810e,1,2026-01-02 15:04:00,Nomina,Nomina,40153.21,INGRESO,TRANSFERENCIA,MXN
d76744b6-bb6c-4bc3-85d7-e01193cb977c,b5525d88-0da0-4036-a444-3e4f7a34128f,22,2026-01-02 15:12:00,Mobil,Mobil,317.0,EGRESO,TRANSFERENCIA,MXN
ce84a065-db7c-4d0d-a920-40967d7a64c1,9fa6af03-3f13-4285-852b-d389da76d928,3,2026-01-02 17:46:00,Bodega Aurrera,Bodega Aurrera,834.0,EGRESO,TRANSFERENCIA,MXN
3b3dd235-8fa8-4f36-a8f8-f903709ace21,feb46172-c764-46f8-8955-33a46aebe6cc,23,2026-01-02 22:57:00,GNP Seguros,GNP Seguros,3932.0,EGRESO,TRANSFERENCIA,MXN
4d03f356-b3e6-4312-9730-d791ab74907a,d83b0edd-72db-47f8-a768-7d03bc7fa190,24,2026-01-02 23:14:00,L'Oreal,L'Oreal,773.0,EGRESO,EFECTIVO,MXN
6d8dbe36-c2a7-49c2-a355-515ffda61210,cc302a48-1c7f-4cd5-8095-557e5f3ee43f,8,2026-01-02 23:49:00,Herramientas,Herramientas,2118.0,EGRESO,EFECTIVO,MXN
9507c73c-24dc-4e30-9a72-b5d995083e66,4a021a05-bacc-4ded-98e4-6ba1343b83b4,25,2026-01-03 00:10:00,Liverpool,Liverpool,971.0,EGRESO,TRANSFERENCIA,MXN
dbc1330d-f02c-47e5-9ef4-7e0b5e7f11b8,49c19272-4521-43eb-a5ed-ba309950965f,26,2026-01-03 01:06:00,Farmacias del Ahorro,Farmacias del Ahorro,267.0,EGRESO,APP_MOVIL,MXN
c639ce67-5d33-452f-a544-65e9f03de5b6,af1d8cae-6064-4332-977d-e896264e20c2,19,2026-01-03 01:18:00,Mantenimiento Automotriz,Mantenimiento Automotriz,1304.0,EGRESO,APP_MOVIL,MXN
e2c6df8a-88b3-418b-a8dc-078c3f5c4385,007759d6-7e92-4216-8b0d-24e4b3bdc25c,27,2026-01-03 03:46:00,Gas,Gas,447.0,EGRESO,TRANSFERENCIA,MXN
3bba5881-acd3-46b5-bbcf-368fbc230208,36ee8608-fe5c-4530-b7cf-d13801c08072,1,2026-01-03 04:30:00,Transferencia Recibida,Transferencia Recibida,3158.0,INGRESO,TRANSFERENCIA,MXN
a5a84b15-d325-4f44-acac-d67850c71207,1d7d3151-e6c5-479c-aa65-df54b837c324,17,2026-01-03 05:31:00,Colegiatura,Colegiatura,6859.0,EGRESO,EFECTIVO,MXN
cc0ccfcd-e5f4-41f0-96f4-5f5dfb1f8c4b,698259d6-1dc2-4996-bae9-8219285ebc59,1,2026-01-03 06:42:00,Nomina,Nomina,20700.4,INGRESO,TRANSFERENCIA,MXN
6ee323f2-e7b7-4015-acec-e5920a5a3a1e,8580b4dd-2321-42ff-8e88-0392056caa5c,1,2026-01-03 07:05:00,Nomina,Nomina,,INGRESO,TRANSFERENCIA,MXN
3d3d2f44-cfd4-4ce2-8115-de09dd3f6d0c,d1015873-9015-4bb6-ad9c-9c10c7fbccaa,3,2026-01-03 08:01:00,Soriana,Soriana,3786.0,EGRESO,APP_MOVIL,MXN
a452a5b7-b8a7-4259-a7c2-c262c3cd79da,ec1a1f42-1c5f-492f-919f-08cacfcb0039,14,2026-01-03 09:06:00,Renta,Renta,12170.0,EGRESO,APP_MOVIL,MXN
32a184ea-35c3-4944-adf9-1815363db3c7,a5264eb8-0d47-44e1-b1b3-6e0a2018f25f,18,2026-01-03 09:24:00,Totalplay,Totalplay,389.0,EGRESO,TRANSFERENCIA,MXN
70baba7d-22cd-4fe7-a2ff-a74124365e01,1d78859f-eed0-4406-a7a8-ac62bfe90145,28,2026-01-03 09:52:00,Innvictus,Innvictus,934.0,EGRESO,EFECTIVO,MXN
85a4b6c1-5b4f-4748-9629-d1d0302aa494,71c16233-5b03-45a3-b9d9-75dfce80f8cd,9,2026-01-03 10:04:00,Telcel,Telcel,349.0,EGRESO,APP_MOVIL,MXN
7edcccb8-54dd-4e30-9a37-edc20322e6f0,6d2288f2-a9dc-4bbd-b86b-33d48f2390dd,22,2026-01-03 11:56:00,Oxxo Gas,Oxxo Gas,384.0,EGRESO,APP_MOVIL,MXN
331321d1-03a9-4762-b19c-e71cc15c86a5,0e2604b4-11e5-4452-8748-64aa92f9ca8f,1,2026-01-03 12:06:00,Nomina,Nomina,4848.27,INGRESO,TRANSFERENCIA,MXN
1c5b78b6-77aa-4c49-ae37-a9b6169b77b3,e80f9cac-b03e-4fcb-a3f3-7f1c6286bc7b,17,2026-01-03 13:03:00,Colegiatura,Colegiatura,7419.0,EGRESO,EFECTIVO,MXN
598e1971-29bd-4c01-badd-133c02b1c055,9fa6af03-3f13-4285-852b-d389da76d928,1,2026-01-03 13:16:00,Nomina,Nomina,20039.9,INGRESO,TRANSFERENCIA,MXN
a296f9b6-f91b-4222-8696-7d154a588a76,007759d6-7e92-4216-8b0d-24e4b3bdc25c,5,2026-01-03 13:37:00,Domino's,Domino's,1161.0,EGRESO,APP_MOVIL,MXN
a1d41324-4967-4af2-a73e-5cb54d4409c9,e77722c3-ca39-4480-832f-f90fbc2402a7,18,2026-01-03 14:29:00,Izzi,Izzi,799.0,EGRESO,APP_MOVIL,MXN
34804dec-254a-42b6-aec4-6301e58e8de6,e9f3e63d-6775-4b45-9daf-9722ec25fbe3,1,2026-01-03 16:41:00,Transferencia Recibida,Transferencia Recibida,4424.0,INGRESO,TRANSFERENCIA,MXN
c628eb4e-9099-496b-ac39-9726e207a2aa,c49c8bf6-2d71-40b9-8f87-363b870b0dfd,8,2026-01-03 18:17:00,Herramientas,Herramientas,1238.0,EGRESO,TRANSFERENCIA,MXN
f7c707b3-5b5e-436b-8fa1-c83162f241e7,c0c2ffc0-3d5f-4e4f-99f2-884a8a2621f5,25,2026-01-03 18:22:00,Palacio de Hierro,Palacio de Hierro,1612.0,EGRESO,EFECTIVO,MXN
4ae6e0ef-5944-4b73-9588-aa428807da33,282aba8c-1169-402d-adbd-8a41f6676432,13,2026-01-03 18:27:00,Capa de Ozono,Capa de Ozono,2228.0,EGRESO,TRANSFERENCIA,MXN
58046eb9-ed7c-493c-863f-f379b672253a,d7073699-b1fd-4984-8380-c897f19b37c2,10,2026-01-03 21:07:00,Compras Fisicas,Compras Fisicas,333.0,EGRESO,TRANSFERENCIA,MXN
787fb0e3-a466-4554-909e-79461c527c40,654c4cb9-fb3b-421c-9e42-884531a72e4c,9,2026-01-03 21:13:00,Movistar,Movistar,249.0,EGRESO,APP_MOVIL,MXN
649a20aa-d568-4605-bf1a-f9c3fb2df30b,2d80c188-6489-4094-b09d-93b06a6b2935,1,2026-01-03 22:14:00,Nomina,Nomina,29146.29,INGRESO,TRANSFERENCIA,MXN
cb60801a-cd74-463a-89cb-04e0ecca536d,86d42cc6-6226-41a4-aa56-9a03fdc03387,29,2026-01-03 23:24:00,Viajes,Viajes,8738.0,EGRESO,APP_MOVIL,MXN
b13dfad5-8983-41a1-87a4-0c4ac2490fc2,c0c2ffc0-3d5f-4e4f-99f2-884a8a2621f5,5,2026-01-03 23:28:00,McDonald's,McDonald's,1092.0,EGRESO,EFECTIVO,MXN
9bc1afd3-b894-4a89-a4e6-af664af9df82,efb35f92-a96e-40cb-9ba4-a3d3670133ab,9,2026-01-03 23:36:00,Movistar,Movistar,249.0,EGRESO,TRANSFERENCIA,MXN
bb873bb1-fdf5-4ef2-b58e-e84ce2a07c38,591ef66e-c411-40c1-95e6-b23f8169be61,23,2026-01-04 00:25:00,GNP Seguros,GNP Seguros,3954.0,EGRESO,APP_MOVIL,MXN
c89eb19a-1c0f-493e-88a3-9af7f7742d15,e80f9cac-b03e-4fcb-a3f3-7f1c6286bc7b,18,2026-01-04 00:42:00,Izzi,Izzi,439.0,EGRESO,EFECTIVO,MXN
e67aa391-0a28-4ffb-9202-9c2cbf1043f9,7059c9c8-532b-4bfe-a72e-0c9aa55e75da,20,2026-01-04 02:48:00,Starbucks,Starbucks,112.0,EGRESO,TRANSFERENCIA,MXN
9057c5a6-377c-4133-a23a-80c047e0cdd8,cf376ebc-04ee-401c-98d2-d2ca7394def8,1,2026-01-04 02:58:00,Nomina,Nomina,5343.1,INGRESO,TRANSFERENCIA,MXN
71da6618-8e03-436e-b5ce-96d6651062d5,fe494458-2541-481f-bb69-2bcb8e182795,1,2026-01-04 04:04:00,Nomina,Nomina,19294.84,INGRESO,TRANSFERENCIA,MXN
4a32a364-abe8-458c-8077-2f29e827a5f3,d7073699-b1fd-4984-8380-c897f19b37c2,19,2026-01-04 04:05:00,Mantenimiento Automotriz,Mantenimiento Automotriz,1082.0,EGRESO,APP_MOVIL,MXN
6e7b6ac1-6728-4f21-aa16-7ea7115630bb,d7b98250-11d8-4b40-a1fd-44ae5b3e0d2a,18,2026-01-04 04:44:00,Infinitum,Infinitum,799.0,EGRESO,APP_MOVIL,MXN
bdc1f549-f95f-4682-83bf-cc2d3a06e74e,87a8bdbd-1d61-4275-b187-80f960bd7983,8,2026-01-04 06:51:00,Herramientas,Herramientas,379.0,EGRESO,APP_MOVIL,MXN
4a6d3be5-c657-40bd-933e-9f33de34aaf0,8ae451d5-4e82-4ced-8bbc-cee19fedccda,16,2026-01-04 08:59:00,Cloe,Cloe,2109.0,EGRESO,EFECTIVO,MXN
06c87c75-6521-4009-93af-e8c380b487b9,4f6ff8db-53cf-4464-883b-02373ed58457,1,2026-01-04 10:16:00,Transferencia Recibida,Transferencia Recibida,4173.0,INGRESO,TRANSFERENCIA,MXN
80b4839c-96c7-48b3-ad4d-6d30c55dd774,1d7d3151-e6c5-479c-aa65-df54b837c324,5,2026-01-04 10:28:00,Little Caesars,Little Caesars,1170.0,EGRESO,TRANSFERENCIA,MXN
022665ed-8d61-4deb-af3f-3532c703a45a,6be93697-d5c5-49d1-8778-8abe58f5c5a3,21,2026-01-04 11:08:00,Metrobus,Metrobus,6.0,EGRESO,APP_MOVIL,MXN
314496c9-5c25-4a5f-94b7-388fbb463d71,ec1a1f42-1c5f-492f-919f-08cacfcb0039,14,2026-01-04 11:55:00,Renta,Renta,4091.0,EGRESO,APP_MOVIL,MXN
275145fd-c4ae-4b92-a554-d17dabf7f71c,c9e1bb7a-b4b0-4880-88f1-2b90da359497,10,2026-01-04 12:17:00,Compras Fisicas,Compras Fisicas,2229.0,EGRESO,TRANSFERENCIA,MXN
3bdbd72e-0375-49ea-a86c-8ca94f5989b5,6b2251e4-b804-4f13-898b-216c0c5ba9cc,6,2026-01-04 12:21:00,DiDi,DiDi,111.0,EGRESO,TRANSFERENCIA,MXN
62e293b4-af5f-4bf0-b7fd-0906bd628ef5,b5525d88-0da0-4036-a444-3e4f7a34128f,30,2026-01-04 13:10:00,Salon de Belleza,Salon de Belleza,265.0,EGRESO,APP_MOVIL,MXN
d95bffe2-b24f-4243-a193-6b26dbc4d5b2,71c16233-5b03-45a3-b9d9-75dfce80f8cd,16,2026-01-04 14:16:00,Cloe,Cloe,1378.0,EGRESO,APP_MOVIL,MXN
2d13353e-32d3-4ca8-ad94-53b7dda23192,0d4d9d7a-2ce4-4002-abe0-031b288ff53c,11,2026-01-04 14:42:00,Metro,Metro,5.0,EGRESO,APP_MOVIL,MXN
85e5732b-763c-4368-87f1-dcf3b0c121fe,287b9cdc-edd5-4342-a5fb-5148aeea5b6c,28,2026-01-04 15:11:00,Innvictus,Innvictus,1018.0,EGRESO,TRANSFERENCIA,MXN
dd984552-d9bc-45c0-9c4d-951a01fd9c00,e8dab777-b3e1-4c67-81e8-1bcf07a12eb6,19,2026-01-04 15:13:00,Mantenimiento Automotriz,Mantenimiento Automotriz,2694.0,EGRESO,EFECTIVO,MXN
a6c575a3-9ea2-424c-9fe7-ad9f67c4ddf9,6e3e2a99-1a3d-42fa-bfe5-52f057eccb2f,22,2026-01-04 16:34:00,Oxxo Gas,Oxxo Gas,1086.0,EGRESO,EFECTIVO,MXN
477ba6b1-87b2-41b4-b41f-53ac45944ed7,edeb6414-0b55-4e0a-bed2-b73a88276387,31,2026-01-04 17:02:00,Mercado Libre,Mercado Libre,308.0,EGRESO,APP_MOVIL,MXN
e5ca8f2c-fdb6-45aa-a9b8-24b9ee3a8c3b,f20e8816-f077-4abe-837b-b3e39ccf37eb,10,2026-01-04 17:15:00,Compras Fisicas,Compras Fisicas,1693.0,EGRESO,EFECTIVO,MXN
7481c7c2-4cf0-4fe7-92c5-06e6162d5f9c,7c74290c-b207-43d8-bcd5-14f069783b3b,29,2026-01-04 17:30:00,Viajes,Viajes,5952.0,EGRESO,TRANSFERENCIA,MXN
7fae6ce8-1d09-4db5-bab2-32b6fa8e7321,74a2259c-8ee4-4064-89cc-8a49fd390792,21,2026-01-04 17:43:00,Metrobus,Metrobus,50.0,EGRESO,EFECTIVO,MXN
524c6850-206a-4069-b835-75a8635cfc2f,4f6ff8db-53cf-4464-883b-02373ed58457,17,2026-01-04 17:50:00,Colegiatura,Colegiatura,3468.0,EGRESO,APP_MOVIL,MXN
9873fb78-4d19-4c79-8e6d-bfc2f1354023,cf376ebc-04ee-401c-98d2-d2ca7394def8,26,2026-01-04 18:23:00,Farmacias Similares,Farmacias Similares,846.0,EGRESO,EFECTIVO,MXN
ffdd8759-6e06-4e75-8e24-6bea468323d4,654c4cb9-fb3b-421c-9e42-884531a72e4c,30,2026-01-04 20:38:00,Salon de Belleza,Salon de Belleza,320.0,EGRESO,TRANSFERENCIA,MXN
6b5ca4f3-f998-4967-abdb-b6aa97a5db42,e80f9cac-b03e-4fcb-a3f3-7f1c6286bc7b,1,2026-01-04 22:01:00,Transferencia Recibida,Transferencia Recibida,4350.0,INGRESO,TRANSFERENCIA,MXN
052ce4e4-81d4-4471-8cac-69c5a27d6569,c49c8bf6-2d71-40b9-8f87-363b870b0dfd,5,2026-01-04 22:06:00,Little Caesars,Little Caesars,896.0,EGRESO,TRANSFERENCIA,MXN
0a3fc572-3dc0-41be-a462-fbf08171b179,edeb6414-0b55-4e0a-bed2-b73a88276387,9,2026-01-04 22:47:00,Telcel,Telcel,150.0,EGRESO,APP_MOVIL,MXN
95817545-86a6-4a4e-afd5-6e67d9a7fc1b,af1d8cae-6064-4332-977d-e896264e20c2,10,2026-01-04 22:53:00,Compras Fisicas,Compras Fisicas,750.0,EGRESO,TRANSFERENCIA,MXN
01a1e6c7-d048-462d-81e7-ddb15e7cfd8c,f2e52e1f-1d7b-4214-a1ee-83e8b98918f0,21,2026-01-05 01:11:00,Metrobus,Metrobus,6.0,EGRESO,APP_MOVIL,MXN
8508f847-5012-4af4-b528-c20461c27e19,591ef66e-c411-40c1-95e6-b23f8169be61,32,2026-01-05 01:23:00,PlayStation Network,PlayStation Network,496.0,EGRESO,APP_MOVIL,MXN
41119868-dc61-4a2b-ae0b-e5b4331d9034,f2e52e1f-1d7b-4214-a1ee-83e8b98918f0,24,2026-01-05 02:35:00,L'Oreal,L'Oreal,401.0,EGRESO,APP_MOVIL,MXN
85d454c8-fa6b-449e-986a-327f5834ce62,d94896e7-da2e-4ebf-8861-0ed51d327133,8,2026-01-05 02:41:00,Herramientas,Herramientas,2139.0,EGRESO,APP_MOVIL,MXN
107e77ca-56b2-409e-95cc-3ed3a8b79de8,460819f1-3e7b-4a18-b9bb-4a991973ca55,33,2026-01-05 02:42:00,Agua,Agua,1154.0,EGRESO,APP_MOVIL,MXN
a75def31-867b-4572-b5ad-a94e0a045baf,87a8bdbd-1d61-4275-b187-80f960bd7983,8,2026-01-05 05:09:00,Herramientas,Herramientas,2196.0,EGRESO,APP_MOVIL,MXN
ac0dc5f2-7929-45c1-a01d-bd81c049ba35,efb35f92-a96e-40cb-9ba4-a3d3670133ab,27,2026-01-05 08:43:00,Gas,Gas,588.0,EGRESO,APP_MOVIL,MXN
0c8747a5-1559-4ab0-ab26-5529949722c8,f2e52e1f-1d7b-4214-a1ee-83e8b98918f0,29,2026-01-05 09:31:00,Viajes,Viajes,1625.0,EGRESO,APP_MOVIL,MXN
97fa7c49-58b2-4526-b5a8-8d2d7972d927,4bb45633-ce6a-4e78-8b36-ab2143b9312a,1,2026-01-05 10:07:00,Transferencia Recibida,Transferencia Recibida,933.0,INGRESO,TRANSFERENCIA,MXN
51b327cb-f1c1-4cd1-9d70-f481f44ebc1d,36bb528a-43a8-4008-8557-d3e3a5c94a6c,1,2026-01-05 11:15:00,Nomina,Nomina,8486.16,INGRESO,TRANSFERENCIA,MXN
71a7f0e4-1a56-40bd-96e7-1b5309060e29,3e5b598d-bd6d-4076-8922-5940bc6d277c,7,2026-01-05 12:11:00,Electricidad,Electricidad,911.0,EGRESO,EFECTIVO,MXN
ebb71984-6bf7-4f87-816a-ea65144b1087,591ef66e-c411-40c1-95e6-b23f8169be61,10,2026-01-05 12:18:00,Compras Fisicas,Compras Fisicas,1564.0,EGRESO,APP_MOVIL,MXN
0c96053e-0c1e-4de0-82ca-e8af7c472c8b,ec1a1f42-1c5f-492f-919f-08cacfcb0039,15,2026-01-05 12:45:00,Multa de Transito,Multa de Transito,1759.0,EGRESO,APP_MOVIL,MXN
03c86527-71e4-498b-a15d-9a55e680cd72,0d4d9d7a-2ce4-4002-abe0-031b288ff53c,16,2026-01-05 14:22:00,Coach,Coach,2067.0,EGRESO,EFECTIVO,MXN
415bde20-bcad-4774-ad63-8c16fd274636,f30fbc40-9703-4c31-b9a5-ab557c4b82c8,7,2026-01-05 15:16:00,Electricidad,Electricidad,1797.0,EGRESO,TRANSFERENCIA,MXN
91b44cd7-2a00-4fe3-8a50-3a0a17d4cd54,1d78859f-eed0-4406-a7a8-ac62bfe90145,4,2026-01-05 16:29:00,Amazon Prime,Amazon Prime,99.0,EGRESO,APP_MOVIL,MXN
3402aa4f-5a44-4223-9a62-990eee0ede2c,4f6ff8db-53cf-4464-883b-02373ed58457,15,2026-01-05 16:36:00,Multa de Transito,Multa de Transito,778.0,EGRESO,TRANSFERENCIA,MXN
3e1422fe-4ed3-4d67-b48a-1251f4dfd11d,78415f42-edd9-4039-abee-f38499ffc380,29,2026-01-05 16:55:00,Viajes,Viajes,2382.0,EGRESO,APP_MOVIL,MXN
cfb7f12f-6ac1-49c6-87c6-7ec44f14f1ae,7059c9c8-532b-4bfe-a72e-0c9aa55e75da,24,2026-01-05 17:02:00,L'Oreal,L'Oreal,1855.0,EGRESO,TRANSFERENCIA,MXN
33f279f8-38fe-4632-9381-0aa52af250c8,7c74290c-b207-43d8-bcd5-14f069783b3b,1,2026-01-05 17:40:00,Nomina,Nomina,18498.99,INGRESO,TRANSFERENCIA,MXN
b9ccca6f-e6e1-4656-9464-7e4ecf2c00a5,282aba8c-1169-402d-adbd-8a41f6676432,13,2026-01-05 19:10:00,Flexi,Flexi,982.0,EGRESO,TRANSFERENCIA,MXN
348e0c7f-5673-4415-835b-667e2141a631,bacb91fd-e8d8-4aab-86af-be8542045bfc,11,2026-01-05 19:11:00,Metro,Metro,20.0,EGRESO,TRANSFERENCIA,MXN
1c45050c-7f54-4a36-85ad-29f3cf9fd462,d7073699-b1fd-4984-8380-c897f19b37c2,22,2026-01-05 21:14:00,Mobil,Mobil,230.0,EGRESO,APP_MOVIL,MXN
bad1f394-9861-4bde-af1e-c5d00dec14ad,169f4be3-cc0f-4b41-8a79-77865835d095,10,2026-01-05 23:50:00,Compras Fisicas,Compras Fisicas,1979.0,EGRESO,EFECTIVO,MXN
968962c3-b48b-4cab-9c23-07921dd373e8,7059c9c8-532b-4bfe-a72e-0c9aa55e75da,16,2026-01-06 00:19:00,Cloe,Cloe,2026.0,EGRESO,APP_MOVIL,MXN
90049269-0d72-408f-8297-084b865eb569,e4f9aabd-8595-4a2d-84b2-3d54a4541fdc,20,2026-01-06 00:24:00,Starbucks,Starbucks,550.0,EGRESO,EFECTIVO,MXN
01a970b5-6595-4c2e-96d7-63afc0b909e4,49c19272-4521-43eb-a5ed-ba309950965f,1,2026-01-06 01:20:00,Nomina,Nomina,10556.27,INGRESO,TRANSFERENCIA,MXN
8e058b4e-eda5-42dc-9ca5-5574e99cb4cd,d7073699-b1fd-4984-8380-c897f19b37c2,1,2026-01-06 02:00:00,Transferencia Recibida,Transferencia Recibida,2433.0,INGRESO,TRANSFERENCIA,MXN
55a48bd5-4471-452b-ab8d-00f3201a8a3d,87a8bdbd-1d61-4275-b187-80f960bd7983,31,2026-01-06 02:27:00,Mercado Libre,Mercado Libre,1097.0,EGRESO,TRANSFERENCIA,MXN
f85a9307-1620-4a5a-9ad2-e79c3805388e,3e5b598d-bd6d-4076-8922-5940bc6d277c,1,2026-01-06 05:40:00,Nomina,Nomina,24603.92,INGRESO,TRANSFERENCIA,MXN
5e3c4948-4769-452e-bbf3-8bd8eb76109f,6be93697-d5c5-49d1-8778-8abe58f5c5a3,14,2026-01-06 06:10:00,Renta,Renta,8713.0,EGRESO,TRANSFERENCIA,MXN
f50e29ea-4fdb-4f47-9b2f-f973fa503d25,b1df054d-9d22-4d28-b46d-87390f12a902,7,2026-01-06 06:28:00,Electricidad,Electricidad,491.0,EGRESO,APP_MOVIL,MXN
c473624c-2df2-4f89-bbe8-001c8b30746c,cf376ebc-04ee-401c-98d2-d2ca7394def8,1,2026-01-06 07:34:00,Nomina,Nomina,5343.1,INGRESO,TRANSFERENCIA,MXN
d81d845a-c812-47fc-a658-3a498343f10f,e4f9aabd-8595-4a2d-84b2-3d54a4541fdc,23,2026-01-06 08:35:00,Qualitas,Qualitas,2230.0,EGRESO,APP_MOVIL,MXN
5acbd83f-1e72-4fd5-8ece-6132d00246c8,e77722c3-ca39-4480-832f-f90fbc2402a7,16,2026-01-06 09:44:00,Michael Kors,Michael Kors,451.0,EGRESO,APP_MOVIL,MXN
666694d5-4466-47e7-a0d1-aaf5d64aac54,8ae451d5-4e82-4ced-8bbc-cee19fedccda,1,2026-01-06 09:46:00,Transferencia Recibida,Transferencia Recibida,2224.0,INGRESO,TRANSFERENCIA,MXN
dae74000-06c9-4b42-825e-bda8bd1799ca,169f4be3-cc0f-4b41-8a79-77865835d095,21,2026-01-06 09:54:00,Metrobus,Metrobus,6.0,EGRESO,APP_MOVIL,MXN
003fbde1-1477-49b7-9992-cab0dcee5733,d660ddf9-6ba0-4a64-88ea-5d41f61fcefb,1,2026-01-06 10:33:00,Nomina,Nomina,7645.89,INGRESO,TRANSFERENCIA,MXN
dea25b85-233e-46eb-8e63-22f51cd91f08,5057339d-f49e-4d1c-beae-6ced3a7c148f,23,2026-01-06 11:46:00,GNP Seguros,GNP Seguros,3880.0,EGRESO,APP_MOVIL,MXN
54076a3e-b273-43f6-982f-93713eca26d1,4f6ff8db-53cf-4464-883b-02373ed58457,6,2026-01-06 13:31:00,DiDi,DiDi,110.0,EGRESO,TRANSFERENCIA,MXN
01607bdd-5360-44be-b605-b2083739f2b3,2f5e4265-1e5f-4813-839b-50bf4accbd7e,8,2026-01-06 14:48:00,Herramientas,Herramientas,921.0,EGRESO,APP_MOVIL,MXN
699bbfc5-7db8-4979-9b44-14f74af6fbf2,a5264eb8-0d47-44e1-b1b3-6e0a2018f25f,1,2026-01-06 15:07:00,Transferencia Recibida,Transferencia Recibida,2939.0,INGRESO,TRANSFERENCIA,MXN
9d0f3eb5-a720-4f48-9063-64cabd951b04,591ef66e-c411-40c1-95e6-b23f8169be61,8,2026-01-06 16:03:00,Herramientas,Herramientas,571.0,EGRESO,EFECTIVO,MXN
9ea96076-4e1d-4857-a06c-95a90b1f1734,cf376ebc-04ee-401c-98d2-d2ca7394def8,26,2026-01-06 19:11:00,Farmacias Similares,Farmacias Similares,630.0,EGRESO,EFECTIVO,MXN
84e491d6-fb02-4330-93de-8b3f334487e0,7059c9c8-532b-4bfe-a72e-0c9aa55e75da,15,2026-01-06 20:15:00,Multa de Transito,Multa de Transito,531.0,EGRESO,APP_MOVIL,MXN
db07bc5e-1b19-44ef-9816-01452b1673b6,4f6ff8db-53cf-4464-883b-02373ed58457,24,2026-01-06 21:24:00,Maybelline,Maybelline,511.0,EGRESO,TRANSFERENCIA,MXN
562735a4-767f-48f2-a9f7-9accbc2b8b23,e4814a6c-08b2-4b08-99dd-d9e29211ea72,2,2026-01-06 22:43:00,Bus,Bus,6.0,EGRESO,APP_MOVIL,MXN
d09a2619-eb7b-4821-a752-bc64322302e7,062fd77f-ba97-4763-bff4-0bc64c0b9db9,18,2026-01-06 22:51:00,Izzi,Izzi,499.0,EGRESO,EFECTIVO,MXN
18004148-fdd4-47ea-8c06-8dd1e6226a1e,481fe99e-04d7-42b3-b696-00ef02353148,1,2026-01-06 22:52:00,Nomina,Nomina,6227.44,INGRESO,TRANSFERENCIA,MXN
8c7263dd-2fac-4b5f-9421-ae55901dfed1,2d80c188-6489-4094-b09d-93b06a6b2935,5,2026-01-07 02:22:00,McDonald's,McDonald's,612.0,EGRESO,EFECTIVO,MXN
a957b1c0-5cd6-4201-a250-f430a4ef18c7,feb46172-c764-46f8-8955-33a46aebe6cc,27,2026-01-07 03:30:00,Gas,Gas,495.0,EGRESO,EFECTIVO,MXN
572a5fc7-569c-4d69-b8e2-8c75ebb6d710,d7b98250-11d8-4b40-a1fd-44ae5b3e0d2a,4,2026-01-07 03:37:00,Apple TV+,Apple TV+,129.0,EGRESO,APP_MOVIL,MXN
98e98f8c-3d2e-4ca0-bccf-cfece8d7d403,d7d4bd62-308e-4ac3-9ba9-582ec4beeeb0,24,2026-01-07 03:38:00,NYX Cosmetics,NYX Cosmetics,1209.0,EGRESO,TRANSFERENCIA,MXN
0e3f72c4-d326-4f99-97a8-a390c8b61302,6be93697-d5c5-49d1-8778-8abe58f5c5a3,1,2026-01-07 04:31:00,Nomina,Nomina,12208.83,INGRESO,TRANSFERENCIA,MXN
ed072f87-57b6-42a1-9b9c-c9c2ea6f4acc,334ac887-2c2e-43f0-ac7f-4e80e3f22173,7,2026-01-07 05:02:00,Electricidad,Electricidad,1429.0,EGRESO,TRANSFERENCIA,MXN
8241ae06-c344-406b-846d-5376e94be890,698259d6-1dc2-4996-bae9-8219285ebc59,27,2026-01-07 05:17:00,Gas,Gas,277.0,EGRESO,TRANSFERENCIA,MXN
75637acc-31bd-4798-8894-9431ede60acd,af1d8cae-6064-4332-977d-e896264e20c2,29,2026-01-07 05:55:00,Viajes,Viajes,5682.0,EGRESO,APP_MOVIL,MXN
7f922ee2-d568-41f8-94ae-a373c92d9bd1,0d4d9d7a-2ce4-4002-abe0-031b288ff53c,17,2026-01-07 09:37:00,Colegiatura,Colegiatura,2795.0,EGRESO,TRANSFERENCIA,MXN
cf8fe778-8b5c-49e6-88b8-ecf6d5de81e8,7f2f8daa-dfc2-4ad0-9c49-d90ffa6ae04b,23,2026-01-07 09:38:00,AXA Seguros,AXA Seguros,,EGRESO,APP_MOVIL,MXN
e21eb031-0292-4fb9-8802-301eba2171ef,8580b4dd-2321-42ff-8e88-0392056caa5c,27,2026-01-07 09:52:00,Gas,Gas,698.0,EGRESO,APP_MOVIL,MXN
2ce94256-2bd4-4483-aff9-857acda35bf0,f30fbc40-9703-4c31-b9a5-ab557c4b82c8,4,2026-01-07 10:32:00,Max (HBO),Max (HBO),249.0,EGRESO,TRANSFERENCIA,MXN
837a7cf2-cf3a-4a82-9755-3e054f2d5a3a,c0c2ffc0-3d5f-4e4f-99f2-884a8a2621f5,32,2026-01-07 11:13:00,PlayStation Network,PlayStation Network,1781.0,EGRESO,APP_MOVIL,MXN
e0371fb6-4bb9-443a-b4a3-faa47eac0303,0aa2518e-377e-4305-9b5c-0f8e0f802f9e,18,2026-01-07 11:23:00,Infinitum,Infinitum,799.0,EGRESO,TRANSFERENCIA,MXN
5682aab6-92be-4e85-91f7-80829e19e6a2,feb46172-c764-46f8-8955-33a46aebe6cc,1,2026-01-07 12:53:00,Nomina,Nomina,8741.4,INGRESO,TRANSFERENCIA,MXN
0f4e9358-75c2-4022-a387-1ffe0dd72d23,e4f9aabd-8595-4a2d-84b2-3d54a4541fdc,33,2026-01-07 15:04:00,Agua,Agua,666.0,EGRESO,APP_MOVIL,MXN
6f2352cc-8c5d-40a2-9ab6-22c5adeb1644,282aba8c-1169-402d-adbd-8a41f6676432,20,2026-01-07 16:38:00,Restaurante Local,Restaurante Local,628.0,EGRESO,EFECTIVO,MXN
b07dde5e-30ec-4e39-812b-4e7cc53b3e8d,007759d6-7e92-4216-8b0d-24e4b3bdc25c,8,2026-01-07 17:45:00,Herramientas,Herramientas,1567.0,EGRESO,TRANSFERENCIA,MXN
581e2dbd-a3e2-4041-9be3-ae34e64c852b,36ee8608-fe5c-4530-b7cf-d13801c08072,13,2026-01-07 17:51:00,Andrea,Andrea,1599.0,EGRESO,TRANSFERENCIA,MXN
53c51253-9a7c-4083-b9ee-439bfcdc9253,8d64339b-b475-44e4-bf62-e45215d1ea8f,17,2026-01-07 18:00:00,Colegiatura,Colegiatura,7294.0,EGRESO,EFECTIVO,MXN
b6615996-8d85-468b-ae48-8abd17f6e54c,2ca34b24-a26a-4698-a4c6-7593f66ced33,30,2026-01-07 22:50:00,Salon de Belleza,Salon de Belleza,239.0,EGRESO,TRANSFERENCIA,MXN
85a0f40b-7478-48b9-a130-5c09392e739e,6e3e2a99-1a3d-42fa-bfe5-52f057eccb2f,1,2026-01-07 22:50:00,Transferencia Recibida,Transferencia Recibida,2425.0,INGRESO,TRANSFERENCIA,MXN
2096c95b-231d-440c-8530-d858e7df7f1a,062fd77f-ba97-4763-bff4-0bc64c0b9db9,19,2026-01-07 22:51:00,Mantenimiento Automotriz,Mantenimiento Automotriz,3748.0,EGRESO,APP_MOVIL,MXN
5c96531d-470d-41f9-a026-c21eafe8cd57,d83b0edd-72db-47f8-a768-7d03bc7fa190,29,2026-01-07 22:53:00,Viajes,Viajes,7415.0,EGRESO,APP_MOVIL,MXN
091404c6-8ed0-40b0-bf17-c27c959a71fc,698259d6-1dc2-4996-bae9-8219285ebc59,27,2026-01-07 23:12:00,Gas,Gas,221.0,EGRESO,TRANSFERENCIA,MXN
926bf476-b861-4e60-a821-8ca214ed3cf5,36bb528a-43a8-4008-8557-d3e3a5c94a6c,23,2026-01-07 23:33:00,GNP Seguros,GNP Seguros,344.0,EGRESO,APP_MOVIL,MXN
e91603ca-2938-4001-9afe-965b8f52d099,334ac887-2c2e-43f0-ac7f-4e80e3f22173,1,2026-01-07 23:38:00,Nomina,Nomina,13413.98,INGRESO,TRANSFERENCIA,MXN
36d7e6da-18c9-4064-97cd-8c519ab5ccb3,37060ad3-4bfd-4b62-86a5-6c3b7241f7b3,29,2026-01-07 23:51:00,Viajes,Viajes,6040.0,EGRESO,APP_MOVIL,MXN
67924ad6-4eba-45bf-8ff5-b1780fa02038,1d7d3151-e6c5-479c-aa65-df54b837c324,1,2026-01-08 00:06:00,Nomina,Nomina,12892.03,INGRESO,TRANSFERENCIA,MXN
8bd4ee1c-134d-40ff-82a6-252c9a5fbf3c,6e3e2a99-1a3d-42fa-bfe5-52f057eccb2f,21,2026-01-08 00:52:00,Metrobus,Metrobus,6.0,EGRESO,APP_MOVIL,MXN
9bfd58b7-84c4-4c1a-8452-06701385bfc3,591ef66e-c411-40c1-95e6-b23f8169be61,32,2026-01-08 05:16:00,PlayStation Network,PlayStation Network,494.0,EGRESO,EFECTIVO,MXN
c8571197-4b2d-4bac-b826-c1b883bfd866,8711e8ab-3016-4507-8ecf-8798f901a525,33,2026-01-08 05:53:00,Agua,Agua,1353.0,EGRESO,APP_MOVIL,MXN
f9416b15-c32c-49d7-9c08-955d9f6d0b6b,57a16ad2-8282-4a67-91ec-ebc90dee810e,6,2026-01-08 06:36:00,Cabify,Cabify,72.0,EGRESO,APP_MOVIL,MXN
edce834a-8954-4279-b548-9d14023e0af3,71c16233-5b03-45a3-b9d9-75dfce80f8cd,30,2026-01-08 07:02:00,Salon de Belleza,Salon de Belleza,441.0,EGRESO,TRANSFERENCIA,MXN
7e06ea4d-0b85-4192-9250-8e389edefd50,cc302a48-1c7f-4cd5-8095-557e5f3ee43f,1,2026-01-08 07:24:00,Nomina,Nomina,22170.53,INGRESO,TRANSFERENCIA,MXN
237ff234-3dab-4be1-9188-8272ec965aca,d660ddf9-6ba0-4a64-88ea-5d41f61fcefb,1,2026-01-08 07:54:00,Nomina,Nomina,7645.89,INGRESO,TRANSFERENCIA,MXN
ce2ec178-133a-48b3-a367-44ca1e141e6c,287b9cdc-edd5-4342-a5fb-5148aeea5b6c,8,2026-01-08 07:59:00,Herramientas,Herramientas,530.0,EGRESO,APP_MOVIL,MXN
ef16c924-3579-4d1f-87d8-4dd999db9536,d7073699-b1fd-4984-8380-c897f19b37c2,28,2026-01-08 09:37:00,Deportes Marti,Deportes Marti,459.0,EGRESO,TRANSFERENCIA,MXN
225e27ea-303b-427d-b483-4eb3c8c813cf,0d4d9d7a-2ce4-4002-abe0-031b288ff53c,23,2026-01-08 09:46:00,AXA Seguros,AXA Seguros,2472.0,EGRESO,EFECTIVO,MXN
8739f8ca-dee6-4c78-8487-33addf416002,2f5e4265-1e5f-4813-839b-50bf4accbd7e,1,2026-01-08 10:06:00,Nomina,Nomina,12835.78,INGRESO,TRANSFERENCIA,MXN
b319bd4f-8a78-4562-96f1-f348bf48602a,f2e52e1f-1d7b-4214-a1ee-83e8b98918f0,11,2026-01-08 10:15:00,Metro,Metro,,EGRESO,TRANSFERENCIA,MXN
da42a342-2de3-4663-a5c8-5524e4342edb,e9f3e63d-6775-4b45-9daf-9722ec25fbe3,29,2026-01-08 10:16:00,Viajes,Viajes,2098.0,EGRESO,TRANSFERENCIA,MXN
3a8357dc-7bc0-4423-8c27-231190f58a7d,fe494458-2541-481f-bb69-2bcb8e182795,3,2026-01-08 11:29:00,Walmart,Walmart,3311.0,EGRESO,APP_MOVIL,MXN
925d8c61-501d-4cf3-bac6-ffae1f020bab,27184bbc-330d-4cfd-a78f-c17d51279685,1,2026-01-08 13:09:00,Transferencia Recibida,Transferencia Recibida,4830.0,INGRESO,TRANSFERENCIA,MXN
f1504c81-3e05-4675-9c6b-b71bd2bce1c6,1d78859f-eed0-4406-a7a8-ac62bfe90145,15,2026-01-08 13:23:00,Multa de Transito,Multa de Transito,324.0,EGRESO,APP_MOVIL,MXN
201c5bfe-5134-457a-977e-e040ed8b424c,cf376ebc-04ee-401c-98d2-d2ca7394def8,19,2026-01-08 13:35:00,Mantenimiento Automotriz,Mantenimiento Automotriz,2909.0,EGRESO,EFECTIVO,MXN
5ca536a8-d48b-47c6-b878-f0d3d4795f73,7489af6c-154c-4eef-b7af-50397bd6b848,24,2026-01-08 14:05:00,Maybelline,Maybelline,2129.0,EGRESO,APP_MOVIL,MXN
3ca7e6b1-f7d4-4e20-80b1-e8ca7c28735a,e8dab777-b3e1-4c67-81e8-1bcf07a12eb6,34,2026-01-08 15:32:00,Epic Games Store,Epic Games Store,1108.0,EGRESO,APP_MOVIL,MXN
20980229-4b92-42e5-af42-553a767107bd,460819f1-3e7b-4a18-b9bb-4a991973ca55,16,2026-01-08 16:30:00,Michael Kors,Michael Kors,1876.0,EGRESO,APP_MOVIL,MXN
be7050e1-f3f9-467e-9bf1-77e1a28cb8a1,feb46172-c764-46f8-8955-33a46aebe6cc,10,2026-01-08 16:30:00,Compras Fisicas,Compras Fisicas,422.0,EGRESO,APP_MOVIL,MXN
bcd2a175-d356-4375-a692-9bb9c387550d,4a021a05-bacc-4ded-98e4-6ba1343b83b4,11,2026-01-08 17:52:00,Metro,Metro,5.0,EGRESO,EFECTIVO,MXN
5262598f-075d-4a4d-b016-1654e22375b5,bacb91fd-e8d8-4aab-86af-be8542045bfc,21,2026-01-08 18:28:00,Metrobus,Metrobus,100.0,EGRESO,APP_MOVIL,MXN
9f864b50-32f6-41a9-b43d-4387f68f21f4,fe494458-2541-481f-bb69-2bcb8e182795,23,2026-01-08 18:53:00,AXA Seguros,AXA Seguros,2182.0,EGRESO,EFECTIVO,MXN
c03731b0-8e4e-4282-8f4b-d8f903f8994f,d660ddf9-6ba0-4a64-88ea-5d41f61fcefb,13,2026-01-08 19:36:00,Capa de Ozono,Capa de Ozono,498.0,EGRESO,EFECTIVO,MXN
f4bd9c90-5429-4e1a-a622-fc9521199d59,d83b0edd-72db-47f8-a768-7d03bc7fa190,27,2026-01-08 19:44:00,Gas,Gas,721.0,EGRESO,APP_MOVIL,MXN
b43eb28d-96d1-4be7-8cff-d1014fb56fcb,6e3e2a99-1a3d-42fa-bfe5-52f057eccb2f,12,2026-01-08 19:50:00,Barberia,Barberia,231.0,EGRESO,APP_MOVIL,MXN
c844aea3-136a-4df3-878e-8274246457e6,ec1a1f42-1c5f-492f-919f-08cacfcb0039,1,2026-01-08 20:21:00,Nomina,Nomina,6725.27,INGRESO,TRANSFERENCIA,MXN
1bab7087-7503-4027-b005-f01c7110e5eb,6be93697-d5c5-49d1-8778-8abe58f5c5a3,8,2026-01-08 20:52:00,Herramientas,Herramientas,1325.0,EGRESO,APP_MOVIL,MXN
c7712270-3cdb-45b3-942e-620fcb301a0a,e6f6e0cb-d25d-473f-9f7b-b942a476f005,33,2026-01-08 21:04:00,Agua,Agua,990.0,EGRESO,TRANSFERENCIA,MXN
cdf19e60-d91a-4017-b011-97622f8a5f39,088735e5-4d0d-4706-a911-442edac351c2,12,2026-01-08 21:43:00,Barberia,Barberia,356.0,EGRESO,APP_MOVIL,MXN
993020fc-6a63-4ecd-8026-519ab1f3b122,2ca34b24-a26a-4698-a4c6-7593f66ced33,13,2026-01-08 22:28:00,Capa de Ozono,Capa de Ozono,1958.0,EGRESO,TRANSFERENCIA,MXN
03bf54ea-e0ad-4ee2-9aac-2f2731e57540,2d45cb4c-8380-477e-93dc-7ad4055949fe,1,2026-01-08 22:37:00,Nomina,Nomina,8570.1,INGRESO,TRANSFERENCIA,MXN
565b30d6-8f02-47f0-955b-e6caafc5b0e3,39f9edad-efb7-47c6-9841-c96e9b5d6e22,14,2026-01-08 23:16:00,Renta,Renta,11492.0,EGRESO,EFECTIVO,MXN
2e4244c2-a856-480e-9f9a-1d9a24015926,2f5e4265-1e5f-4813-839b-50bf4accbd7e,1,2026-01-08 23:18:00,Transferencia Recibida,Transferencia Recibida,955.0,INGRESO,TRANSFERENCIA,MXN
c340aaea-2509-4870-98bb-d389dfb92ab5,4c903803-6f89-4498-ac48-9cac84de61c7,31,2026-01-09 00:10:00,Amazon,Amazon,1522.0,EGRESO,APP_MOVIL,MXN
49709f4f-a357-4178-89de-e2796ea9df9c,8d64339b-b475-44e4-bf62-e45215d1ea8f,25,2026-01-09 00:34:00,Liverpool,Liverpool,2449.0,EGRESO,EFECTIVO,MXN
8c28216a-b912-49dc-a922-19e7be8b5595,87a8bdbd-1d61-4275-b187-80f960bd7983,29,2026-01-09 01:56:00,Viajes,Viajes,7779.0,EGRESO,APP_MOVIL,MXN
9adb6e7f-6698-4f9f-8877-f0511cf2a5d0,d7d4bd62-308e-4ac3-9ba9-582ec4beeeb0,16,2026-01-09 02:03:00,Coach,Coach,1211.0,EGRESO,EFECTIVO,MXN
1505d303-e0c2-487c-9b3e-f28db60d8f05,367901a5-f293-400f-8969-224db4f3e99e,30,2026-01-09 04:15:00,Salon de Belleza,Salon de Belleza,127.0,EGRESO,TRANSFERENCIA,MXN
0c0fa851-d75b-4f20-9674-657fdc590785,4f6ff8db-53cf-4464-883b-02373ed58457,4,2026-01-09 06:07:00,Disney+,Disney+,299.0,EGRESO,TRANSFERENCIA,MXN
2384433c-bdfe-45b2-bef8-09ad85097587,d1015873-9015-4bb6-ad9c-9c10c7fbccaa,33,2026-01-09 06:47:00,Agua,Agua,554.0,EGRESO,TRANSFERENCIA,MXN
16d0a82d-7355-47f1-8575-8075b4842ae4,cb4d084d-d246-4f2e-847a-1132c5e51dc6,25,2026-01-09 06:54:00,Palacio de Hierro,Palacio de Hierro,2213.0,EGRESO,APP_MOVIL,MXN
503fb64f-77da-4969-8ac7-cca0edb0f8af,2d80c188-6489-4094-b09d-93b06a6b2935,32,2026-01-09 07:20:00,PlayStation Network,PlayStation Network,521.0,EGRESO,APP_MOVIL,MXN
6ac25bb7-bbc3-477b-a057-8d3152ee9db1,287b9cdc-edd5-4342-a5fb-5148aeea5b6c,14,2026-01-09 10:05:00,Renta,Renta,12051.0,EGRESO,APP_MOVIL,MXN
073ff5c7-2128-4cca-af4c-f492b534ce9b,062fd77f-ba97-4763-bff4-0bc64c0b9db9,19,2026-01-09 11:10:00,Mantenimiento Automotriz,Mantenimiento Automotriz,3588.0,EGRESO,APP_MOVIL,MXN
eb179394-1a18-4972-bc7e-0e766d859402,460819f1-3e7b-4a18-b9bb-4a991973ca55,30,2026-01-09 12:22:00,Salon de Belleza,Salon de Belleza,398.0,EGRESO,APP_MOVIL,MXN
b5f8c48b-0dc5-4215-ba65-752ea03eaecd,e77722c3-ca39-4480-832f-f90fbc2402a7,13,2026-01-09 13:12:00,Capa de Ozono,Capa de Ozono,601.0,EGRESO,APP_MOVIL,MXN
97ee0ad0-4e73-42ec-8ee9-d0686ec5bd6a,8580b4dd-2321-42ff-8e88-0392056caa5c,30,2026-01-09 13:12:00,Salon de Belleza,Salon de Belleza,396.0,EGRESO,EFECTIVO,MXN
d75ca895-32df-4004-b70e-66dd072ba6b6,f20e8816-f077-4abe-837b-b3e39ccf37eb,18,2026-01-09 13:29:00,Totalplay,Totalplay,439.0,EGRESO,TRANSFERENCIA,MXN
0467b2ec-4469-4813-b855-fec626cc8522,d1015873-9015-4bb6-ad9c-9c10c7fbccaa,29,2026-01-09 14:11:00,Viajes,Viajes,6548.0,EGRESO,APP_MOVIL,MXN
4436002a-f5ca-4e27-9d92-1144bf78c1d8,460819f1-3e7b-4a18-b9bb-4a991973ca55,13,2026-01-09 14:23:00,Capa de Ozono,Capa de Ozono,466.0,EGRESO,APP_MOVIL,MXN
a8a79f0d-7d05-4e4f-969d-5b469e78fe50,654c4cb9-fb3b-421c-9e42-884531a72e4c,31,2026-01-09 14:53:00,Amazon,Amazon,786.0,EGRESO,EFECTIVO,MXN
5be3c4d6-6d1d-4d33-9434-8400589686a7,e77722c3-ca39-4480-832f-f90fbc2402a7,26,2026-01-09 16:17:00,Farmacias Similares,Farmacias Similares,587.0,EGRESO,APP_MOVIL,MXN
1b7852cc-b361-4e5a-b540-16121b31c418,7c74290c-b207-43d8-bcd5-14f069783b3b,31,2026-01-09 17:30:00,Mercado Libre,Mercado Libre,1700.0,EGRESO,APP_MOVIL,MXN
74ab289f-cd7f-4149-8a1e-d9bb96ce2522,287b9cdc-edd5-4342-a5fb-5148aeea5b6c,20,2026-01-09 18:25:00,Restaurante Local,Restaurante Local,394.0,EGRESO,TRANSFERENCIA,MXN
9b9c5ec5-743d-4eca-a73f-85889609c39a,8ae451d5-4e82-4ced-8bbc-cee19fedccda,33,2026-01-09 19:37:00,Agua,Agua,1122.0,EGRESO,TRANSFERENCIA,MXN
02f2f640-bf49-47df-9541-6cfd18b97625,e80f9cac-b03e-4fcb-a3f3-7f1c6286bc7b,34,2026-01-09 19:41:00,Nintendo eShop,Nintendo eShop,1253.0,EGRESO,APP_MOVIL,MXN
b9425a9a-d6fc-442d-9c5b-4ba9146f7e70,6be93697-d5c5-49d1-8778-8abe58f5c5a3,1,2026-01-09 20:17:00,Nomina,Nomina,12208.83,INGRESO,TRANSFERENCIA,MXN
f708a1c2-acd0-427a-b7d6-68bca7b343fd,0d4d9d7a-2ce4-4002-abe0-031b288ff53c,25,2026-01-09 22:27:00,Liverpool,Liverpool,851.0,EGRESO,EFECTIVO,MXN
5eb24742-64d4-495b-8057-369c8afc606f,7336ec17-03d6-4127-a085-cb3f799bd54e,26,2026-01-09 23:56:00,Farmacias Similares,Farmacias Similares,736.0,EGRESO,EFECTIVO,MXN
5e5f0da3-501b-438d-9eff-f5e362c72214,481fe99e-04d7-42b3-b696-00ef02353148,30,2026-01-10 01:37:00,Salon de Belleza,Salon de Belleza,267.0,EGRESO,EFECTIVO,MXN
e4d71db9-29b1-4615-bbb6-70e910cb952d,e80f9cac-b03e-4fcb-a3f3-7f1c6286bc7b,6,2026-01-10 02:29:00,Cabify,Cabify,131.0,EGRESO,APP_MOVIL,MXN
2eaf735a-a818-4a1b-8c70-c4d714af26dd,062fd77f-ba97-4763-bff4-0bc64c0b9db9,2,2026-01-10 05:15:00,Bus,Bus,9.5,EGRESO,APP_MOVIL,MXN
c2806265-3752-4864-bda3-f5e1562aa8a1,9fa6af03-3f13-4285-852b-d389da76d928,29,2026-01-10 05:58:00,Viajes,Viajes,4790.0,EGRESO,APP_MOVIL,MXN
f4e9195e-01c5-4a9c-8297-a9000ac4b742,d7d4bd62-308e-4ac3-9ba9-582ec4beeeb0,22,2026-01-10 06:21:00,BP,BP,879.0,EGRESO,APP_MOVIL,MXN
076ffaec-5f39-473d-a2a7-7192f9297091,591ef66e-c411-40c1-95e6-b23f8169be61,15,2026-01-10 07:17:00,Multa de Transito,Multa de Transito,510.0,EGRESO,EFECTIVO,MXN
b5802e34-7386-4c13-a2e4-aeefbc0cf6ec,ef403853-e247-49d9-9751-bf46943b3d76,14,2026-01-10 07:45:00,Renta,Renta,8962.0,EGRESO,TRANSFERENCIA,MXN
7906daad-fca2-4893-bffd-c94e84e52e68,b6ca9d87-476a-4c5d-83ca-7693a6527a9c,1,2026-01-10 07:47:00,Nomina,Nomina,12637.37,INGRESO,TRANSFERENCIA,MXN
3949e2a1-94d6-4ff9-8d0c-937f02df8b67,86ebabff-3329-403c-ae53-7102b0dc7831,28,2026-01-10 08:26:00,Decathlon,Decathlon,1151.0,EGRESO,TRANSFERENCIA,MXN
0fa2b8ee-1686-419a-a30d-f61ccd563100,c0c2ffc0-3d5f-4e4f-99f2-884a8a2621f5,6,2026-01-10 08:59:00,DiDi,DiDi,76.0,EGRESO,TRANSFERENCIA,MXN
6fff0ce7-d798-4049-8aa6-5e5e8bfea746,2ca34b24-a26a-4698-a4c6-7593f66ced33,22,2026-01-10 09:38:00,BP,BP,1288.0,EGRESO,APP_MOVIL,MXN
bf6b8d5a-1827-4d2d-9af0-b507ff4d3805,287b9cdc-edd5-4342-a5fb-5148aeea5b6c,31,2026-01-10 09:49:00,Mercado Libre,Mercado Libre,829.0,EGRESO,EFECTIVO,MXN
1ee8ee5b-90a8-4979-b985-61e0a4eb28b2,b6ca9d87-476a-4c5d-83ca-7693a6527a9c,6,2026-01-10 10:46:00,Uber,Uber,154.0,EGRESO,EFECTIVO,MXN
b81284db-a5d7-4744-8a58-3181985866c3,1d7d3151-e6c5-479c-aa65-df54b837c324,30,2026-01-10 13:19:00,Salon de Belleza,Salon de Belleza,71.0,EGRESO,EFECTIVO,MXN
7a520142-4294-437f-8472-9a411d3301c2,7c5b5dce-0577-471c-acd8-1c6806bbd6d1,18,2026-01-10 13:35:00,Totalplay,Totalplay,439.0,EGRESO,APP_MOVIL,MXN
f063d5a4-8ebf-49ba-9cf3-dad9f9f6bcb1,78415f42-edd9-4039-abee-f38499ffc380,4,2026-01-10 14:35:00,Disney+,Disney+,219.0,EGRESO,TRANSFERENCIA,MXN
03e6928e-cbb7-41e6-ab4a-139c24d7f0f3,4bb45633-ce6a-4e78-8b36-ab2143b9312a,9,2026-01-10 14:41:00,Telcel,Telcel,100.0,EGRESO,TRANSFERENCIA,MXN
caad26a8-0458-4d9c-ac1e-0e14722dc110,f20e8816-f077-4abe-837b-b3e39ccf37eb,6,2026-01-10 14:51:00,Cabify,Cabify,170.0,EGRESO,APP_MOVIL,MXN
e4bce654-145a-49ec-8b80-2247d1df7468,6d2288f2-a9dc-4bbd-b86b-33d48f2390dd,17,2026-01-10 16:12:00,Colegiatura,Colegiatura,8148.0,EGRESO,EFECTIVO,MXN
ac5237ea-48e9-46df-bfaa-f36c2a7dd5f3,87a8bdbd-1d61-4275-b187-80f960bd7983,32,2026-01-10 16:48:00,Xbox Live,Xbox Live,1013.0,EGRESO,EFECTIVO,MXN
a3118395-82d8-42f4-96a9-e44544cff965,3e5b598d-bd6d-4076-8922-5940bc6d277c,8,2026-01-10 17:34:00,Herramientas,Herramientas,832.0,EGRESO,APP_MOVIL,MXN
9724bbc5-87d2-455c-ba49-b863797acc73,efb35f92-a96e-40cb-9ba4-a3d3670133ab,28,2026-01-10 18:28:00,Innvictus,Innvictus,348.0,EGRESO,TRANSFERENCIA,MXN
f9ba7607-e589-49fc-a8ef-080124767bc2,334ac887-2c2e-43f0-ac7f-4e80e3f22173,6,2026-01-10 18:44:00,Uber,Uber,166.0,EGRESO,APP_MOVIL,MXN
6e739d6f-8b6f-4d24-929f-f45e3549641f,334ac887-2c2e-43f0-ac7f-4e80e3f22173,6,2026-01-10 19:10:00,Uber,Uber,195.0,EGRESO,APP_MOVIL,MXN
01ff7532-6c57-4c2d-b7d1-f8f2a533cdec,6e3e2a99-1a3d-42fa-bfe5-52f057eccb2f,17,2026-01-10 19:23:00,Colegiatura,Colegiatura,2469.0,EGRESO,EFECTIVO,MXN
99643e5e-6bdb-45c0-b507-f9b10c4f74e8,334ac887-2c2e-43f0-ac7f-4e80e3f22173,28,2026-01-10 20:45:00,Decathlon,Decathlon,905.0,EGRESO,APP_MOVIL,MXN
794ec41a-f637-4176-a6ca-b62ed06369a8,b8a2aeb0-77bc-4f93-87a4-dbd5d9aae0e9,20,2026-01-10 21:22:00,Starbucks,Starbucks,435.0,EGRESO,APP_MOVIL,MXN
9814944e-0140-4486-92f3-3a995230e990,033eaacc-c1f9-412e-84cb-95b426d28b5c,4,2026-01-10 21:24:00,Disney+,Disney+,219.0,EGRESO,EFECTIVO,MXN
af3a2146-5a0e-4aeb-87f2-30835da0621c,8d64339b-b475-44e4-bf62-e45215d1ea8f,34,2026-01-10 23:37:00,Nintendo eShop,Nintendo eShop,1474.0,EGRESO,TRANSFERENCIA,MXN
bd25bf13-a676-433a-8490-1d2014fc1800,282aba8c-1169-402d-adbd-8a41f6676432,17,2026-01-10 23:58:00,Colegiatura,Colegiatura,6868.0,EGRESO,APP_MOVIL,MXN
ea7a7e52-8dbc-4136-8949-396134ae2dcb,e6f6e0cb-d25d-473f-9f7b-b942a476f005,24,2026-01-11 01:31:00,NYX Cosmetics,NYX Cosmetics,1542.0,EGRESO,TRANSFERENCIA,MXN
8f5ecfaf-6d0e-419a-8428-b60b7f559dbf,7059c9c8-532b-4bfe-a72e-0c9aa55e75da,16,2026-01-11 01:49:00,Coach,Coach,1708.0,EGRESO,EFECTIVO,MXN
f43da4ec-951a-4bb9-94e4-5558bf0c7199,d7073699-b1fd-4984-8380-c897f19b37c2,3,2026-01-11 01:49:00,Walmart,Walmart,2723.0,EGRESO,EFECTIVO,MXN
40fde491-1b89-4fb5-8ecc-44a7125af3d0,7336ec17-03d6-4127-a085-cb3f799bd54e,23,2026-01-11 02:07:00,Qualitas,Qualitas,3289.0,EGRESO,APP_MOVIL,MXN
aeaade12-b0da-40ba-942a-3344601602cd,a016e16f-7680-4d69-8958-9b2a62b35431,31,2026-01-11 02:39:00,Mercado Libre,Mercado Libre,675.0,EGRESO,APP_MOVIL,MXN
c9be62c9-79c8-4cd4-ba76-a2cae13aac4e,87a8bdbd-1d61-4275-b187-80f960bd7983,1,2026-01-11 03:25:00,Nomina,Nomina,8751.14,INGRESO,TRANSFERENCIA,MXN
001b3cf2-2c78-4c7b-9867-0f79acccfaf3,86ebabff-3329-403c-ae53-7102b0dc7831,20,2026-01-11 03:58:00,Restaurante Local,Restaurante Local,704.0,EGRESO,APP_MOVIL,MXN
1185742b-1488-41ab-91be-5e7726987c2f,6d2288f2-a9dc-4bbd-b86b-33d48f2390dd,20,2026-01-11 04:30:00,Starbucks,Starbucks,209.0,EGRESO,APP_MOVIL,MXN
a08e9f52-dd27-4b92-8691-b41e123fc21d,03e60ec2-d499-47cd-81fb-96e308403ecd,9,2026-01-11 05:05:00,Movistar,Movistar,200.0,EGRESO,EFECTIVO,MXN
e3434302-fe02-42d8-8d46-66d20c94a439,4f6ff8db-53cf-4464-883b-02373ed58457,6,2026-01-11 05:07:00,Cabify,Cabify,48.0,EGRESO,EFECTIVO,MXN
aaab470a-cb26-4998-852a-2b7d6fbc9026,033eaacc-c1f9-412e-84cb-95b426d28b5c,27,2026-01-11 06:33:00,Gas,Gas,765.0,EGRESO,TRANSFERENCIA,MXN
931bfe1e-8af5-40c3-8e78-45ac7dc51b53,367901a5-f293-400f-8969-224db4f3e99e,1,2026-01-11 07:43:00,Transferencia Recibida,Transferencia Recibida,2697.0,INGRESO,TRANSFERENCIA,MXN
ad13809e-164f-421a-a7fa-4bd8a07bd8ce,d94896e7-da2e-4ebf-8861-0ed51d327133,32,2026-01-11 08:48:00,Xbox Live,Xbox Live,922.0,EGRESO,APP_MOVIL,MXN
a36cf61a-1b8a-4e12-9c85-b474b551e323,86d42cc6-6226-41a4-aa56-9a03fdc03387,3,2026-01-11 09:26:00,Bodega Aurrera,Bodega Aurrera,3746.0,EGRESO,EFECTIVO,MXN
62eb997b-fca5-4556-bdbc-ee1d41712e15,6e3e2a99-1a3d-42fa-bfe5-52f057eccb2f,8,2026-01-11 10:55:00,Herramientas,Herramientas,270.0,EGRESO,APP_MOVIL,MXN
9d79a56c-753b-4694-9617-fceda705fcaa,2d45cb4c-8380-477e-93dc-7ad4055949fe,3,2026-01-11 11:24:00,Walmart,Walmart,1506.0,EGRESO,EFECTIVO,MXN
8cad5e24-2eff-4b9d-afa7-0ed5cc2d106e,169f4be3-cc0f-4b41-8a79-77865835d095,15,2026-01-11 12:58:00,Multa de Transito,Multa de Transito,2423.0,EGRESO,TRANSFERENCIA,MXN
8efc627e-2ca0-47fd-ba6d-d6f7b5cd6f6e,2f4e7259-c7d0-4f8e-b408-fbed59254881,15,2026-01-11 13:48:00,Multa de Transito,Multa de Transito,3559.0,EGRESO,APP_MOVIL,MXN
03043d66-d0ca-4d97-be84-f8424892b6e5,86ebabff-3329-403c-ae53-7102b0dc7831,17,2026-01-11 14:22:00,Colegiatura,Colegiatura,2214.0,EGRESO,APP_MOVIL,MXN
b0b505be-c32a-4893-ba72-5fa34d62aa22,f20e8816-f077-4abe-837b-b3e39ccf37eb,25,2026-01-11 14:38:00,Liverpool,Liverpool,976.0,EGRESO,TRANSFERENCIA,MXN
7f6ca785-5c7e-4bc3-a3b3-2672cde667db,950bb240-d014-403a-bd23-d2ae18663c05,32,2026-01-11 16:32:00,Xbox Live,Xbox Live,1229.0,EGRESO,TRANSFERENCIA,MXN
04f5ff44-3e46-4cd3-974c-9b9cf7fa2564,74a2259c-8ee4-4064-89cc-8a49fd390792,24,2026-01-11 17:02:00,L'Oreal,L'Oreal,522.0,EGRESO,EFECTIVO,MXN
97d39bc2-2787-4080-9093-01e6c89739a6,2d80c188-6489-4094-b09d-93b06a6b2935,4,2026-01-11 17:22:00,Max (HBO),Max (HBO),249.0,EGRESO,EFECTIVO,MXN
2bf88e32-3d47-4752-9ea7-d37df49aa063,287b9cdc-edd5-4342-a5fb-5148aeea5b6c,1,2026-01-11 18:00:00,Transferencia Recibida,Transferencia Recibida,1801.0,INGRESO,TRANSFERENCIA,MXN
597fab38-c4fe-4cc7-be64-fdac7d24f88e,71c16233-5b03-45a3-b9d9-75dfce80f8cd,1,2026-01-11 18:25:00,Nomina,Nomina,9928.76,INGRESO,TRANSFERENCIA,MXN
caf1c2f5-70af-4091-a564-a91f84d849ba,feb46172-c764-46f8-8955-33a46aebe6cc,33,2026-01-11 18:36:00,Agua,Agua,977.0,EGRESO,EFECTIVO,MXN
cfe2793c-08d4-4132-9f3f-09a4b7e2ab79,d83b0edd-72db-47f8-a768-7d03bc7fa190,7,2026-01-11 18:56:00,Electricidad,Electricidad,1317.0,EGRESO,EFECTIVO,MXN
76a0899b-b4bb-4b97-92af-71aff871ac11,8711e8ab-3016-4507-8ecf-8798f901a525,18,2026-01-11 23:35:00,Izzi,Izzi,999.0,EGRESO,APP_MOVIL,MXN
c6123e0a-fe6c-4dd7-b62b-dc976291eddf,8711e8ab-3016-4507-8ecf-8798f901a525,1,2026-01-12 02:31:00,Nomina,Nomina,9742.23,INGRESO,TRANSFERENCIA,MXN
428ceb42-5828-4532-a105-2d7cc1d6bf26,460819f1-3e7b-4a18-b9bb-4a991973ca55,27,2026-01-12 02:44:00,Gas,Gas,669.0,EGRESO,EFECTIVO,MXN
da471f18-bf88-45c1-9eb2-c5590e47ac6e,334ac887-2c2e-43f0-ac7f-4e80e3f22173,27,2026-01-12 03:09:00,Gas,Gas,605.0,EGRESO,TRANSFERENCIA,MXN
02bd621b-19c7-4af0-bcda-e6c7b0b7c2ae,bacb91fd-e8d8-4aab-86af-be8542045bfc,5,2026-01-12 03:34:00,Little Caesars,Little Caesars,264.0,EGRESO,APP_MOVIL,MXN
75abc79c-b64f-44e3-a308-7d41c640c6be,37060ad3-4bfd-4b62-86a5-6c3b7241f7b3,12,2026-01-12 04:23:00,Barberia,Barberia,350.0,EGRESO,APP_MOVIL,MXN
1f9e50c7-14e5-462f-8b94-ef20e6df618d,86ebabff-3329-403c-ae53-7102b0dc7831,1,2026-01-12 05:13:00,Nomina,Nomina,9103.12,INGRESO,TRANSFERENCIA,MXN
4eac368c-53b2-4a1a-91be-652cd52d5704,7489af6c-154c-4eef-b7af-50397bd6b848,27,2026-01-12 05:18:00,Gas,Gas,603.0,EGRESO,APP_MOVIL,MXN
4617d41d-cd25-4668-a761-b6c9ed4f2b43,71c16233-5b03-45a3-b9d9-75dfce80f8cd,29,2026-01-12 06:01:00,Viajes,Viajes,2636.0,EGRESO,EFECTIVO,MXN
2048ee63-42c9-40e3-979c-518cd64cd370,d94896e7-da2e-4ebf-8861-0ed51d327133,31,2026-01-12 06:31:00,Mercado Libre,Mercado Libre,2227.0,EGRESO,TRANSFERENCIA,MXN
91e379b9-5f61-4351-999d-8ee9972316b5,7c74290c-b207-43d8-bcd5-14f069783b3b,20,2026-01-12 07:22:00,Cinepolis,Cinepolis,107.0,EGRESO,APP_MOVIL,MXN
f9ac83a6-cca3-471a-8ffd-0f1248f469b6,b4991233-a822-49ca-a113-cbedbb85a741,26,2026-01-12 08:22:00,Farmacias Guadalajara,Farmacias Guadalajara,617.0,EGRESO,APP_MOVIL,MXN
0864c3d8-6d37-4772-92f9-252f09b800d6,282aba8c-1169-402d-adbd-8a41f6676432,15,2026-01-12 09:07:00,Multa de Transito,Multa de Transito,3968.0,EGRESO,APP_MOVIL,MXN
0ba47c53-296c-4e87-8439-6c3c4625091c,033eaacc-c1f9-412e-84cb-95b426d28b5c,6,2026-01-12 10:19:00,DiDi,DiDi,64.0,EGRESO,TRANSFERENCIA,MXN
7c219e61-d3b0-4bed-937d-20daff5fad31,27184bbc-330d-4cfd-a78f-c17d51279685,5,2026-01-12 10:45:00,Burger King,Burger King,1112.0,EGRESO,TRANSFERENCIA,MXN
b3e8ac53-e43c-4404-a077-a532e82960cc,8580b4dd-2321-42ff-8e88-0392056caa5c,27,2026-01-12 11:10:00,Gas,Gas,258.0,EGRESO,APP_MOVIL,MXN
37939d37-f9bd-46aa-b736-31fb070a954f,7336ec17-03d6-4127-a085-cb3f799bd54e,32,2026-01-12 11:20:00,PlayStation Network,PlayStation Network,861.0,EGRESO,EFECTIVO,MXN
e2364d03-6bf2-4713-8128-a1addf863cab,71c16233-5b03-45a3-b9d9-75dfce80f8cd,25,2026-01-12 12:23:00,Palacio de Hierro,Palacio de Hierro,1329.0,EGRESO,APP_MOVIL,MXN
5be8fa4d-5873-4dd8-9d9b-50e1b4ffbb20,a016e16f-7680-4d69-8958-9b2a62b35431,10,2026-01-12 12:55:00,Compras Fisicas,Compras Fisicas,889.0,EGRESO,EFECTIVO,MXN
32d05d3e-283e-4159-987d-fffdff42df61,460819f1-3e7b-4a18-b9bb-4a991973ca55,29,2026-01-12 14:08:00,Viajes,Viajes,9163.0,EGRESO,EFECTIVO,MXN
49a8ecd9-ed4f-46fa-9887-f97611db6aac,062fd77f-ba97-4763-bff4-0bc64c0b9db9,34,2026-01-12 14:25:00,Steam,Steam,615.0,EGRESO,APP_MOVIL,MXN
f7b13961-e08e-44cf-9a59-e0ffd58d1e8b,033eaacc-c1f9-412e-84cb-95b426d28b5c,1,2026-01-12 14:39:00,Transferencia Recibida,Transferencia Recibida,3029.0,INGRESO,TRANSFERENCIA,MXN
9f4658ea-e006-4544-838a-82a574117571,7059c9c8-532b-4bfe-a72e-0c9aa55e75da,1,2026-01-12 14:57:00,Nomina,Nomina,11183.2,INGRESO,TRANSFERENCIA,MXN
175a7d4d-28b2-4f59-b280-68517d68a123,2d80c188-6489-4094-b09d-93b06a6b2935,6,2026-01-12 15:38:00,DiDi,DiDi,170.0,EGRESO,APP_MOVIL,MXN
0b18a2e6-ea48-4000-ad11-4e8bad098b20,e77722c3-ca39-4480-832f-f90fbc2402a7,3,2026-01-12 16:33:00,Walmart,Walmart,3741.0,EGRESO,APP_MOVIL,MXN
41da3617-9a19-4762-b581-e0e241737ff1,e77722c3-ca39-4480-832f-f90fbc2402a7,3,2026-01-12 19:00:00,Chedraui,Chedraui,2518.0,EGRESO,EFECTIVO,MXN
1f4b6b9e-15c9-47d3-a624-76c1dae77758,37060ad3-4bfd-4b62-86a5-6c3b7241f7b3,28,2026-01-12 22:46:00,Deportes Marti,Deportes Marti,533.0,EGRESO,EFECTIVO,MXN
5cd1c78a-99aa-45d7-84ab-5b9676f40538,71c16233-5b03-45a3-b9d9-75dfce80f8cd,20,2026-01-12 23:44:00,Restaurante Local,Restaurante Local,333.0,EGRESO,APP_MOVIL,MXN
ae51f946-c7f5-4df8-9b25-a2a9dbfb50e5,d7b98250-11d8-4b40-a1fd-44ae5b3e0d2a,1,2026-01-13 00:42:00,Nomina,Nomina,7380.06,INGRESO,TRANSFERENCIA,MXN
f5bccccd-551b-428e-aba1-e2c5e6d6251b,7336ec17-03d6-4127-a085-cb3f799bd54e,33,2026-01-13 00:48:00,Agua,Agua,615.0,EGRESO,APP_MOVIL,MXN
cc33d8e3-8e9d-45f2-8f7e-dbc8a7cae54e,78415f42-edd9-4039-abee-f38499ffc380,7,2026-01-13 00:53:00,Electricidad,Electricidad,961.0,EGRESO,APP_MOVIL,MXN
4a666cd5-3a17-493f-a93f-9b4b3b8d3708,1d78859f-eed0-4406-a7a8-ac62bfe90145,17,2026-01-13 01:01:00,Colegiatura,Colegiatura,2680.0,EGRESO,TRANSFERENCIA,MXN
a8941d6f-7a81-45dc-a93b-a4e97bf7755c,0d4d9d7a-2ce4-4002-abe0-031b288ff53c,19,2026-01-13 01:23:00,Mantenimiento Automotriz,Mantenimiento Automotriz,1076.0,EGRESO,EFECTIVO,MXN
cf30615b-39e1-48fc-8a22-c49213453c12,af1d8cae-6064-4332-977d-e896264e20c2,16,2026-01-13 01:23:00,Michael Kors,Michael Kors,1402.0,EGRESO,TRANSFERENCIA,MXN
c81ee30c-9c6a-4a29-9918-b998c5375ad9,bacb91fd-e8d8-4aab-86af-be8542045bfc,1,2026-01-13 03:42:00,Nomina,Nomina,9431.42,INGRESO,TRANSFERENCIA,MXN
4bc9e74a-554e-4261-90bf-ef352b8087f0,e80f9cac-b03e-4fcb-a3f3-7f1c6286bc7b,20,2026-01-13 03:58:00,Cinemex,Cinemex,409.0,EGRESO,APP_MOVIL,MXN
8ec50def-6fa1-49ef-9597-f24c8708e639,2f4e7259-c7d0-4f8e-b408-fbed59254881,15,2026-01-13 04:11:00,Multa de Transito,Multa de Transito,2671.0,EGRESO,APP_MOVIL,MXN
18ca4687-f5fe-4c51-812f-da81938acca5,2d80c188-6489-4094-b09d-93b06a6b2935,31,2026-01-13 04:59:00,Mercado Libre,Mercado Libre,1915.0,EGRESO,APP_MOVIL,MXN
84cf1648-941d-4c5c-8186-dcf62f3db530,7f2f8daa-dfc2-4ad0-9c49-d90ffa6ae04b,17,2026-01-13 05:02:00,Colegiatura,Colegiatura,6633.0,EGRESO,APP_MOVIL,MXN
3944047e-ca37-4af7-a366-9f102d961a1e,e4814a6c-08b2-4b08-99dd-d9e29211ea72,26,2026-01-13 06:22:00,Farmacias del Ahorro,Farmacias del Ahorro,294.0,EGRESO,EFECTIVO,MXN
2db2bdf4-8efa-43b7-9fd8-fa74db5469b9,feb46172-c764-46f8-8955-33a46aebe6cc,30,2026-01-13 06:37:00,Salon de Belleza,Salon de Belleza,456.0,EGRESO,APP_MOVIL,MXN
534740d0-5be2-48c1-818c-5f2f837dcfc4,74a2259c-8ee4-4064-89cc-8a49fd390792,11,2026-01-13 08:05:00,Metro,Metro,5.0,EGRESO,APP_MOVIL,MXN
c033b650-32b8-4206-8fc2-384d643ed84b,d94896e7-da2e-4ebf-8861-0ed51d327133,15,2026-01-13 08:52:00,Multa de Transito,Multa de Transito,1647.0,EGRESO,EFECTIVO,MXN
08b9a304-395e-4500-aae5-c88d8eabf08a,7c74290c-b207-43d8-bcd5-14f069783b3b,34,2026-01-13 09:28:00,Nintendo eShop,Nintendo eShop,1223.0,EGRESO,TRANSFERENCIA,MXN
4b7ef701-d67a-4be6-9ab4-144556cd780d,d83b0edd-72db-47f8-a768-7d03bc7fa190,18,2026-01-13 11:46:00,Izzi,Izzi,439.0,EGRESO,APP_MOVIL,MXN
a1011a53-c89c-4352-a859-4fbda418b3ea,d7b98250-11d8-4b40-a1fd-44ae5b3e0d2a,11,2026-01-13 12:41:00,Metro,Metro,20.0,EGRESO,APP_MOVIL,MXN
7d90976e-8c69-4189-a476-8a3ea14d5a37,b1df054d-9d22-4d28-b46d-87390f12a902,1,2026-01-13 14:11:00,Nomina,Nomina,9823.79,INGRESO,TRANSFERENCIA,MXN
959920ca-aada-4836-9f46-54d303471486,3e5b598d-bd6d-4076-8922-5940bc6d277c,9,2026-01-13 15:43:00,AT&T,AT&T,200.0,EGRESO,EFECTIVO,MXN
051b0ee4-12fd-4c99-a00b-de43ba4b4dea,b8a2aeb0-77bc-4f93-87a4-dbd5d9aae0e9,26,2026-01-13 16:13:00,Farmacias Guadalajara,Farmacias Guadalajara,704.0,EGRESO,TRANSFERENCIA,MXN
9942874c-b096-4542-848a-536ea1a418fa,e6f6e0cb-d25d-473f-9f7b-b942a476f005,30,2026-01-13 16:24:00,Salon de Belleza,Salon de Belleza,287.0,EGRESO,APP_MOVIL,MXN
5f845a00-7a3d-4342-9f0f-afd64caae7e0,4a021a05-bacc-4ded-98e4-6ba1343b83b4,12,2026-01-13 16:59:00,Barberia,Barberia,96.0,EGRESO,TRANSFERENCIA,MXN
02a0fda9-1d19-4346-84d6-98c84ace33c5,282aba8c-1169-402d-adbd-8a41f6676432,1,2026-01-13 17:51:00,Transferencia Recibida,Transferencia Recibida,4452.0,INGRESO,TRANSFERENCIA,MXN
ad05e84c-4f5e-46b3-8406-609c31d6b29f,a016e16f-7680-4d69-8958-9b2a62b35431,28,2026-01-13 21:27:00,Innvictus,Innvictus,669.0,EGRESO,EFECTIVO,MXN
6bd27810-652d-49b4-ad87-5a4333b3087d,1d7d3151-e6c5-479c-aa65-df54b837c324,25,2026-01-13 23:14:00,Palacio de Hierro,Palacio de Hierro,557.0,EGRESO,APP_MOVIL,MXN
3f429f23-87f1-40a4-a723-967cb10407b2,e77722c3-ca39-4480-832f-f90fbc2402a7,26,2026-01-13 23:39:00,Farmacias del Ahorro,Farmacias del Ahorro,467.0,EGRESO,APP_MOVIL,MXN
9904f563-bd97-40e5-abaf-1a9c14b148e0,367901a5-f293-400f-8969-224db4f3e99e,13,2026-01-13 23:46:00,Flexi,Flexi,1630.0,EGRESO,APP_MOVIL,MXN
52da53bf-7ee4-4d1b-8ccc-127dc0d8ef58,e4814a6c-08b2-4b08-99dd-d9e29211ea72,26,2026-01-14 01:52:00,Farmacias Similares,Farmacias Similares,219.0,EGRESO,TRANSFERENCIA,MXN
15c5e3fb-0820-47d9-aa00-822e9950cbaa,d7d4bd62-308e-4ac3-9ba9-582ec4beeeb0,1,2026-01-14 03:17:00,Nomina,Nomina,24156.88,INGRESO,TRANSFERENCIA,MXN
0396ba5c-926f-4cd8-bdb7-f85c62b607e5,f30fbc40-9703-4c31-b9a5-ab557c4b82c8,12,2026-01-14 03:17:00,Barberia,Barberia,446.0,EGRESO,TRANSFERENCIA,MXN
69b1d358-4d54-4d63-8bf9-8134fb3887ec,d7b98250-11d8-4b40-a1fd-44ae5b3e0d2a,9,2026-01-14 03:44:00,Movistar,Movistar,349.0,EGRESO,EFECTIVO,MXN
4f598d8a-77a5-4640-bb32-571c204ef0d3,b1df054d-9d22-4d28-b46d-87390f12a902,21,2026-01-14 04:26:00,Metrobus,Metrobus,100.0,EGRESO,APP_MOVIL,MXN
5e390c25-048f-45d6-9aa0-c4f1d0abcbd1,4f6ff8db-53cf-4464-883b-02373ed58457,13,2026-01-14 04:40:00,Andrea,Andrea,841.0,EGRESO,TRANSFERENCIA,MXN
3b1043f2-01db-40b3-af36-b123012aa265,7c5b5dce-0577-471c-acd8-1c6806bbd6d1,11,2026-01-14 05:10:00,Metro,Metro,5.0,EGRESO,EFECTIVO,MXN
0d4d695f-99a1-4d92-9d6c-fe86886495f7,5057339d-f49e-4d1c-beae-6ced3a7c148f,11,2026-01-14 06:36:00,Metro,Metro,5.0,EGRESO,APP_MOVIL,MXN
315175ba-fab7-4624-a35a-76ddde2bcc5a,78415f42-edd9-4039-abee-f38499ffc380,1,2026-01-14 06:42:00,Transferencia Recibida,Transferencia Recibida,1767.0,INGRESO,TRANSFERENCIA,MXN
8b74f407-d042-426b-89a1-1978ab70f3f7,088735e5-4d0d-4706-a911-442edac351c2,1,2026-01-14 06:48:00,Nomina,Nomina,9976.69,INGRESO,TRANSFERENCIA,MXN
f82b40a5-d969-4a6a-b90c-62ac39c89afe,e8dab777-b3e1-4c67-81e8-1bcf07a12eb6,8,2026-01-14 07:34:00,Herramientas,Herramientas,2038.0,EGRESO,TRANSFERENCIA,MXN
28c74b1e-5f65-41d7-ad78-96c8f1f0f1bf,0d4d9d7a-2ce4-4002-abe0-031b288ff53c,21,2026-01-14 10:08:00,Metrobus,Metrobus,6.0,EGRESO,EFECTIVO,MXN
74cd77d6-ad8a-44c3-83b6-7b4d90ed992b,062fd77f-ba97-4763-bff4-0bc64c0b9db9,32,2026-01-14 10:26:00,Xbox Live,Xbox Live,1414.0,EGRESO,TRANSFERENCIA,MXN
472b7df7-7595-457d-8089-073fea1ce0e3,fe494458-2541-481f-bb69-2bcb8e182795,21,2026-01-14 10:31:00,Metrobus,Metrobus,20.0,EGRESO,TRANSFERENCIA,MXN
2130a1c0-14b7-453d-a51e-8535b609f8bb,ec1a1f42-1c5f-492f-919f-08cacfcb0039,25,2026-01-14 10:33:00,Liverpool,Liverpool,1511.0,EGRESO,EFECTIVO,MXN
0b064891-5028-4ea0-83f5-c3995b0ec857,6e3e2a99-1a3d-42fa-bfe5-52f057eccb2f,18,2026-01-14 12:45:00,Infinitum,Infinitum,999.0,EGRESO,TRANSFERENCIA,MXN
2c5f83c4-a8d7-44c5-b313-9063b89f5b4b,8580b4dd-2321-42ff-8e88-0392056caa5c,10,2026-01-14 13:00:00,Compras Fisicas,Compras Fisicas,1480.0,EGRESO,TRANSFERENCIA,MXN
0dfe5020-48fc-465f-bad7-2e4d0cc28b94,033eaacc-c1f9-412e-84cb-95b426d28b5c,34,2026-01-14 13:03:00,Nintendo eShop,Nintendo eShop,1068.0,EGRESO,APP_MOVIL,MXN
81ec5872-ea7f-463f-b090-8b38f4cf2363,cb4d084d-d246-4f2e-847a-1132c5e51dc6,1,2026-01-14 13:43:00,Nomina,Nomina,8127.53,INGRESO,TRANSFERENCIA,MXN
5818ae23-2b86-44be-a2ae-4a8beba436aa,edeb6414-0b55-4e0a-bed2-b73a88276387,28,2026-01-14 19:23:00,Decathlon,Decathlon,163.0,EGRESO,TRANSFERENCIA,MXN
fa835248-df56-4ab9-8aea-d1d7684643e1,1d7d3151-e6c5-479c-aa65-df54b837c324,30,2026-01-14 20:29:00,Salon de Belleza,Salon de Belleza,,EGRESO,EFECTIVO,MXN
bf8ef26d-4b2e-43c7-89a7-d9b963483911,cc302a48-1c7f-4cd5-8095-557e5f3ee43f,27,2026-01-14 22:38:00,Gas,Gas,430.0,EGRESO,APP_MOVIL,MXN
df2f709e-438e-457b-bf91-7f59acd62ead,b1df054d-9d22-4d28-b46d-87390f12a902,18,2026-01-14 23:09:00,Infinitum,Infinitum,439.0,EGRESO,EFECTIVO,MXN
c390ef95-d83b-4e40-aa5d-240ca34b04e0,27184bbc-330d-4cfd-a78f-c17d51279685,31,2026-01-14 23:47:00,Mercado Libre,Mercado Libre,472.0,EGRESO,EFECTIVO,MXN
9191ddac-1cb8-4b79-b2b5-c223f36fe8ec,0d4d9d7a-2ce4-4002-abe0-031b288ff53c,7,2026-01-15 00:15:00,Electricidad,Electricidad,941.0,EGRESO,APP_MOVIL,MXN
b1fe7362-d961-4d72-b028-387bcfe84259,7336ec17-03d6-4127-a085-cb3f799bd54e,12,2026-01-15 01:50:00,Barberia,Barberia,489.0,EGRESO,TRANSFERENCIA,MXN
bc7799a3-3184-414a-8d82-20df4400d3a5,950bb240-d014-403a-bd23-d2ae18663c05,19,2026-01-15 02:05:00,Mantenimiento Automotriz,Mantenimiento Automotriz,2715.0,EGRESO,TRANSFERENCIA,MXN
6a52b630-05cc-4f8f-92de-28b1f0451b27,49c19272-4521-43eb-a5ed-ba309950965f,8,2026-01-15 02:10:00,Herramientas,Herramientas,1505.0,EGRESO,APP_MOVIL,MXN
70be928c-87eb-4468-ad69-8013bb4d3018,b6ca9d87-476a-4c5d-83ca-7693a6527a9c,18,2026-01-15 02:28:00,Totalplay,Totalplay,649.0,EGRESO,APP_MOVIL,MXN
38edf3f9-932d-448d-a13f-d9a3d32c6afd,36ee8608-fe5c-4530-b7cf-d13801c08072,1,2026-01-15 03:13:00,Transferencia Recibida,Transferencia Recibida,2075.0,INGRESO,TRANSFERENCIA,MXN
b007c923-d7bc-4310-b894-1f478b8176db,8580b4dd-2321-42ff-8e88-0392056caa5c,31,2026-01-15 06:41:00,Amazon,Amazon,1899.0,EGRESO,EFECTIVO,MXN
00d32ab8-e737-4a4d-867d-46be429c0056,6e3e2a99-1a3d-42fa-bfe5-52f057eccb2f,15,2026-01-15 06:44:00,Multa de Transito,Multa de Transito,803.0,EGRESO,APP_MOVIL,MXN
8ca006cf-b634-43d0-977f-1dc4eefe6b1e,367901a5-f293-400f-8969-224db4f3e99e,4,2026-01-15 06:58:00,Disney+,Disney+,299.0,EGRESO,EFECTIVO,MXN
56cf906c-9291-4392-8c87-60e9f7dff340,39f9edad-efb7-47c6-9841-c96e9b5d6e22,31,2026-01-15 09:25:00,Amazon,Amazon,1823.0,EGRESO,EFECTIVO,MXN
01c1831d-a2fe-4367-a1ba-c302a0860f65,b4991233-a822-49ca-a113-cbedbb85a741,22,2026-01-15 10:27:00,Pemex,Pemex,974.0,EGRESO,APP_MOVIL,MXN
0e5daac4-4d5f-47e5-a9dd-a205b426df5f,088735e5-4d0d-4706-a911-442edac351c2,1,2026-01-15 10:36:00,Transferencia Recibida,Transferencia Recibida,4836.0,INGRESO,TRANSFERENCIA,MXN
402ba2e0-a370-4472-81dc-9427133dece3,edeb6414-0b55-4e0a-bed2-b73a88276387,8,2026-01-15 11:50:00,Herramientas,Herramientas,1013.0,EGRESO,APP_MOVIL,MXN
0ac612fc-f16c-454f-88c6-0983045f5f76,7c5b5dce-0577-471c-acd8-1c6806bbd6d1,32,2026-01-15 16:33:00,Xbox Live,Xbox Live,866.0,EGRESO,APP_MOVIL,MXN
5019f227-26d8-4566-afb7-5b3956bbf012,4bb45633-ce6a-4e78-8b36-ab2143b9312a,1,2026-01-15 16:39:00,Nomina,Nomina,4502.38,INGRESO,TRANSFERENCIA,MXN
0d44499e-1bd0-462a-bb06-f6beaf630c6d,367901a5-f293-400f-8969-224db4f3e99e,24,2026-01-15 16:53:00,L'Oreal,L'Oreal,481.0,EGRESO,APP_MOVIL,MXN
bdd4d29a-7d5c-44a7-9e8a-5f61b3fdfdfb,bacb91fd-e8d8-4aab-86af-be8542045bfc,8,2026-01-15 17:00:00,Herramientas,Herramientas,933.0,EGRESO,APP_MOVIL,MXN
21223e21-5311-49ac-bf4a-be539a052d89,e80f9cac-b03e-4fcb-a3f3-7f1c6286bc7b,8,2026-01-15 17:05:00,Herramientas,Herramientas,469.0,EGRESO,APP_MOVIL,MXN
01423f18-c154-4884-a871-8db12a7f2b23,c49c8bf6-2d71-40b9-8f87-363b870b0dfd,4,2026-01-15 17:19:00,Apple TV+,Apple TV+,129.0,EGRESO,EFECTIVO,MXN
af757136-f5c7-41a2-b525-f3587a1c2e96,feb46172-c764-46f8-8955-33a46aebe6cc,25,2026-01-15 17:31:00,Liverpool,Liverpool,271.0,EGRESO,TRANSFERENCIA,MXN
a8229b97-836f-49ab-8d80-8a19b182d943,8ae451d5-4e82-4ced-8bbc-cee19fedccda,25,2026-01-15 18:12:00,Palacio de Hierro,Palacio de Hierro,863.0,EGRESO,APP_MOVIL,MXN
090f6c3e-c14f-4db3-b5ed-c460f07d20a2,6d2288f2-a9dc-4bbd-b86b-33d48f2390dd,19,2026-01-15 18:23:00,Mantenimiento Automotriz,Mantenimiento Automotriz,2014.0,EGRESO,APP_MOVIL,MXN
061b3981-a396-4cf8-ac18-d4c83899ad0a,e9f3e63d-6775-4b45-9daf-9722ec25fbe3,33,2026-01-15 18:33:00,Agua,Agua,551.0,EGRESO,APP_MOVIL,MXN
2a878091-5f91-4c3e-b3a3-3e37acf26462,7c5b5dce-0577-471c-acd8-1c6806bbd6d1,8,2026-01-15 20:45:00,Herramientas,Herramientas,2182.0,EGRESO,APP_MOVIL,MXN
0659cd0a-13ff-4590-8f1e-61e0477e6bf3,698259d6-1dc2-4996-bae9-8219285ebc59,18,2026-01-15 22:22:00,Izzi,Izzi,649.0,EGRESO,TRANSFERENCIA,MXN
d8ba9dba-f9b8-4832-ab1b-e887b5dd3b5b,f2e52e1f-1d7b-4214-a1ee-83e8b98918f0,26,2026-01-15 23:20:00,Farmacias del Ahorro,Farmacias del Ahorro,412.0,EGRESO,EFECTIVO,MXN
b39f9dc0-87f7-4b50-8dca-eac246589b4b,efb35f92-a96e-40cb-9ba4-a3d3670133ab,1,2026-01-15 23:45:00,Nomina,Nomina,7257.87,INGRESO,TRANSFERENCIA,MXN
71843278-c97d-4d86-99ad-fc49d124fd1c,6be93697-d5c5-49d1-8778-8abe58f5c5a3,21,2026-01-16 01:25:00,Metrobus,Metrobus,6.0,EGRESO,APP_MOVIL,MXN
396224bb-5b94-4dba-98da-cff3b073b513,a016e16f-7680-4d69-8958-9b2a62b35431,34,2026-01-16 01:46:00,Epic Games Store,Epic Games Store,1592.0,EGRESO,TRANSFERENCIA,MXN
7518c6c4-8dac-45c8-a3bf-7f1779f189e2,b1df054d-9d22-4d28-b46d-87390f12a902,9,2026-01-16 04:21:00,Movistar,Movistar,100.0,EGRESO,EFECTIVO,MXN
f8d52a55-c549-4fd5-b2a3-97681b79b31b,27184bbc-330d-4cfd-a78f-c17d51279685,23,2026-01-16 04:43:00,GNP Seguros,GNP Seguros,318.0,EGRESO,TRANSFERENCIA,MXN
146a017c-7bb9-42be-b704-beacf4256829,86ebabff-3329-403c-ae53-7102b0dc7831,9,2026-01-16 05:42:00,Movistar,Movistar,349.0,EGRESO,APP_MOVIL,MXN
1c26cd05-6589-41ab-b25a-94f802edb6dc,8d64339b-b475-44e4-bf62-e45215d1ea8f,33,2026-01-16 05:48:00,Agua,Agua,196.0,EGRESO,EFECTIVO,MXN
34ab0632-ad63-4240-8792-5aa5f96f5516,b4991233-a822-49ca-a113-cbedbb85a741,33,2026-01-16 05:54:00,Agua,Agua,1320.0,EGRESO,APP_MOVIL,MXN
cc16513c-2d1e-4a02-be9e-235ff7f8e00e,4a021a05-bacc-4ded-98e4-6ba1343b83b4,1,2026-01-16 06:01:00,Nomina,Nomina,12342.83,INGRESO,TRANSFERENCIA,MXN
de2b76b4-4261-4664-b119-b9f854120d87,e6f6e0cb-d25d-473f-9f7b-b942a476f005,16,2026-01-16 06:19:00,Cloe,Cloe,1835.0,EGRESO,TRANSFERENCIA,MXN
4b60ebab-b57f-400f-b764-1d03de988a5b,b5525d88-0da0-4036-a444-3e4f7a34128f,14,2026-01-16 06:44:00,Renta,Renta,11946.0,EGRESO,TRANSFERENCIA,MXN
af23993c-315c-42b2-9518-673e90e7b8b6,8d64339b-b475-44e4-bf62-e45215d1ea8f,27,2026-01-16 07:11:00,Gas,Gas,377.0,EGRESO,EFECTIVO,MXN
fd303fac-eaf0-4506-a4c1-1f1d8d63b629,e9f3e63d-6775-4b45-9daf-9722ec25fbe3,18,2026-01-16 07:38:00,Infinitum,Infinitum,549.0,EGRESO,APP_MOVIL,MXN
a0448e4a-2ac3-4d37-b5b2-e0507a42dc70,2f4e7259-c7d0-4f8e-b408-fbed59254881,19,2026-01-16 07:39:00,Mantenimiento Automotriz,Mantenimiento Automotriz,1254.0,EGRESO,APP_MOVIL,MXN
0b173971-a1cd-4734-81d0-eea065b251f4,b5525d88-0da0-4036-a444-3e4f7a34128f,11,2026-01-16 08:33:00,Metro,Metro,50.0,EGRESO,APP_MOVIL,MXN
08b6ccfd-3bc3-4e11-8e1f-307f625d4dd7,481fe99e-04d7-42b3-b696-00ef02353148,1,2026-01-16 09:40:00,Nomina,Nomina,6227.44,INGRESO,TRANSFERENCIA,MXN
c783a63a-70c2-4935-ab62-0dcd9e2e0e4d,37060ad3-4bfd-4b62-86a5-6c3b7241f7b3,11,2026-01-16 09:42:00,Metro,Metro,20.0,EGRESO,EFECTIVO,MXN
b3b824d7-e52a-4639-98e3-a16b8a58f9f3,591ef66e-c411-40c1-95e6-b23f8169be61,1,2026-01-16 11:19:00,Transferencia Recibida,Transferencia Recibida,3876.0,INGRESO,TRANSFERENCIA,MXN
c9d4ac9a-dc1c-4af7-a35b-c0e3418f536e,e4814a6c-08b2-4b08-99dd-d9e29211ea72,34,2026-01-16 12:07:00,Steam,Steam,1330.0,EGRESO,APP_MOVIL,MXN
e65db4bd-0172-43ef-9d8c-30d0348c25cf,287b9cdc-edd5-4342-a5fb-5148aeea5b6c,32,2026-01-16 12:35:00,Xbox Live,Xbox Live,1250.0,EGRESO,EFECTIVO,MXN
2bd95a66-5e5d-4f7a-9857-85280b245d0c,367901a5-f293-400f-8969-224db4f3e99e,1,2026-01-16 12:36:00,Nomina,Nomina,12578.35,INGRESO,TRANSFERENCIA,MXN
0ab0e249-a446-4942-9b58-4ebbb1a75551,4f6ff8db-53cf-4464-883b-02373ed58457,16,2026-01-16 14:02:00,Cloe,Cloe,537.0,EGRESO,TRANSFERENCIA,MXN
565ba563-7626-4671-b93a-1b590d99dec4,d7b98250-11d8-4b40-a1fd-44ae5b3e0d2a,3,2026-01-16 14:39:00,Chedraui,Chedraui,668.0,EGRESO,EFECTIVO,MXN
83be3b62-b1b5-4f62-86cc-ba2da146014e,78415f42-edd9-4039-abee-f38499ffc380,28,2026-01-16 15:27:00,Decathlon,Decathlon,983.0,EGRESO,APP_MOVIL,MXN
2222c294-79d0-4bab-af7d-2f906c2ed94b,39f9edad-efb7-47c6-9841-c96e9b5d6e22,11,2026-01-16 16:15:00,Metro,Metro,20.0,EGRESO,EFECTIVO,MXN
a8bc8469-6fd9-4985-afd6-1bbf196a1858,481fe99e-04d7-42b3-b696-00ef02353148,16,2026-01-16 16:31:00,Cloe,Cloe,1978.0,EGRESO,TRANSFERENCIA,MXN
a6162426-ffa9-4a70-974a-fb67fb26cb30,950bb240-d014-403a-bd23-d2ae18663c05,7,2026-01-16 17:06:00,Electricidad,Electricidad,269.0,EGRESO,EFECTIVO,MXN
c439d3a0-6997-4aa0-83a4-7a3d16453af0,2f5e4265-1e5f-4813-839b-50bf4accbd7e,1,2026-01-16 17:17:00,Nomina,Nomina,12835.78,INGRESO,TRANSFERENCIA,MXN
ead9369b-b966-4c21-9c89-1a96be948b14,4f6ff8db-53cf-4464-883b-02373ed58457,17,2026-01-16 17:51:00,Colegiatura,Colegiatura,2550.0,EGRESO,APP_MOVIL,MXN
ad2572c0-6096-4e36-b834-c638c88cf018,8711e8ab-3016-4507-8ecf-8798f901a525,14,2026-01-16 20:09:00,Renta,Renta,10016.0,EGRESO,EFECTIVO,MXN
8410d827-a4b9-464e-8087-2a5b1e5bdb09,cc302a48-1c7f-4cd5-8095-557e5f3ee43f,1,2026-01-16 20:12:00,Transferencia Recibida,Transferencia Recibida,3727.0,INGRESO,TRANSFERENCIA,MXN
64c700fc-394b-49b9-bd2d-59e15a4b503f,282aba8c-1169-402d-adbd-8a41f6676432,6,2026-01-16 21:17:00,Cabify,Cabify,38.0,EGRESO,EFECTIVO,MXN
3d0bf55b-65cd-4cf8-9e3f-a8d71da50a91,7c5b5dce-0577-471c-acd8-1c6806bbd6d1,8,2026-01-16 21:42:00,Herramientas,Herramientas,268.0,EGRESO,APP_MOVIL,MXN
d685e3c2-7723-4aab-9531-c3940559f74a,efb35f92-a96e-40cb-9ba4-a3d3670133ab,28,2026-01-16 22:39:00,Deportes Marti,Deportes Marti,627.0,EGRESO,TRANSFERENCIA,MXN
38fdbac5-c444-4e7d-9c64-a07ac0991d0e,cc302a48-1c7f-4cd5-8095-557e5f3ee43f,19,2026-01-16 22:45:00,Mantenimiento Automotriz,Mantenimiento Automotriz,1357.0,EGRESO,EFECTIVO,MXN
bea034b4-272e-4c41-a70f-3ec0c41b00af,007759d6-7e92-4216-8b0d-24e4b3bdc25c,18,2026-01-17 00:46:00,Totalplay,Totalplay,649.0,EGRESO,TRANSFERENCIA,MXN
30bfe434-767a-488a-9430-2f2f0806d02e,71c16233-5b03-45a3-b9d9-75dfce80f8cd,30,2026-01-17 01:07:00,Salon de Belleza,Salon de Belleza,85.0,EGRESO,TRANSFERENCIA,MXN
3259ba37-6787-4772-b90c-3aff1d2027bf,2d45cb4c-8380-477e-93dc-7ad4055949fe,1,2026-01-17 01:32:00,Nomina,Nomina,8570.1,INGRESO,TRANSFERENCIA,MXN
7dc02ba0-fa9a-492f-9674-9ada12acddfe,1d78859f-eed0-4406-a7a8-ac62bfe90145,32,2026-01-17 03:43:00,PlayStation Network,PlayStation Network,856.0,EGRESO,APP_MOVIL,MXN
b1c369a6-68a0-493f-b338-57c35f8a9374,b6ca9d87-476a-4c5d-83ca-7693a6527a9c,13,2026-01-17 04:12:00,Capa de Ozono,Capa de Ozono,2147.0,EGRESO,APP_MOVIL,MXN
ef7a4899-c6ed-4aac-89d0-e4350701332d,e4814a6c-08b2-4b08-99dd-d9e29211ea72,1,2026-01-17 05:08:00,Transferencia Recibida,Transferencia Recibida,3349.0,INGRESO,TRANSFERENCIA,MXN
dc5e2ca6-18fe-4254-9d4b-e7a0fd340555,e77722c3-ca39-4480-832f-f90fbc2402a7,10,2026-01-17 06:48:00,Compras Fisicas,Compras Fisicas,1235.0,EGRESO,APP_MOVIL,MXN
2ca8dce8-f7e3-4f75-97ac-6d99791fc9e8,1d78859f-eed0-4406-a7a8-ac62bfe90145,7,2026-01-17 08:11:00,Electricidad,Electricidad,1675.0,EGRESO,EFECTIVO,MXN
4e2f2411-6f9f-4d88-ae16-59c88259f4f8,287b9cdc-edd5-4342-a5fb-5148aeea5b6c,31,2026-01-17 09:08:00,Amazon,Amazon,268.0,EGRESO,APP_MOVIL,MXN
6ea2ccc0-44f9-4586-8584-447b7ef6baac,033eaacc-c1f9-412e-84cb-95b426d28b5c,1,2026-01-17 09:27:00,Nomina,Nomina,24894.24,INGRESO,TRANSFERENCIA,MXN
5ffb7b26-81ac-47eb-8efd-0e18d8bfa0b7,4bb45633-ce6a-4e78-8b36-ab2143b9312a,28,2026-01-17 10:52:00,Decathlon,Decathlon,855.0,EGRESO,APP_MOVIL,MXN
012169c9-0751-4a03-a0a5-fe5b84e2b941,6e3e2a99-1a3d-42fa-bfe5-52f057eccb2f,21,2026-01-17 11:19:00,Metrobus,Metrobus,6.0,EGRESO,TRANSFERENCIA,MXN
271914d1-af74-4dad-add1-5a9b98d24fd6,007759d6-7e92-4216-8b0d-24e4b3bdc25c,28,2026-01-17 12:25:00,Innvictus,Innvictus,1018.0,EGRESO,TRANSFERENCIA,MXN
12f33d16-b2f5-4192-9cae-32fcf5da0407,f2e52e1f-1d7b-4214-a1ee-83e8b98918f0,10,2026-01-17 12:37:00,Compras Fisicas,Compras Fisicas,351.0,EGRESO,APP_MOVIL,MXN
acd644cf-26d4-4d7a-babf-f3206219380d,36bb528a-43a8-4008-8557-d3e3a5c94a6c,1,2026-01-17 13:13:00,Transferencia Recibida,Transferencia Recibida,3050.0,INGRESO,TRANSFERENCIA,MXN
d3f01384-6cac-4fc7-a8fa-54eaa58518e8,591ef66e-c411-40c1-95e6-b23f8169be61,29,2026-01-17 14:55:00,Viajes,Viajes,8910.0,EGRESO,TRANSFERENCIA,MXN
e9302b23-cb3d-4b77-bd51-ed54a3861b2e,4bb45633-ce6a-4e78-8b36-ab2143b9312a,2,2026-01-17 15:15:00,Bus,Bus,12.0,EGRESO,APP_MOVIL,MXN
11d2bb96-4bae-4e4c-ace7-dd973bc96b8b,8d64339b-b475-44e4-bf62-e45215d1ea8f,28,2026-01-17 16:02:00,Decathlon,Decathlon,210.0,EGRESO,TRANSFERENCIA,MXN
1a174af5-727a-410f-88b7-04115717ea0e,0aa2518e-377e-4305-9b5c-0f8e0f802f9e,10,2026-01-17 16:19:00,Compras Fisicas,Compras Fisicas,266.0,EGRESO,APP_MOVIL,MXN
b5f10188-1c28-43e6-ae41-93e4f2efa115,481fe99e-04d7-42b3-b696-00ef02353148,5,2026-01-17 16:33:00,Burger King,Burger King,999.0,EGRESO,EFECTIVO,MXN
872d0ade-8644-4f83-a0d4-99b6011a7237,460819f1-3e7b-4a18-b9bb-4a991973ca55,16,2026-01-17 17:36:00,Michael Kors,Michael Kors,2313.0,EGRESO,EFECTIVO,MXN
d16db969-5493-46cf-9869-1549d4fb19a6,7c74290c-b207-43d8-bcd5-14f069783b3b,4,2026-01-17 19:19:00,Netflix,Netflix,299.0,EGRESO,APP_MOVIL,MXN
b7a52acc-feba-4d0d-9916-17f1cf08f990,e6f6e0cb-d25d-473f-9f7b-b942a476f005,17,2026-01-17 19:47:00,Colegiatura,Colegiatura,7629.0,EGRESO,APP_MOVIL,MXN
2e117533-1fd5-4762-b8e0-ba425400d033,d83b0edd-72db-47f8-a768-7d03bc7fa190,1,2026-01-17 21:51:00,Nomina,Nomina,9011.15,INGRESO,TRANSFERENCIA,MXN
057a7efd-3a4d-47db-9a5f-ea7e97eec81e,efb35f92-a96e-40cb-9ba4-a3d3670133ab,21,2026-01-17 21:53:00,Metrobus,Metrobus,6.0,EGRESO,APP_MOVIL,MXN
87ccf5bd-b8e6-469a-bf99-b86b7e07ea4f,c9e1bb7a-b4b0-4880-88f1-2b90da359497,31,2026-01-17 22:24:00,Amazon,Amazon,1860.0,EGRESO,EFECTIVO,MXN
7ef6b04b-a5e7-459d-812d-032c49837911,4f6ff8db-53cf-4464-883b-02373ed58457,29,2026-01-17 22:28:00,Viajes,Viajes,6369.0,EGRESO,APP_MOVIL,MXN
2b3a47b3-0c4c-4ad8-ad69-5739516ec1ac,d1015873-9015-4bb6-ad9c-9c10c7fbccaa,27,2026-01-17 23:02:00,Gas,Gas,603.0,EGRESO,APP_MOVIL,MXN
d13840b2-fcc5-4f3b-8074-71b6055500d2,7f2f8daa-dfc2-4ad0-9c49-d90ffa6ae04b,21,2026-01-17 23:08:00,Metrobus,Metrobus,,EGRESO,APP_MOVIL,MXN
5db19e8a-f0a5-43b9-b7d3-44f13ca3d0f9,36ee8608-fe5c-4530-b7cf-d13801c08072,16,2026-01-17 23:51:00,Michael Kors,Michael Kors,967.0,EGRESO,APP_MOVIL,MXN
b6dadd88-bdd4-4757-b972-d8835d7734df,e80f9cac-b03e-4fcb-a3f3-7f1c6286bc7b,5,2026-01-18 00:40:00,McDonald's,McDonald's,471.0,EGRESO,APP_MOVIL,MXN
38f01ce0-63ae-4cb4-b090-37e4869d91a3,a5264eb8-0d47-44e1-b1b3-6e0a2018f25f,16,2026-01-18 01:17:00,Cloe,Cloe,1245.0,EGRESO,TRANSFERENCIA,MXN
278fd7b5-b669-4627-9c5b-37928f264468,169f4be3-cc0f-4b41-8a79-77865835d095,13,2026-01-18 01:47:00,Capa de Ozono,Capa de Ozono,759.0,EGRESO,EFECTIVO,MXN
56d92c98-166f-466f-b5eb-4c425650b0aa,71c16233-5b03-45a3-b9d9-75dfce80f8cd,25,2026-01-18 02:47:00,Palacio de Hierro,Palacio de Hierro,1943.0,EGRESO,TRANSFERENCIA,MXN
92f324e1-8f4d-4641-a293-433837c3de65,d1015873-9015-4bb6-ad9c-9c10c7fbccaa,34,2026-01-18 02:52:00,Steam,Steam,1101.0,EGRESO,EFECTIVO,MXN
8c0f0588-5eba-4589-bfa2-b99aa714cc8c,287b9cdc-edd5-4342-a5fb-5148aeea5b6c,1,2026-01-18 03:30:00,Nomina,Nomina,5392.11,INGRESO,TRANSFERENCIA,MXN
fef9818d-25e2-4134-8100-57f8e4b5f899,4c903803-6f89-4498-ac48-9cac84de61c7,14,2026-01-18 04:46:00,Renta,Renta,11959.0,EGRESO,TRANSFERENCIA,MXN
49f1c3e1-e9ae-44fb-ab67-dda145d1c230,71c16233-5b03-45a3-b9d9-75dfce80f8cd,30,2026-01-18 05:06:00,Salon de Belleza,Salon de Belleza,114.0,EGRESO,APP_MOVIL,MXN
39478e24-16c0-4155-86df-b3897f3f03f0,71c16233-5b03-45a3-b9d9-75dfce80f8cd,13,2026-01-18 05:58:00,Andrea,Andrea,1300.0,EGRESO,TRANSFERENCIA,MXN
255440cf-458c-48f8-a964-d0f1ab94928b,088735e5-4d0d-4706-a911-442edac351c2,29,2026-01-18 06:41:00,Viajes,Viajes,6801.0,EGRESO,APP_MOVIL,MXN
15649412-8d4c-4feb-afbe-a6067f7824e5,feb46172-c764-46f8-8955-33a46aebe6cc,22,2026-01-18 06:48:00,Oxxo Gas,Oxxo Gas,1272.0,EGRESO,TRANSFERENCIA,MXN
4be68c4e-2f8d-4653-ad66-1143ef0ebdca,088735e5-4d0d-4706-a911-442edac351c2,17,2026-01-18 07:57:00,Colegiatura,Colegiatura,7932.0,EGRESO,EFECTIVO,MXN
c3c3b6cf-1a12-4055-9a3a-26b6286fa7b8,7f2f8daa-dfc2-4ad0-9c49-d90ffa6ae04b,16,2026-01-18 08:07:00,Coach,Coach,1037.0,EGRESO,APP_MOVIL,MXN
8e28e175-2aed-48ef-9dd2-f12dbbe84ac6,b4991233-a822-49ca-a113-cbedbb85a741,18,2026-01-18 08:32:00,Izzi,Izzi,499.0,EGRESO,APP_MOVIL,MXN
45ee7765-3db4-4ac1-b302-05ed06f57873,088735e5-4d0d-4706-a911-442edac351c2,32,2026-01-18 08:48:00,Xbox Live,Xbox Live,786.0,EGRESO,EFECTIVO,MXN
75b3d8c4-226f-413d-9865-84961ba02a9f,efb35f92-a96e-40cb-9ba4-a3d3670133ab,32,2026-01-18 10:15:00,Xbox Live,Xbox Live,1182.0,EGRESO,TRANSFERENCIA,MXN
34b54d70-c653-4d92-a102-d7841a693fc5,6b2251e4-b804-4f13-898b-216c0c5ba9cc,12,2026-01-18 10:26:00,Barberia,Barberia,354.0,EGRESO,APP_MOVIL,MXN
319ec4ba-6297-4752-82d5-16e1c2ab8051,7f2f8daa-dfc2-4ad0-9c49-d90ffa6ae04b,33,2026-01-18 10:53:00,Agua,Agua,1010.0,EGRESO,APP_MOVIL,MXN
0c47332b-0664-44c8-aff9-b83a6ee4ad4f,b4991233-a822-49ca-a113-cbedbb85a741,29,2026-01-18 11:09:00,Viajes,Viajes,2677.0,EGRESO,APP_MOVIL,MXN
a824d565-6b16-4f0d-84fa-d2b4c5b76ae2,6e3e2a99-1a3d-42fa-bfe5-52f057eccb2f,1,2026-01-18 11:53:00,Transferencia Recibida,Transferencia Recibida,4214.0,INGRESO,TRANSFERENCIA,MXN
15c94998-c9d8-4eb6-8b01-9e10a1a44c94,87a8bdbd-1d61-4275-b187-80f960bd7983,11,2026-01-18 12:28:00,Metro,Metro,5.0,EGRESO,APP_MOVIL,MXN
e129ace2-5967-48e6-8a50-c4c972ee1dee,5057339d-f49e-4d1c-beae-6ced3a7c148f,1,2026-01-18 12:38:00,Nomina,Nomina,6184.68,INGRESO,TRANSFERENCIA,MXN
8d15ba33-4b88-4cc9-8251-169b294afe30,9ebdcad6-2344-4fb6-873b-906defca570a,3,2026-01-18 12:50:00,Walmart,Walmart,2010.0,EGRESO,EFECTIVO,MXN
ab73d78a-b31d-4387-822b-6d458d143422,bacb91fd-e8d8-4aab-86af-be8542045bfc,27,2026-01-18 12:51:00,Gas,Gas,231.0,EGRESO,EFECTIVO,MXN
baaed54c-fc9c-445a-a0e6-adc722575671,9ebdcad6-2344-4fb6-873b-906defca570a,19,2026-01-18 13:05:00,Mantenimiento Automotriz,Mantenimiento Automotriz,1194.0,EGRESO,APP_MOVIL,MXN
85c1bac7-819a-4a75-8f97-c4da0b3f8492,b5525d88-0da0-4036-a444-3e4f7a34128f,11,2026-01-18 15:51:00,Metro,Metro,5.0,EGRESO,TRANSFERENCIA,MXN
2e45f831-28a4-4f4e-acb4-9798bac15b68,af1d8cae-6064-4332-977d-e896264e20c2,16,2026-01-18 16:05:00,Coach,Coach,2250.0,EGRESO,APP_MOVIL,MXN
102b8316-f550-4e38-92ee-f300f0c39689,e4f9aabd-8595-4a2d-84b2-3d54a4541fdc,31,2026-01-18 16:10:00,Mercado Libre,Mercado Libre,2223.0,EGRESO,APP_MOVIL,MXN
642a9b6b-6f08-4371-8913-462638add032,ef403853-e247-49d9-9751-bf46943b3d76,29,2026-01-18 18:23:00,Viajes,Viajes,8716.0,EGRESO,APP_MOVIL,MXN
48dbed91-86ef-4787-a6d8-b26e3d3a3aa6,6d2288f2-a9dc-4bbd-b86b-33d48f2390dd,31,2026-01-18 19:40:00,Mercado Libre,Mercado Libre,1558.0,EGRESO,APP_MOVIL,MXN
0eb7c94f-6515-4fd0-97d4-2146a78734f1,d94896e7-da2e-4ebf-8861-0ed51d327133,20,2026-01-18 19:46:00,Cinemex,Cinemex,,EGRESO,APP_MOVIL,MXN
5166d5c1-1237-4070-8d9f-35abf3b01392,2d80c188-6489-4094-b09d-93b06a6b2935,8,2026-01-18 22:49:00,Herramientas,Herramientas,1154.0,EGRESO,EFECTIVO,MXN
a7297d61-99fe-4f32-b82b-3769164d79a5,b8a2aeb0-77bc-4f93-87a4-dbd5d9aae0e9,18,2026-01-18 23:22:00,Totalplay,Totalplay,799.0,EGRESO,APP_MOVIL,MXN
bf4c7feb-6e0e-424b-81e3-a74b7cbb5306,e80f9cac-b03e-4fcb-a3f3-7f1c6286bc7b,1,2026-01-18 23:26:00,Transferencia Recibida,Transferencia Recibida,1015.0,INGRESO,TRANSFERENCIA,MXN
f77dbc7a-42ee-4126-8f9d-1d5d537a177d,367901a5-f293-400f-8969-224db4f3e99e,13,2026-01-18 23:27:00,Andrea,Andrea,2089.0,EGRESO,TRANSFERENCIA,MXN
bf0e31dc-48dd-4ded-8b09-8bdb8d5c30b7,d7d4bd62-308e-4ac3-9ba9-582ec4beeeb0,14,2026-01-19 00:41:00,Renta,Renta,6797.0,EGRESO,EFECTIVO,MXN
57c5945c-2ae1-425b-a5d6-9b60e8e50a3d,8580b4dd-2321-42ff-8e88-0392056caa5c,15,2026-01-19 01:24:00,Multa de Transito,Multa de Transito,,EGRESO,APP_MOVIL,MXN
454f0e93-a74c-4360-bfbb-819a70bf45e9,edeb6414-0b55-4e0a-bed2-b73a88276387,12,2026-01-19 02:39:00,Barberia,Barberia,182.0,EGRESO,APP_MOVIL,MXN
2214e571-0a50-4799-801d-33c08a397df2,36bb528a-43a8-4008-8557-d3e3a5c94a6c,29,2026-01-19 02:47:00,Viajes,Viajes,4759.0,EGRESO,APP_MOVIL,MXN
774a2e98-477c-485c-a0d7-26bbfbcf59a7,9fa6af03-3f13-4285-852b-d389da76d928,26,2026-01-19 05:19:00,Farmacias del Ahorro,Farmacias del Ahorro,796.0,EGRESO,APP_MOVIL,MXN
167d51e5-359c-44e2-a00f-bb2c157d4617,033eaacc-c1f9-412e-84cb-95b426d28b5c,34,2026-01-19 05:36:00,Epic Games Store,Epic Games Store,1545.0,EGRESO,APP_MOVIL,MXN
f74c6c73-c049-4695-8640-0487317a785c,0aa2518e-377e-4305-9b5c-0f8e0f802f9e,1,2026-01-19 06:09:00,Nomina,Nomina,6005.58,INGRESO,TRANSFERENCIA,MXN
84cbf31f-0a3d-4851-a77d-70369282354b,39f9edad-efb7-47c6-9841-c96e9b5d6e22,20,2026-01-19 06:43:00,Starbucks,Starbucks,354.0,EGRESO,APP_MOVIL,MXN
e20fb094-4489-4558-9831-ae81a40b52ea,74a2259c-8ee4-4064-89cc-8a49fd390792,14,2026-01-19 06:58:00,Renta,Renta,9142.0,EGRESO,TRANSFERENCIA,MXN
ec770973-dd4e-4bc5-935d-d9a22fd04807,af1d8cae-6064-4332-977d-e896264e20c2,26,2026-01-19 07:07:00,Farmacias del Ahorro,Farmacias del Ahorro,697.0,EGRESO,EFECTIVO,MXN
e47fc9cd-36a2-4d6d-a371-6b232a0e03db,8711e8ab-3016-4507-8ecf-8798f901a525,6,2026-01-19 07:27:00,Cabify,Cabify,120.0,EGRESO,EFECTIVO,MXN
426b8626-1b8c-4d3d-906d-d5f7e8c92b00,b8a2aeb0-77bc-4f93-87a4-dbd5d9aae0e9,26,2026-01-19 07:33:00,Farmacias Similares,Farmacias Similares,599.0,EGRESO,APP_MOVIL,MXN
7a9721d8-64fb-4b87-859f-b3f9f19918ac,cb4d084d-d246-4f2e-847a-1132c5e51dc6,33,2026-01-19 08:01:00,Agua,Agua,1041.0,EGRESO,TRANSFERENCIA,MXN
f2959172-a16e-40c3-af80-19540a7cf498,af1d8cae-6064-4332-977d-e896264e20c2,16,2026-01-19 08:54:00,Cloe,Cloe,2285.0,EGRESO,TRANSFERENCIA,MXN
99505949-8eb5-4ec6-bd75-ae4cc0b8e24a,007759d6-7e92-4216-8b0d-24e4b3bdc25c,4,2026-01-19 12:28:00,Disney+,Disney+,219.0,EGRESO,TRANSFERENCIA,MXN
2c570408-00d5-4a2a-8070-85ac09786867,033eaacc-c1f9-412e-84cb-95b426d28b5c,30,2026-01-19 13:04:00,Salon de Belleza,Salon de Belleza,101.0,EGRESO,APP_MOVIL,MXN
ee13a3a9-6338-4ed5-9361-2d0e7ae42d3b,1d7d3151-e6c5-479c-aa65-df54b837c324,16,2026-01-19 13:36:00,Cloe,Cloe,467.0,EGRESO,APP_MOVIL,MXN
e4be1895-0551-4292-b329-8f4a7fde31c5,4bb45633-ce6a-4e78-8b36-ab2143b9312a,21,2026-01-19 14:24:00,Metrobus,Metrobus,30.0,EGRESO,TRANSFERENCIA,MXN
14a69bb3-8dc3-4bc3-939d-aad7deb3f81f,b5525d88-0da0-4036-a444-3e4f7a34128f,31,2026-01-19 14:38:00,Amazon,Amazon,2485.0,EGRESO,TRANSFERENCIA,MXN
3c4f9b52-0ebe-424e-8764-4b0423e7fbe9,86d42cc6-6226-41a4-aa56-9a03fdc03387,11,2026-01-19 15:03:00,Metro,Metro,5.0,EGRESO,APP_MOVIL,MXN
35e710e7-78d1-4522-a4b7-4c03e781781f,481fe99e-04d7-42b3-b696-00ef02353148,30,2026-01-19 15:44:00,Salon de Belleza,Salon de Belleza,252.0,EGRESO,APP_MOVIL,MXN
844ada7d-8fb4-4a94-9ba3-3394a39e0e81,b4991233-a822-49ca-a113-cbedbb85a741,23,2026-01-19 16:23:00,GNP Seguros,GNP Seguros,594.0,EGRESO,APP_MOVIL,MXN
89dca5ab-6830-41f0-9dc6-048a0f35e92e,af1d8cae-6064-4332-977d-e896264e20c2,4,2026-01-19 19:21:00,Apple TV+,Apple TV+,129.0,EGRESO,EFECTIVO,MXN
a93820b3-1254-423d-8f42-2fefbf67e16e,e8dab777-b3e1-4c67-81e8-1bcf07a12eb6,31,2026-01-19 20:26:00,Amazon,Amazon,1429.0,EGRESO,APP_MOVIL,MXN
c9a4d4a8-fcbb-4785-ae9c-72fdcb7020a2,1d78859f-eed0-4406-a7a8-ac62bfe90145,8,2026-01-19 22:33:00,Herramientas,Herramientas,2141.0,EGRESO,EFECTIVO,MXN
8b45412f-0598-4bb3-b053-498c439e2e47,86ebabff-3329-403c-ae53-7102b0dc7831,1,2026-01-19 22:47:00,Nomina,Nomina,9103.12,INGRESO,TRANSFERENCIA,MXN
7f7996fc-3ec9-4a47-8b63-414fefc92a1a,e9f3e63d-6775-4b45-9daf-9722ec25fbe3,1,2026-01-20 01:29:00,Nomina,Nomina,5336.35,INGRESO,TRANSFERENCIA,MXN
ca99283d-c71e-45e5-9dd7-8aa5d056f0bb,d83b0edd-72db-47f8-a768-7d03bc7fa190,1,2026-01-20 02:36:00,Transferencia Recibida,Transferencia Recibida,,INGRESO,TRANSFERENCIA,MXN
ff03f2a4-f309-465b-afd2-5dd8930a88bf,78415f42-edd9-4039-abee-f38499ffc380,1,2026-01-20 04:02:00,Nomina,Nomina,5483.57,INGRESO,TRANSFERENCIA,MXN
a50c9fad-06b8-4747-84e0-04eaa560f770,e77722c3-ca39-4480-832f-f90fbc2402a7,1,2026-01-20 06:32:00,Nomina,Nomina,25427.58,INGRESO,TRANSFERENCIA,MXN
ffa21726-e878-46d4-b631-289e671dcd76,1d7d3151-e6c5-479c-aa65-df54b837c324,18,2026-01-20 06:56:00,Izzi,Izzi,389.0,EGRESO,EFECTIVO,MXN
fb192d3d-1a66-4ab7-8ce5-2ae51dd92230,460819f1-3e7b-4a18-b9bb-4a991973ca55,23,2026-01-20 07:28:00,AXA Seguros,AXA Seguros,488.0,EGRESO,EFECTIVO,MXN
b0c67892-6dd7-498c-b319-58607d22c070,af1d8cae-6064-4332-977d-e896264e20c2,13,2026-01-20 08:52:00,Flexi,Flexi,2000.0,EGRESO,APP_MOVIL,MXN
61eb5b0a-b59a-49c4-a392-4accebddd107,2d45cb4c-8380-477e-93dc-7ad4055949fe,20,2026-01-20 08:56:00,Cinepolis,Cinepolis,117.0,EGRESO,APP_MOVIL,MXN
0b89cec6-5129-4758-b93f-33eb190345cc,9ebdcad6-2344-4fb6-873b-906defca570a,12,2026-01-20 08:58:00,Barberia,Barberia,445.0,EGRESO,APP_MOVIL,MXN
83479d3c-16db-46fb-af97-017a8634b2bb,062fd77f-ba97-4763-bff4-0bc64c0b9db9,34,2026-01-20 09:09:00,Epic Games Store,Epic Games Store,1416.0,EGRESO,EFECTIVO,MXN
32d4f888-4d83-43ee-9815-8534f48e11da,86ebabff-3329-403c-ae53-7102b0dc7831,1,2026-01-20 09:25:00,Nomina,Nomina,9103.12,INGRESO,TRANSFERENCIA,MXN
87b3a73f-610c-407d-bb8d-7ff23797e5a4,287b9cdc-edd5-4342-a5fb-5148aeea5b6c,1,2026-01-20 10:13:00,Nomina,Nomina,5392.11,INGRESO,TRANSFERENCIA,MXN
21ade3a2-5023-40fa-ba37-d91c8f9095a6,cb4d084d-d246-4f2e-847a-1132c5e51dc6,11,2026-01-20 10:25:00,Metro,Metro,5.0,EGRESO,APP_MOVIL,MXN
1e6abe91-97e0-4fde-ab71-cfc67b93d154,03e60ec2-d499-47cd-81fb-96e308403ecd,24,2026-01-20 10:49:00,L'Oreal,L'Oreal,1611.0,EGRESO,TRANSFERENCIA,MXN
281af595-aa57-4411-81cb-177862476e2f,87a8bdbd-1d61-4275-b187-80f960bd7983,26,2026-01-20 10:50:00,Farmacias Similares,Farmacias Similares,507.0,EGRESO,EFECTIVO,MXN
ea707f78-339e-4ee7-9e56-e3d2c19b83c9,49c19272-4521-43eb-a5ed-ba309950965f,25,2026-01-20 13:53:00,Palacio de Hierro,Palacio de Hierro,2089.0,EGRESO,TRANSFERENCIA,MXN
e830e63b-5e07-4a22-b16d-2988e5ea1228,033eaacc-c1f9-412e-84cb-95b426d28b5c,29,2026-01-20 14:00:00,Viajes,Viajes,4669.0,EGRESO,EFECTIVO,MXN
4a57a41b-c647-413b-868f-38d5a7aad02d,654c4cb9-fb3b-421c-9e42-884531a72e4c,24,2026-01-20 14:06:00,NYX Cosmetics,NYX Cosmetics,962.0,EGRESO,APP_MOVIL,MXN
81334780-e5ea-4948-8502-abc17f8953d4,e9f3e63d-6775-4b45-9daf-9722ec25fbe3,25,2026-01-20 14:48:00,Palacio de Hierro,Palacio de Hierro,1176.0,EGRESO,APP_MOVIL,MXN
13aa3638-d085-4645-ac0f-b4d7333953ec,bacb91fd-e8d8-4aab-86af-be8542045bfc,31,2026-01-20 15:20:00,Mercado Libre,Mercado Libre,1491.0,EGRESO,EFECTIVO,MXN
9760f803-55f8-49fc-9933-ce9a41232501,0e2604b4-11e5-4452-8748-64aa92f9ca8f,16,2026-01-20 15:27:00,Coach,Coach,1889.0,EGRESO,APP_MOVIL,MXN
1fb86136-6991-4762-94dc-7a813dd7601b,36bb528a-43a8-4008-8557-d3e3a5c94a6c,3,2026-01-20 15:57:00,Bodega Aurrera,Bodega Aurrera,653.0,EGRESO,APP_MOVIL,MXN
4117f510-32f0-48bd-a016-a6883fd8cc54,c49c8bf6-2d71-40b9-8f87-363b870b0dfd,1,2026-01-20 17:17:00,Nomina,Nomina,10402.89,INGRESO,TRANSFERENCIA,MXN
5218a346-4ea9-4a89-b760-341f865ca597,9fa6af03-3f13-4285-852b-d389da76d928,17,2026-01-20 17:52:00,Colegiatura,Colegiatura,5259.0,EGRESO,APP_MOVIL,MXN
f77df166-11f1-451e-a77d-b9f83738e533,e77722c3-ca39-4480-832f-f90fbc2402a7,4,2026-01-20 18:07:00,Disney+,Disney+,139.0,EGRESO,TRANSFERENCIA,MXN
e1cbffb4-51ef-4042-ae50-ab29c5b6b1a8,7c74290c-b207-43d8-bcd5-14f069783b3b,13,2026-01-20 19:12:00,Flexi,Flexi,1160.0,EGRESO,APP_MOVIL,MXN
f2348ab0-0975-495e-be62-cf8dc2f463a4,6b2251e4-b804-4f13-898b-216c0c5ba9cc,25,2026-01-20 19:20:00,Liverpool,Liverpool,1627.0,EGRESO,APP_MOVIL,MXN
629e9cc1-c702-46ff-be7d-b5cd2b58568c,7489af6c-154c-4eef-b7af-50397bd6b848,1,2026-01-20 20:20:00,Nomina,Nomina,7457.35,INGRESO,TRANSFERENCIA,MXN
b8bafcbd-73c3-4091-9f75-6518f660cc03,e77722c3-ca39-4480-832f-f90fbc2402a7,24,2026-01-20 21:51:00,Maybelline,Maybelline,829.0,EGRESO,TRANSFERENCIA,MXN
ccaa384b-e1b6-4788-91bc-91a942b02362,af1d8cae-6064-4332-977d-e896264e20c2,6,2026-01-20 22:53:00,DiDi,DiDi,163.0,EGRESO,EFECTIVO,MXN
2952bb9c-5c1d-4654-8b4b-4f87cbdd2481,460819f1-3e7b-4a18-b9bb-4a991973ca55,26,2026-01-21 00:01:00,Farmacias Guadalajara,Farmacias Guadalajara,621.0,EGRESO,APP_MOVIL,MXN
3be5e7ee-b4b1-4511-8588-0ad6bde0c2b6,e6f6e0cb-d25d-473f-9f7b-b942a476f005,19,2026-01-21 00:45:00,Mantenimiento Automotriz,Mantenimiento Automotriz,1680.0,EGRESO,TRANSFERENCIA,MXN
f7a2ba69-c0d0-47d3-8a06-6ca79602b8a7,fe494458-2541-481f-bb69-2bcb8e182795,15,2026-01-21 01:58:00,Multa de Transito,Multa de Transito,437.0,EGRESO,EFECTIVO,MXN
b4806b52-aa19-4ddf-bf1f-c6f29c06d961,d94896e7-da2e-4ebf-8861-0ed51d327133,12,2026-01-21 02:06:00,Barberia,Barberia,496.0,EGRESO,TRANSFERENCIA,MXN
ecfa0e8a-d080-4be8-bb2e-55cb43d925a5,c56eb014-1de6-4df3-9cc5-45132bbf6942,11,2026-01-21 02:20:00,Metro,Metro,100.0,EGRESO,EFECTIVO,MXN
754e3e56-e672-4df5-86ee-669e6dbe4605,2f4e7259-c7d0-4f8e-b408-fbed59254881,18,2026-01-21 02:25:00,Izzi,Izzi,649.0,EGRESO,EFECTIVO,MXN
82a2ec7b-6e34-4366-aeba-6fde82548169,4bb45633-ce6a-4e78-8b36-ab2143b9312a,6,2026-01-21 04:04:00,Uber,Uber,122.0,EGRESO,EFECTIVO,MXN
dfacc959-581a-4b78-982c-3c4bdf0c7767,b4991233-a822-49ca-a113-cbedbb85a741,27,2026-01-21 05:04:00,Gas,Gas,479.0,EGRESO,APP_MOVIL,MXN
28bdffb2-9f1b-4f9e-8d0a-be1cd72e651b,a016e16f-7680-4d69-8958-9b2a62b35431,12,2026-01-21 06:24:00,Barberia,Barberia,468.0,EGRESO,APP_MOVIL,MXN
b1bf0465-56d7-4276-a5f8-822d7047aa58,088735e5-4d0d-4706-a911-442edac351c2,12,2026-01-21 06:32:00,Barberia,Barberia,89.0,EGRESO,TRANSFERENCIA,MXN
67310725-7c00-46c2-b802-f284e000ccf5,e6f6e0cb-d25d-473f-9f7b-b942a476f005,24,2026-01-21 07:29:00,NYX Cosmetics,NYX Cosmetics,474.0,EGRESO,TRANSFERENCIA,MXN
2645d2d3-6ea3-4a10-9bb6-e88c6f31e4b9,591ef66e-c411-40c1-95e6-b23f8169be61,1,2026-01-21 07:40:00,Nomina,Nomina,12230.6,INGRESO,TRANSFERENCIA,MXN
f07fbe5e-5614-4af2-91d9-2248eb980c08,334ac887-2c2e-43f0-ac7f-4e80e3f22173,10,2026-01-21 08:22:00,Compras Fisicas,Compras Fisicas,700.0,EGRESO,EFECTIVO,MXN
5d532e51-4abb-4a9f-83af-b834f4a617d0,efb35f92-a96e-40cb-9ba4-a3d3670133ab,22,2026-01-21 08:56:00,Mobil,Mobil,285.0,EGRESO,TRANSFERENCIA,MXN
9c34e8d8-87f9-454a-a524-d2b8d855c299,e77722c3-ca39-4480-832f-f90fbc2402a7,10,2026-01-21 09:15:00,Compras Fisicas,Compras Fisicas,1555.0,EGRESO,EFECTIVO,MXN
2b031e43-0646-404c-a275-6cd93a48a991,af1d8cae-6064-4332-977d-e896264e20c2,17,2026-01-21 09:18:00,Colegiatura,Colegiatura,2313.0,EGRESO,TRANSFERENCIA,MXN
9aa7da8a-1df4-4a86-b68c-8e83539001b2,2f5e4265-1e5f-4813-839b-50bf4accbd7e,1,2026-01-21 09:21:00,Nomina,Nomina,12835.78,INGRESO,TRANSFERENCIA,MXN
29f60c17-8238-4d1e-9206-9acbbd1a1321,e9f3e63d-6775-4b45-9daf-9722ec25fbe3,1,2026-01-21 10:21:00,Nomina,Nomina,5336.35,INGRESO,TRANSFERENCIA,MXN
bc257905-b729-42d5-9a81-ae4f4b53e1a9,e77722c3-ca39-4480-832f-f90fbc2402a7,15,2026-01-21 10:23:00,Multa de Transito,Multa de Transito,2706.0,EGRESO,APP_MOVIL,MXN
b911e485-1338-4bdf-b85e-f7467f39efe2,feb46172-c764-46f8-8955-33a46aebe6cc,1,2026-01-21 12:08:00,Transferencia Recibida,Transferencia Recibida,4365.0,INGRESO,TRANSFERENCIA,MXN
14c9326c-2868-457f-b66a-01db1b97aa55,6be93697-d5c5-49d1-8778-8abe58f5c5a3,34,2026-01-21 12:57:00,Epic Games Store,Epic Games Store,911.0,EGRESO,TRANSFERENCIA,MXN
7f9b2ed1-d160-4c4b-9743-275cab447028,654c4cb9-fb3b-421c-9e42-884531a72e4c,4,2026-01-21 13:02:00,Disney+,Disney+,299.0,EGRESO,APP_MOVIL,MXN
3b4c9b58-33be-4a6c-92ff-58fca1e454e6,088735e5-4d0d-4706-a911-442edac351c2,34,2026-01-21 13:09:00,Epic Games Store,Epic Games Store,817.0,EGRESO,EFECTIVO,MXN
90fd5d9b-b4ef-4dbc-96d4-0719a5bcad47,033eaacc-c1f9-412e-84cb-95b426d28b5c,15,2026-01-21 13:14:00,Multa de Transito,Multa de Transito,1439.0,EGRESO,APP_MOVIL,MXN
cb18ad68-e98e-4407-a753-98219cecd9e9,b1df054d-9d22-4d28-b46d-87390f12a902,1,2026-01-21 13:58:00,Nomina,Nomina,9823.79,INGRESO,TRANSFERENCIA,MXN
a2d13828-4cff-40c4-9f1a-a3139307fc86,39f9edad-efb7-47c6-9841-c96e9b5d6e22,4,2026-01-21 14:02:00,Disney+,Disney+,299.0,EGRESO,APP_MOVIL,MXN
5facb9ba-debd-4978-976e-36b6e99cc50c,78415f42-edd9-4039-abee-f38499ffc380,9,2026-01-21 14:10:00,Movistar,Movistar,499.0,EGRESO,TRANSFERENCIA,MXN
aed16339-d171-4d80-ac00-d650a8706bc7,9fa6af03-3f13-4285-852b-d389da76d928,1,2026-01-21 14:31:00,Nomina,Nomina,20039.9,INGRESO,TRANSFERENCIA,MXN
0b5cb5d6-388d-48c1-b0e1-81a3de3631ec,b6ca9d87-476a-4c5d-83ca-7693a6527a9c,17,2026-01-21 14:50:00,Colegiatura,Colegiatura,6994.0,EGRESO,APP_MOVIL,MXN
ae4e5f44-63e0-46ee-b5d3-9f40060bc01e,e77722c3-ca39-4480-832f-f90fbc2402a7,30,2026-01-21 15:50:00,Salon de Belleza,Salon de Belleza,481.0,EGRESO,TRANSFERENCIA,MXN
13c80a67-2a57-44e7-b814-45c3d63b581d,e80f9cac-b03e-4fcb-a3f3-7f1c6286bc7b,1,2026-01-21 16:15:00,Nomina,Nomina,20509.5,INGRESO,TRANSFERENCIA,MXN
52065239-bb56-4d6e-a13e-93eef20f3aa4,e80f9cac-b03e-4fcb-a3f3-7f1c6286bc7b,34,2026-01-21 16:28:00,Steam,Steam,517.0,EGRESO,APP_MOVIL,MXN
fb884c98-b0a7-40ed-a426-d69eb72bae2f,e77722c3-ca39-4480-832f-f90fbc2402a7,24,2026-01-21 16:40:00,Maybelline,Maybelline,1439.0,EGRESO,EFECTIVO,MXN
6e464658-e70c-48b7-9add-3a8c96e36c68,0aa2518e-377e-4305-9b5c-0f8e0f802f9e,32,2026-01-21 17:45:00,PlayStation Network,PlayStation Network,1578.0,EGRESO,TRANSFERENCIA,MXN
7c9e293a-fe5a-4823-acdd-8bc0005acbc4,03e60ec2-d499-47cd-81fb-96e308403ecd,31,2026-01-21 17:58:00,Amazon,Amazon,2290.0,EGRESO,EFECTIVO,MXN
255affd9-47b7-4c42-9206-213e607da4c8,d83b0edd-72db-47f8-a768-7d03bc7fa190,23,2026-01-21 18:08:00,Qualitas,Qualitas,856.0,EGRESO,TRANSFERENCIA,MXN
10d77b06-3811-4de1-842b-cada34cc01a2,9ebdcad6-2344-4fb6-873b-906defca570a,15,2026-01-21 18:25:00,Multa de Transito,Multa de Transito,3202.0,EGRESO,APP_MOVIL,MXN
0581fbae-914c-49f0-80e5-6f80fe0cf1e6,d660ddf9-6ba0-4a64-88ea-5d41f61fcefb,2,2026-01-21 19:18:00,Bus,Bus,8.0,EGRESO,TRANSFERENCIA,MXN
6ce28ca6-8421-45fc-89c2-a896df543325,edeb6414-0b55-4e0a-bed2-b73a88276387,1,2026-01-21 20:27:00,Transferencia Recibida,Transferencia Recibida,,INGRESO,TRANSFERENCIA,MXN
1fcef894-3408-4930-a768-e9d34a784ab7,8d64339b-b475-44e4-bf62-e45215d1ea8f,31,2026-01-21 20:27:00,Amazon,Amazon,1293.0,EGRESO,EFECTIVO,MXN
62e511f8-291f-4865-b036-93bfe9159a8e,a5264eb8-0d47-44e1-b1b3-6e0a2018f25f,25,2026-01-21 23:26:00,Palacio de Hierro,Palacio de Hierro,2208.0,EGRESO,APP_MOVIL,MXN
dbe7a416-b494-4ae3-a3d1-62d538f7b7e8,f20e8816-f077-4abe-837b-b3e39ccf37eb,30,2026-01-21 23:36:00,Salon de Belleza,Salon de Belleza,170.0,EGRESO,TRANSFERENCIA,MXN
0e207bd0-5695-4b7f-8832-22c3ba0625d4,282aba8c-1169-402d-adbd-8a41f6676432,1,2026-01-21 23:37:00,Nomina,Nomina,15987.97,INGRESO,TRANSFERENCIA,MXN
0ed0a7ff-657e-45b1-83d6-97350e8abf13,d94896e7-da2e-4ebf-8861-0ed51d327133,5,2026-01-21 23:51:00,Little Caesars,Little Caesars,537.0,EGRESO,APP_MOVIL,MXN
e087d552-7453-42bf-b7ea-208c8a22e805,8ae451d5-4e82-4ced-8bbc-cee19fedccda,16,2026-01-21 23:59:00,Cloe,Cloe,872.0,EGRESO,APP_MOVIL,MXN
a386680b-c005-481c-afde-004af5f2635c,062fd77f-ba97-4763-bff4-0bc64c0b9db9,12,2026-01-22 00:10:00,Barberia,Barberia,496.0,EGRESO,TRANSFERENCIA,MXN
3e514b1f-d346-4e8b-bb80-a28db2e8f329,d83b0edd-72db-47f8-a768-7d03bc7fa190,6,2026-01-22 00:28:00,Uber,Uber,135.0,EGRESO,EFECTIVO,MXN
55a7c23c-5578-44b0-a4eb-661407affdc3,7c74290c-b207-43d8-bcd5-14f069783b3b,7,2026-01-22 00:47:00,Electricidad,Electricidad,,EGRESO,APP_MOVIL,MXN
26858029-9317-4f93-a3cc-2011ee6ce7db,87a8bdbd-1d61-4275-b187-80f960bd7983,34,2026-01-22 00:56:00,Nintendo eShop,Nintendo eShop,1511.0,EGRESO,EFECTIVO,MXN
d73052ca-247f-4ff5-9dc9-d0d5c1456a3d,6b2251e4-b804-4f13-898b-216c0c5ba9cc,20,2026-01-22 01:19:00,Cinepolis,Cinepolis,113.0,EGRESO,TRANSFERENCIA,MXN
2d82501e-5f12-4031-90d0-3da9cf38f2bf,e77722c3-ca39-4480-832f-f90fbc2402a7,15,2026-01-22 01:45:00,Multa de Transito,Multa de Transito,1888.0,EGRESO,TRANSFERENCIA,MXN
2a526244-e76d-4f7f-becf-b63731569905,169f4be3-cc0f-4b41-8a79-77865835d095,16,2026-01-22 02:13:00,Coach,Coach,2388.0,EGRESO,APP_MOVIL,MXN
77225fcb-b39a-4598-8b90-18717db7de12,007759d6-7e92-4216-8b0d-24e4b3bdc25c,10,2026-01-22 02:55:00,Compras Fisicas,Compras Fisicas,1755.0,EGRESO,TRANSFERENCIA,MXN
e023d33f-4607-4975-b434-1ddb9f9cc6d7,6be93697-d5c5-49d1-8778-8abe58f5c5a3,11,2026-01-22 03:33:00,Metro,Metro,5.0,EGRESO,APP_MOVIL,MXN
ecfb2a5f-7f19-40a2-9d85-3a70202ff18f,feb46172-c764-46f8-8955-33a46aebe6cc,19,2026-01-22 03:56:00,Mantenimiento Automotriz,Mantenimiento Automotriz,1958.0,EGRESO,APP_MOVIL,MXN
e125affe-56d8-448f-af1f-f0e63a6f8bda,e8dab777-b3e1-4c67-81e8-1bcf07a12eb6,17,2026-01-22 04:06:00,Colegiatura,Colegiatura,7721.0,EGRESO,APP_MOVIL,MXN
28cebd08-d484-44d4-bed7-cc5f9150a5dd,39f9edad-efb7-47c6-9841-c96e9b5d6e22,1,2026-01-22 04:21:00,Nomina,Nomina,23382.91,INGRESO,TRANSFERENCIA,MXN
c17b9cc0-345b-4f2d-b29b-f6f6d0165da5,49c19272-4521-43eb-a5ed-ba309950965f,1,2026-01-22 05:11:00,Transferencia Recibida,Transferencia Recibida,2539.0,INGRESO,TRANSFERENCIA,MXN
12154068-403c-44cf-9754-7471186e4666,6e3e2a99-1a3d-42fa-bfe5-52f057eccb2f,18,2026-01-22 05:51:00,Totalplay,Totalplay,389.0,EGRESO,EFECTIVO,MXN
8510c9f0-c946-4bc8-a184-999df01e68b1,bacb91fd-e8d8-4aab-86af-be8542045bfc,25,2026-01-22 06:22:00,Liverpool,Liverpool,1091.0,EGRESO,APP_MOVIL,MXN
36fae0d3-cbfa-4624-8c07-cf12ee473c83,71c16233-5b03-45a3-b9d9-75dfce80f8cd,5,2026-01-22 07:08:00,McDonald's,McDonald's,1094.0,EGRESO,APP_MOVIL,MXN
dd8447e8-de27-40bb-84e4-21424df3a8f6,287b9cdc-edd5-4342-a5fb-5148aeea5b6c,25,2026-01-22 08:11:00,Palacio de Hierro,Palacio de Hierro,1268.0,EGRESO,EFECTIVO,MXN
e7ce5e27-1f11-44a8-a01f-5c3c2c3e2257,74a2259c-8ee4-4064-89cc-8a49fd390792,9,2026-01-22 08:11:00,Telcel,Telcel,349.0,EGRESO,APP_MOVIL,MXN
1917bef9-a360-4a0e-8132-676a02d8babd,36bb528a-43a8-4008-8557-d3e3a5c94a6c,1,2026-01-22 08:46:00,Transferencia Recibida,Transferencia Recibida,2622.0,INGRESO,TRANSFERENCIA,MXN
385855f0-0df1-47b0-ae15-6912117c6457,fe494458-2541-481f-bb69-2bcb8e182795,18,2026-01-22 11:10:00,Infinitum,Infinitum,799.0,EGRESO,EFECTIVO,MXN
d35dc4ef-7034-4f4f-8761-498aa2f4f1b4,49c19272-4521-43eb-a5ed-ba309950965f,2,2026-01-22 11:16:00,Bus,Bus,50.0,EGRESO,APP_MOVIL,MXN
e81e2a92-3a10-4c4c-9bb9-5922c69e5cb0,460819f1-3e7b-4a18-b9bb-4a991973ca55,4,2026-01-22 11:16:00,Amazon Prime,Amazon Prime,99.0,EGRESO,APP_MOVIL,MXN
eb2ce7bc-60b2-4965-a100-06bc1b933781,a016e16f-7680-4d69-8958-9b2a62b35431,11,2026-01-22 11:19:00,Metro,Metro,50.0,EGRESO,EFECTIVO,MXN
0610e0d4-8d62-4390-b09b-fd7cfc1de674,6be93697-d5c5-49d1-8778-8abe58f5c5a3,32,2026-01-22 13:17:00,PlayStation Network,PlayStation Network,955.0,EGRESO,EFECTIVO,MXN
ff2dbe02-9197-46a5-ae2c-e2d3df54d312,cc302a48-1c7f-4cd5-8095-557e5f3ee43f,17,2026-01-22 13:47:00,Colegiatura,Colegiatura,3413.0,EGRESO,TRANSFERENCIA,MXN
3af40d88-0a4e-42e9-a6d6-00435bd8e4d7,e80f9cac-b03e-4fcb-a3f3-7f1c6286bc7b,11,2026-01-22 16:06:00,Metro,Metro,50.0,EGRESO,APP_MOVIL,MXN
9a284d48-91b1-4e6f-8a1e-31609285f2aa,c49c8bf6-2d71-40b9-8f87-363b870b0dfd,1,2026-01-22 16:58:00,Nomina,Nomina,10402.89,INGRESO,TRANSFERENCIA,MXN
1ead1f11-22f4-4815-8333-ecd3e740b025,591ef66e-c411-40c1-95e6-b23f8169be61,31,2026-01-22 17:16:00,Amazon,Amazon,485.0,EGRESO,EFECTIVO,MXN
9db1215f-f1e7-437d-a945-fdc10728413e,49c19272-4521-43eb-a5ed-ba309950965f,1,2026-01-22 18:49:00,Nomina,Nomina,10556.27,INGRESO,TRANSFERENCIA,MXN
d4ffb955-9aa5-46e2-aba7-33484bd8222f,6b2251e4-b804-4f13-898b-216c0c5ba9cc,32,2026-01-22 19:04:00,Xbox Live,Xbox Live,807.0,EGRESO,TRANSFERENCIA,MXN
0dabcd0e-0c66-4b98-a658-356ce6d069f9,0d4d9d7a-2ce4-4002-abe0-031b288ff53c,24,2026-01-22 19:49:00,NYX Cosmetics,NYX Cosmetics,2459.0,EGRESO,TRANSFERENCIA,MXN
de778986-966c-460f-b7c3-214e1a2803a5,d7d4bd62-308e-4ac3-9ba9-582ec4beeeb0,29,2026-01-22 22:53:00,Viajes,Viajes,5306.0,EGRESO,APP_MOVIL,MXN
e306ac90-1af7-4d94-aa5d-c7216fae2de1,169f4be3-cc0f-4b41-8a79-77865835d095,21,2026-01-22 23:46:00,Metrobus,Metrobus,30.0,EGRESO,EFECTIVO,MXN
2ed68f62-cc1c-4bbf-bbd5-67c91c883a2c,654c4cb9-fb3b-421c-9e42-884531a72e4c,34,2026-01-23 00:07:00,Nintendo eShop,Nintendo eShop,265.0,EGRESO,APP_MOVIL,MXN
576d7f45-2093-4345-ad39-145acf54f42f,287b9cdc-edd5-4342-a5fb-5148aeea5b6c,27,2026-01-23 00:42:00,Gas,Gas,293.0,EGRESO,APP_MOVIL,MXN
f7c0c179-43bc-4d22-8bd2-53a65b184a07,b6ca9d87-476a-4c5d-83ca-7693a6527a9c,24,2026-01-23 00:58:00,Maybelline,Maybelline,713.0,EGRESO,APP_MOVIL,MXN
78a7b0dc-5c67-433e-b62f-16a53b8d49aa,7c74290c-b207-43d8-bcd5-14f069783b3b,1,2026-01-23 02:00:00,Nomina,Nomina,18498.99,INGRESO,TRANSFERENCIA,MXN
9dcbe66d-0cce-4b0c-874c-ee24ba69817c,698259d6-1dc2-4996-bae9-8219285ebc59,24,2026-01-23 02:03:00,NYX Cosmetics,NYX Cosmetics,1914.0,EGRESO,EFECTIVO,MXN
4892bb2a-93be-48f6-a688-eb256748b9d6,74a2259c-8ee4-4064-89cc-8a49fd390792,4,2026-01-23 02:10:00,Amazon Prime,Amazon Prime,99.0,EGRESO,APP_MOVIL,MXN
6a8539e2-edf0-4cc0-8540-dda92d14324f,fe494458-2541-481f-bb69-2bcb8e182795,3,2026-01-23 04:06:00,Bodega Aurrera,Bodega Aurrera,2190.0,EGRESO,TRANSFERENCIA,MXN
540ffc7a-6d94-43c0-b4f9-a8cecd6ba4cc,007759d6-7e92-4216-8b0d-24e4b3bdc25c,26,2026-01-23 04:40:00,Farmacias Guadalajara,Farmacias Guadalajara,815.0,EGRESO,APP_MOVIL,MXN
2fb3d37b-c0da-48e3-b33e-ed2738293862,d94896e7-da2e-4ebf-8861-0ed51d327133,7,2026-01-23 04:57:00,Electricidad,Electricidad,1515.0,EGRESO,APP_MOVIL,MXN
df7c3d38-bb89-47c1-b1b4-38038d2b07ea,b8a2aeb0-77bc-4f93-87a4-dbd5d9aae0e9,8,2026-01-23 07:08:00,Herramientas,Herramientas,1760.0,EGRESO,EFECTIVO,MXN
d0914294-93fe-4b87-967f-ccbae96df759,0aa2518e-377e-4305-9b5c-0f8e0f802f9e,32,2026-01-23 08:52:00,PlayStation Network,PlayStation Network,1334.0,EGRESO,EFECTIVO,MXN
340165e7-8210-42b9-984d-586351931e50,2ca34b24-a26a-4698-a4c6-7593f66ced33,1,2026-01-23 09:02:00,Transferencia Recibida,Transferencia Recibida,1908.0,INGRESO,TRANSFERENCIA,MXN
a5b308b5-9aa4-4098-b0a0-49215ea8618f,481fe99e-04d7-42b3-b696-00ef02353148,18,2026-01-23 09:09:00,Infinitum,Infinitum,549.0,EGRESO,TRANSFERENCIA,MXN
5b4b7f66-b18c-4e79-a713-93f7f75d1082,d94896e7-da2e-4ebf-8861-0ed51d327133,6,2026-01-23 09:16:00,DiDi,DiDi,127.0,EGRESO,TRANSFERENCIA,MXN
8431ccd3-9995-4e5c-b679-de5e7036ca71,062fd77f-ba97-4763-bff4-0bc64c0b9db9,19,2026-01-23 10:32:00,Mantenimiento Automotriz,Mantenimiento Automotriz,1847.0,EGRESO,TRANSFERENCIA,MXN
c6cb17e6-3b35-4c45-9653-2fada9dc477d,cf376ebc-04ee-401c-98d2-d2ca7394def8,1,2026-01-23 12:08:00,Nomina,Nomina,5343.1,INGRESO,TRANSFERENCIA,MXN
604fd9d3-742b-47cd-b96a-84b8c07c1446,39f9edad-efb7-47c6-9841-c96e9b5d6e22,21,2026-01-23 13:13:00,Metrobus,Metrobus,6.0,EGRESO,APP_MOVIL,MXN
e3df958e-4839-49aa-9407-afeae0962aef,4f6ff8db-53cf-4464-883b-02373ed58457,24,2026-01-23 13:28:00,L'Oreal,L'Oreal,2374.0,EGRESO,APP_MOVIL,MXN
962a503d-8d15-4cb5-b868-64fcc8a4102c,9fa6af03-3f13-4285-852b-d389da76d928,20,2026-01-23 16:06:00,Cinemex,Cinemex,671.0,EGRESO,APP_MOVIL,MXN
7739be5b-0a1c-42f1-b452-6f95a12d854f,49c19272-4521-43eb-a5ed-ba309950965f,33,2026-01-23 17:48:00,Agua,Agua,962.0,EGRESO,APP_MOVIL,MXN
238b89b9-6293-42eb-8994-9f5bd7764761,e9f3e63d-6775-4b45-9daf-9722ec25fbe3,12,2026-01-23 19:12:00,Barberia,Barberia,311.0,EGRESO,EFECTIVO,MXN
08719ca0-a158-4d16-bf92-7df110be310e,6be93697-d5c5-49d1-8778-8abe58f5c5a3,21,2026-01-23 22:10:00,Metrobus,Metrobus,6.0,EGRESO,APP_MOVIL,MXN
7700e04b-ad7b-4827-9090-f14d51ec5f86,7c74290c-b207-43d8-bcd5-14f069783b3b,30,2026-01-24 00:04:00,Salon de Belleza,Salon de Belleza,165.0,EGRESO,APP_MOVIL,MXN
9bc84fee-bbac-4051-b619-ee2b072ed0dd,654c4cb9-fb3b-421c-9e42-884531a72e4c,2,2026-01-24 00:47:00,Bus,Bus,6.0,EGRESO,APP_MOVIL,MXN
9f3e1012-b358-43de-8522-abd3995a8e0a,b5525d88-0da0-4036-a444-3e4f7a34128f,30,2026-01-24 01:31:00,Salon de Belleza,Salon de Belleza,,EGRESO,TRANSFERENCIA,MXN
dd9b8610-6efc-4f3e-a0bf-390e534b3da9,4c903803-6f89-4498-ac48-9cac84de61c7,17,2026-01-24 03:26:00,Colegiatura,Colegiatura,7732.0,EGRESO,APP_MOVIL,MXN
6755b3f0-aaea-424c-8fe3-0fdb67d60a3e,d7b98250-11d8-4b40-a1fd-44ae5b3e0d2a,22,2026-01-24 12:42:00,Mobil,Mobil,607.0,EGRESO,EFECTIVO,MXN
0863599c-0b70-401f-baef-01fdddbcc581,d660ddf9-6ba0-4a64-88ea-5d41f61fcefb,6,2026-01-24 13:55:00,Cabify,Cabify,47.0,EGRESO,APP_MOVIL,MXN
48e30ea3-44ba-4181-9413-72fdf46d2e0c,e80f9cac-b03e-4fcb-a3f3-7f1c6286bc7b,17,2026-01-24 15:38:00,Colegiatura,Colegiatura,6243.0,EGRESO,APP_MOVIL,MXN
45bc30dd-57f3-412b-8340-267d1c1df9f8,6d2288f2-a9dc-4bbd-b86b-33d48f2390dd,20,2026-01-24 16:00:00,Restaurante Local,Restaurante Local,,EGRESO,TRANSFERENCIA,MXN
dbfdeb3e-c8ef-4f42-bb76-b734ec95f63c,37060ad3-4bfd-4b62-86a5-6c3b7241f7b3,1,2026-01-24 17:25:00,Nomina,Nomina,8203.8,INGRESO,TRANSFERENCIA,MXN
1b8dbd1a-d634-4046-9cf9-13c7ae3044a3,71c16233-5b03-45a3-b9d9-75dfce80f8cd,17,2026-01-24 18:37:00,Colegiatura,Colegiatura,6011.0,EGRESO,APP_MOVIL,MXN
4e875b98-4203-46dc-9233-f592a8331755,7f2f8daa-dfc2-4ad0-9c49-d90ffa6ae04b,29,2026-01-24 19:06:00,Viajes,Viajes,2165.0,EGRESO,APP_MOVIL,MXN
a5ded4fc-ad09-42c5-87a4-abd25ca386c6,654c4cb9-fb3b-421c-9e42-884531a72e4c,1,2026-01-24 19:12:00,Transferencia Recibida,Transferencia Recibida,4630.0,INGRESO,TRANSFERENCIA,MXN
440ae162-db0e-48e0-a7e0-69d595b76a2e,d7073699-b1fd-4984-8380-c897f19b37c2,14,2026-01-24 19:36:00,Renta,Renta,10175.0,EGRESO,APP_MOVIL,MXN
46b2495b-dc8d-4ff7-af77-1f4532abdd71,7336ec17-03d6-4127-a085-cb3f799bd54e,19,2026-01-24 19:53:00,Mantenimiento Automotriz,Mantenimiento Automotriz,1245.0,EGRESO,EFECTIVO,MXN
c4f56f17-f300-40f0-9e78-9cf96983135e,49c19272-4521-43eb-a5ed-ba309950965f,15,2026-01-24 20:43:00,Multa de Transito,Multa de Transito,3106.0,EGRESO,APP_MOVIL,MXN
333f2fbb-bfe1-4d82-acef-e8f4baf4f7b5,af1d8cae-6064-4332-977d-e896264e20c2,3,2026-01-24 23:41:00,Walmart,Walmart,2880.0,EGRESO,APP_MOVIL,MXN
c5d0db00-0e32-4d45-881f-31c9d1dc5da1,0e2604b4-11e5-4452-8748-64aa92f9ca8f,15,2026-01-25 00:16:00,Multa de Transito,Multa de Transito,3375.0,EGRESO,APP_MOVIL,MXN
a78f6e84-3780-467e-b533-95c25426e5ba,36ee8608-fe5c-4530-b7cf-d13801c08072,1,2026-01-25 01:56:00,Nomina,Nomina,15866.33,INGRESO,TRANSFERENCIA,MXN
3a19503e-5806-46bc-a469-185f0f2771ef,6be93697-d5c5-49d1-8778-8abe58f5c5a3,15,2026-01-25 02:34:00,Multa de Transito,Multa de Transito,2241.0,EGRESO,APP_MOVIL,MXN
f6bef1c3-81ee-4fe0-aa1c-476979ddc84f,49c19272-4521-43eb-a5ed-ba309950965f,28,2026-01-25 03:50:00,Decathlon,Decathlon,297.0,EGRESO,APP_MOVIL,MXN
aa8de726-d149-469a-a89b-bfbbc01d1cc6,481fe99e-04d7-42b3-b696-00ef02353148,24,2026-01-25 06:14:00,L'Oreal,L'Oreal,674.0,EGRESO,EFECTIVO,MXN
5830c70e-9715-4f4b-84de-8c32a8a8ca5c,4f6ff8db-53cf-4464-883b-02373ed58457,26,2026-01-25 06:56:00,Farmacias Similares,Farmacias Similares,659.0,EGRESO,APP_MOVIL,MXN
30cb4176-41c2-4d4a-b27e-8ed95fe1c3e3,6d2288f2-a9dc-4bbd-b86b-33d48f2390dd,6,2026-01-25 07:04:00,Uber,Uber,57.0,EGRESO,EFECTIVO,MXN
e6bdf2c8-c632-4867-944b-f5bc54d8c43c,b8a2aeb0-77bc-4f93-87a4-dbd5d9aae0e9,12,2026-01-25 07:40:00,Barberia,Barberia,320.0,EGRESO,TRANSFERENCIA,MXN
9734a1aa-a8e3-46c0-90cf-2ea2e5af085c,c0c2ffc0-3d5f-4e4f-99f2-884a8a2621f5,19,2026-01-25 08:58:00,Mantenimiento Automotriz,Mantenimiento Automotriz,3100.0,EGRESO,EFECTIVO,MXN
9289bc98-c2ad-4075-aea9-634cf5013998,d7073699-b1fd-4984-8380-c897f19b37c2,8,2026-01-25 09:46:00,Herramientas,Herramientas,363.0,EGRESO,TRANSFERENCIA,MXN
19f62bbb-d071-489b-a079-eb14cb60c179,af1d8cae-6064-4332-977d-e896264e20c2,34,2026-01-25 10:07:00,Nintendo eShop,Nintendo eShop,1232.0,EGRESO,APP_MOVIL,MXN
31aa00f0-ad7b-4b92-8245-8ef5989be3f0,39f9edad-efb7-47c6-9841-c96e9b5d6e22,8,2026-01-25 10:08:00,Herramientas,Herramientas,1362.0,EGRESO,EFECTIVO,MXN
56c5bb59-ba14-462b-953c-4ff79fad8692,d660ddf9-6ba0-4a64-88ea-5d41f61fcefb,27,2026-01-25 11:42:00,Gas,Gas,291.0,EGRESO,APP_MOVIL,MXN
5cc7c626-7941-4359-b1ce-cffadaa74e1f,282aba8c-1169-402d-adbd-8a41f6676432,31,2026-01-25 11:46:00,Amazon,Amazon,1966.0,EGRESO,APP_MOVIL,MXN
b2e03ba1-8cbf-47f5-9e7e-9d6a6faad58a,591ef66e-c411-40c1-95e6-b23f8169be61,21,2026-01-25 13:44:00,Metrobus,Metrobus,20.0,EGRESO,APP_MOVIL,MXN
e087ed9c-f514-43f5-90b0-cb05df079f41,86ebabff-3329-403c-ae53-7102b0dc7831,21,2026-01-25 14:22:00,Metrobus,Metrobus,6.0,EGRESO,TRANSFERENCIA,MXN
6d450cca-58c0-4b9b-94c2-6523cd92bcd3,8ae451d5-4e82-4ced-8bbc-cee19fedccda,26,2026-01-25 17:21:00,Farmacias del Ahorro,Farmacias del Ahorro,340.0,EGRESO,EFECTIVO,MXN
4c9536b5-3e90-4714-8450-c8062bea1c11,3e5b598d-bd6d-4076-8922-5940bc6d277c,32,2026-01-25 19:13:00,Xbox Live,Xbox Live,267.0,EGRESO,EFECTIVO,MXN
399e354c-2008-4fdd-bbcd-014e09f8d14a,b8a2aeb0-77bc-4f93-87a4-dbd5d9aae0e9,1,2026-01-26 00:29:00,Nomina,Nomina,8790.43,INGRESO,TRANSFERENCIA,MXN
91c339fc-c742-4cc6-8276-ac97b8a0c859,9fa6af03-3f13-4285-852b-d389da76d928,11,2026-01-26 01:45:00,Metro,Metro,20.0,EGRESO,APP_MOVIL,MXN
82a47d8b-2f90-4915-8302-3abdb3755bec,654c4cb9-fb3b-421c-9e42-884531a72e4c,25,2026-01-26 02:19:00,Liverpool,Liverpool,1208.0,EGRESO,APP_MOVIL,MXN
531a7b51-1fa8-4f22-a45d-27b1737b8a9e,af1d8cae-6064-4332-977d-e896264e20c2,5,2026-01-26 05:25:00,Little Caesars,Little Caesars,1194.0,EGRESO,APP_MOVIL,MXN
4b67311e-0974-4423-8717-b25d03ac78d8,86d42cc6-6226-41a4-aa56-9a03fdc03387,4,2026-01-26 05:36:00,Max (HBO),Max (HBO),249.0,EGRESO,APP_MOVIL,MXN
e5e676ef-7e6f-4cde-9a6f-7c5b1339fc1b,bacb91fd-e8d8-4aab-86af-be8542045bfc,32,2026-01-26 07:04:00,Xbox Live,Xbox Live,1429.0,EGRESO,TRANSFERENCIA,MXN
3b2bc268-5b57-48c7-97ca-a0bfdfe0544a,d660ddf9-6ba0-4a64-88ea-5d41f61fcefb,5,2026-01-26 07:43:00,McDonald's,McDonald's,479.0,EGRESO,TRANSFERENCIA,MXN
e7a13e41-bfa3-465c-a0e4-951f418c72be,3e5b598d-bd6d-4076-8922-5940bc6d277c,23,2026-01-26 07:49:00,AXA Seguros,AXA Seguros,1104.0,EGRESO,APP_MOVIL,MXN
23589973-85af-498f-bb7d-3fe843be60ea,460819f1-3e7b-4a18-b9bb-4a991973ca55,15,2026-01-26 08:12:00,Multa de Transito,Multa de Transito,2809.0,EGRESO,EFECTIVO,MXN
bc0d8fc2-b040-4cfe-89c9-f1c3748d9ad6,4f6ff8db-53cf-4464-883b-02373ed58457,26,2026-01-26 08:20:00,Farmacias Guadalajara,Farmacias Guadalajara,675.0,EGRESO,APP_MOVIL,MXN
b060eb51-915b-44e8-a32f-3391bffcd3f6,e77722c3-ca39-4480-832f-f90fbc2402a7,13,2026-01-26 10:22:00,Andrea,Andrea,2167.0,EGRESO,TRANSFERENCIA,MXN
5e3880af-80eb-4528-9c61-bc1c332a696f,a5264eb8-0d47-44e1-b1b3-6e0a2018f25f,19,2026-01-26 10:22:00,Mantenimiento Automotriz,Mantenimiento Automotriz,1311.0,EGRESO,EFECTIVO,MXN
6a1a6ae9-0979-4ee4-b569-b52841687f21,460819f1-3e7b-4a18-b9bb-4a991973ca55,22,2026-01-26 10:37:00,BP,BP,401.0,EGRESO,EFECTIVO,MXN
067a64a2-aacd-4451-a516-e0ee48f0a268,27184bbc-330d-4cfd-a78f-c17d51279685,31,2026-01-26 11:22:00,Amazon,Amazon,964.0,EGRESO,TRANSFERENCIA,MXN
9b865d4c-9f49-4b15-969c-f6be77e0d21a,27184bbc-330d-4cfd-a78f-c17d51279685,27,2026-01-26 12:00:00,Gas,Gas,226.0,EGRESO,TRANSFERENCIA,MXN
73890956-8f26-4264-9e1a-512a800d745c,d83b0edd-72db-47f8-a768-7d03bc7fa190,23,2026-01-26 12:01:00,AXA Seguros,AXA Seguros,661.0,EGRESO,TRANSFERENCIA,MXN
7c16dac0-37a0-4508-a6fe-7a787123afbc,7336ec17-03d6-4127-a085-cb3f799bd54e,14,2026-01-26 13:13:00,Renta,Renta,8158.0,EGRESO,TRANSFERENCIA,MXN
6cba8c02-0e15-41db-a3a1-1567b5de2553,4a021a05-bacc-4ded-98e4-6ba1343b83b4,28,2026-01-26 13:17:00,Decathlon,Decathlon,982.0,EGRESO,APP_MOVIL,MXN
fae895bd-8c7a-4704-af26-cec4d2bc0c8e,a5264eb8-0d47-44e1-b1b3-6e0a2018f25f,11,2026-01-26 14:50:00,Metro,Metro,5.0,EGRESO,EFECTIVO,MXN
149c1e72-340b-4593-96df-5483a63084ed,cc302a48-1c7f-4cd5-8095-557e5f3ee43f,1,2026-01-26 15:04:00,Nomina,Nomina,22170.53,INGRESO,TRANSFERENCIA,MXN
ebe6738a-cc6b-4747-a160-6abe4825136d,4bb45633-ce6a-4e78-8b36-ab2143b9312a,7,2026-01-26 16:30:00,Electricidad,Electricidad,1068.0,EGRESO,TRANSFERENCIA,MXN
db7339e4-a9d2-45b3-a7ad-339b84b45527,e4f9aabd-8595-4a2d-84b2-3d54a4541fdc,1,2026-01-26 16:38:00,Transferencia Recibida,Transferencia Recibida,3828.0,INGRESO,TRANSFERENCIA,MXN
55f2842d-9c75-4533-bdec-43b0afdf6be5,e80f9cac-b03e-4fcb-a3f3-7f1c6286bc7b,1,2026-01-26 17:53:00,Nomina,Nomina,,INGRESO,TRANSFERENCIA,MXN
becde05a-0adf-4442-bab6-da622ee2c680,86ebabff-3329-403c-ae53-7102b0dc7831,8,2026-01-26 18:47:00,Herramientas,Herramientas,2439.0,EGRESO,APP_MOVIL,MXN
15c5be09-3d42-4282-b8e1-5cff78941dd3,7f2f8daa-dfc2-4ad0-9c49-d90ffa6ae04b,23,2026-01-26 20:35:00,GNP Seguros,GNP Seguros,1205.0,EGRESO,APP_MOVIL,MXN
dde8394f-c517-4f43-94ad-740697815269,d7073699-b1fd-4984-8380-c897f19b37c2,4,2026-01-26 20:44:00,Amazon Prime,Amazon Prime,99.0,EGRESO,TRANSFERENCIA,MXN
7f0d788a-dee4-45d2-8040-e8797e18ae0d,e4f9aabd-8595-4a2d-84b2-3d54a4541fdc,3,2026-01-26 21:20:00,Soriana,Soriana,3067.0,EGRESO,EFECTIVO,MXN
eca4d414-5be2-4761-aa13-531ff46d94cc,ef403853-e247-49d9-9751-bf46943b3d76,28,2026-01-26 22:44:00,Decathlon,Decathlon,495.0,EGRESO,APP_MOVIL,MXN
d4e6bac3-7c96-482d-a4fb-464ba5afdab9,f20e8816-f077-4abe-837b-b3e39ccf37eb,30,2026-01-26 23:51:00,Salon de Belleza,Salon de Belleza,337.0,EGRESO,APP_MOVIL,MXN
539b0adc-3dba-4bc0-90d8-112e49075bdc,1d7d3151-e6c5-479c-aa65-df54b837c324,24,2026-01-27 05:25:00,Maybelline,Maybelline,1579.0,EGRESO,APP_MOVIL,MXN
cfe72b80-3997-4976-9ac5-a1c63ddeab84,e80f9cac-b03e-4fcb-a3f3-7f1c6286bc7b,6,2026-01-27 05:33:00,Uber,Uber,159.0,EGRESO,APP_MOVIL,MXN
ebe03b67-903d-4292-9450-e7239703c746,0e2604b4-11e5-4452-8748-64aa92f9ca8f,16,2026-01-27 05:34:00,Coach,Coach,1876.0,EGRESO,TRANSFERENCIA,MXN
26e05fda-61ea-4165-a9eb-fc8e84697590,2f4e7259-c7d0-4f8e-b408-fbed59254881,31,2026-01-27 07:05:00,Amazon,Amazon,2195.0,EGRESO,TRANSFERENCIA,MXN
23059bb3-0be9-4d81-b564-2fe149086046,c56eb014-1de6-4df3-9cc5-45132bbf6942,14,2026-01-27 09:17:00,Renta,Renta,8992.0,EGRESO,APP_MOVIL,MXN
c43f181b-3462-4c29-aee2-d69f699722c6,ec1a1f42-1c5f-492f-919f-08cacfcb0039,1,2026-01-27 10:48:00,Nomina,Nomina,6725.27,INGRESO,TRANSFERENCIA,MXN
b29fa1d6-7614-46d4-8248-cdec5d94b653,4c903803-6f89-4498-ac48-9cac84de61c7,1,2026-01-27 10:52:00,Nomina,Nomina,27087.9,INGRESO,TRANSFERENCIA,MXN
34a4d86c-e5e5-4402-828f-d04a6ad62afd,efb35f92-a96e-40cb-9ba4-a3d3670133ab,23,2026-01-27 10:58:00,Qualitas,Qualitas,3810.0,EGRESO,APP_MOVIL,MXN
bbdcdb65-dd98-4271-b99c-265ccbecc959,c56eb014-1de6-4df3-9cc5-45132bbf6942,8,2026-01-27 11:28:00,Herramientas,Herramientas,2022.0,EGRESO,TRANSFERENCIA,MXN
593e76d1-a846-4a03-87db-09e72288be8f,d1015873-9015-4bb6-ad9c-9c10c7fbccaa,8,2026-01-27 11:31:00,Herramientas,Herramientas,312.0,EGRESO,APP_MOVIL,MXN
8423d264-f168-4f95-976f-306043268d62,367901a5-f293-400f-8969-224db4f3e99e,21,2026-01-27 12:30:00,Metrobus,Metrobus,30.0,EGRESO,EFECTIVO,MXN
11538497-0f59-421c-b213-098de476096f,e4f9aabd-8595-4a2d-84b2-3d54a4541fdc,27,2026-01-27 15:29:00,Gas,Gas,773.0,EGRESO,EFECTIVO,MXN
c812f532-b0a5-4294-9260-dcd642313ef0,86d42cc6-6226-41a4-aa56-9a03fdc03387,34,2026-01-27 16:53:00,Nintendo eShop,Nintendo eShop,1488.0,EGRESO,APP_MOVIL,MXN
c6abf25e-24f0-455a-9e63-b3016655969b,4c903803-6f89-4498-ac48-9cac84de61c7,19,2026-01-27 19:49:00,Mantenimiento Automotriz,Mantenimiento Automotriz,1247.0,EGRESO,EFECTIVO,MXN
ee52628f-3427-43a5-8918-0995f4ae1497,481fe99e-04d7-42b3-b696-00ef02353148,1,2026-01-27 20:43:00,Nomina,Nomina,6227.44,INGRESO,TRANSFERENCIA,MXN
3cf5be9a-162e-484d-8f9b-6c1fa60507b6,86d42cc6-6226-41a4-aa56-9a03fdc03387,26,2026-01-27 21:33:00,Farmacias del Ahorro,Farmacias del Ahorro,695.0,EGRESO,APP_MOVIL,MXN
f08e695d-c287-43f5-8c24-2e80711d3920,698259d6-1dc2-4996-bae9-8219285ebc59,34,2026-01-27 21:46:00,Steam,Steam,406.0,EGRESO,EFECTIVO,MXN
7ebb78de-acb6-46e9-bcf0-d4c85ae7b8ed,b1df054d-9d22-4d28-b46d-87390f12a902,32,2026-01-27 21:52:00,Xbox Live,Xbox Live,893.0,EGRESO,APP_MOVIL,MXN
68314e11-1940-44c8-a7a2-2fca0e5be835,cf376ebc-04ee-401c-98d2-d2ca7394def8,33,2026-01-27 23:56:00,Agua,Agua,633.0,EGRESO,APP_MOVIL,MXN
b1845f99-eb95-497d-8cbc-ed737e5729bc,062fd77f-ba97-4763-bff4-0bc64c0b9db9,20,2026-01-28 00:44:00,Cinemex,Cinemex,523.0,EGRESO,EFECTIVO,MXN
38ac6a39-4b42-4c31-acc5-b789938d7c1f,4bb45633-ce6a-4e78-8b36-ab2143b9312a,22,2026-01-28 00:48:00,BP,BP,282.0,EGRESO,APP_MOVIL,MXN
13be5abf-3fcc-48d4-a756-d70eb7fc55e6,57a16ad2-8282-4a67-91ec-ebc90dee810e,14,2026-01-28 02:39:00,Renta,Renta,7865.0,EGRESO,APP_MOVIL,MXN
9e4cfdbf-807a-4c1b-8b3f-3b5b891a8576,8580b4dd-2321-42ff-8e88-0392056caa5c,16,2026-01-28 03:09:00,Cloe,Cloe,1177.0,EGRESO,EFECTIVO,MXN
9aa5fbbe-444b-4089-933e-132f04d9be8a,af1d8cae-6064-4332-977d-e896264e20c2,1,2026-01-28 03:15:00,Transferencia Recibida,Transferencia Recibida,3223.0,INGRESO,TRANSFERENCIA,MXN
7c3cb332-87fc-4035-95bf-49cf21624fe6,c49c8bf6-2d71-40b9-8f87-363b870b0dfd,1,2026-01-28 03:40:00,Transferencia Recibida,Transferencia Recibida,642.0,INGRESO,TRANSFERENCIA,MXN
d783dbd5-4662-4921-b503-729ebcd7fa70,591ef66e-c411-40c1-95e6-b23f8169be61,8,2026-01-28 04:27:00,Herramientas,Herramientas,1495.0,EGRESO,EFECTIVO,MXN
e2b933b1-1e22-4848-92cc-d522f5b03947,86d42cc6-6226-41a4-aa56-9a03fdc03387,33,2026-01-28 06:12:00,Agua,Agua,552.0,EGRESO,EFECTIVO,MXN
086e64e1-445c-4520-b3f1-8946ab44ed04,e4f9aabd-8595-4a2d-84b2-3d54a4541fdc,4,2026-01-28 06:40:00,Apple TV+,Apple TV+,129.0,EGRESO,EFECTIVO,MXN
8a793839-71a7-4721-aef2-754bb9d64f9e,5057339d-f49e-4d1c-beae-6ced3a7c148f,16,2026-01-28 08:07:00,Michael Kors,Michael Kors,2306.0,EGRESO,APP_MOVIL,MXN
3320567a-2961-4c86-85f1-d8343e4640f0,fe494458-2541-481f-bb69-2bcb8e182795,1,2026-01-28 09:26:00,Nomina,Nomina,19294.84,INGRESO,TRANSFERENCIA,MXN
df669d19-da64-406d-86b2-755e7b7b892b,03e60ec2-d499-47cd-81fb-96e308403ecd,1,2026-01-28 10:49:00,Transferencia Recibida,Transferencia Recibida,3157.0,INGRESO,TRANSFERENCIA,MXN
480dc4a8-2120-4cae-a155-cc02280e9b06,d7d4bd62-308e-4ac3-9ba9-582ec4beeeb0,19,2026-01-28 11:13:00,Mantenimiento Automotriz,Mantenimiento Automotriz,2035.0,EGRESO,APP_MOVIL,MXN
6686c892-e989-43ac-8eb1-bb4aa077fc7b,8ae451d5-4e82-4ced-8bbc-cee19fedccda,11,2026-01-28 12:03:00,Metro,Metro,5.0,EGRESO,EFECTIVO,MXN
0f1505a5-1166-4e4e-9bb6-62616ef98fb8,78415f42-edd9-4039-abee-f38499ffc380,8,2026-01-28 12:31:00,Herramientas,Herramientas,1396.0,EGRESO,EFECTIVO,MXN
51e3a662-3188-4d3e-83e6-b353cde9f7d7,b6ca9d87-476a-4c5d-83ca-7693a6527a9c,22,2026-01-28 13:02:00,BP,BP,841.0,EGRESO,APP_MOVIL,MXN
1e57e6a1-1ce1-4c14-a375-a628394135a7,7489af6c-154c-4eef-b7af-50397bd6b848,3,2026-01-28 13:24:00,Walmart,Walmart,1440.0,EGRESO,TRANSFERENCIA,MXN
3262b95f-43a9-449e-8514-5abffe787637,8711e8ab-3016-4507-8ecf-8798f901a525,34,2026-01-28 13:35:00,Nintendo eShop,Nintendo eShop,536.0,EGRESO,TRANSFERENCIA,MXN
ba21ea44-8ea1-40d7-81bd-703a53f0114d,5057339d-f49e-4d1c-beae-6ced3a7c148f,16,2026-01-28 14:01:00,Coach,Coach,1643.0,EGRESO,APP_MOVIL,MXN
fe55faca-1d98-474a-9af3-1b81a445ba54,169f4be3-cc0f-4b41-8a79-77865835d095,33,2026-01-28 14:44:00,Agua,Agua,1163.0,EGRESO,APP_MOVIL,MXN
8e95adcf-5e70-47cc-b952-210bd4d6f40a,86d42cc6-6226-41a4-aa56-9a03fdc03387,22,2026-01-28 15:32:00,BP,BP,794.0,EGRESO,APP_MOVIL,MXN
6ada7bf0-f9bf-4d09-acd6-c59e7589d1fc,78415f42-edd9-4039-abee-f38499ffc380,14,2026-01-28 16:17:00,Renta,Renta,4511.0,EGRESO,APP_MOVIL,MXN
53936101-ae39-436a-ba44-12d81fb328ad,8d64339b-b475-44e4-bf62-e45215d1ea8f,2,2026-01-28 16:30:00,Bus,Bus,8.0,EGRESO,TRANSFERENCIA,MXN
0f2cee4c-206a-4164-aa56-246bac7ec188,2d80c188-6489-4094-b09d-93b06a6b2935,26,2026-01-28 17:30:00,Farmacias Similares,Farmacias Similares,563.0,EGRESO,EFECTIVO,MXN
3da81cea-c553-43e9-8664-491e8b5c4003,033eaacc-c1f9-412e-84cb-95b426d28b5c,11,2026-01-28 17:35:00,Metro,Metro,5.0,EGRESO,TRANSFERENCIA,MXN
880a3392-e38c-4981-82a4-56d96ce43ea4,74a2259c-8ee4-4064-89cc-8a49fd390792,9,2026-01-28 18:03:00,Movistar,Movistar,499.0,EGRESO,APP_MOVIL,MXN
7836eb5c-a1b0-48e4-a7de-0ff3c0e66f27,d83b0edd-72db-47f8-a768-7d03bc7fa190,24,2026-01-28 18:27:00,Maybelline,Maybelline,878.0,EGRESO,APP_MOVIL,MXN
1492c272-eb7b-4bbe-b739-1938226a5832,cc302a48-1c7f-4cd5-8095-557e5f3ee43f,28,2026-01-28 18:40:00,Deportes Marti,Deportes Marti,857.0,EGRESO,EFECTIVO,MXN
61f81fc8-eedd-4e41-86cc-bc3003fcc586,e77722c3-ca39-4480-832f-f90fbc2402a7,13,2026-01-28 20:15:00,Capa de Ozono,Capa de Ozono,1674.0,EGRESO,EFECTIVO,MXN
07e73172-5496-4695-a984-c5dbb2aae979,282aba8c-1169-402d-adbd-8a41f6676432,2,2026-01-28 20:51:00,Bus,Bus,6.0,EGRESO,TRANSFERENCIA,MXN
c02f9231-83ef-4de6-bb53-16cdc85daf04,6b2251e4-b804-4f13-898b-216c0c5ba9cc,21,2026-01-28 22:04:00,Metrobus,Metrobus,6.0,EGRESO,TRANSFERENCIA,MXN
aeb7bade-5c40-49a0-9f88-e50178bd27ee,03e60ec2-d499-47cd-81fb-96e308403ecd,3,2026-01-28 22:42:00,Walmart,Walmart,1780.0,EGRESO,APP_MOVIL,MXN
07fa39db-9c39-4050-818c-b0db9da25849,cb4d084d-d246-4f2e-847a-1132c5e51dc6,19,2026-01-29 00:09:00,Mantenimiento Automotriz,Mantenimiento Automotriz,3655.0,EGRESO,APP_MOVIL,MXN
5877cd65-c8be-469d-82eb-f9650f16fea4,b5525d88-0da0-4036-a444-3e4f7a34128f,16,2026-01-29 00:30:00,Cloe,Cloe,1915.0,EGRESO,EFECTIVO,MXN
e1ade0a8-d5e4-4e8b-9534-8f5502ffab9e,78415f42-edd9-4039-abee-f38499ffc380,1,2026-01-29 00:42:00,Transferencia Recibida,Transferencia Recibida,470.0,INGRESO,TRANSFERENCIA,MXN
3f3df09c-df15-49be-8305-7aef224de316,9ebdcad6-2344-4fb6-873b-906defca570a,34,2026-01-29 00:52:00,Steam,Steam,1691.0,EGRESO,APP_MOVIL,MXN
be609c26-c4c9-45d8-879c-a2cb92c39709,8711e8ab-3016-4507-8ecf-8798f901a525,8,2026-01-29 03:08:00,Herramientas,Herramientas,753.0,EGRESO,TRANSFERENCIA,MXN
d50dba24-2a12-4c86-bdde-488bfd5f153a,c0c2ffc0-3d5f-4e4f-99f2-884a8a2621f5,10,2026-01-29 04:05:00,Compras Fisicas,Compras Fisicas,1114.0,EGRESO,EFECTIVO,MXN
d45c8968-3218-4e3e-95bc-bed55f7edba9,e4814a6c-08b2-4b08-99dd-d9e29211ea72,21,2026-01-29 05:58:00,Metrobus,Metrobus,6.0,EGRESO,APP_MOVIL,MXN
1ffe4e47-5882-4950-895c-154c27d6b666,b8a2aeb0-77bc-4f93-87a4-dbd5d9aae0e9,14,2026-01-29 08:02:00,Renta,Renta,4454.0,EGRESO,APP_MOVIL,MXN
7c6c9626-8487-4aba-ab76-90532a51fd6b,481fe99e-04d7-42b3-b696-00ef02353148,13,2026-01-29 09:31:00,Flexi,Flexi,745.0,EGRESO,TRANSFERENCIA,MXN
db0d6db4-86c2-4b0f-a513-818d9c0f9dd4,6b2251e4-b804-4f13-898b-216c0c5ba9cc,19,2026-01-29 09:49:00,Mantenimiento Automotriz,Mantenimiento Automotriz,2032.0,EGRESO,APP_MOVIL,MXN
1d9b502e-99ab-4549-87d8-4ee5df6ecfd4,287b9cdc-edd5-4342-a5fb-5148aeea5b6c,17,2026-01-29 10:41:00,Colegiatura,Colegiatura,6297.0,EGRESO,EFECTIVO,MXN
6c2fc5a2-9364-4565-b60b-0f2385de667e,a5264eb8-0d47-44e1-b1b3-6e0a2018f25f,24,2026-01-29 12:52:00,Maybelline,Maybelline,615.0,EGRESO,TRANSFERENCIA,MXN
33c7065f-a4e2-4f57-a9f3-49c4c32f332e,36ee8608-fe5c-4530-b7cf-d13801c08072,1,2026-01-29 14:27:00,Nomina,Nomina,15866.33,INGRESO,TRANSFERENCIA,MXN
11c3413f-e64d-4b35-b465-6ef342326c68,0e2604b4-11e5-4452-8748-64aa92f9ca8f,20,2026-01-29 14:48:00,Restaurante Local,Restaurante Local,450.0,EGRESO,EFECTIVO,MXN
b0f4d0c3-1574-40c0-af84-903496203f44,86ebabff-3329-403c-ae53-7102b0dc7831,14,2026-01-29 15:50:00,Renta,Renta,7640.0,EGRESO,APP_MOVIL,MXN
94d30f54-4ef6-4403-be59-9d6c3cb3341c,e6f6e0cb-d25d-473f-9f7b-b942a476f005,30,2026-01-29 17:04:00,Salon de Belleza,Salon de Belleza,150.0,EGRESO,APP_MOVIL,MXN
d8c850e8-81cc-489d-92e5-d859f25d6ce5,6be93697-d5c5-49d1-8778-8abe58f5c5a3,3,2026-01-29 17:45:00,Soriana,Soriana,1900.0,EGRESO,EFECTIVO,MXN
304fb388-9488-4773-bfba-1e896fe3ee08,0d4d9d7a-2ce4-4002-abe0-031b288ff53c,2,2026-01-29 19:24:00,Bus,Bus,9.5,EGRESO,APP_MOVIL,MXN
e90441da-902e-411b-93e0-3a88e9b32a04,39f9edad-efb7-47c6-9841-c96e9b5d6e22,32,2026-01-29 19:45:00,PlayStation Network,PlayStation Network,1111.0,EGRESO,APP_MOVIL,MXN
5696ae30-23e1-4bb6-b0f6-1b57cfd217c0,d7b98250-11d8-4b40-a1fd-44ae5b3e0d2a,23,2026-01-29 20:29:00,AXA Seguros,AXA Seguros,2910.0,EGRESO,EFECTIVO,MXN
5b445df6-5678-46c5-afbc-ac142b153064,bacb91fd-e8d8-4aab-86af-be8542045bfc,34,2026-01-29 20:29:00,Nintendo eShop,Nintendo eShop,998.0,EGRESO,TRANSFERENCIA,MXN
849301e6-384e-488a-881f-ff33e8927363,27184bbc-330d-4cfd-a78f-c17d51279685,1,2026-01-29 20:34:00,Nomina,Nomina,14773.1,INGRESO,TRANSFERENCIA,MXN
ac285e21-1c27-48e6-bd51-4a275f6cbd9b,d7b98250-11d8-4b40-a1fd-44ae5b3e0d2a,20,2026-01-29 21:14:00,Restaurante Local,Restaurante Local,166.0,EGRESO,APP_MOVIL,MXN
89968373-b533-4f65-80db-f6442fc70646,e77722c3-ca39-4480-832f-f90fbc2402a7,13,2026-01-29 22:39:00,Flexi,Flexi,1975.0,EGRESO,EFECTIVO,MXN
72ac42e2-8fde-4601-a813-1dc3159560a3,d1015873-9015-4bb6-ad9c-9c10c7fbccaa,8,2026-01-29 22:41:00,Herramientas,Herramientas,350.0,EGRESO,EFECTIVO,MXN
b25c6eea-3c75-4651-b68c-b30aa3024526,7f2f8daa-dfc2-4ad0-9c49-d90ffa6ae04b,5,2026-01-30 00:07:00,Burger King,Burger King,137.0,EGRESO,APP_MOVIL,MXN
81b4c0b1-b64e-4218-ab52-51d5b7f82811,efb35f92-a96e-40cb-9ba4-a3d3670133ab,18,2026-01-30 01:18:00,Izzi,Izzi,799.0,EGRESO,EFECTIVO,MXN
f430142a-e5ff-4b2f-acf5-20588ddd49ae,e6f6e0cb-d25d-473f-9f7b-b942a476f005,30,2026-01-30 02:27:00,Salon de Belleza,Salon de Belleza,446.0,EGRESO,APP_MOVIL,MXN
e5230e3f-cfdd-41d7-a09a-a76f1ac767cc,fe494458-2541-481f-bb69-2bcb8e182795,21,2026-01-30 03:48:00,Metrobus,Metrobus,6.0,EGRESO,EFECTIVO,MXN
eb6a6bc0-85a2-49ee-b919-ee8b9e35a679,7c74290c-b207-43d8-bcd5-14f069783b3b,1,2026-01-30 06:08:00,Nomina,Nomina,18498.99,INGRESO,TRANSFERENCIA,MXN
c3161c83-d09c-4948-82cc-3ef7e325742c,0d4d9d7a-2ce4-4002-abe0-031b288ff53c,30,2026-01-30 06:08:00,Salon de Belleza,Salon de Belleza,184.0,EGRESO,APP_MOVIL,MXN
fe28299d-8919-4221-8668-63d563c33929,7489af6c-154c-4eef-b7af-50397bd6b848,1,2026-01-30 06:09:00,Transferencia Recibida,Transferencia Recibida,1251.0,INGRESO,TRANSFERENCIA,MXN
1e43f246-fd6b-4861-983d-b2e12749e226,57a16ad2-8282-4a67-91ec-ebc90dee810e,1,2026-01-30 06:21:00,Nomina,Nomina,40153.21,INGRESO,TRANSFERENCIA,MXN
67daf2aa-7ff7-4250-a81b-508a8b9cdf66,27184bbc-330d-4cfd-a78f-c17d51279685,11,2026-01-30 06:43:00,Metro,Metro,5.0,EGRESO,TRANSFERENCIA,MXN
6e92cdc9-6399-410b-a0ec-a9c509f509e2,c0c2ffc0-3d5f-4e4f-99f2-884a8a2621f5,32,2026-01-30 08:49:00,PlayStation Network,PlayStation Network,895.0,EGRESO,TRANSFERENCIA,MXN
78b73d6e-1c5d-4385-951a-43e4f8d31ad9,e77722c3-ca39-4480-832f-f90fbc2402a7,11,2026-01-30 08:56:00,Metro,Metro,20.0,EGRESO,APP_MOVIL,MXN
12972d71-7985-41d6-99b9-bff2f07a1043,fe494458-2541-481f-bb69-2bcb8e182795,2,2026-01-30 08:58:00,Bus,Bus,6.0,EGRESO,EFECTIVO,MXN
d8c25ac2-2e3f-4108-a048-c97770aee88d,86d42cc6-6226-41a4-aa56-9a03fdc03387,21,2026-01-30 08:59:00,Metrobus,Metrobus,6.0,EGRESO,EFECTIVO,MXN
c142bf8f-650a-4be8-9e2e-16734f748d04,c9e1bb7a-b4b0-4880-88f1-2b90da359497,24,2026-01-30 09:34:00,NYX Cosmetics,NYX Cosmetics,1058.0,EGRESO,TRANSFERENCIA,MXN
2e88453d-28ce-4c2a-916f-c644ebd03dae,367901a5-f293-400f-8969-224db4f3e99e,31,2026-01-30 09:36:00,Amazon,Amazon,1903.0,EGRESO,EFECTIVO,MXN
a225b504-cdd0-4348-8d66-b351de45ed26,d660ddf9-6ba0-4a64-88ea-5d41f61fcefb,3,2026-01-30 10:15:00,Chedraui,Chedraui,3128.0,EGRESO,APP_MOVIL,MXN
749c1c21-d59c-4143-8c2d-08e44cfec50e,d83b0edd-72db-47f8-a768-7d03bc7fa190,6,2026-01-30 10:37:00,Cabify,Cabify,155.0,EGRESO,APP_MOVIL,MXN
c3b0a02f-cec3-448b-b13b-e8b3fe71bc08,49c19272-4521-43eb-a5ed-ba309950965f,6,2026-01-30 10:50:00,Cabify,Cabify,128.0,EGRESO,APP_MOVIL,MXN
2cae4c15-fbde-4484-b6e1-c22ca3b6a679,0aa2518e-377e-4305-9b5c-0f8e0f802f9e,2,2026-01-30 11:14:00,Bus,Bus,12.0,EGRESO,EFECTIVO,MXN
38c24b34-4911-4658-8d2c-f5e8c7dc1077,cf376ebc-04ee-401c-98d2-d2ca7394def8,34,2026-01-30 11:39:00,Steam,Steam,880.0,EGRESO,TRANSFERENCIA,MXN
1959d652-8320-438c-bd53-fcfa642b81ed,367901a5-f293-400f-8969-224db4f3e99e,13,2026-01-30 11:52:00,Flexi,Flexi,388.0,EGRESO,APP_MOVIL,MXN
eb526fdd-2e42-4ad3-bdeb-195df7a8e66c,8711e8ab-3016-4507-8ecf-8798f901a525,1,2026-01-30 12:15:00,Nomina,Nomina,9742.23,INGRESO,TRANSFERENCIA,MXN
5527a3de-dc67-4ccb-9978-144d971f0e8b,d94896e7-da2e-4ebf-8861-0ed51d327133,28,2026-01-30 13:27:00,Deportes Marti,Deportes Marti,416.0,EGRESO,APP_MOVIL,MXN
156e5a4e-fb10-4c9c-8141-4a99d3984264,d83b0edd-72db-47f8-a768-7d03bc7fa190,10,2026-01-30 13:58:00,Compras Fisicas,Compras Fisicas,519.0,EGRESO,TRANSFERENCIA,MXN
56a0094c-8bc0-42f9-9d17-916e95b0fdaf,f2e52e1f-1d7b-4214-a1ee-83e8b98918f0,14,2026-01-30 14:20:00,Renta,Renta,12918.0,EGRESO,EFECTIVO,MXN
ea4e23fc-a3c5-472e-b823-47a2a0512b7f,654c4cb9-fb3b-421c-9e42-884531a72e4c,18,2026-01-30 16:33:00,Infinitum,Infinitum,389.0,EGRESO,EFECTIVO,MXN
716615f2-d020-48a0-ae29-f2eefe3b995f,e4814a6c-08b2-4b08-99dd-d9e29211ea72,1,2026-01-30 17:56:00,Nomina,Nomina,34361.9,INGRESO,TRANSFERENCIA,MXN
dce3d7fa-140b-4030-a5bd-f168fabb958b,7059c9c8-532b-4bfe-a72e-0c9aa55e75da,1,2026-01-30 20:34:00,Nomina,Nomina,11183.2,INGRESO,TRANSFERENCIA,MXN
2a456de5-52e8-4be9-881f-46b0cb60a3de,088735e5-4d0d-4706-a911-442edac351c2,15,2026-01-30 20:37:00,Multa de Transito,Multa de Transito,1898.0,EGRESO,EFECTIVO,MXN
aacb8e5d-67be-47b0-a12f-66e22bcf072a,74a2259c-8ee4-4064-89cc-8a49fd390792,31,2026-01-30 20:46:00,Amazon,Amazon,1007.0,EGRESO,TRANSFERENCIA,MXN
b72b25b6-c0e3-4c69-8ec3-ead82b453131,c56eb014-1de6-4df3-9cc5-45132bbf6942,23,2026-01-30 20:50:00,Qualitas,Qualitas,2125.0,EGRESO,EFECTIVO,MXN
d5130aa4-9aaa-430a-80e0-ce27760725f3,af1d8cae-6064-4332-977d-e896264e20c2,27,2026-01-30 21:59:00,Gas,Gas,530.0,EGRESO,APP_MOVIL,MXN
121ebb79-4872-411e-8a68-586b0adee5c8,6be93697-d5c5-49d1-8778-8abe58f5c5a3,31,2026-01-30 22:44:00,Amazon,Amazon,374.0,EGRESO,EFECTIVO,MXN
53d253d3-d113-47e9-8aad-69b4458524ae,4bb45633-ce6a-4e78-8b36-ab2143b9312a,8,2026-01-30 23:43:00,Herramientas,Herramientas,839.0,EGRESO,EFECTIVO,MXN
c3e36ffd-f2ee-4e24-a9c5-844bde50da1b,cb4d084d-d246-4f2e-847a-1132c5e51dc6,5,2026-01-31 00:13:00,McDonald's,McDonald's,483.0,EGRESO,APP_MOVIL,MXN
85c0fd6a-64fe-4e5a-98de-987a6e30a9cc,e6f6e0cb-d25d-473f-9f7b-b942a476f005,29,2026-01-31 01:01:00,Viajes,Viajes,8146.0,EGRESO,TRANSFERENCIA,MXN
83ee61a2-d79a-48e7-a3f9-8788c634ce45,b8a2aeb0-77bc-4f93-87a4-dbd5d9aae0e9,31,2026-01-31 02:37:00,Amazon,Amazon,1378.0,EGRESO,APP_MOVIL,MXN
825583ae-cf9a-48e0-9b68-2f12de79ab88,5057339d-f49e-4d1c-beae-6ced3a7c148f,15,2026-01-31 04:01:00,Multa de Transito,Multa de Transito,1237.0,EGRESO,EFECTIVO,MXN
1abbe79c-704c-45a1-ab3d-4e811b2964f0,27184bbc-330d-4cfd-a78f-c17d51279685,26,2026-01-31 05:02:00,Farmacias Similares,Farmacias Similares,415.0,EGRESO,APP_MOVIL,MXN
0be6d6c1-66c5-4920-8c6f-c760eb097c40,e4814a6c-08b2-4b08-99dd-d9e29211ea72,23,2026-01-31 06:57:00,AXA Seguros,AXA Seguros,594.0,EGRESO,APP_MOVIL,MXN
3a4747b1-4fb6-4185-b321-7d97c7f1988d,cf376ebc-04ee-401c-98d2-d2ca7394def8,18,2026-01-31 07:17:00,Izzi,Izzi,999.0,EGRESO,APP_MOVIL,MXN
e5c31855-89af-4c96-9051-2a5f8635b080,169f4be3-cc0f-4b41-8a79-77865835d095,4,2026-01-31 07:22:00,Disney+,Disney+,299.0,EGRESO,APP_MOVIL,MXN
e3058335-5ba1-4e3f-907e-ae079533a0da,e6f6e0cb-d25d-473f-9f7b-b942a476f005,18,2026-01-31 09:01:00,Infinitum,Infinitum,499.0,EGRESO,EFECTIVO,MXN
a5106a6a-13f1-4c7c-a958-e029655b1fe8,3e5b598d-bd6d-4076-8922-5940bc6d277c,7,2026-01-31 09:09:00,Electricidad,Electricidad,1105.0,EGRESO,APP_MOVIL,MXN
bb340237-7423-47e0-9155-34fd5dae8299,334ac887-2c2e-43f0-ac7f-4e80e3f22173,14,2026-01-31 11:29:00,Renta,Renta,11334.0,EGRESO,EFECTIVO,MXN
e8d62e93-9c26-4cc9-8f68-9495aeb6b573,e8dab777-b3e1-4c67-81e8-1bcf07a12eb6,8,2026-01-31 14:47:00,Herramientas,Herramientas,1439.0,EGRESO,EFECTIVO,MXN
3a9585b1-9421-49b5-b06c-74f2f2fa4354,7c74290c-b207-43d8-bcd5-14f069783b3b,1,2026-01-31 15:17:00,Transferencia Recibida,Transferencia Recibida,4568.0,INGRESO,TRANSFERENCIA,MXN
6b01c416-d215-46c6-abc7-6107f1562f26,27184bbc-330d-4cfd-a78f-c17d51279685,8,2026-01-31 15:37:00,Herramientas,Herramientas,961.0,EGRESO,EFECTIVO,MXN
0b6231f0-539e-4443-8884-a25f03e600ec,f30fbc40-9703-4c31-b9a5-ab557c4b82c8,4,2026-01-31 16:54:00,Amazon Prime,Amazon Prime,99.0,EGRESO,APP_MOVIL,MXN
a51b78f8-7c8d-41fd-8678-a43c3206e504,7c74290c-b207-43d8-bcd5-14f069783b3b,34,2026-01-31 20:00:00,Epic Games Store,Epic Games Store,1321.0,EGRESO,TRANSFERENCIA,MXN
2f86cd3c-648f-4e37-ae91-7a8945d77994,b4991233-a822-49ca-a113-cbedbb85a741,1,2026-01-31 20:02:00,Transferencia Recibida,Transferencia Recibida,2538.0,INGRESO,TRANSFERENCIA,MXN
6be3d987-d121-4693-8612-92f3d0ee0aaf,cb4d084d-d246-4f2e-847a-1132c5e51dc6,31,2026-01-31 20:48:00,Amazon,Amazon,2223.0,EGRESO,APP_MOVIL,MXN
437a38b7-ec38-45ab-b6fd-7a77cfd6f8da,4f6ff8db-53cf-4464-883b-02373ed58457,23,2026-01-31 21:09:00,Qualitas,Qualitas,3138.0,EGRESO,APP_MOVIL,MXN
4513a8a2-c3f8-4e2e-b1f5-490df90d89ef,49c19272-4521-43eb-a5ed-ba309950965f,31,2026-01-31 22:03:00,Mercado Libre,Mercado Libre,2340.0,EGRESO,APP_MOVIL,MXN
e8d82e0e-d480-471e-972f-d817577d8f78,edeb6414-0b55-4e0a-bed2-b73a88276387,34,2026-01-31 22:11:00,Epic Games Store,Epic Games Store,239.0,EGRESO,APP_MOVIL,MXN
06117794-49fa-4baa-955c-990255536fa4,481fe99e-04d7-42b3-b696-00ef02353148,13,2026-02-01 00:02:00,Flexi,Flexi,723.0,EGRESO,APP_MOVIL,MXN
f92c520b-d4d8-4540-ba0b-be9da602d1fe,8711e8ab-3016-4507-8ecf-8798f901a525,21,2026-02-01 00:52:00,Metrobus,Metrobus,20.0,EGRESO,TRANSFERENCIA,MXN
5fedcbaa-0c35-4535-8d6c-3739ddfa7207,7f2f8daa-dfc2-4ad0-9c49-d90ffa6ae04b,6,2026-02-01 03:15:00,DiDi,DiDi,171.0,EGRESO,APP_MOVIL,MXN
b68b2ae5-f268-41a0-a557-4b50ecdfc168,71c16233-5b03-45a3-b9d9-75dfce80f8cd,33,2026-02-01 03:19:00,Agua,Agua,651.0,EGRESO,APP_MOVIL,MXN
01e679ba-c39c-4645-b57e-34fbe129bea5,2f4e7259-c7d0-4f8e-b408-fbed59254881,12,2026-02-01 04:08:00,Barberia,Barberia,237.0,EGRESO,APP_MOVIL,MXN
99ce6ef3-9fa7-4476-abeb-0c49ffda1a58,8580b4dd-2321-42ff-8e88-0392056caa5c,30,2026-02-01 05:24:00,Salon de Belleza,Salon de Belleza,447.0,EGRESO,EFECTIVO,MXN
6516022b-81fe-442f-8574-da06493e1ff9,6e3e2a99-1a3d-42fa-bfe5-52f057eccb2f,23,2026-02-01 05:47:00,GNP Seguros,GNP Seguros,2118.0,EGRESO,APP_MOVIL,MXN
2ac99a78-1ab8-4ac1-812d-b4e014360129,c9e1bb7a-b4b0-4880-88f1-2b90da359497,7,2026-02-01 06:07:00,Electricidad,Electricidad,1253.0,EGRESO,APP_MOVIL,MXN
c8dcc007-e952-44de-81de-9ee002d04bbb,287b9cdc-edd5-4342-a5fb-5148aeea5b6c,1,2026-02-01 06:52:00,Nomina,Nomina,5392.11,INGRESO,TRANSFERENCIA,MXN
e5bb283d-bd5f-447b-8967-b2e1a9c8fe4b,8ae451d5-4e82-4ced-8bbc-cee19fedccda,15,2026-02-01 07:26:00,Multa de Transito,Multa de Transito,1074.0,EGRESO,APP_MOVIL,MXN
3107b5cd-c0b9-471c-ba0d-52b7e69de8c0,87a8bdbd-1d61-4275-b187-80f960bd7983,28,2026-02-01 07:51:00,Deportes Marti,Deportes Marti,860.0,EGRESO,APP_MOVIL,MXN
dd39c1a9-da06-4bd1-9161-fbfcc750f638,7c74290c-b207-43d8-bcd5-14f069783b3b,25,2026-02-01 07:55:00,Liverpool,Liverpool,2440.0,EGRESO,APP_MOVIL,MXN
251d4efe-fa96-4f66-9048-1a9e222d27dc,287b9cdc-edd5-4342-a5fb-5148aeea5b6c,20,2026-02-01 08:27:00,Starbucks,Starbucks,1082.0,EGRESO,APP_MOVIL,MXN
cbd051e7-a448-40a5-84ef-10eb18b05c2f,334ac887-2c2e-43f0-ac7f-4e80e3f22173,6,2026-02-01 09:00:00,Uber,Uber,79.0,EGRESO,TRANSFERENCIA,MXN
9206db2f-422c-4c1f-b020-c18d5802bb18,367901a5-f293-400f-8969-224db4f3e99e,21,2026-02-01 09:33:00,Metrobus,Metrobus,6.0,EGRESO,APP_MOVIL,MXN
2eb43afb-be1b-4822-8e79-2dbf335c9c59,950bb240-d014-403a-bd23-d2ae18663c05,7,2026-02-01 11:08:00,Electricidad,Electricidad,1364.0,EGRESO,APP_MOVIL,MXN
4883395b-08f5-4b1e-aa11-66257a2c2871,e4f9aabd-8595-4a2d-84b2-3d54a4541fdc,33,2026-02-01 11:12:00,Agua,Agua,1339.0,EGRESO,APP_MOVIL,MXN
2e7242c3-56d0-4304-82b0-0ef65d605532,4c903803-6f89-4498-ac48-9cac84de61c7,7,2026-02-01 12:01:00,Electricidad,Electricidad,350.0,EGRESO,APP_MOVIL,MXN
aa90f4f8-9c1c-4f02-9ccd-f3632e49a681,e6f6e0cb-d25d-473f-9f7b-b942a476f005,1,2026-02-01 12:03:00,Transferencia Recibida,Transferencia Recibida,1329.0,INGRESO,TRANSFERENCIA,MXN
7c6ce127-ec9f-408e-8f20-41e746516c2d,062fd77f-ba97-4763-bff4-0bc64c0b9db9,31,2026-02-01 12:32:00,Amazon,Amazon,1533.0,EGRESO,EFECTIVO,MXN
0451845c-61bc-4002-b2d6-90ef99a3aaf8,cf376ebc-04ee-401c-98d2-d2ca7394def8,24,2026-02-01 13:53:00,NYX Cosmetics,NYX Cosmetics,932.0,EGRESO,TRANSFERENCIA,MXN
9a92a6d7-de02-44a9-9057-99155adc228e,4c903803-6f89-4498-ac48-9cac84de61c7,4,2026-02-01 14:41:00,Max (HBO),Max (HBO),199.0,EGRESO,TRANSFERENCIA,MXN
efef4546-1090-4537-b240-a4bf185e96d7,d660ddf9-6ba0-4a64-88ea-5d41f61fcefb,24,2026-02-01 19:17:00,L'Oreal,L'Oreal,386.0,EGRESO,APP_MOVIL,MXN
a55cce11-d643-411e-b498-e6ad9bf9cb71,a016e16f-7680-4d69-8958-9b2a62b35431,9,2026-02-01 21:01:00,AT&T,AT&T,249.0,EGRESO,APP_MOVIL,MXN
84c348a9-a6fc-446e-bd72-a06dc635b7f4,2f5e4265-1e5f-4813-839b-50bf4accbd7e,28,2026-02-01 21:38:00,Deportes Marti,Deportes Marti,928.0,EGRESO,APP_MOVIL,MXN
5408b944-9b23-46cd-89e7-2cb9bd7b851b,033eaacc-c1f9-412e-84cb-95b426d28b5c,10,2026-02-01 22:04:00,Compras Fisicas,Compras Fisicas,1585.0,EGRESO,EFECTIVO,MXN
7a64b406-f59a-4a49-9334-5c95b917b670,f30fbc40-9703-4c31-b9a5-ab557c4b82c8,1,2026-02-02 03:13:00,Transferencia Recibida,Transferencia Recibida,500.0,INGRESO,TRANSFERENCIA,MXN
fceeaa08-6c8b-4722-9ed4-60df0c21aeb9,e77722c3-ca39-4480-832f-f90fbc2402a7,15,2026-02-02 03:22:00,Multa de Transito,Multa de Transito,3913.0,EGRESO,TRANSFERENCIA,MXN
393ca4d0-1d25-44cb-975d-ad4c8c4f9cf0,c49c8bf6-2d71-40b9-8f87-363b870b0dfd,19,2026-02-02 07:31:00,Mantenimiento Automotriz,Mantenimiento Automotriz,2645.0,EGRESO,APP_MOVIL,MXN
e28d2e9e-430f-4127-a011-0cf73a0a2f7e,2f5e4265-1e5f-4813-839b-50bf4accbd7e,19,2026-02-02 07:48:00,Mantenimiento Automotriz,Mantenimiento Automotriz,3855.0,EGRESO,EFECTIVO,MXN
c918c436-3175-46f5-b934-74921a83d694,591ef66e-c411-40c1-95e6-b23f8169be61,12,2026-02-02 08:12:00,Barberia,Barberia,475.0,EGRESO,EFECTIVO,MXN
3a1f27b7-2acb-4555-8ef4-35b6748d2f37,d7b98250-11d8-4b40-a1fd-44ae5b3e0d2a,18,2026-02-02 08:43:00,Izzi,Izzi,999.0,EGRESO,APP_MOVIL,MXN
8011c27c-45ad-41f5-a562-df155f47cd1b,49c19272-4521-43eb-a5ed-ba309950965f,20,2026-02-02 09:00:00,Restaurante Local,Restaurante Local,481.0,EGRESO,TRANSFERENCIA,MXN
36921c6b-84ee-485f-a8ca-e949d0ff841c,0e2604b4-11e5-4452-8748-64aa92f9ca8f,6,2026-02-02 09:21:00,Uber,Uber,38.0,EGRESO,EFECTIVO,MXN
8196cf25-ce5e-417b-a5c3-a77ed17bfd2a,cc302a48-1c7f-4cd5-8095-557e5f3ee43f,9,2026-02-02 11:14:00,Telcel,Telcel,349.0,EGRESO,APP_MOVIL,MXN
04bca76e-0d50-4da6-a541-cec24cfc3321,c0c2ffc0-3d5f-4e4f-99f2-884a8a2621f5,25,2026-02-02 11:24:00,Liverpool,Liverpool,574.0,EGRESO,TRANSFERENCIA,MXN
d2b5d5ac-4e99-4288-9785-5d912e565b95,af1d8cae-6064-4332-977d-e896264e20c2,1,2026-02-02 12:17:00,Nomina,Nomina,9911.92,INGRESO,TRANSFERENCIA,MXN
9b6d5b53-c0a6-45b0-863b-cef3aa81b237,edeb6414-0b55-4e0a-bed2-b73a88276387,3,2026-02-02 12:35:00,Costco,Costco,1744.0,EGRESO,APP_MOVIL,MXN
75cc3f4c-6275-4573-b4af-ad3446e0c507,87a8bdbd-1d61-4275-b187-80f960bd7983,23,2026-02-02 12:44:00,AXA Seguros,AXA Seguros,2956.0,EGRESO,EFECTIVO,MXN
49483a2f-681b-474d-b2c2-c3936406eb78,7c5b5dce-0577-471c-acd8-1c6806bbd6d1,3,2026-02-02 15:16:00,Chedraui,Chedraui,558.0,EGRESO,APP_MOVIL,MXN
33fb1d54-073e-408b-a7b7-5bfc49e4e17b,169f4be3-cc0f-4b41-8a79-77865835d095,1,2026-02-02 16:23:00,Transferencia Recibida,Transferencia Recibida,2900.0,INGRESO,TRANSFERENCIA,MXN
408c494d-b265-4539-96f5-dd48feabc41e,ef403853-e247-49d9-9751-bf46943b3d76,32,2026-02-02 17:04:00,PlayStation Network,PlayStation Network,510.0,EGRESO,TRANSFERENCIA,MXN
98b41961-6626-4cff-b10d-ba206c955a77,e77722c3-ca39-4480-832f-f90fbc2402a7,25,2026-02-02 21:50:00,Palacio de Hierro,Palacio de Hierro,2215.0,EGRESO,APP_MOVIL,MXN
b7293478-c8ce-4cf1-a21d-f70b790c527f,49c19272-4521-43eb-a5ed-ba309950965f,3,2026-02-03 00:22:00,Bodega Aurrera,Bodega Aurrera,3075.0,EGRESO,APP_MOVIL,MXN
4327dc56-5b9f-4c18-ab27-f79258e522dc,6b2251e4-b804-4f13-898b-216c0c5ba9cc,9,2026-02-03 00:34:00,AT&T,AT&T,349.0,EGRESO,APP_MOVIL,MXN
67b0e255-4787-4b9b-b5a7-fafe83c3dde6,6d2288f2-a9dc-4bbd-b86b-33d48f2390dd,8,2026-02-03 02:36:00,Herramientas,Herramientas,1736.0,EGRESO,EFECTIVO,MXN
baeff7de-551a-49d5-b259-5271a9d83e2f,c9e1bb7a-b4b0-4880-88f1-2b90da359497,16,2026-02-03 03:04:00,Coach,Coach,1487.0,EGRESO,APP_MOVIL,MXN
b9e9bb22-8de3-4851-b163-479f72b189c1,cf376ebc-04ee-401c-98d2-d2ca7394def8,25,2026-02-03 03:29:00,Palacio de Hierro,Palacio de Hierro,2111.0,EGRESO,TRANSFERENCIA,MXN
b176223c-5979-4387-985c-063f1d1b17f8,e4f9aabd-8595-4a2d-84b2-3d54a4541fdc,5,2026-02-03 03:38:00,Domino's,Domino's,996.0,EGRESO,APP_MOVIL,MXN
b284b0ec-958f-4e67-90dd-608f63f2ab50,a016e16f-7680-4d69-8958-9b2a62b35431,28,2026-02-03 04:39:00,Decathlon,Decathlon,374.0,EGRESO,APP_MOVIL,MXN
504a467a-8581-47f7-8aca-fe29f1287d08,654c4cb9-fb3b-421c-9e42-884531a72e4c,16,2026-02-03 04:41:00,Coach,Coach,2228.0,EGRESO,APP_MOVIL,MXN
6e7cc323-961e-4db6-b746-47c42e515328,5057339d-f49e-4d1c-beae-6ced3a7c148f,6,2026-02-03 05:22:00,DiDi,DiDi,190.0,EGRESO,EFECTIVO,MXN
059a8f6e-9b05-45bf-93ae-eb04ba06754a,feb46172-c764-46f8-8955-33a46aebe6cc,29,2026-02-03 06:02:00,Viajes,Viajes,7186.0,EGRESO,EFECTIVO,MXN
4de936ce-4a52-410c-8a48-f997bc0c9cbb,2ca34b24-a26a-4698-a4c6-7593f66ced33,18,2026-02-03 06:39:00,Izzi,Izzi,549.0,EGRESO,APP_MOVIL,MXN
7a1c1322-eb8e-4314-9aa5-96e63e876cc8,36ee8608-fe5c-4530-b7cf-d13801c08072,5,2026-02-03 06:44:00,Little Caesars,Little Caesars,838.0,EGRESO,APP_MOVIL,MXN
d33102aa-8737-4e90-b624-6bf705d6c178,efb35f92-a96e-40cb-9ba4-a3d3670133ab,1,2026-02-03 07:04:00,Transferencia Recibida,Transferencia Recibida,1629.0,INGRESO,TRANSFERENCIA,MXN
8a76c6be-88df-4908-959d-08e0c9742579,cb4d084d-d246-4f2e-847a-1132c5e51dc6,26,2026-02-03 07:04:00,Farmacias Guadalajara,Farmacias Guadalajara,689.0,EGRESO,APP_MOVIL,MXN
28a62605-ae2e-4ee4-aa64-50a1d4d04d3b,282aba8c-1169-402d-adbd-8a41f6676432,1,2026-02-03 07:10:00,Nomina,Nomina,15987.97,INGRESO,TRANSFERENCIA,MXN
095276d7-fb95-4f7a-93fd-d05fba227cf1,4c903803-6f89-4498-ac48-9cac84de61c7,20,2026-02-03 08:09:00,Restaurante Local,Restaurante Local,1057.0,EGRESO,TRANSFERENCIA,MXN
b05239ac-3bbc-4738-8839-8a530dc615b8,0e2604b4-11e5-4452-8748-64aa92f9ca8f,26,2026-02-03 08:50:00,Farmacias del Ahorro,Farmacias del Ahorro,428.0,EGRESO,APP_MOVIL,MXN
82eea8f6-630e-4c39-bb71-0fb9815746ca,ef403853-e247-49d9-9751-bf46943b3d76,11,2026-02-03 09:55:00,Metro,Metro,100.0,EGRESO,APP_MOVIL,MXN
d1ccea8c-8032-43ea-92ae-8ded16e6f68d,334ac887-2c2e-43f0-ac7f-4e80e3f22173,22,2026-02-03 10:35:00,BP,BP,259.0,EGRESO,APP_MOVIL,MXN
5bab5272-a371-4be5-8263-267fdbaf34de,7059c9c8-532b-4bfe-a72e-0c9aa55e75da,22,2026-02-03 12:15:00,Mobil,Mobil,614.0,EGRESO,TRANSFERENCIA,MXN
ee2bf70e-edf0-4605-9dc8-9e2f5683020f,460819f1-3e7b-4a18-b9bb-4a991973ca55,1,2026-02-03 18:55:00,Nomina,Nomina,11667.38,INGRESO,TRANSFERENCIA,MXN
d65e1efe-97aa-4a91-af96-169d325922b9,36bb528a-43a8-4008-8557-d3e3a5c94a6c,1,2026-02-03 19:47:00,Nomina,Nomina,8486.16,INGRESO,TRANSFERENCIA,MXN
4285870c-5a74-46cb-9f1f-96d77274cddd,ec1a1f42-1c5f-492f-919f-08cacfcb0039,1,2026-02-03 20:56:00,Nomina,Nomina,6725.27,INGRESO,TRANSFERENCIA,MXN
87bdb462-4391-49d6-953f-f080a38608c8,87a8bdbd-1d61-4275-b187-80f960bd7983,32,2026-02-03 23:37:00,Xbox Live,Xbox Live,1364.0,EGRESO,EFECTIVO,MXN
ad15d12d-e301-4971-8d43-e0cdc0de9d37,9fa6af03-3f13-4285-852b-d389da76d928,22,2026-02-04 00:05:00,Pemex,Pemex,1158.0,EGRESO,TRANSFERENCIA,MXN
f8f10588-5656-43dc-87df-86d44d51e82c,033eaacc-c1f9-412e-84cb-95b426d28b5c,1,2026-02-04 00:45:00,Nomina,Nomina,24894.24,INGRESO,TRANSFERENCIA,MXN
08e78f79-4862-4754-8bdf-11d0e374d144,4c903803-6f89-4498-ac48-9cac84de61c7,34,2026-02-04 02:11:00,Nintendo eShop,Nintendo eShop,1436.0,EGRESO,TRANSFERENCIA,MXN
50a1f168-e887-4506-901a-e989dc84c193,f2e52e1f-1d7b-4214-a1ee-83e8b98918f0,1,2026-02-04 02:44:00,Nomina,Nomina,9561.1,INGRESO,TRANSFERENCIA,MXN
c5798196-a6f3-40c7-98d6-704278e5d860,e9f3e63d-6775-4b45-9daf-9722ec25fbe3,1,2026-02-04 02:53:00,Nomina,Nomina,5336.35,INGRESO,TRANSFERENCIA,MXN
c30d2f0c-d4dd-43f7-85ab-c5b544ef22fc,2ca34b24-a26a-4698-a4c6-7593f66ced33,11,2026-02-04 05:36:00,Metro,Metro,20.0,EGRESO,APP_MOVIL,MXN
851ee536-a091-4156-8b99-95b3ee9bc8f4,e77722c3-ca39-4480-832f-f90fbc2402a7,9,2026-02-04 06:38:00,AT&T,AT&T,599.0,EGRESO,APP_MOVIL,MXN
d2365a28-378d-4c74-85fb-2c6d21363d19,698259d6-1dc2-4996-bae9-8219285ebc59,13,2026-02-04 07:27:00,Flexi,Flexi,1125.0,EGRESO,EFECTIVO,MXN
d9c1ecc5-7b15-4294-af6b-155618e770ad,8d64339b-b475-44e4-bf62-e45215d1ea8f,27,2026-02-04 07:27:00,Gas,Gas,713.0,EGRESO,EFECTIVO,MXN
01033332-9fb3-4dc6-8f71-7a1e1d3e9ca6,d7b98250-11d8-4b40-a1fd-44ae5b3e0d2a,8,2026-02-04 07:32:00,Herramientas,Herramientas,690.0,EGRESO,APP_MOVIL,MXN
54aa3735-880d-4783-8137-6f9f020f09dc,282aba8c-1169-402d-adbd-8a41f6676432,1,2026-02-04 11:45:00,Nomina,Nomina,15987.97,INGRESO,TRANSFERENCIA,MXN
0f935d89-217d-4ebd-ae72-3aeb5b036b86,71c16233-5b03-45a3-b9d9-75dfce80f8cd,13,2026-02-04 12:34:00,Andrea,Andrea,966.0,EGRESO,EFECTIVO,MXN
46e54bb1-925b-41aa-868d-37ef046b8d4f,0e2604b4-11e5-4452-8748-64aa92f9ca8f,33,2026-02-04 13:08:00,Agua,Agua,1356.0,EGRESO,APP_MOVIL,MXN
30e623e2-b641-44d0-8b8c-a5e2fcc4fb32,2f4e7259-c7d0-4f8e-b408-fbed59254881,21,2026-02-04 14:07:00,Metrobus,Metrobus,30.0,EGRESO,APP_MOVIL,MXN
60d08aae-0b7a-43c0-940c-eec4ad8137db,af1d8cae-6064-4332-977d-e896264e20c2,7,2026-02-04 16:02:00,Electricidad,Electricidad,834.0,EGRESO,APP_MOVIL,MXN
b79f4fae-b9ab-41d6-9574-bf2aa37b57dd,c9e1bb7a-b4b0-4880-88f1-2b90da359497,19,2026-02-04 18:25:00,Mantenimiento Automotriz,Mantenimiento Automotriz,356.0,EGRESO,APP_MOVIL,MXN
a76fd571-d729-4f4e-a4a5-ce2d529beae7,bacb91fd-e8d8-4aab-86af-be8542045bfc,8,2026-02-04 19:11:00,Herramientas,Herramientas,2242.0,EGRESO,APP_MOVIL,MXN
5c74b1eb-4f74-49f3-98af-35abd467bcd8,ec1a1f42-1c5f-492f-919f-08cacfcb0039,16,2026-02-04 20:19:00,Michael Kors,Michael Kors,2439.0,EGRESO,TRANSFERENCIA,MXN
b1a0afda-25cf-495e-aa6e-e1900cac76e2,ef403853-e247-49d9-9751-bf46943b3d76,14,2026-02-04 22:24:00,Renta,Renta,6933.0,EGRESO,TRANSFERENCIA,MXN
ef6cae11-28f3-4f4c-a337-7210df1d477f,57a16ad2-8282-4a67-91ec-ebc90dee810e,1,2026-02-04 22:29:00,Transferencia Recibida,Transferencia Recibida,697.0,INGRESO,TRANSFERENCIA,MXN
2a08c6e4-98fe-4ee1-9083-2baa17a97aff,6be93697-d5c5-49d1-8778-8abe58f5c5a3,28,2026-02-04 23:27:00,Decathlon,Decathlon,342.0,EGRESO,TRANSFERENCIA,MXN
63809896-be18-423d-9bea-85490633c653,950bb240-d014-403a-bd23-d2ae18663c05,17,2026-02-04 23:43:00,Colegiatura,Colegiatura,2845.0,EGRESO,EFECTIVO,MXN
4deb76b8-6cdf-4384-ab2e-50b1a2165ab8,4f6ff8db-53cf-4464-883b-02373ed58457,14,2026-02-05 00:05:00,Renta,Renta,12632.0,EGRESO,EFECTIVO,MXN
56243f66-bef3-461a-b090-f44abde5b772,3e5b598d-bd6d-4076-8922-5940bc6d277c,19,2026-02-05 01:40:00,Mantenimiento Automotriz,Mantenimiento Automotriz,826.0,EGRESO,APP_MOVIL,MXN
456d853a-1462-436b-aaf2-d1699762c478,2d45cb4c-8380-477e-93dc-7ad4055949fe,34,2026-02-05 02:05:00,Epic Games Store,Epic Games Store,1136.0,EGRESO,APP_MOVIL,MXN
47fbee68-9f46-4b06-a760-a1e173c907e9,fe494458-2541-481f-bb69-2bcb8e182795,8,2026-02-05 02:57:00,Herramientas,Herramientas,2037.0,EGRESO,TRANSFERENCIA,MXN
822054a4-94b1-408b-8ced-8dfbb6854fff,7c5b5dce-0577-471c-acd8-1c6806bbd6d1,1,2026-02-05 03:13:00,Transferencia Recibida,Transferencia Recibida,4512.0,INGRESO,TRANSFERENCIA,MXN
ea74df0e-a60c-4aad-94a3-36df24bc22ba,591ef66e-c411-40c1-95e6-b23f8169be61,32,2026-02-05 04:10:00,Xbox Live,Xbox Live,1633.0,EGRESO,TRANSFERENCIA,MXN
1962ba4d-b201-4224-83a2-2fa6ab6393f6,edeb6414-0b55-4e0a-bed2-b73a88276387,6,2026-02-05 05:17:00,DiDi,DiDi,51.0,EGRESO,TRANSFERENCIA,MXN
4435d7ca-3f91-4323-813a-2eaeff09de42,5057339d-f49e-4d1c-beae-6ced3a7c148f,16,2026-02-05 05:23:00,Michael Kors,Michael Kors,2194.0,EGRESO,APP_MOVIL,MXN
eb0ccf6f-805a-4215-afe1-73b63dcb7326,37060ad3-4bfd-4b62-86a5-6c3b7241f7b3,8,2026-02-05 05:41:00,Herramientas,Herramientas,2367.0,EGRESO,APP_MOVIL,MXN
617b8b6c-c4c4-442e-8e5c-91b979cf4ec5,4bb45633-ce6a-4e78-8b36-ab2143b9312a,1,2026-02-05 06:01:00,Transferencia Recibida,Transferencia Recibida,2900.0,INGRESO,TRANSFERENCIA,MXN
b579b44e-ee9d-4e55-beb9-d76dde295816,9fa6af03-3f13-4285-852b-d389da76d928,12,2026-02-05 07:44:00,Barberia,Barberia,227.0,EGRESO,APP_MOVIL,MXN
76148111-a548-498d-907e-87506c6b85fe,af1d8cae-6064-4332-977d-e896264e20c2,20,2026-02-05 09:35:00,Cinemex,Cinemex,723.0,EGRESO,TRANSFERENCIA,MXN
1a17e289-1e6f-4c24-8096-ad21e1ef433a,a016e16f-7680-4d69-8958-9b2a62b35431,6,2026-02-05 09:49:00,DiDi,DiDi,146.0,EGRESO,APP_MOVIL,MXN
125805aa-ae60-4e80-a536-dc4c9269659a,b5525d88-0da0-4036-a444-3e4f7a34128f,33,2026-02-05 10:09:00,Agua,Agua,451.0,EGRESO,APP_MOVIL,MXN
c0dfe154-4cc3-481d-8118-384b4fe314ec,591ef66e-c411-40c1-95e6-b23f8169be61,17,2026-02-05 12:03:00,Colegiatura,Colegiatura,,EGRESO,EFECTIVO,MXN
87d41b29-f438-433f-bc79-922ae36d4460,2f5e4265-1e5f-4813-839b-50bf4accbd7e,6,2026-02-05 13:29:00,DiDi,DiDi,125.0,EGRESO,EFECTIVO,MXN
efaa3839-ab58-4e4b-8b7d-05c27476d992,a5264eb8-0d47-44e1-b1b3-6e0a2018f25f,1,2026-02-05 14:05:00,Transferencia Recibida,Transferencia Recibida,,INGRESO,TRANSFERENCIA,MXN
3a8e4d67-ea13-423c-8fe2-c2c91359bfad,4bb45633-ce6a-4e78-8b36-ab2143b9312a,23,2026-02-05 15:45:00,Qualitas,Qualitas,1063.0,EGRESO,TRANSFERENCIA,MXN
48089916-4632-4698-a985-3331976ed113,ef403853-e247-49d9-9751-bf46943b3d76,12,2026-02-05 16:04:00,Barberia,Barberia,349.0,EGRESO,APP_MOVIL,MXN
56f895f6-acba-4aec-878d-f8af8ea33a52,0e2604b4-11e5-4452-8748-64aa92f9ca8f,13,2026-02-05 17:22:00,Capa de Ozono,Capa de Ozono,1699.0,EGRESO,APP_MOVIL,MXN
ce379c32-becb-46c8-935c-bdb951f38561,b1df054d-9d22-4d28-b46d-87390f12a902,9,2026-02-05 17:56:00,AT&T,AT&T,249.0,EGRESO,EFECTIVO,MXN
82157ff1-d82d-45ca-938f-1cc6610d9664,287b9cdc-edd5-4342-a5fb-5148aeea5b6c,31,2026-02-05 18:02:00,Mercado Libre,Mercado Libre,1621.0,EGRESO,TRANSFERENCIA,MXN
657052d3-15b1-4702-90bd-4781e4767ecd,7c74290c-b207-43d8-bcd5-14f069783b3b,16,2026-02-05 19:03:00,Michael Kors,Michael Kors,1445.0,EGRESO,APP_MOVIL,MXN
bd13ece0-9be1-44bf-8e07-a1123d9259cc,7f2f8daa-dfc2-4ad0-9c49-d90ffa6ae04b,18,2026-02-05 19:15:00,Infinitum,Infinitum,649.0,EGRESO,APP_MOVIL,MXN
f0b10e2d-7558-4631-be82-ddaa60ea4a9c,7059c9c8-532b-4bfe-a72e-0c9aa55e75da,4,2026-02-05 20:19:00,Netflix,Netflix,219.0,EGRESO,EFECTIVO,MXN
447f4909-8c49-41fc-9e8e-00533c285650,2d80c188-6489-4094-b09d-93b06a6b2935,11,2026-02-05 21:28:00,Metro,Metro,5.0,EGRESO,APP_MOVIL,MXN
08dedce9-9dbe-4030-b7d4-6d8a1fc043af,c56eb014-1de6-4df3-9cc5-45132bbf6942,7,2026-02-05 21:33:00,Electricidad,Electricidad,1212.0,EGRESO,APP_MOVIL,MXN
a8f92dd8-61e8-4c85-ba89-04fee1392457,36bb528a-43a8-4008-8557-d3e3a5c94a6c,28,2026-02-05 21:58:00,Deportes Marti,Deportes Marti,191.0,EGRESO,TRANSFERENCIA,MXN
603087b9-3a6b-47bd-b870-e20074fe2a6c,2d45cb4c-8380-477e-93dc-7ad4055949fe,7,2026-02-05 22:04:00,Electricidad,Electricidad,1179.0,EGRESO,APP_MOVIL,MXN
f0f4c776-1f57-468c-a856-0b7d53ca51be,5057339d-f49e-4d1c-beae-6ced3a7c148f,4,2026-02-05 22:07:00,Netflix,Netflix,219.0,EGRESO,APP_MOVIL,MXN
48ef407b-3260-4cb7-8188-29db2b043e9c,367901a5-f293-400f-8969-224db4f3e99e,16,2026-02-05 22:53:00,Michael Kors,Michael Kors,608.0,EGRESO,TRANSFERENCIA,MXN
938be973-035e-4ef1-859a-e4e6aff72c82,3e5b598d-bd6d-4076-8922-5940bc6d277c,25,2026-02-05 23:40:00,Liverpool,Liverpool,1407.0,EGRESO,EFECTIVO,MXN
f3db8c7d-46ea-40ef-a9e9-19c82f960d13,a5264eb8-0d47-44e1-b1b3-6e0a2018f25f,31,2026-02-06 00:24:00,Amazon,Amazon,2177.0,EGRESO,EFECTIVO,MXN
fba221d9-806d-45fd-95f8-1f3c913603e3,e77722c3-ca39-4480-832f-f90fbc2402a7,29,2026-02-06 02:14:00,Viajes,Viajes,9454.0,EGRESO,TRANSFERENCIA,MXN
f24e07dc-4a2a-43f9-b8d2-577550915548,36bb528a-43a8-4008-8557-d3e3a5c94a6c,1,2026-02-06 03:12:00,Nomina,Nomina,8486.16,INGRESO,TRANSFERENCIA,MXN
169dcb05-28a9-4b13-bcd8-fba29c2ba938,b6ca9d87-476a-4c5d-83ca-7693a6527a9c,25,2026-02-06 03:12:00,Palacio de Hierro,Palacio de Hierro,1740.0,EGRESO,APP_MOVIL,MXN
e3f6ce36-a544-47ec-991a-793e8177d4bf,282aba8c-1169-402d-adbd-8a41f6676432,9,2026-02-06 03:20:00,AT&T,AT&T,599.0,EGRESO,EFECTIVO,MXN
6baa8f09-73f2-41f8-b5aa-a3b6e5c32418,367901a5-f293-400f-8969-224db4f3e99e,1,2026-02-06 04:42:00,Nomina,Nomina,12578.35,INGRESO,TRANSFERENCIA,MXN
be9ba8cd-b909-460d-a619-67d6c9b96ed3,460819f1-3e7b-4a18-b9bb-4a991973ca55,16,2026-02-06 05:00:00,Coach,Coach,2348.0,EGRESO,APP_MOVIL,MXN
32303dd8-5444-42b7-95fa-29983b98e517,e9f3e63d-6775-4b45-9daf-9722ec25fbe3,10,2026-02-06 05:37:00,Compras Fisicas,Compras Fisicas,1591.0,EGRESO,APP_MOVIL,MXN
67e3d189-9f25-448c-b4b2-14e2eb7e607d,c9e1bb7a-b4b0-4880-88f1-2b90da359497,20,2026-02-06 05:40:00,Starbucks,Starbucks,598.0,EGRESO,APP_MOVIL,MXN
7a3beb78-3874-4f1a-a7bc-f67b1d46e5c6,334ac887-2c2e-43f0-ac7f-4e80e3f22173,21,2026-02-06 05:44:00,Metrobus,Metrobus,20.0,EGRESO,EFECTIVO,MXN
d11421df-063d-46c1-a3ee-ca643b24e473,5057339d-f49e-4d1c-beae-6ced3a7c148f,7,2026-02-06 08:34:00,Electricidad,Electricidad,550.0,EGRESO,APP_MOVIL,MXN
98606811-3557-47ff-b293-f4fd1cb1f038,57a16ad2-8282-4a67-91ec-ebc90dee810e,22,2026-02-06 08:44:00,Mobil,Mobil,845.0,EGRESO,APP_MOVIL,MXN
571a29f8-466f-4baf-8684-77f871a0e227,169f4be3-cc0f-4b41-8a79-77865835d095,31,2026-02-06 09:30:00,Amazon,Amazon,1442.0,EGRESO,EFECTIVO,MXN
64f29e8c-18cb-4941-8b4b-2c855b848c1d,e9f3e63d-6775-4b45-9daf-9722ec25fbe3,1,2026-02-06 11:09:00,Transferencia Recibida,Transferencia Recibida,925.0,INGRESO,TRANSFERENCIA,MXN
f009c7cb-bc1b-4417-bbbd-35f92ca52fdb,86d42cc6-6226-41a4-aa56-9a03fdc03387,1,2026-02-06 11:18:00,Nomina,Nomina,7086.86,INGRESO,TRANSFERENCIA,MXN
de58e669-b6db-4008-b576-8ad888a8cf39,b1df054d-9d22-4d28-b46d-87390f12a902,1,2026-02-06 11:57:00,Nomina,Nomina,9823.79,INGRESO,TRANSFERENCIA,MXN
72c84252-619c-408d-852c-5d4dd8816a24,2f4e7259-c7d0-4f8e-b408-fbed59254881,1,2026-02-06 12:37:00,Transferencia Recibida,Transferencia Recibida,1538.0,INGRESO,TRANSFERENCIA,MXN
8d16cdb1-1bf6-4fbf-952c-06dc311e9af6,cb4d084d-d246-4f2e-847a-1132c5e51dc6,29,2026-02-06 12:44:00,Viajes,Viajes,5896.0,EGRESO,TRANSFERENCIA,MXN
d38d7fa9-6691-478b-afd1-5858355a9d68,bacb91fd-e8d8-4aab-86af-be8542045bfc,12,2026-02-06 13:36:00,Barberia,Barberia,365.0,EGRESO,APP_MOVIL,MXN
d771599c-eff3-4bcc-8e90-4addf01e26b5,7c5b5dce-0577-471c-acd8-1c6806bbd6d1,12,2026-02-06 13:59:00,Barberia,Barberia,124.0,EGRESO,EFECTIVO,MXN
a0cd208e-9168-4e81-8385-0d94f680c3d6,7059c9c8-532b-4bfe-a72e-0c9aa55e75da,29,2026-02-06 14:26:00,Viajes,Viajes,6037.0,EGRESO,TRANSFERENCIA,MXN
c1e8ef4d-6ee7-4cf6-8d52-6d731f1089e5,d7b98250-11d8-4b40-a1fd-44ae5b3e0d2a,20,2026-02-06 14:35:00,Restaurante Local,Restaurante Local,580.0,EGRESO,APP_MOVIL,MXN
c54d4214-ee68-414c-9364-b7ff1419b1d9,cb4d084d-d246-4f2e-847a-1132c5e51dc6,30,2026-02-06 15:22:00,Salon de Belleza,Salon de Belleza,180.0,EGRESO,EFECTIVO,MXN
39505504-de62-4152-ad1d-0516f20f6a63,6b2251e4-b804-4f13-898b-216c0c5ba9cc,12,2026-02-06 16:52:00,Barberia,Barberia,205.0,EGRESO,TRANSFERENCIA,MXN
33130acf-7b53-4494-8125-f4e38e0c7fe9,2d45cb4c-8380-477e-93dc-7ad4055949fe,7,2026-02-06 16:54:00,Electricidad,Electricidad,918.0,EGRESO,APP_MOVIL,MXN
df3f1dc3-74a1-4578-81dc-e079dce6d248,2d45cb4c-8380-477e-93dc-7ad4055949fe,33,2026-02-06 16:55:00,Agua,Agua,1206.0,EGRESO,APP_MOVIL,MXN
19a576d8-a43d-4f37-b230-34faee74f6e8,74a2259c-8ee4-4064-89cc-8a49fd390792,24,2026-02-06 18:09:00,L'Oreal,L'Oreal,286.0,EGRESO,APP_MOVIL,MXN
6bbdc4d3-821c-49f5-9f01-e5a4cfc9f389,0d4d9d7a-2ce4-4002-abe0-031b288ff53c,14,2026-02-06 18:31:00,Renta,Renta,6883.0,EGRESO,APP_MOVIL,MXN
83429c4e-008b-470c-9eeb-f25aaa21c77e,e80f9cac-b03e-4fcb-a3f3-7f1c6286bc7b,1,2026-02-06 19:11:00,Transferencia Recibida,Transferencia Recibida,3723.0,INGRESO,TRANSFERENCIA,MXN
946d372d-0d8b-4fde-b020-fbd9140166cc,8d64339b-b475-44e4-bf62-e45215d1ea8f,18,2026-02-06 19:18:00,Izzi,Izzi,549.0,EGRESO,TRANSFERENCIA,MXN
a4617a53-60f3-4bd4-a8c7-b92a61a40726,b5525d88-0da0-4036-a444-3e4f7a34128f,17,2026-02-06 19:47:00,Colegiatura,Colegiatura,3413.0,EGRESO,TRANSFERENCIA,MXN
4c65f554-88fc-4c25-b6d0-934f25c78c32,c0c2ffc0-3d5f-4e4f-99f2-884a8a2621f5,32,2026-02-06 20:24:00,PlayStation Network,PlayStation Network,375.0,EGRESO,APP_MOVIL,MXN
6b93f6aa-4b95-4c41-b801-3e9a5cae54cb,950bb240-d014-403a-bd23-d2ae18663c05,33,2026-02-06 20:38:00,Agua,Agua,1156.0,EGRESO,APP_MOVIL,MXN
448addac-6d2c-463d-a60c-e5920503993f,7c5b5dce-0577-471c-acd8-1c6806bbd6d1,28,2026-02-06 21:06:00,Deportes Marti,Deportes Marti,640.0,EGRESO,APP_MOVIL,MXN
80e09f4c-ab49-4255-8617-320f1c5d0a9b,8ae451d5-4e82-4ced-8bbc-cee19fedccda,17,2026-02-06 21:31:00,Colegiatura,Colegiatura,2832.0,EGRESO,TRANSFERENCIA,MXN
5c831ba8-2272-4e7c-872c-639b5858975d,bacb91fd-e8d8-4aab-86af-be8542045bfc,26,2026-02-06 22:00:00,Farmacias Similares,Farmacias Similares,505.0,EGRESO,TRANSFERENCIA,MXN
8186159e-571f-4e5c-8577-a87779e043c2,7c5b5dce-0577-471c-acd8-1c6806bbd6d1,27,2026-02-06 23:10:00,Gas,Gas,403.0,EGRESO,TRANSFERENCIA,MXN
533d0b83-c7d1-4df7-bf57-18312ff28f39,334ac887-2c2e-43f0-ac7f-4e80e3f22173,1,2026-02-07 00:03:00,Nomina,Nomina,13413.98,INGRESO,TRANSFERENCIA,MXN
8388835a-49b4-4cf4-a6be-672f4ac7a941,b6ca9d87-476a-4c5d-83ca-7693a6527a9c,21,2026-02-07 00:23:00,Metrobus,Metrobus,20.0,EGRESO,APP_MOVIL,MXN
ae040fe3-338b-4777-bed5-9c7928cfb13d,7336ec17-03d6-4127-a085-cb3f799bd54e,8,2026-02-07 00:56:00,Herramientas,Herramientas,2086.0,EGRESO,TRANSFERENCIA,MXN
2b296308-0ebb-4973-8230-e4b3118fa322,282aba8c-1169-402d-adbd-8a41f6676432,1,2026-02-07 01:57:00,Nomina,Nomina,15987.97,INGRESO,TRANSFERENCIA,MXN
0aaf8117-93fd-4fee-9d85-74c319b8ab7e,7f2f8daa-dfc2-4ad0-9c49-d90ffa6ae04b,27,2026-02-07 02:35:00,Gas,Gas,187.0,EGRESO,APP_MOVIL,MXN
007f1aa7-ca00-4f7a-81c5-9f2b66dbd975,1d7d3151-e6c5-479c-aa65-df54b837c324,2,2026-02-07 04:13:00,Bus,Bus,9.5,EGRESO,TRANSFERENCIA,MXN
b9329286-e671-401f-acaa-de2212c51666,4bb45633-ce6a-4e78-8b36-ab2143b9312a,11,2026-02-07 05:00:00,Metro,Metro,20.0,EGRESO,TRANSFERENCIA,MXN
79dc46b9-5d35-4779-85fe-b8f469409910,0e2604b4-11e5-4452-8748-64aa92f9ca8f,14,2026-02-07 07:42:00,Renta,Renta,11311.0,EGRESO,APP_MOVIL,MXN
01a9f8a2-6da6-45e8-b973-8b7733f6792b,e4f9aabd-8595-4a2d-84b2-3d54a4541fdc,23,2026-02-07 08:09:00,Qualitas,Qualitas,603.0,EGRESO,APP_MOVIL,MXN
9b620682-00b0-458b-8b65-7f21038bbe4d,78415f42-edd9-4039-abee-f38499ffc380,29,2026-02-07 08:19:00,Viajes,Viajes,5128.0,EGRESO,APP_MOVIL,MXN
010e7eb2-25cb-40ca-a357-c99bdbc85656,9fa6af03-3f13-4285-852b-d389da76d928,19,2026-02-07 08:58:00,Mantenimiento Automotriz,Mantenimiento Automotriz,1502.0,EGRESO,EFECTIVO,MXN
cecc17fd-e750-4334-95c9-8f0e021383b5,8711e8ab-3016-4507-8ecf-8798f901a525,31,2026-02-07 10:02:00,Amazon,Amazon,1051.0,EGRESO,APP_MOVIL,MXN
5eb25804-2073-46e0-a328-94047a8953a6,af1d8cae-6064-4332-977d-e896264e20c2,33,2026-02-07 11:17:00,Agua,Agua,1395.0,EGRESO,APP_MOVIL,MXN
959c38e4-0033-483f-acf5-82405bf93768,b6ca9d87-476a-4c5d-83ca-7693a6527a9c,7,2026-02-07 13:53:00,Electricidad,Electricidad,1291.0,EGRESO,EFECTIVO,MXN
a35efde8-e6f2-4623-80a4-c50001a33c24,af1d8cae-6064-4332-977d-e896264e20c2,5,2026-02-07 15:17:00,Burger King,Burger King,1080.0,EGRESO,APP_MOVIL,MXN
ca2f6309-b6ff-4263-9db1-fc82c2a09ac0,4f6ff8db-53cf-4464-883b-02373ed58457,9,2026-02-07 15:55:00,Telcel,Telcel,349.0,EGRESO,EFECTIVO,MXN
dd4980af-79f3-43e0-b876-f60b93c5607d,efb35f92-a96e-40cb-9ba4-a3d3670133ab,12,2026-02-07 18:01:00,Barberia,Barberia,424.0,EGRESO,EFECTIVO,MXN
c4a4cb08-15b9-4ec4-ba2d-fe20ddd9851c,57a16ad2-8282-4a67-91ec-ebc90dee810e,1,2026-02-07 18:02:00,Nomina,Nomina,40153.21,INGRESO,TRANSFERENCIA,MXN
7721ad23-d61d-4aa8-a390-499e728d183e,b6ca9d87-476a-4c5d-83ca-7693a6527a9c,1,2026-02-07 19:28:00,Nomina,Nomina,12637.37,INGRESO,TRANSFERENCIA,MXN
7c9bab07-490d-4996-9c8f-cad740e5e7ae,9fa6af03-3f13-4285-852b-d389da76d928,14,2026-02-07 20:45:00,Renta,Renta,7088.0,EGRESO,EFECTIVO,MXN
cd657c27-ac50-407d-abc9-2619456c28fc,8d64339b-b475-44e4-bf62-e45215d1ea8f,21,2026-02-07 21:23:00,Metrobus,Metrobus,20.0,EGRESO,EFECTIVO,MXN
c8297f85-9df5-41c4-93d3-fb337c2259f4,062fd77f-ba97-4763-bff4-0bc64c0b9db9,20,2026-02-07 22:18:00,Restaurante Local,Restaurante Local,278.0,EGRESO,EFECTIVO,MXN
73eebdc4-abab-4b48-b7a6-5435381422ac,feb46172-c764-46f8-8955-33a46aebe6cc,2,2026-02-07 22:36:00,Bus,Bus,8.0,EGRESO,EFECTIVO,MXN
cd1eb353-8fc2-49d1-b26e-05ed927508e9,cc302a48-1c7f-4cd5-8095-557e5f3ee43f,23,2026-02-07 22:55:00,GNP Seguros,GNP Seguros,2107.0,EGRESO,TRANSFERENCIA,MXN
385f2f9e-8689-42d0-96b1-b3a15b6d731c,0d4d9d7a-2ce4-4002-abe0-031b288ff53c,10,2026-02-07 23:07:00,Compras Fisicas,Compras Fisicas,1717.0,EGRESO,APP_MOVIL,MXN
aef36885-f062-495d-a066-f7bab596e2ff,e4f9aabd-8595-4a2d-84b2-3d54a4541fdc,12,2026-02-08 01:16:00,Barberia,Barberia,162.0,EGRESO,APP_MOVIL,MXN
0ccf2b47-f5de-43e3-8946-4ebb61ad572e,9fa6af03-3f13-4285-852b-d389da76d928,12,2026-02-08 02:29:00,Barberia,Barberia,121.0,EGRESO,APP_MOVIL,MXN
3a2c762b-c31a-48a6-9729-8ab1dd153bdd,2d80c188-6489-4094-b09d-93b06a6b2935,5,2026-02-08 03:39:00,Domino's,Domino's,714.0,EGRESO,APP_MOVIL,MXN
20f535f4-caf3-4f7c-823c-8f454c0a2456,feb46172-c764-46f8-8955-33a46aebe6cc,10,2026-02-08 04:43:00,Compras Fisicas,Compras Fisicas,1372.0,EGRESO,APP_MOVIL,MXN
5eef14d9-7812-4c69-a90c-80c9254e8115,4a021a05-bacc-4ded-98e4-6ba1343b83b4,10,2026-02-08 06:29:00,Compras Fisicas,Compras Fisicas,756.0,EGRESO,TRANSFERENCIA,MXN
93349ba9-44f2-4c96-9ebc-b66c93d0ed3c,8580b4dd-2321-42ff-8e88-0392056caa5c,5,2026-02-08 06:43:00,McDonald's,McDonald's,139.0,EGRESO,EFECTIVO,MXN
7c8796f3-f8ea-4473-93a4-9761cb110f7e,698259d6-1dc2-4996-bae9-8219285ebc59,5,2026-02-08 07:00:00,Little Caesars,Little Caesars,458.0,EGRESO,EFECTIVO,MXN
9e56045a-babd-4889-a846-bde2aaa3f0fb,cf376ebc-04ee-401c-98d2-d2ca7394def8,2,2026-02-08 07:06:00,Bus,Bus,9.5,EGRESO,APP_MOVIL,MXN
d11e1738-f43b-4fa7-a4f0-63bfde53def0,ef403853-e247-49d9-9751-bf46943b3d76,12,2026-02-08 07:41:00,Barberia,Barberia,77.0,EGRESO,TRANSFERENCIA,MXN
23039c65-b177-46cd-b645-469260ee8f7d,282aba8c-1169-402d-adbd-8a41f6676432,17,2026-02-08 08:47:00,Colegiatura,Colegiatura,6585.0,EGRESO,EFECTIVO,MXN
e5c00540-b922-445a-959c-29c807391ce7,49c19272-4521-43eb-a5ed-ba309950965f,18,2026-02-08 09:43:00,Izzi,Izzi,999.0,EGRESO,TRANSFERENCIA,MXN
016243de-675c-4a93-baef-2e8756b5e0fe,8580b4dd-2321-42ff-8e88-0392056caa5c,10,2026-02-08 11:43:00,Compras Fisicas,Compras Fisicas,672.0,EGRESO,APP_MOVIL,MXN
3de563c8-a014-4efd-847a-f90bb232d48a,c0c2ffc0-3d5f-4e4f-99f2-884a8a2621f5,32,2026-02-08 12:10:00,PlayStation Network,PlayStation Network,275.0,EGRESO,APP_MOVIL,MXN
2fa54c95-b4cc-408a-9ee3-daae3a3ab981,8ae451d5-4e82-4ced-8bbc-cee19fedccda,15,2026-02-08 14:42:00,Multa de Transito,Multa de Transito,1058.0,EGRESO,APP_MOVIL,MXN
ababfe42-3e3e-4a0a-99f4-3864def0169e,7f2f8daa-dfc2-4ad0-9c49-d90ffa6ae04b,31,2026-02-08 15:12:00,Mercado Libre,Mercado Libre,1308.0,EGRESO,TRANSFERENCIA,MXN
521f6149-7893-47d1-b4b5-472ed5d151d7,367901a5-f293-400f-8969-224db4f3e99e,1,2026-02-08 15:29:00,Transferencia Recibida,Transferencia Recibida,420.0,INGRESO,TRANSFERENCIA,MXN
1f7f7554-488b-40db-a725-ab0dd45cfebf,cc302a48-1c7f-4cd5-8095-557e5f3ee43f,15,2026-02-08 15:32:00,Multa de Transito,Multa de Transito,3358.0,EGRESO,APP_MOVIL,MXN
6db9901c-33f5-4132-a27c-32433f30cd38,d660ddf9-6ba0-4a64-88ea-5d41f61fcefb,16,2026-02-08 15:35:00,Coach,Coach,2369.0,EGRESO,EFECTIVO,MXN
c4bd42ae-0729-4bff-a467-823975d94b0d,37060ad3-4bfd-4b62-86a5-6c3b7241f7b3,18,2026-02-08 15:55:00,Totalplay,Totalplay,389.0,EGRESO,APP_MOVIL,MXN
c133bb88-4823-4a92-95fd-a5c47340e5e6,efb35f92-a96e-40cb-9ba4-a3d3670133ab,1,2026-02-08 15:57:00,Nomina,Nomina,7257.87,INGRESO,TRANSFERENCIA,MXN
d4df8f3f-db39-4bc5-9877-b25eaa515693,367901a5-f293-400f-8969-224db4f3e99e,33,2026-02-08 16:03:00,Agua,Agua,236.0,EGRESO,TRANSFERENCIA,MXN
f72ed66e-f506-435f-9dd9-cc5d899b2c81,87a8bdbd-1d61-4275-b187-80f960bd7983,25,2026-02-08 16:11:00,Liverpool,Liverpool,2177.0,EGRESO,APP_MOVIL,MXN
19eb36b7-18c9-4c66-9141-bff9f0cdb65c,cc302a48-1c7f-4cd5-8095-557e5f3ee43f,17,2026-02-08 16:42:00,Colegiatura,Colegiatura,3077.0,EGRESO,APP_MOVIL,MXN
da3d4296-788b-4784-a385-b32f5c00c525,d7073699-b1fd-4984-8380-c897f19b37c2,25,2026-02-08 16:58:00,Liverpool,Liverpool,,EGRESO,APP_MOVIL,MXN
07451aff-58ab-4d6d-90da-1fe848efc926,7f2f8daa-dfc2-4ad0-9c49-d90ffa6ae04b,18,2026-02-08 16:59:00,Infinitum,Infinitum,389.0,EGRESO,APP_MOVIL,MXN
8a9eec37-4232-40bb-abc4-e7948200a5d8,e80f9cac-b03e-4fcb-a3f3-7f1c6286bc7b,28,2026-02-08 17:02:00,Deportes Marti,Deportes Marti,112.0,EGRESO,APP_MOVIL,MXN
d1b8d2e3-885e-460d-968a-230b049d9685,bacb91fd-e8d8-4aab-86af-be8542045bfc,1,2026-02-08 17:34:00,Nomina,Nomina,9431.42,INGRESO,TRANSFERENCIA,MXN
b6e3da7d-4b05-429a-9153-50495cb82be6,d7d4bd62-308e-4ac3-9ba9-582ec4beeeb0,25,2026-02-08 17:52:00,Palacio de Hierro,Palacio de Hierro,765.0,EGRESO,APP_MOVIL,MXN
2162d249-5ce9-4876-bd79-f25c3bcde0bd,86ebabff-3329-403c-ae53-7102b0dc7831,29,2026-02-08 18:51:00,Viajes,Viajes,5089.0,EGRESO,APP_MOVIL,MXN
b0f7da45-0482-4369-b89b-2ecd25476a5d,7059c9c8-532b-4bfe-a72e-0c9aa55e75da,1,2026-02-08 21:01:00,Nomina,Nomina,11183.2,INGRESO,TRANSFERENCIA,MXN
20779431-2c06-4adb-9c4c-9147f93b0e39,86d42cc6-6226-41a4-aa56-9a03fdc03387,28,2026-02-08 21:03:00,Innvictus,Innvictus,,EGRESO,TRANSFERENCIA,MXN
d33c3e49-fb5a-4534-976f-17d5b95d2a64,698259d6-1dc2-4996-bae9-8219285ebc59,34,2026-02-08 21:25:00,Epic Games Store,Epic Games Store,1415.0,EGRESO,TRANSFERENCIA,MXN
7702066f-5607-48cc-a39c-9b41e9c45c36,37060ad3-4bfd-4b62-86a5-6c3b7241f7b3,15,2026-02-08 21:54:00,Multa de Transito,Multa de Transito,2605.0,EGRESO,EFECTIVO,MXN
5cdc38ea-d484-438b-a9e7-97e49dc6acb9,feb46172-c764-46f8-8955-33a46aebe6cc,18,2026-02-09 00:04:00,Infinitum,Infinitum,549.0,EGRESO,TRANSFERENCIA,MXN
d124e07a-b98d-440b-9672-5dbb12cbfeed,e80f9cac-b03e-4fcb-a3f3-7f1c6286bc7b,12,2026-02-09 03:35:00,Barberia,Barberia,486.0,EGRESO,TRANSFERENCIA,MXN
fc340b71-7639-42d4-9cbd-82e2ee6f1d62,b4991233-a822-49ca-a113-cbedbb85a741,11,2026-02-09 03:41:00,Metro,Metro,5.0,EGRESO,APP_MOVIL,MXN
7493541a-917f-4558-a08a-dac6cc95ce99,6be93697-d5c5-49d1-8778-8abe58f5c5a3,15,2026-02-09 04:30:00,Multa de Transito,Multa de Transito,1124.0,EGRESO,APP_MOVIL,MXN
b6871f0f-727e-4211-b2f3-2a53d1cff3b7,87a8bdbd-1d61-4275-b187-80f960bd7983,20,2026-02-09 05:47:00,Cinemex,Cinemex,206.0,EGRESO,EFECTIVO,MXN
130b1041-c634-4fd2-9a21-47eded29c2de,a016e16f-7680-4d69-8958-9b2a62b35431,27,2026-02-09 05:48:00,Gas,Gas,345.0,EGRESO,EFECTIVO,MXN
3b8dfc53-61ea-411d-829c-9fde4c1ddfd0,1d78859f-eed0-4406-a7a8-ac62bfe90145,20,2026-02-09 06:27:00,Cinepolis,Cinepolis,702.0,EGRESO,APP_MOVIL,MXN
317901d2-6f2e-4545-b845-a7d0da204037,feb46172-c764-46f8-8955-33a46aebe6cc,31,2026-02-09 06:30:00,Mercado Libre,Mercado Libre,540.0,EGRESO,APP_MOVIL,MXN
7ba42b3d-a2d6-4fdf-bdba-89c06f6a29a5,169f4be3-cc0f-4b41-8a79-77865835d095,34,2026-02-09 08:01:00,Steam,Steam,1451.0,EGRESO,TRANSFERENCIA,MXN
3d504a61-1bdb-42e3-a5fa-3e0dc89f8990,1d7d3151-e6c5-479c-aa65-df54b837c324,25,2026-02-09 09:26:00,Liverpool,Liverpool,2410.0,EGRESO,EFECTIVO,MXN
f96ef622-8198-46e0-b976-785fa9627093,698259d6-1dc2-4996-bae9-8219285ebc59,23,2026-02-09 10:13:00,Qualitas,Qualitas,1230.0,EGRESO,EFECTIVO,MXN
c386e33b-f456-4d99-ac0a-ace7ad851992,6be93697-d5c5-49d1-8778-8abe58f5c5a3,26,2026-02-09 12:42:00,Farmacias Similares,Farmacias Similares,650.0,EGRESO,APP_MOVIL,MXN
fafa43f6-04fa-40a8-81af-c14b291cb8f6,460819f1-3e7b-4a18-b9bb-4a991973ca55,1,2026-02-09 13:17:00,Nomina,Nomina,11667.38,INGRESO,TRANSFERENCIA,MXN
5a13cf3d-0306-43d5-b2a5-677cf4a69f68,033eaacc-c1f9-412e-84cb-95b426d28b5c,10,2026-02-09 14:50:00,Compras Fisicas,Compras Fisicas,2158.0,EGRESO,EFECTIVO,MXN
4cf3aa41-51ed-46d8-8462-5761485f69a1,bacb91fd-e8d8-4aab-86af-be8542045bfc,18,2026-02-09 15:11:00,Izzi,Izzi,499.0,EGRESO,APP_MOVIL,MXN
29ac57af-a6c6-496d-98c4-c48792792bc8,7336ec17-03d6-4127-a085-cb3f799bd54e,28,2026-02-09 16:46:00,Innvictus,Innvictus,169.0,EGRESO,APP_MOVIL,MXN
89f06ee0-d0a2-4354-a288-884c174af15a,e6f6e0cb-d25d-473f-9f7b-b942a476f005,20,2026-02-09 17:09:00,Cinepolis,Cinepolis,302.0,EGRESO,TRANSFERENCIA,MXN
c11fec54-7831-46b6-bd5a-1219437291e1,f20e8816-f077-4abe-837b-b3e39ccf37eb,23,2026-02-09 17:39:00,AXA Seguros,AXA Seguros,1447.0,EGRESO,EFECTIVO,MXN
7c433f78-2606-4443-9448-8144204f962c,36ee8608-fe5c-4530-b7cf-d13801c08072,4,2026-02-09 19:47:00,Netflix,Netflix,299.0,EGRESO,APP_MOVIL,MXN
cbd472fe-74e8-4403-9400-c7a78779a454,39f9edad-efb7-47c6-9841-c96e9b5d6e22,21,2026-02-09 20:45:00,Metrobus,Metrobus,6.0,EGRESO,TRANSFERENCIA,MXN
5b2c9bb7-3d48-478c-8545-4c5b25830257,0e2604b4-11e5-4452-8748-64aa92f9ca8f,30,2026-02-10 00:19:00,Salon de Belleza,Salon de Belleza,387.0,EGRESO,APP_MOVIL,MXN
239d1d3b-7a87-43cd-9c0c-a2abe7b2803c,6e3e2a99-1a3d-42fa-bfe5-52f057eccb2f,3,2026-02-10 01:43:00,Walmart,Walmart,1107.0,EGRESO,EFECTIVO,MXN
4c2e3fd7-234f-49cf-9e6b-9d70d28cfec1,f20e8816-f077-4abe-837b-b3e39ccf37eb,13,2026-02-10 02:42:00,Capa de Ozono,Capa de Ozono,526.0,EGRESO,TRANSFERENCIA,MXN
24c42d4b-0031-4b33-a720-d3ed3f852108,b6ca9d87-476a-4c5d-83ca-7693a6527a9c,22,2026-02-10 02:47:00,Oxxo Gas,Oxxo Gas,952.0,EGRESO,APP_MOVIL,MXN
d2d831dc-04b8-4ae9-8aab-aa111de9b038,007759d6-7e92-4216-8b0d-24e4b3bdc25c,1,2026-02-10 03:31:00,Transferencia Recibida,Transferencia Recibida,2317.0,INGRESO,TRANSFERENCIA,MXN
547f7caa-b7db-40aa-a385-68b618616f6b,86ebabff-3329-403c-ae53-7102b0dc7831,19,2026-02-10 03:58:00,Mantenimiento Automotriz,Mantenimiento Automotriz,3993.0,EGRESO,APP_MOVIL,MXN
1b55ed26-bc21-4f19-a9c4-92c5a8ce60b7,d7d4bd62-308e-4ac3-9ba9-582ec4beeeb0,21,2026-02-10 04:50:00,Metrobus,Metrobus,20.0,EGRESO,EFECTIVO,MXN
621130d0-050f-41e8-85f8-f06687d8b4f6,2d80c188-6489-4094-b09d-93b06a6b2935,21,2026-02-10 04:52:00,Metrobus,Metrobus,,EGRESO,TRANSFERENCIA,MXN
650fc193-b2f7-43b2-ac28-a27653598cd7,71c16233-5b03-45a3-b9d9-75dfce80f8cd,24,2026-02-10 06:06:00,L'Oreal,L'Oreal,2335.0,EGRESO,TRANSFERENCIA,MXN
db8aa111-0c53-460a-bd02-334e5f22456d,c0c2ffc0-3d5f-4e4f-99f2-884a8a2621f5,9,2026-02-10 06:50:00,Telcel,Telcel,200.0,EGRESO,APP_MOVIL,MXN
9de23757-5125-488a-88c1-22bca3350093,a016e16f-7680-4d69-8958-9b2a62b35431,27,2026-02-10 07:10:00,Gas,Gas,714.0,EGRESO,TRANSFERENCIA,MXN
cef2d80b-df0a-44ec-bd33-28f38ff002ce,8580b4dd-2321-42ff-8e88-0392056caa5c,7,2026-02-10 07:23:00,Electricidad,Electricidad,1575.0,EGRESO,APP_MOVIL,MXN
0726dbf1-7c62-4834-a440-426899deb804,e9f3e63d-6775-4b45-9daf-9722ec25fbe3,26,2026-02-10 07:45:00,Farmacias Similares,Farmacias Similares,816.0,EGRESO,APP_MOVIL,MXN
655155d7-dfb7-439e-8921-4e9d10960998,03e60ec2-d499-47cd-81fb-96e308403ecd,25,2026-02-10 07:50:00,Palacio de Hierro,Palacio de Hierro,1816.0,EGRESO,APP_MOVIL,MXN
49de5810-5167-419c-af60-f48197289465,f30fbc40-9703-4c31-b9a5-ab557c4b82c8,33,2026-02-10 10:30:00,Agua,Agua,621.0,EGRESO,APP_MOVIL,MXN
c38c574c-a802-4670-8476-d58ee263469a,950bb240-d014-403a-bd23-d2ae18663c05,2,2026-02-10 11:28:00,Bus,Bus,8.0,EGRESO,APP_MOVIL,MXN
b26ee554-4e5f-4a92-b40a-f55d5b5c8251,cb4d084d-d246-4f2e-847a-1132c5e51dc6,1,2026-02-10 11:30:00,Nomina,Nomina,8127.53,INGRESO,TRANSFERENCIA,MXN
ea29c278-97eb-4f9f-b91e-a82ab3c7cce5,c56eb014-1de6-4df3-9cc5-45132bbf6942,1,2026-02-10 11:34:00,Transferencia Recibida,Transferencia Recibida,4609.0,INGRESO,TRANSFERENCIA,MXN
61b3fba3-0875-4eb2-8e8b-42356799859a,698259d6-1dc2-4996-bae9-8219285ebc59,16,2026-02-10 13:00:00,Coach,Coach,1188.0,EGRESO,TRANSFERENCIA,MXN
e8eb6fae-dc2b-438e-8d08-129e03435b0b,a5264eb8-0d47-44e1-b1b3-6e0a2018f25f,22,2026-02-10 16:03:00,Pemex,Pemex,752.0,EGRESO,APP_MOVIL,MXN
79a630fb-5f4e-423f-a761-6a9c1f1ee653,9fa6af03-3f13-4285-852b-d389da76d928,3,2026-02-10 16:54:00,Chedraui,Chedraui,749.0,EGRESO,APP_MOVIL,MXN
5b452358-dfd3-44b4-8940-f08f121eb030,d660ddf9-6ba0-4a64-88ea-5d41f61fcefb,1,2026-02-10 16:58:00,Nomina,Nomina,7645.89,INGRESO,TRANSFERENCIA,MXN
8e17a0ba-7663-4e3e-8ab9-dacd34bf5dad,282aba8c-1169-402d-adbd-8a41f6676432,27,2026-02-10 17:19:00,Gas,Gas,510.0,EGRESO,APP_MOVIL,MXN
952ce5b8-dab4-42e1-8618-a708c41d6703,e6f6e0cb-d25d-473f-9f7b-b942a476f005,11,2026-02-10 17:35:00,Metro,Metro,20.0,EGRESO,TRANSFERENCIA,MXN
7fe6bd8d-1876-43c3-b209-7473c7fdd619,e77722c3-ca39-4480-832f-f90fbc2402a7,31,2026-02-10 17:43:00,Amazon,Amazon,1937.0,EGRESO,EFECTIVO,MXN
0780f36e-04db-4dac-bfde-e3e106997455,0e2604b4-11e5-4452-8748-64aa92f9ca8f,1,2026-02-10 17:43:00,Nomina,Nomina,4848.27,INGRESO,TRANSFERENCIA,MXN
d22869d8-1bc9-4622-b6d5-5d4a835bf00d,cc302a48-1c7f-4cd5-8095-557e5f3ee43f,25,2026-02-10 17:51:00,Liverpool,Liverpool,2010.0,EGRESO,TRANSFERENCIA,MXN
6574ffef-05ca-4def-b51c-94beb274838b,7c5b5dce-0577-471c-acd8-1c6806bbd6d1,33,2026-02-10 18:13:00,Agua,Agua,1125.0,EGRESO,TRANSFERENCIA,MXN
03bd1063-dd45-4194-8a44-bb73fab5d4e5,0d4d9d7a-2ce4-4002-abe0-031b288ff53c,27,2026-02-10 19:02:00,Gas,Gas,541.0,EGRESO,APP_MOVIL,MXN
173554fd-8354-4f1f-a029-bedafa4da0d6,2d80c188-6489-4094-b09d-93b06a6b2935,26,2026-02-10 21:08:00,Farmacias del Ahorro,Farmacias del Ahorro,,EGRESO,APP_MOVIL,MXN
f53560d4-dac5-4c0a-8a98-1fcf6ad56c21,6e3e2a99-1a3d-42fa-bfe5-52f057eccb2f,9,2026-02-10 22:18:00,AT&T,AT&T,100.0,EGRESO,APP_MOVIL,MXN
e58dc4e7-d2d6-4d76-a456-541a7728b9d5,7489af6c-154c-4eef-b7af-50397bd6b848,30,2026-02-10 23:02:00,Salon de Belleza,Salon de Belleza,218.0,EGRESO,TRANSFERENCIA,MXN
4a901415-c017-480c-8cff-26d04f95f44f,fe494458-2541-481f-bb69-2bcb8e182795,7,2026-02-10 23:25:00,Electricidad,Electricidad,1791.0,EGRESO,APP_MOVIL,MXN
1e8e2c75-b8b4-4990-9afb-19890cf3912d,2d45cb4c-8380-477e-93dc-7ad4055949fe,21,2026-02-10 23:49:00,Metrobus,Metrobus,6.0,EGRESO,TRANSFERENCIA,MXN
991556e7-c81e-4552-a302-18f950711827,fe494458-2541-481f-bb69-2bcb8e182795,19,2026-02-11 00:03:00,Mantenimiento Automotriz,Mantenimiento Automotriz,3888.0,EGRESO,APP_MOVIL,MXN
4f893243-9d85-4ca4-9243-387c47de4d81,088735e5-4d0d-4706-a911-442edac351c2,22,2026-02-11 01:03:00,Mobil,Mobil,964.0,EGRESO,TRANSFERENCIA,MXN
527febab-54ed-41a0-a389-bca6aecac1ef,033eaacc-c1f9-412e-84cb-95b426d28b5c,1,2026-02-11 01:07:00,Nomina,Nomina,24894.24,INGRESO,TRANSFERENCIA,MXN
07705d15-12e1-49b5-8d86-7c9b06ca237a,287b9cdc-edd5-4342-a5fb-5148aeea5b6c,23,2026-02-11 02:47:00,AXA Seguros,AXA Seguros,642.0,EGRESO,APP_MOVIL,MXN
dbbbb0e2-dff1-4632-883b-b64669611612,f2e52e1f-1d7b-4214-a1ee-83e8b98918f0,30,2026-02-11 03:12:00,Salon de Belleza,Salon de Belleza,304.0,EGRESO,APP_MOVIL,MXN
3eadd92f-cdbd-4246-a6cc-a0369725e9c0,950bb240-d014-403a-bd23-d2ae18663c05,2,2026-02-11 05:08:00,Bus,Bus,9.5,EGRESO,EFECTIVO,MXN
eb9a9afd-378a-4777-9207-95bac867b9dd,cc302a48-1c7f-4cd5-8095-557e5f3ee43f,11,2026-02-11 05:52:00,Metro,Metro,5.0,EGRESO,APP_MOVIL,MXN
23362b6a-8e40-4a49-b18f-88248dace537,460819f1-3e7b-4a18-b9bb-4a991973ca55,30,2026-02-11 10:02:00,Salon de Belleza,Salon de Belleza,467.0,EGRESO,APP_MOVIL,MXN
1d49d99b-9b02-4493-9a7a-a887e5b92ad0,481fe99e-04d7-42b3-b696-00ef02353148,29,2026-02-11 10:02:00,Viajes,Viajes,10350.0,EGRESO,APP_MOVIL,MXN
56f1f5ab-d32f-4ff1-959a-ca59250c670d,1d78859f-eed0-4406-a7a8-ac62bfe90145,1,2026-02-11 12:32:00,Nomina,Nomina,7160.61,INGRESO,TRANSFERENCIA,MXN
7cd741c0-90b1-4217-af0f-0d61a7d5acb5,71c16233-5b03-45a3-b9d9-75dfce80f8cd,22,2026-02-11 13:13:00,Pemex,Pemex,829.0,EGRESO,APP_MOVIL,MXN
770b371c-5bb2-47d0-9af4-551731b7f434,e9f3e63d-6775-4b45-9daf-9722ec25fbe3,18,2026-02-11 13:50:00,Totalplay,Totalplay,499.0,EGRESO,EFECTIVO,MXN
f1efda1e-7164-45e5-9b84-ad6a84f9bdf4,5057339d-f49e-4d1c-beae-6ced3a7c148f,19,2026-02-11 15:44:00,Mantenimiento Automotriz,Mantenimiento Automotriz,3091.0,EGRESO,TRANSFERENCIA,MXN
1d2e1928-521d-4b78-a870-63ffd45f9b4e,7059c9c8-532b-4bfe-a72e-0c9aa55e75da,29,2026-02-11 15:52:00,Viajes,Viajes,6630.0,EGRESO,TRANSFERENCIA,MXN
255181c0-d8d7-450b-9633-5dccb0a0582f,efb35f92-a96e-40cb-9ba4-a3d3670133ab,19,2026-02-11 16:05:00,Mantenimiento Automotriz,Mantenimiento Automotriz,3258.0,EGRESO,TRANSFERENCIA,MXN
02ec2edb-6719-4620-b0ba-e84e3901105a,efb35f92-a96e-40cb-9ba4-a3d3670133ab,6,2026-02-11 18:03:00,Cabify,Cabify,102.0,EGRESO,APP_MOVIL,MXN
ddfe8ffc-dab6-4793-99ef-b11b363f4c74,86d42cc6-6226-41a4-aa56-9a03fdc03387,20,2026-02-11 18:10:00,Cinemex,Cinemex,515.0,EGRESO,APP_MOVIL,MXN
436d08dd-3a7e-45db-81bc-c4f80f998e57,9ebdcad6-2344-4fb6-873b-906defca570a,7,2026-02-11 19:40:00,Electricidad,Electricidad,527.0,EGRESO,APP_MOVIL,MXN
428eb9cd-5fce-41ed-b550-33c74731f8b5,2d45cb4c-8380-477e-93dc-7ad4055949fe,1,2026-02-11 20:03:00,Nomina,Nomina,8570.1,INGRESO,TRANSFERENCIA,MXN
b3bd38a5-90dc-420f-8722-839b238ffc8d,088735e5-4d0d-4706-a911-442edac351c2,1,2026-02-11 20:26:00,Transferencia Recibida,Transferencia Recibida,1705.0,INGRESO,TRANSFERENCIA,MXN
9701534a-e00d-497b-bb04-d824c0afaef9,49c19272-4521-43eb-a5ed-ba309950965f,31,2026-02-11 20:29:00,Mercado Libre,Mercado Libre,719.0,EGRESO,APP_MOVIL,MXN
2b9017a8-b287-4aa5-acf5-4c7e2629217a,e77722c3-ca39-4480-832f-f90fbc2402a7,15,2026-02-11 20:41:00,Multa de Transito,Multa de Transito,316.0,EGRESO,TRANSFERENCIA,MXN
269d75a6-e97b-464a-82fe-be98c2e8722b,af1d8cae-6064-4332-977d-e896264e20c2,1,2026-02-11 20:45:00,Nomina,Nomina,9911.92,INGRESO,TRANSFERENCIA,MXN
4abbba75-d4be-42e5-9057-b323cde1e513,e6f6e0cb-d25d-473f-9f7b-b942a476f005,19,2026-02-11 22:37:00,Mantenimiento Automotriz,Mantenimiento Automotriz,3347.0,EGRESO,EFECTIVO,MXN
5b7b43a7-dc9f-4223-aa60-8bbcdee0ac5c,950bb240-d014-403a-bd23-d2ae18663c05,26,2026-02-11 23:47:00,Farmacias del Ahorro,Farmacias del Ahorro,,EGRESO,APP_MOVIL,MXN
a1baa880-0e3c-49c9-b3e1-29243f4db4a7,2f5e4265-1e5f-4813-839b-50bf4accbd7e,6,2026-02-12 00:44:00,DiDi,DiDi,54.0,EGRESO,TRANSFERENCIA,MXN
edccf540-3d45-441f-9644-fed8d30124b9,334ac887-2c2e-43f0-ac7f-4e80e3f22173,10,2026-02-12 01:24:00,Compras Fisicas,Compras Fisicas,1496.0,EGRESO,TRANSFERENCIA,MXN
eb21f9ed-df26-44a3-a75a-666482c96f7e,c9e1bb7a-b4b0-4880-88f1-2b90da359497,23,2026-02-12 02:24:00,AXA Seguros,AXA Seguros,3287.0,EGRESO,TRANSFERENCIA,MXN
94988648-8126-4142-8451-344cd6c8c369,367901a5-f293-400f-8969-224db4f3e99e,17,2026-02-12 03:06:00,Colegiatura,Colegiatura,3067.0,EGRESO,APP_MOVIL,MXN
dea18a29-4510-4d61-a7c8-2307fc27ed3d,b8a2aeb0-77bc-4f93-87a4-dbd5d9aae0e9,8,2026-02-12 04:54:00,Herramientas,Herramientas,1305.0,EGRESO,EFECTIVO,MXN
21268647-4297-4677-841a-f924f987c4a0,7f2f8daa-dfc2-4ad0-9c49-d90ffa6ae04b,29,2026-02-12 06:12:00,Viajes,Viajes,8259.0,EGRESO,APP_MOVIL,MXN
c2f7e221-e860-44ed-9d55-e609bcaf1e0d,4f6ff8db-53cf-4464-883b-02373ed58457,18,2026-02-12 06:16:00,Totalplay,Totalplay,499.0,EGRESO,EFECTIVO,MXN
6a377bfb-bb56-4093-9353-d2c54025fea8,8580b4dd-2321-42ff-8e88-0392056caa5c,13,2026-02-12 07:51:00,Andrea,Andrea,1262.0,EGRESO,TRANSFERENCIA,MXN
2e5d091c-ab3a-4be0-bc4c-c9116fdab4b5,367901a5-f293-400f-8969-224db4f3e99e,3,2026-02-12 07:56:00,Walmart,Walmart,1610.0,EGRESO,APP_MOVIL,MXN
757dd478-3465-4ed4-92e5-568f57364960,2d80c188-6489-4094-b09d-93b06a6b2935,12,2026-02-12 08:27:00,Barberia,Barberia,448.0,EGRESO,EFECTIVO,MXN
bd1464d1-3680-4681-a6aa-da2f097a93c8,2f4e7259-c7d0-4f8e-b408-fbed59254881,1,2026-02-12 08:39:00,Nomina,Nomina,11814.53,INGRESO,TRANSFERENCIA,MXN
1d25bb99-4218-4695-8042-54139d8dc09a,86ebabff-3329-403c-ae53-7102b0dc7831,1,2026-02-12 08:41:00,Transferencia Recibida,Transferencia Recibida,4262.0,INGRESO,TRANSFERENCIA,MXN
034b6d0b-80ef-4cb8-a6a0-149fd555f25d,169f4be3-cc0f-4b41-8a79-77865835d095,3,2026-02-12 08:48:00,Bodega Aurrera,Bodega Aurrera,2073.0,EGRESO,APP_MOVIL,MXN
df0ccb3a-6908-4e90-b637-c5f1ed54f106,5057339d-f49e-4d1c-beae-6ced3a7c148f,6,2026-02-12 09:02:00,DiDi,DiDi,177.0,EGRESO,EFECTIVO,MXN
fdffed3a-e33e-41f4-a3b3-4e160e184699,6b2251e4-b804-4f13-898b-216c0c5ba9cc,33,2026-02-12 09:07:00,Agua,Agua,1127.0,EGRESO,APP_MOVIL,MXN
2dadd19b-0a8e-48bb-a8ab-c4a269b75497,1d78859f-eed0-4406-a7a8-ac62bfe90145,31,2026-02-12 09:16:00,Mercado Libre,Mercado Libre,365.0,EGRESO,EFECTIVO,MXN
af60f630-ed79-48f8-b48e-e9c8b59381c1,033eaacc-c1f9-412e-84cb-95b426d28b5c,25,2026-02-12 09:29:00,Liverpool,Liverpool,599.0,EGRESO,APP_MOVIL,MXN
b01e54ab-ccb3-44c2-984d-a0600e48e61b,481fe99e-04d7-42b3-b696-00ef02353148,34,2026-02-12 11:03:00,Steam,Steam,1517.0,EGRESO,EFECTIVO,MXN
dc13ec2e-46dc-4ba5-84fa-b7910752b3d4,36ee8608-fe5c-4530-b7cf-d13801c08072,1,2026-02-12 11:34:00,Transferencia Recibida,Transferencia Recibida,3734.0,INGRESO,TRANSFERENCIA,MXN
ac036841-83d2-4c04-9691-d50b41c3a353,37060ad3-4bfd-4b62-86a5-6c3b7241f7b3,18,2026-02-12 15:18:00,Totalplay,Totalplay,549.0,EGRESO,APP_MOVIL,MXN
dc89dd59-29da-4596-92b7-190c15855c32,b8a2aeb0-77bc-4f93-87a4-dbd5d9aae0e9,8,2026-02-12 15:42:00,Herramientas,Herramientas,835.0,EGRESO,TRANSFERENCIA,MXN
4431c505-0cb0-496e-b02d-d611523e57c2,2f4e7259-c7d0-4f8e-b408-fbed59254881,9,2026-02-12 15:48:00,AT&T,AT&T,100.0,EGRESO,EFECTIVO,MXN
6c7e97ea-0d0c-4635-a9a8-b65d8225bd93,edeb6414-0b55-4e0a-bed2-b73a88276387,20,2026-02-12 16:28:00,Starbucks,Starbucks,792.0,EGRESO,EFECTIVO,MXN
09a2e9a2-9fea-4e85-aac4-088614de6a35,cf376ebc-04ee-401c-98d2-d2ca7394def8,9,2026-02-12 17:05:00,Telcel,Telcel,249.0,EGRESO,TRANSFERENCIA,MXN
7e9c2d18-7bda-4ba4-a15c-b5760fd456c8,e4f9aabd-8595-4a2d-84b2-3d54a4541fdc,26,2026-02-12 17:40:00,Farmacias Similares,Farmacias Similares,189.0,EGRESO,APP_MOVIL,MXN
8279f054-6ddb-4e79-8eb5-efdbe6c440ce,6b2251e4-b804-4f13-898b-216c0c5ba9cc,1,2026-02-12 18:12:00,Transferencia Recibida,Transferencia Recibida,3507.0,INGRESO,TRANSFERENCIA,MXN
ba753345-76d9-49e9-b359-6e4986f86543,03e60ec2-d499-47cd-81fb-96e308403ecd,3,2026-02-12 18:14:00,Walmart,Walmart,889.0,EGRESO,EFECTIVO,MXN
993039b3-8e45-4800-8db0-ef1b31af64f9,2ca34b24-a26a-4698-a4c6-7593f66ced33,3,2026-02-12 18:56:00,Costco,Costco,2804.0,EGRESO,EFECTIVO,MXN
5854c42e-787b-4245-8170-f6fa788d3e8c,5057339d-f49e-4d1c-beae-6ced3a7c148f,1,2026-02-12 19:34:00,Nomina,Nomina,6184.68,INGRESO,TRANSFERENCIA,MXN
9244768f-7953-4be2-b0f6-0c0990224b85,2d80c188-6489-4094-b09d-93b06a6b2935,29,2026-02-12 20:02:00,Viajes,Viajes,2620.0,EGRESO,EFECTIVO,MXN
2d72f235-3243-4645-8fc4-fb5d1bf3fd8a,c56eb014-1de6-4df3-9cc5-45132bbf6942,10,2026-02-12 20:08:00,Compras Fisicas,Compras Fisicas,475.0,EGRESO,TRANSFERENCIA,MXN
0287011b-21f9-406d-94a6-b3affd6cd4ff,4bb45633-ce6a-4e78-8b36-ab2143b9312a,9,2026-02-12 20:15:00,Telcel,Telcel,150.0,EGRESO,APP_MOVIL,MXN
3dcbd94f-ee0f-48fb-95b5-b62c51e597fd,87a8bdbd-1d61-4275-b187-80f960bd7983,12,2026-02-12 21:22:00,Barberia,Barberia,447.0,EGRESO,TRANSFERENCIA,MXN
8fd2b772-0f10-4e80-8c88-66d0d124d9ac,edeb6414-0b55-4e0a-bed2-b73a88276387,12,2026-02-13 01:10:00,Barberia,Barberia,225.0,EGRESO,APP_MOVIL,MXN
412e25b8-4682-44c5-99b7-4bb98f752a9d,6e3e2a99-1a3d-42fa-bfe5-52f057eccb2f,17,2026-02-13 01:17:00,Colegiatura,Colegiatura,5844.0,EGRESO,APP_MOVIL,MXN
d6e14380-6c26-4820-9368-1a6e0fb3bc32,1d78859f-eed0-4406-a7a8-ac62bfe90145,1,2026-02-13 01:34:00,Nomina,Nomina,7160.61,INGRESO,TRANSFERENCIA,MXN
9d54d10c-ef27-4991-8d9e-cb42c06dd49f,4f6ff8db-53cf-4464-883b-02373ed58457,9,2026-02-13 02:21:00,Telcel,Telcel,150.0,EGRESO,TRANSFERENCIA,MXN
3adac5c6-02d1-44df-bbbc-9fd0762ece3a,4a021a05-bacc-4ded-98e4-6ba1343b83b4,19,2026-02-13 03:27:00,Mantenimiento Automotriz,Mantenimiento Automotriz,2079.0,EGRESO,APP_MOVIL,MXN
50c92045-9e2e-482f-99c8-fe35a5b039d0,fe494458-2541-481f-bb69-2bcb8e182795,14,2026-02-13 03:52:00,Renta,Renta,10519.0,EGRESO,EFECTIVO,MXN
7dfbecb9-e7cd-4eaa-94eb-005285d1f92b,698259d6-1dc2-4996-bae9-8219285ebc59,1,2026-02-13 08:08:00,Nomina,Nomina,20700.4,INGRESO,TRANSFERENCIA,MXN
d117d516-e4f0-45a8-ac3b-0fd441cc4473,8580b4dd-2321-42ff-8e88-0392056caa5c,6,2026-02-13 09:45:00,Uber,Uber,187.0,EGRESO,APP_MOVIL,MXN
9a8e7de6-4ca3-469c-866f-7ccdb3c54b99,b5525d88-0da0-4036-a444-3e4f7a34128f,1,2026-02-13 09:53:00,Transferencia Recibida,Transferencia Recibida,2555.0,INGRESO,TRANSFERENCIA,MXN
a4e2a96c-3496-4ca4-97c0-d661e9e4ff82,282aba8c-1169-402d-adbd-8a41f6676432,24,2026-02-13 09:55:00,NYX Cosmetics,NYX Cosmetics,2040.0,EGRESO,EFECTIVO,MXN
e437ce64-99ed-4ba3-965c-b14c50ea5343,86d42cc6-6226-41a4-aa56-9a03fdc03387,23,2026-02-13 11:01:00,AXA Seguros,AXA Seguros,2080.0,EGRESO,EFECTIVO,MXN
dbc3d43f-1cff-4964-9108-7e81df9d5ccb,b6ca9d87-476a-4c5d-83ca-7693a6527a9c,19,2026-02-13 11:56:00,Mantenimiento Automotriz,Mantenimiento Automotriz,3058.0,EGRESO,TRANSFERENCIA,MXN
8432edbb-c84b-4402-bd8a-5cfb253f7b8f,f30fbc40-9703-4c31-b9a5-ab557c4b82c8,33,2026-02-13 12:32:00,Agua,Agua,1233.0,EGRESO,APP_MOVIL,MXN
6ff09d56-b536-416c-bd12-24a66fce261d,d660ddf9-6ba0-4a64-88ea-5d41f61fcefb,6,2026-02-13 12:45:00,DiDi,DiDi,70.0,EGRESO,TRANSFERENCIA,MXN
f95ada61-6c90-453a-a3e4-9cc156219453,033eaacc-c1f9-412e-84cb-95b426d28b5c,25,2026-02-13 14:33:00,Palacio de Hierro,Palacio de Hierro,389.0,EGRESO,TRANSFERENCIA,MXN
86360dd0-e6dc-4c79-bd0a-3b1fa6f729c2,a016e16f-7680-4d69-8958-9b2a62b35431,1,2026-02-13 15:32:00,Nomina,Nomina,12456.57,INGRESO,TRANSFERENCIA,MXN
b10871a7-e4b8-49de-8ada-00a806f39dd3,cb4d084d-d246-4f2e-847a-1132c5e51dc6,19,2026-02-13 16:37:00,Mantenimiento Automotriz,Mantenimiento Automotriz,1009.0,EGRESO,APP_MOVIL,MXN
9d6cc47e-a52e-42f8-9d4f-191f074bfa61,03e60ec2-d499-47cd-81fb-96e308403ecd,4,2026-02-13 16:52:00,Apple TV+,Apple TV+,129.0,EGRESO,EFECTIVO,MXN
a5de83d0-7544-4f8a-bdee-474844ddb483,6b2251e4-b804-4f13-898b-216c0c5ba9cc,12,2026-02-13 18:16:00,Barberia,Barberia,404.0,EGRESO,TRANSFERENCIA,MXN
c9665b94-6b42-42d0-be2b-be1e77e502f4,0d4d9d7a-2ce4-4002-abe0-031b288ff53c,16,2026-02-13 18:40:00,Cloe,Cloe,289.0,EGRESO,TRANSFERENCIA,MXN
07e71d21-9d8b-482e-8cd7-ff34e54b1beb,6e3e2a99-1a3d-42fa-bfe5-52f057eccb2f,8,2026-02-13 18:48:00,Herramientas,Herramientas,2466.0,EGRESO,EFECTIVO,MXN
41e0a666-041a-4268-9e32-bb0d99f4964d,6e3e2a99-1a3d-42fa-bfe5-52f057eccb2f,1,2026-02-13 19:04:00,Nomina,Nomina,5628.95,INGRESO,TRANSFERENCIA,MXN
053f3319-6459-4499-9da7-671de1f692ff,86ebabff-3329-403c-ae53-7102b0dc7831,12,2026-02-13 19:11:00,Barberia,Barberia,124.0,EGRESO,TRANSFERENCIA,MXN
87a946b0-84ff-4f11-a02c-41268e421593,bacb91fd-e8d8-4aab-86af-be8542045bfc,5,2026-02-13 19:51:00,McDonald's,McDonald's,1134.0,EGRESO,TRANSFERENCIA,MXN
d5bb8e96-2231-4776-9fed-428fcc74775a,698259d6-1dc2-4996-bae9-8219285ebc59,22,2026-02-13 19:52:00,BP,BP,735.0,EGRESO,TRANSFERENCIA,MXN
f9b6c9d1-7e56-4b15-85d0-82df44b6c163,cb4d084d-d246-4f2e-847a-1132c5e51dc6,30,2026-02-13 21:06:00,Salon de Belleza,Salon de Belleza,486.0,EGRESO,APP_MOVIL,MXN
be45569a-8784-4e75-8488-dad4917139cb,4c903803-6f89-4498-ac48-9cac84de61c7,1,2026-02-13 21:43:00,Nomina,Nomina,27087.9,INGRESO,TRANSFERENCIA,MXN
c0e9fd2a-ebcf-47de-8beb-3772bea26d87,481fe99e-04d7-42b3-b696-00ef02353148,31,2026-02-14 00:18:00,Amazon,Amazon,2247.0,EGRESO,TRANSFERENCIA,MXN
f5c02110-843f-4c2b-85fa-7af3788e43ab,2d80c188-6489-4094-b09d-93b06a6b2935,8,2026-02-14 00:32:00,Herramientas,Herramientas,999.0,EGRESO,APP_MOVIL,MXN
ecefb8bf-b1f6-4cec-ac10-d8d5e7f1b620,4c903803-6f89-4498-ac48-9cac84de61c7,19,2026-02-14 00:59:00,Mantenimiento Automotriz,Mantenimiento Automotriz,513.0,EGRESO,TRANSFERENCIA,MXN
b238d6cf-fa8c-4bb8-809c-fe288877769b,e8dab777-b3e1-4c67-81e8-1bcf07a12eb6,28,2026-02-14 01:07:00,Innvictus,Innvictus,202.0,EGRESO,EFECTIVO,MXN
9c0a5d3b-8600-4199-8922-f2bd4ef8b25d,2f4e7259-c7d0-4f8e-b408-fbed59254881,34,2026-02-14 03:14:00,Steam,Steam,1263.0,EGRESO,APP_MOVIL,MXN
1a016f94-44bf-4d8c-9024-4a1cea2233c8,8580b4dd-2321-42ff-8e88-0392056caa5c,1,2026-02-14 03:40:00,Nomina,Nomina,4916.3,INGRESO,TRANSFERENCIA,MXN
86207a33-f35c-47a8-bb42-4c1293ec8cd2,2ca34b24-a26a-4698-a4c6-7593f66ced33,4,2026-02-14 05:21:00,Apple TV+,Apple TV+,129.0,EGRESO,EFECTIVO,MXN
3248e86c-d729-4348-82cb-264c2703ca93,d7073699-b1fd-4984-8380-c897f19b37c2,32,2026-02-14 05:29:00,PlayStation Network,PlayStation Network,1402.0,EGRESO,APP_MOVIL,MXN
ce85c732-3c20-41a1-9f07-9ac6964a5af9,654c4cb9-fb3b-421c-9e42-884531a72e4c,3,2026-02-14 05:35:00,Chedraui,Chedraui,1145.0,EGRESO,EFECTIVO,MXN
d4056d3f-14aa-4c51-9702-bf6250bc51b5,4a021a05-bacc-4ded-98e4-6ba1343b83b4,1,2026-02-14 06:41:00,Nomina,Nomina,12342.83,INGRESO,TRANSFERENCIA,MXN
1fd6b29b-4c33-450d-bf0d-70abc98a5673,5057339d-f49e-4d1c-beae-6ced3a7c148f,5,2026-02-14 07:15:00,Burger King,Burger King,303.0,EGRESO,APP_MOVIL,MXN
159f1d7e-289a-47e8-8984-997d4d1db05c,c9e1bb7a-b4b0-4880-88f1-2b90da359497,31,2026-02-14 07:30:00,Mercado Libre,Mercado Libre,2361.0,EGRESO,TRANSFERENCIA,MXN
5ac20868-516a-4f63-ab23-e801095b9cfa,e8dab777-b3e1-4c67-81e8-1bcf07a12eb6,2,2026-02-14 09:08:00,Bus,Bus,,EGRESO,TRANSFERENCIA,MXN
5a5c1fd7-5b52-40ff-8cc6-d9ef4aa03669,f30fbc40-9703-4c31-b9a5-ab557c4b82c8,31,2026-02-14 11:18:00,Amazon,Amazon,1554.0,EGRESO,APP_MOVIL,MXN
634d4418-7751-49a9-9979-ca1fead3c8ff,481fe99e-04d7-42b3-b696-00ef02353148,30,2026-02-14 11:26:00,Salon de Belleza,Salon de Belleza,185.0,EGRESO,TRANSFERENCIA,MXN
feca9733-185a-4478-98a7-f1fb7127cbad,b6ca9d87-476a-4c5d-83ca-7693a6527a9c,26,2026-02-14 11:28:00,Farmacias del Ahorro,Farmacias del Ahorro,173.0,EGRESO,TRANSFERENCIA,MXN
bcb90837-0709-4890-af6f-5bca6a7b61f9,7059c9c8-532b-4bfe-a72e-0c9aa55e75da,18,2026-02-14 12:54:00,Infinitum,Infinitum,499.0,EGRESO,APP_MOVIL,MXN
f4061114-c239-41a9-82c0-cf66d6a19f0d,37060ad3-4bfd-4b62-86a5-6c3b7241f7b3,4,2026-02-14 12:59:00,Amazon Prime,Amazon Prime,99.0,EGRESO,TRANSFERENCIA,MXN
a25cfe9d-b4ac-42b2-9241-53d33a2217bd,49c19272-4521-43eb-a5ed-ba309950965f,4,2026-02-14 17:46:00,Disney+,Disney+,299.0,EGRESO,APP_MOVIL,MXN
27eb4212-de9d-464a-a42f-0e98591f0c4a,e8dab777-b3e1-4c67-81e8-1bcf07a12eb6,11,2026-02-14 18:41:00,Metro,Metro,5.0,EGRESO,APP_MOVIL,MXN
721ca5a8-b7e7-4286-a63a-5a376b55e83b,2f5e4265-1e5f-4813-839b-50bf4accbd7e,33,2026-02-14 19:07:00,Agua,Agua,707.0,EGRESO,EFECTIVO,MXN
791829c4-f810-4317-9d72-259f026d9bff,7336ec17-03d6-4127-a085-cb3f799bd54e,21,2026-02-14 20:27:00,Metrobus,Metrobus,20.0,EGRESO,APP_MOVIL,MXN
fc0e9914-3c0b-40b0-8e7a-ec544b74796b,f2e52e1f-1d7b-4214-a1ee-83e8b98918f0,26,2026-02-14 22:21:00,Farmacias Guadalajara,Farmacias Guadalajara,739.0,EGRESO,TRANSFERENCIA,MXN
55763270-d24d-4192-907c-bdfdda776032,b8a2aeb0-77bc-4f93-87a4-dbd5d9aae0e9,18,2026-02-14 23:05:00,Izzi,Izzi,439.0,EGRESO,APP_MOVIL,MXN
bc582031-5f55-4459-a0df-17e24b1a8869,6e3e2a99-1a3d-42fa-bfe5-52f057eccb2f,1,2026-02-14 23:26:00,Transferencia Recibida,Transferencia Recibida,3099.0,INGRESO,TRANSFERENCIA,MXN
af0b60c9-22e1-4b01-8078-4f99645dc8c6,e77722c3-ca39-4480-832f-f90fbc2402a7,4,2026-02-14 23:40:00,Amazon Prime,Amazon Prime,99.0,EGRESO,APP_MOVIL,MXN
f13ba228-9d8b-4387-8db0-778363dc9022,6be93697-d5c5-49d1-8778-8abe58f5c5a3,14,2026-02-15 00:08:00,Renta,Renta,6312.0,EGRESO,TRANSFERENCIA,MXN
8bdad709-3302-4110-80c9-9f08c154dea3,e8dab777-b3e1-4c67-81e8-1bcf07a12eb6,9,2026-02-15 00:20:00,Movistar,Movistar,100.0,EGRESO,APP_MOVIL,MXN
2f1a3a66-d68e-4106-ad6f-d2430cacfcd5,36bb528a-43a8-4008-8557-d3e3a5c94a6c,15,2026-02-15 00:25:00,Multa de Transito,Multa de Transito,1338.0,EGRESO,EFECTIVO,MXN
b42e1a6c-1c63-4570-b3d1-0f43079a248c,287b9cdc-edd5-4342-a5fb-5148aeea5b6c,21,2026-02-15 00:37:00,Metrobus,Metrobus,6.0,EGRESO,EFECTIVO,MXN
93330042-b98e-4ab3-b7f0-9fa1a5665e9b,9ebdcad6-2344-4fb6-873b-906defca570a,4,2026-02-15 03:01:00,Max (HBO),Max (HBO),249.0,EGRESO,EFECTIVO,MXN
66ca891d-ddc8-4877-bf02-cbd3c8006209,36bb528a-43a8-4008-8557-d3e3a5c94a6c,9,2026-02-15 03:20:00,Movistar,Movistar,599.0,EGRESO,APP_MOVIL,MXN
6e80935a-1799-4fb0-9afc-7806a4deb994,cc302a48-1c7f-4cd5-8095-557e5f3ee43f,31,2026-02-15 04:44:00,Amazon,Amazon,1795.0,EGRESO,EFECTIVO,MXN
a9ce3c9d-1a27-4409-aee3-335c79eb1302,460819f1-3e7b-4a18-b9bb-4a991973ca55,7,2026-02-15 05:41:00,Electricidad,Electricidad,1032.0,EGRESO,APP_MOVIL,MXN
5fe3f42d-6c8e-4d2d-ab7b-96b453334779,9fa6af03-3f13-4285-852b-d389da76d928,1,2026-02-15 05:45:00,Nomina,Nomina,20039.9,INGRESO,TRANSFERENCIA,MXN
54488c4a-29b5-4039-95b8-4bd1568b0eee,0d4d9d7a-2ce4-4002-abe0-031b288ff53c,1,2026-02-15 08:16:00,Nomina,Nomina,13187.97,INGRESO,TRANSFERENCIA,MXN
a0915dc1-9a76-4efd-a354-fbdd33f126eb,cf376ebc-04ee-401c-98d2-d2ca7394def8,2,2026-02-15 09:07:00,Bus,Bus,9.5,EGRESO,EFECTIVO,MXN
595d1c05-cb7e-40c3-80a6-d6bbfb674f1a,cc302a48-1c7f-4cd5-8095-557e5f3ee43f,26,2026-02-15 10:01:00,Farmacias del Ahorro,Farmacias del Ahorro,229.0,EGRESO,APP_MOVIL,MXN
19daa29f-0d4c-41d0-80b3-a15fe75278e1,334ac887-2c2e-43f0-ac7f-4e80e3f22173,15,2026-02-15 12:07:00,Multa de Transito,Multa de Transito,1250.0,EGRESO,APP_MOVIL,MXN
acfa44a1-9834-47b9-b4e8-a3790b8b0fad,460819f1-3e7b-4a18-b9bb-4a991973ca55,10,2026-02-15 13:30:00,Compras Fisicas,Compras Fisicas,2194.0,EGRESO,APP_MOVIL,MXN
dcc7a25e-9b52-46e6-8315-785fe9a1ada4,7489af6c-154c-4eef-b7af-50397bd6b848,20,2026-02-15 13:33:00,Cinemex,Cinemex,765.0,EGRESO,TRANSFERENCIA,MXN
3f84220b-d794-4fe6-9c30-e371c1f3b182,e9f3e63d-6775-4b45-9daf-9722ec25fbe3,1,2026-02-15 14:53:00,Transferencia Recibida,Transferencia Recibida,2935.0,INGRESO,TRANSFERENCIA,MXN
be16070f-9cc8-4e37-a988-9b4ae1155390,36ee8608-fe5c-4530-b7cf-d13801c08072,1,2026-02-15 16:07:00,Transferencia Recibida,Transferencia Recibida,4897.0,INGRESO,TRANSFERENCIA,MXN
b18487b2-1c74-442e-b749-4025c28af692,fe494458-2541-481f-bb69-2bcb8e182795,28,2026-02-15 17:12:00,Deportes Marti,Deportes Marti,434.0,EGRESO,EFECTIVO,MXN
581a60ad-aa51-42f8-bc10-14bbe53d9c1c,edeb6414-0b55-4e0a-bed2-b73a88276387,1,2026-02-15 17:44:00,Transferencia Recibida,Transferencia Recibida,2485.0,INGRESO,TRANSFERENCIA,MXN
4a7125d6-04f9-42f3-9fb3-79750c1909a6,c56eb014-1de6-4df3-9cc5-45132bbf6942,15,2026-02-15 17:56:00,Multa de Transito,Multa de Transito,3977.0,EGRESO,EFECTIVO,MXN
5199b268-4a9f-4a58-a056-82d5c957ab65,27184bbc-330d-4cfd-a78f-c17d51279685,11,2026-02-15 18:04:00,Metro,Metro,5.0,EGRESO,APP_MOVIL,MXN
60768c2d-9b12-41b2-957f-7cccbb362b88,287b9cdc-edd5-4342-a5fb-5148aeea5b6c,19,2026-02-15 22:12:00,Mantenimiento Automotriz,Mantenimiento Automotriz,2857.0,EGRESO,TRANSFERENCIA,MXN
029f9f4f-ef02-4189-844c-5c31f3b269be,2d80c188-6489-4094-b09d-93b06a6b2935,22,2026-02-16 01:29:00,BP,BP,359.0,EGRESO,APP_MOVIL,MXN
6993353b-684a-45fb-9c76-7bb543a107f5,03e60ec2-d499-47cd-81fb-96e308403ecd,23,2026-02-16 02:53:00,AXA Seguros,AXA Seguros,2765.0,EGRESO,TRANSFERENCIA,MXN
be28ce28-46a6-4c02-ba57-edb9b72d22ec,7059c9c8-532b-4bfe-a72e-0c9aa55e75da,34,2026-02-16 03:46:00,Nintendo eShop,Nintendo eShop,1671.0,EGRESO,APP_MOVIL,MXN
8c0e0c05-b405-4751-b81e-1af4feeea054,e80f9cac-b03e-4fcb-a3f3-7f1c6286bc7b,23,2026-02-16 04:19:00,GNP Seguros,GNP Seguros,2410.0,EGRESO,TRANSFERENCIA,MXN
ab22b34b-8633-4b45-857a-d79afd184f58,cc302a48-1c7f-4cd5-8095-557e5f3ee43f,1,2026-02-16 04:33:00,Nomina,Nomina,22170.53,INGRESO,TRANSFERENCIA,MXN
b1c4fade-e31b-4651-90e5-c73a27610f29,8ae451d5-4e82-4ced-8bbc-cee19fedccda,4,2026-02-16 09:46:00,Amazon Prime,Amazon Prime,99.0,EGRESO,APP_MOVIL,MXN
89383d45-57b8-4730-9f86-5ef23a7ab11b,f20e8816-f077-4abe-837b-b3e39ccf37eb,18,2026-02-16 10:58:00,Totalplay,Totalplay,439.0,EGRESO,TRANSFERENCIA,MXN
5ad1a4b9-9cca-4aa1-9128-cf6085bdd717,088735e5-4d0d-4706-a911-442edac351c2,32,2026-02-16 11:09:00,Xbox Live,Xbox Live,635.0,EGRESO,TRANSFERENCIA,MXN
05ec12ca-abdd-4ea9-b117-fbcf28b08a2a,698259d6-1dc2-4996-bae9-8219285ebc59,25,2026-02-16 12:15:00,Palacio de Hierro,Palacio de Hierro,2057.0,EGRESO,APP_MOVIL,MXN
f5e9ae58-ebf5-4472-a66a-83d34c9ef084,edeb6414-0b55-4e0a-bed2-b73a88276387,27,2026-02-16 13:02:00,Gas,Gas,689.0,EGRESO,TRANSFERENCIA,MXN
ba3752d2-6659-4dc6-bb8b-1d19cec59e7f,3e5b598d-bd6d-4076-8922-5940bc6d277c,34,2026-02-16 13:27:00,Epic Games Store,Epic Games Store,271.0,EGRESO,EFECTIVO,MXN
b51e5361-3b9a-4f91-8a1c-79af4c0ef32c,36ee8608-fe5c-4530-b7cf-d13801c08072,31,2026-02-16 15:09:00,Amazon,Amazon,1408.0,EGRESO,APP_MOVIL,MXN
4f88ec5a-4331-4443-9a9f-52b2fa1c9465,27184bbc-330d-4cfd-a78f-c17d51279685,23,2026-02-16 15:19:00,GNP Seguros,GNP Seguros,2679.0,EGRESO,APP_MOVIL,MXN
ea9f1823-a1d9-4f47-8788-af88405e9169,2d45cb4c-8380-477e-93dc-7ad4055949fe,24,2026-02-16 18:19:00,L'Oreal,L'Oreal,624.0,EGRESO,EFECTIVO,MXN
6a81c63b-fa3d-43e5-84f9-b4b31a3162d4,af1d8cae-6064-4332-977d-e896264e20c2,27,2026-02-16 18:31:00,Gas,Gas,821.0,EGRESO,TRANSFERENCIA,MXN
a8efbc96-6505-4736-9beb-727e5d0a3968,4a021a05-bacc-4ded-98e4-6ba1343b83b4,10,2026-02-16 18:35:00,Compras Fisicas,Compras Fisicas,1175.0,EGRESO,TRANSFERENCIA,MXN
5ed7353b-d3a4-46bf-8ef9-47f03281ce12,cb4d084d-d246-4f2e-847a-1132c5e51dc6,1,2026-02-16 18:52:00,Nomina,Nomina,8127.53,INGRESO,TRANSFERENCIA,MXN
62657e44-af00-43b9-8514-a5401574f6bc,0aa2518e-377e-4305-9b5c-0f8e0f802f9e,25,2026-02-16 19:11:00,Palacio de Hierro,Palacio de Hierro,1122.0,EGRESO,APP_MOVIL,MXN
6a331576-6376-43ed-88c6-1ade91593484,49c19272-4521-43eb-a5ed-ba309950965f,1,2026-02-16 19:44:00,Transferencia Recibida,Transferencia Recibida,2315.0,INGRESO,TRANSFERENCIA,MXN
996147cd-1e46-4aa4-9ec8-ef98404b9568,e9f3e63d-6775-4b45-9daf-9722ec25fbe3,32,2026-02-16 19:54:00,PlayStation Network,PlayStation Network,1683.0,EGRESO,APP_MOVIL,MXN
49ee396c-390d-48c1-ad10-612e3a9e2b31,b5525d88-0da0-4036-a444-3e4f7a34128f,24,2026-02-16 20:09:00,Maybelline,Maybelline,2065.0,EGRESO,APP_MOVIL,MXN
77edec24-cf3c-4bfa-a877-a62be7444d4f,f20e8816-f077-4abe-837b-b3e39ccf37eb,1,2026-02-16 20:53:00,Nomina,Nomina,4980.31,INGRESO,TRANSFERENCIA,MXN
5a9738e0-ea60-4367-9960-189354f725c5,27184bbc-330d-4cfd-a78f-c17d51279685,1,2026-02-16 22:06:00,Nomina,Nomina,14773.1,INGRESO,TRANSFERENCIA,MXN
284b9dbe-2363-455d-ab62-457f98ecd7c7,8711e8ab-3016-4507-8ecf-8798f901a525,26,2026-02-16 23:25:00,Farmacias Similares,Farmacias Similares,785.0,EGRESO,APP_MOVIL,MXN
7fda521f-6083-43db-9708-7b3d5db6ac3c,71c16233-5b03-45a3-b9d9-75dfce80f8cd,25,2026-02-17 00:52:00,Liverpool,Liverpool,1422.0,EGRESO,APP_MOVIL,MXN
785c1354-9f2b-4fea-a786-8cb169de794f,e6f6e0cb-d25d-473f-9f7b-b942a476f005,29,2026-02-17 01:19:00,Viajes,Viajes,8989.0,EGRESO,TRANSFERENCIA,MXN
db850abb-4735-4fc2-ab88-fe47d0ddc2e8,feb46172-c764-46f8-8955-33a46aebe6cc,25,2026-02-17 02:07:00,Palacio de Hierro,Palacio de Hierro,740.0,EGRESO,APP_MOVIL,MXN
3e9c0543-5372-4030-ba4a-cdcf7d107d87,d83b0edd-72db-47f8-a768-7d03bc7fa190,21,2026-02-17 03:36:00,Metrobus,Metrobus,50.0,EGRESO,EFECTIVO,MXN
ee5e4623-3e5f-42de-aeb1-35ddbd747934,74a2259c-8ee4-4064-89cc-8a49fd390792,3,2026-02-17 04:18:00,Costco,Costco,1344.0,EGRESO,EFECTIVO,MXN
995cfffa-56fa-42e3-9fc7-76098e7cff4b,b1df054d-9d22-4d28-b46d-87390f12a902,28,2026-02-17 05:19:00,Innvictus,Innvictus,619.0,EGRESO,EFECTIVO,MXN
407eb91b-37fd-4421-a7a4-a860af460385,4bb45633-ce6a-4e78-8b36-ab2143b9312a,14,2026-02-17 06:00:00,Renta,Renta,6966.0,EGRESO,APP_MOVIL,MXN
eb5bcbc3-c186-4bf6-8d0e-1941e4a88f99,27184bbc-330d-4cfd-a78f-c17d51279685,33,2026-02-17 06:06:00,Agua,Agua,521.0,EGRESO,APP_MOVIL,MXN
79de6a17-207f-41fc-ada1-78e15ce1d025,cf376ebc-04ee-401c-98d2-d2ca7394def8,16,2026-02-17 07:26:00,Michael Kors,Michael Kors,895.0,EGRESO,EFECTIVO,MXN
172789ef-59e7-4e8e-a3a7-c8d27180f1a7,287b9cdc-edd5-4342-a5fb-5148aeea5b6c,19,2026-02-17 07:32:00,Mantenimiento Automotriz,Mantenimiento Automotriz,2717.0,EGRESO,TRANSFERENCIA,MXN
7cb9dc00-46da-4f2e-91c0-e9f54fa39b61,87a8bdbd-1d61-4275-b187-80f960bd7983,23,2026-02-17 08:15:00,GNP Seguros,GNP Seguros,3965.0,EGRESO,APP_MOVIL,MXN
0479ff6e-0653-4e86-9e39-455efbc7cf05,e9f3e63d-6775-4b45-9daf-9722ec25fbe3,1,2026-02-17 08:25:00,Transferencia Recibida,Transferencia Recibida,2814.0,INGRESO,TRANSFERENCIA,MXN
4dc8d9cc-306e-47e7-9ed2-3ac09dcf15c8,334ac887-2c2e-43f0-ac7f-4e80e3f22173,31,2026-02-17 08:53:00,Mercado Libre,Mercado Libre,250.0,EGRESO,EFECTIVO,MXN
97670aba-f700-4d8d-8896-8b2f2316325b,b8a2aeb0-77bc-4f93-87a4-dbd5d9aae0e9,8,2026-02-17 09:46:00,Herramientas,Herramientas,888.0,EGRESO,APP_MOVIL,MXN
81ffa4f9-9e02-445b-aea7-ef1ede94da13,1d78859f-eed0-4406-a7a8-ac62bfe90145,28,2026-02-17 11:19:00,Decathlon,Decathlon,466.0,EGRESO,APP_MOVIL,MXN
045613c1-476f-4b4b-8d4e-6676a1c59c67,a016e16f-7680-4d69-8958-9b2a62b35431,32,2026-02-17 11:44:00,PlayStation Network,PlayStation Network,521.0,EGRESO,EFECTIVO,MXN
b7084bbe-9c4e-4f31-9503-f50f0c5eeb81,cb4d084d-d246-4f2e-847a-1132c5e51dc6,15,2026-02-17 11:52:00,Multa de Transito,Multa de Transito,1670.0,EGRESO,APP_MOVIL,MXN
a6bbab0f-1c72-4946-9600-6825549f3e7b,e9f3e63d-6775-4b45-9daf-9722ec25fbe3,27,2026-02-17 14:55:00,Gas,Gas,413.0,EGRESO,TRANSFERENCIA,MXN
f562d6ac-07c5-44e0-8a9f-2b8bb12d619c,ec1a1f42-1c5f-492f-919f-08cacfcb0039,1,2026-02-17 16:24:00,Nomina,Nomina,6725.27,INGRESO,TRANSFERENCIA,MXN
67d4b148-ff5b-4416-969b-eec7b67c1b47,367901a5-f293-400f-8969-224db4f3e99e,22,2026-02-17 16:33:00,Oxxo Gas,Oxxo Gas,781.0,EGRESO,APP_MOVIL,MXN
53c9d08a-532a-4993-94e7-d12f5a68581b,8711e8ab-3016-4507-8ecf-8798f901a525,26,2026-02-17 16:52:00,Farmacias del Ahorro,Farmacias del Ahorro,257.0,EGRESO,TRANSFERENCIA,MXN
b5faf82e-13e1-4698-b9e9-370202de6ff8,654c4cb9-fb3b-421c-9e42-884531a72e4c,24,2026-02-17 16:52:00,L'Oreal,L'Oreal,1105.0,EGRESO,EFECTIVO,MXN
86c70f72-caae-47ba-85f1-6746fd20d7b5,4bb45633-ce6a-4e78-8b36-ab2143b9312a,1,2026-02-17 17:01:00,Transferencia Recibida,Transferencia Recibida,2509.0,INGRESO,TRANSFERENCIA,MXN
c594b781-70d2-4db5-8fb5-4da6320cc586,c56eb014-1de6-4df3-9cc5-45132bbf6942,1,2026-02-17 17:15:00,Nomina,Nomina,16273.16,INGRESO,TRANSFERENCIA,MXN
b740576a-1940-4562-b186-bd53fe88f8f1,cc302a48-1c7f-4cd5-8095-557e5f3ee43f,21,2026-02-17 17:44:00,Metrobus,Metrobus,6.0,EGRESO,TRANSFERENCIA,MXN
6845859c-1b54-46a9-97cd-9e92e22846c6,2f5e4265-1e5f-4813-839b-50bf4accbd7e,21,2026-02-17 18:32:00,Metrobus,Metrobus,6.0,EGRESO,APP_MOVIL,MXN
98593f24-d7f0-4fa5-881d-3fcf578b4b18,169f4be3-cc0f-4b41-8a79-77865835d095,33,2026-02-17 20:58:00,Agua,Agua,518.0,EGRESO,TRANSFERENCIA,MXN
a3dd32b2-0578-4712-b2cb-d2bff4ad6455,7c74290c-b207-43d8-bcd5-14f069783b3b,24,2026-02-17 23:02:00,Maybelline,Maybelline,458.0,EGRESO,TRANSFERENCIA,MXN
a4b0750f-5d92-4bf6-93e2-f3d4a00a0d25,8580b4dd-2321-42ff-8e88-0392056caa5c,20,2026-02-17 23:30:00,Cinepolis,Cinepolis,205.0,EGRESO,APP_MOVIL,MXN
fb2e1fba-960f-4645-8a0f-10ecb797f43e,d7b98250-11d8-4b40-a1fd-44ae5b3e0d2a,8,2026-02-18 02:00:00,Herramientas,Herramientas,861.0,EGRESO,APP_MOVIL,MXN
7dc9807a-8946-47f7-bf7f-22988cf1a3d3,d660ddf9-6ba0-4a64-88ea-5d41f61fcefb,15,2026-02-18 02:28:00,Multa de Transito,Multa de Transito,3339.0,EGRESO,APP_MOVIL,MXN
5ffcc857-466d-4f94-8471-3e9bb9d6b01c,3e5b598d-bd6d-4076-8922-5940bc6d277c,15,2026-02-18 02:37:00,Multa de Transito,Multa de Transito,2196.0,EGRESO,APP_MOVIL,MXN
b8668f7e-038e-437e-94bf-2f98547bf79a,c49c8bf6-2d71-40b9-8f87-363b870b0dfd,15,2026-02-18 02:40:00,Multa de Transito,Multa de Transito,359.0,EGRESO,APP_MOVIL,MXN
d03061c6-92a6-42ca-a83a-708a23294928,0d4d9d7a-2ce4-4002-abe0-031b288ff53c,19,2026-02-18 03:14:00,Mantenimiento Automotriz,Mantenimiento Automotriz,743.0,EGRESO,TRANSFERENCIA,MXN
1cb82c37-d588-42b7-80c2-9c86dbabc3dc,7c74290c-b207-43d8-bcd5-14f069783b3b,33,2026-02-18 04:03:00,Agua,Agua,1263.0,EGRESO,TRANSFERENCIA,MXN
f986c617-cd15-4300-89ff-8e45d3247140,7c74290c-b207-43d8-bcd5-14f069783b3b,25,2026-02-18 04:33:00,Liverpool,Liverpool,524.0,EGRESO,APP_MOVIL,MXN
6f550cfa-8901-42fd-814b-ac545a4c9abb,9ebdcad6-2344-4fb6-873b-906defca570a,22,2026-02-18 05:52:00,Pemex,Pemex,1172.0,EGRESO,APP_MOVIL,MXN
d812bc1a-67b6-417a-94a6-ce8667617524,efb35f92-a96e-40cb-9ba4-a3d3670133ab,21,2026-02-18 07:17:00,Metrobus,Metrobus,6.0,EGRESO,TRANSFERENCIA,MXN
18d7571c-4c9c-4ae2-9efc-457ae11a958d,b1df054d-9d22-4d28-b46d-87390f12a902,3,2026-02-18 07:33:00,Costco,Costco,3098.0,EGRESO,TRANSFERENCIA,MXN
eb1db9f4-a668-4979-a86a-e24f80d75505,cc302a48-1c7f-4cd5-8095-557e5f3ee43f,32,2026-02-18 07:38:00,PlayStation Network,PlayStation Network,362.0,EGRESO,TRANSFERENCIA,MXN
c6ec8f75-c3e5-4a29-9202-e2b08dba9b18,287b9cdc-edd5-4342-a5fb-5148aeea5b6c,14,2026-02-18 08:02:00,Renta,Renta,8302.0,EGRESO,APP_MOVIL,MXN
0ddcccbb-52f5-4867-b16d-09d3f9db7277,c49c8bf6-2d71-40b9-8f87-363b870b0dfd,34,2026-02-18 08:19:00,Nintendo eShop,Nintendo eShop,1281.0,EGRESO,EFECTIVO,MXN
438ea910-6e3e-478c-aa98-32af95f3f79f,e4f9aabd-8595-4a2d-84b2-3d54a4541fdc,10,2026-02-18 10:37:00,Compras Fisicas,Compras Fisicas,1969.0,EGRESO,APP_MOVIL,MXN
9883aa69-2a72-4d6e-867c-b6654107ffb3,062fd77f-ba97-4763-bff4-0bc64c0b9db9,17,2026-02-18 10:46:00,Colegiatura,Colegiatura,3459.0,EGRESO,APP_MOVIL,MXN
33718e29-9702-48bd-af33-bde253df3f2f,6be93697-d5c5-49d1-8778-8abe58f5c5a3,21,2026-02-18 13:13:00,Metrobus,Metrobus,100.0,EGRESO,APP_MOVIL,MXN
25ded190-74a4-48f1-a0a7-d74140a4b8da,007759d6-7e92-4216-8b0d-24e4b3bdc25c,5,2026-02-18 13:13:00,McDonald's,McDonald's,411.0,EGRESO,EFECTIVO,MXN
472badd3-5167-4282-a01e-66dd41c7d53d,af1d8cae-6064-4332-977d-e896264e20c2,6,2026-02-18 14:05:00,DiDi,DiDi,167.0,EGRESO,EFECTIVO,MXN
94a98ce8-adb5-471f-b17a-9bb42c6d8d0c,8711e8ab-3016-4507-8ecf-8798f901a525,17,2026-02-18 14:19:00,Colegiatura,Colegiatura,6987.0,EGRESO,TRANSFERENCIA,MXN
05d7d61a-20c2-48ab-807f-8d69c62c53cf,f2e52e1f-1d7b-4214-a1ee-83e8b98918f0,25,2026-02-18 14:50:00,Palacio de Hierro,Palacio de Hierro,814.0,EGRESO,APP_MOVIL,MXN
6fd1e82b-d8db-4366-87af-b8a8c3af501a,f20e8816-f077-4abe-837b-b3e39ccf37eb,31,2026-02-18 15:20:00,Amazon,Amazon,2008.0,EGRESO,EFECTIVO,MXN
bf542b5a-55e0-4f24-82e4-921627969e92,cf376ebc-04ee-401c-98d2-d2ca7394def8,13,2026-02-18 15:46:00,Flexi,Flexi,1704.0,EGRESO,EFECTIVO,MXN
f5681ea1-e525-4427-b642-059e5db1be2a,bacb91fd-e8d8-4aab-86af-be8542045bfc,10,2026-02-18 16:32:00,Compras Fisicas,Compras Fisicas,2455.0,EGRESO,EFECTIVO,MXN
8b861a5b-05e4-4a9b-ba1d-a153ea4321ea,9ebdcad6-2344-4fb6-873b-906defca570a,17,2026-02-18 17:50:00,Colegiatura,Colegiatura,7334.0,EGRESO,TRANSFERENCIA,MXN
71447a78-8366-40f2-bef9-87ed3ffd0cb1,654c4cb9-fb3b-421c-9e42-884531a72e4c,4,2026-02-18 19:32:00,Disney+,Disney+,219.0,EGRESO,APP_MOVIL,MXN
651ad704-c1d0-4b85-a9c4-37f68051325b,0d4d9d7a-2ce4-4002-abe0-031b288ff53c,17,2026-02-18 20:38:00,Colegiatura,Colegiatura,7771.0,EGRESO,APP_MOVIL,MXN
1dbff1ff-3d44-42ef-91f2-cf321dd9d031,698259d6-1dc2-4996-bae9-8219285ebc59,31,2026-02-18 21:15:00,Amazon,Amazon,2277.0,EGRESO,EFECTIVO,MXN
78b5a840-3193-47a6-8523-36dd2d4d99de,b5525d88-0da0-4036-a444-3e4f7a34128f,16,2026-02-18 21:22:00,Coach,Coach,1074.0,EGRESO,APP_MOVIL,MXN
43be5b74-03cf-4876-b454-af34070ef318,654c4cb9-fb3b-421c-9e42-884531a72e4c,23,2026-02-19 00:06:00,GNP Seguros,GNP Seguros,2062.0,EGRESO,TRANSFERENCIA,MXN
0c786d0d-57c7-4076-b65d-cb393ba45542,d94896e7-da2e-4ebf-8861-0ed51d327133,1,2026-02-19 01:54:00,Nomina,Nomina,26746.7,INGRESO,TRANSFERENCIA,MXN
1e2a167b-a9f8-436d-b423-c4cd4ad18bbb,cb4d084d-d246-4f2e-847a-1132c5e51dc6,30,2026-02-19 02:57:00,Salon de Belleza,Salon de Belleza,417.0,EGRESO,EFECTIVO,MXN
58c2543e-330e-458b-9d48-9c653e53a35d,e6f6e0cb-d25d-473f-9f7b-b942a476f005,29,2026-02-19 03:14:00,Viajes,Viajes,2022.0,EGRESO,TRANSFERENCIA,MXN
34b07357-a589-45b6-a521-e5f4bf045b87,698259d6-1dc2-4996-bae9-8219285ebc59,1,2026-02-19 04:23:00,Nomina,Nomina,20700.4,INGRESO,TRANSFERENCIA,MXN
60407d07-1496-4401-9e69-a91af9df7f85,6d2288f2-a9dc-4bbd-b86b-33d48f2390dd,2,2026-02-19 04:39:00,Bus,Bus,6.0,EGRESO,APP_MOVIL,MXN
858d2ca7-0cf9-4a3f-b108-db167a614f59,feb46172-c764-46f8-8955-33a46aebe6cc,33,2026-02-19 04:54:00,Agua,Agua,1276.0,EGRESO,APP_MOVIL,MXN
68ae84b3-1c6d-4f34-aa73-0c0f8b0f610b,6e3e2a99-1a3d-42fa-bfe5-52f057eccb2f,12,2026-02-19 06:31:00,Barberia,Barberia,351.0,EGRESO,TRANSFERENCIA,MXN
6c1121a6-94a4-4c0d-9ec9-7bf21323f963,334ac887-2c2e-43f0-ac7f-4e80e3f22173,14,2026-02-19 06:59:00,Renta,Renta,9326.0,EGRESO,TRANSFERENCIA,MXN
aee7ecc4-3128-43de-8fc9-8e3f6507b77a,2f4e7259-c7d0-4f8e-b408-fbed59254881,9,2026-02-19 07:56:00,Movistar,Movistar,349.0,EGRESO,APP_MOVIL,MXN
6333b052-47bf-4155-a31e-13372a1ee352,37060ad3-4bfd-4b62-86a5-6c3b7241f7b3,1,2026-02-19 08:13:00,Nomina,Nomina,8203.8,INGRESO,TRANSFERENCIA,MXN
63fc965d-fee5-4850-b3f4-a7bb13f7d5d2,74a2259c-8ee4-4064-89cc-8a49fd390792,33,2026-02-19 11:30:00,Agua,Agua,225.0,EGRESO,APP_MOVIL,MXN
2cd38e20-d73e-4572-bf45-617dc127cacc,ec1a1f42-1c5f-492f-919f-08cacfcb0039,13,2026-02-19 12:16:00,Andrea,Andrea,1546.0,EGRESO,EFECTIVO,MXN
d409bbde-7ef8-4688-83b7-ade8e2524917,c9e1bb7a-b4b0-4880-88f1-2b90da359497,3,2026-02-19 12:38:00,Soriana,Soriana,1499.0,EGRESO,EFECTIVO,MXN
97b5d3a6-d036-46ce-bbd2-f97cf37f5cf3,e6f6e0cb-d25d-473f-9f7b-b942a476f005,30,2026-02-19 13:23:00,Salon de Belleza,Salon de Belleza,217.0,EGRESO,APP_MOVIL,MXN
bb02c8d3-e848-48a3-903d-beb656b6eca9,b6ca9d87-476a-4c5d-83ca-7693a6527a9c,20,2026-02-19 13:47:00,Starbucks,Starbucks,1096.0,EGRESO,EFECTIVO,MXN
86069a25-7c01-48ed-b332-fd791423b670,9fa6af03-3f13-4285-852b-d389da76d928,1,2026-02-19 14:45:00,Nomina,Nomina,20039.9,INGRESO,TRANSFERENCIA,MXN
c30f2a30-7f15-480e-9925-1a3410876a7c,f2e52e1f-1d7b-4214-a1ee-83e8b98918f0,11,2026-02-19 14:54:00,Metro,Metro,,EGRESO,EFECTIVO,MXN
ec62a290-eb45-437d-9e0c-54599606942d,86ebabff-3329-403c-ae53-7102b0dc7831,11,2026-02-19 15:40:00,Metro,Metro,5.0,EGRESO,EFECTIVO,MXN
82c8200d-e691-45a3-bff1-98940d64ff6d,007759d6-7e92-4216-8b0d-24e4b3bdc25c,15,2026-02-19 16:46:00,Multa de Transito,Multa de Transito,2239.0,EGRESO,EFECTIVO,MXN
c87e546f-d91c-4b6e-9fee-705b6879b3a3,e77722c3-ca39-4480-832f-f90fbc2402a7,30,2026-02-19 17:27:00,Salon de Belleza,Salon de Belleza,386.0,EGRESO,TRANSFERENCIA,MXN
4eda3020-59b4-4731-a1bd-de8295e10f82,e6f6e0cb-d25d-473f-9f7b-b942a476f005,5,2026-02-19 20:54:00,Domino's,Domino's,416.0,EGRESO,EFECTIVO,MXN
d280ef78-2d9a-4516-a3c0-f455d91fdbbc,282aba8c-1169-402d-adbd-8a41f6676432,29,2026-02-19 21:02:00,Viajes,Viajes,4009.0,EGRESO,TRANSFERENCIA,MXN
5e1131ab-60ae-4ed4-92d4-0a3ddd448136,86ebabff-3329-403c-ae53-7102b0dc7831,29,2026-02-19 22:39:00,Viajes,Viajes,2257.0,EGRESO,EFECTIVO,MXN
f366d45b-fea6-4f5b-bafb-1eae9ca4fab0,71c16233-5b03-45a3-b9d9-75dfce80f8cd,20,2026-02-19 23:16:00,Restaurante Local,Restaurante Local,1175.0,EGRESO,TRANSFERENCIA,MXN
ad04f7d3-619f-46c9-b088-6cd3b9cac496,b4991233-a822-49ca-a113-cbedbb85a741,16,2026-02-19 23:43:00,Cloe,Cloe,2336.0,EGRESO,APP_MOVIL,MXN
966e64e0-f4ff-4ca8-9d73-13ad761cb53e,950bb240-d014-403a-bd23-d2ae18663c05,5,2026-02-20 00:12:00,Domino's,Domino's,310.0,EGRESO,EFECTIVO,MXN
dc687a57-983e-4b41-96c7-a41ede57370a,8580b4dd-2321-42ff-8e88-0392056caa5c,1,2026-02-20 03:27:00,Nomina,Nomina,4916.3,INGRESO,TRANSFERENCIA,MXN
d87b3bd7-adb7-4c52-a205-ea2604357188,460819f1-3e7b-4a18-b9bb-4a991973ca55,5,2026-02-20 04:12:00,Domino's,Domino's,110.0,EGRESO,APP_MOVIL,MXN
7888cadc-f595-4b75-96ad-80ff18e58349,8ae451d5-4e82-4ced-8bbc-cee19fedccda,17,2026-02-20 05:02:00,Colegiatura,Colegiatura,4512.0,EGRESO,EFECTIVO,MXN
e1050231-e061-48b5-b1b6-725884366e38,7f2f8daa-dfc2-4ad0-9c49-d90ffa6ae04b,7,2026-02-20 05:10:00,Electricidad,Electricidad,175.0,EGRESO,APP_MOVIL,MXN
4fbe045e-010b-4b7f-8b4f-a56580feab9a,c49c8bf6-2d71-40b9-8f87-363b870b0dfd,7,2026-02-20 05:38:00,Electricidad,Electricidad,371.0,EGRESO,APP_MOVIL,MXN
21c08fa5-2c10-4088-b5c3-e4624cac6155,d83b0edd-72db-47f8-a768-7d03bc7fa190,16,2026-02-20 06:18:00,Michael Kors,Michael Kors,1306.0,EGRESO,EFECTIVO,MXN
577003f8-a8b0-45bf-9e29-5f54298a0e31,7059c9c8-532b-4bfe-a72e-0c9aa55e75da,29,2026-02-20 07:02:00,Viajes,Viajes,9048.0,EGRESO,APP_MOVIL,MXN
38da26e0-a00f-417d-8401-4644dfc70fb1,f2e52e1f-1d7b-4214-a1ee-83e8b98918f0,23,2026-02-20 07:21:00,Qualitas,Qualitas,1456.0,EGRESO,TRANSFERENCIA,MXN
f727a350-eea3-462e-b9b1-0afa15d1502d,e6f6e0cb-d25d-473f-9f7b-b942a476f005,10,2026-02-20 07:57:00,Compras Fisicas,Compras Fisicas,1678.0,EGRESO,APP_MOVIL,MXN
f77c958d-5968-40a5-b029-eab56fb2fa17,a5264eb8-0d47-44e1-b1b3-6e0a2018f25f,19,2026-02-20 08:29:00,Mantenimiento Automotriz,Mantenimiento Automotriz,742.0,EGRESO,TRANSFERENCIA,MXN
590a6376-5e60-4711-ba2f-e0159f3ea889,0d4d9d7a-2ce4-4002-abe0-031b288ff53c,26,2026-02-20 09:07:00,Farmacias del Ahorro,Farmacias del Ahorro,,EGRESO,APP_MOVIL,MXN
d62cc078-0406-4ade-96ec-a3a7d3e7ce6f,c49c8bf6-2d71-40b9-8f87-363b870b0dfd,32,2026-02-20 10:20:00,Xbox Live,Xbox Live,397.0,EGRESO,EFECTIVO,MXN
a4d20e8a-ae59-47bc-80f0-979885468869,282aba8c-1169-402d-adbd-8a41f6676432,10,2026-02-20 10:33:00,Compras Fisicas,Compras Fisicas,1185.0,EGRESO,EFECTIVO,MXN
03487c7f-710a-4998-848b-5466a46176df,e6f6e0cb-d25d-473f-9f7b-b942a476f005,18,2026-02-20 11:21:00,Izzi,Izzi,999.0,EGRESO,EFECTIVO,MXN
bd453340-f529-4d42-85fa-ded9d8b7aa57,1d7d3151-e6c5-479c-aa65-df54b837c324,27,2026-02-20 11:45:00,Gas,Gas,819.0,EGRESO,APP_MOVIL,MXN
9d55b02d-bde1-4157-a559-3979e54ffbdb,062fd77f-ba97-4763-bff4-0bc64c0b9db9,27,2026-02-20 13:10:00,Gas,Gas,382.0,EGRESO,EFECTIVO,MXN
025325b5-2b7e-441f-9961-f1cb5c073248,d7073699-b1fd-4984-8380-c897f19b37c2,9,2026-02-20 13:47:00,AT&T,AT&T,249.0,EGRESO,APP_MOVIL,MXN
86af6408-2262-421f-ab01-01152a7d071e,b8a2aeb0-77bc-4f93-87a4-dbd5d9aae0e9,1,2026-02-20 13:55:00,Transferencia Recibida,Transferencia Recibida,2281.0,INGRESO,TRANSFERENCIA,MXN
b5cf304a-2dc8-4d83-ab0f-f2006c7debe7,86ebabff-3329-403c-ae53-7102b0dc7831,26,2026-02-20 14:36:00,Farmacias Guadalajara,Farmacias Guadalajara,,EGRESO,APP_MOVIL,MXN
0c81e826-a00c-4fb5-a8d8-3dfb90ea2e2a,e9f3e63d-6775-4b45-9daf-9722ec25fbe3,32,2026-02-20 15:14:00,Xbox Live,Xbox Live,492.0,EGRESO,APP_MOVIL,MXN
670fd9e9-9077-425b-b791-0d47ddc70259,950bb240-d014-403a-bd23-d2ae18663c05,1,2026-02-20 15:21:00,Nomina,Nomina,12394.73,INGRESO,TRANSFERENCIA,MXN
1d650610-9642-4c4b-b57d-c84d9bc8b48f,e4f9aabd-8595-4a2d-84b2-3d54a4541fdc,12,2026-02-20 18:59:00,Barberia,Barberia,492.0,EGRESO,APP_MOVIL,MXN
aa7dbe75-45ab-4cbd-b9ad-0860822488d7,b4991233-a822-49ca-a113-cbedbb85a741,1,2026-02-20 21:29:00,Nomina,Nomina,16018.99,INGRESO,TRANSFERENCIA,MXN
e4b41fa0-51c7-4f34-bb92-9d6e90a4e921,d7073699-b1fd-4984-8380-c897f19b37c2,10,2026-02-20 21:40:00,Compras Fisicas,Compras Fisicas,626.0,EGRESO,TRANSFERENCIA,MXN
b3f3b7b7-d2eb-45be-aa50-c767f5bd9f50,f20e8816-f077-4abe-837b-b3e39ccf37eb,25,2026-02-20 22:55:00,Palacio de Hierro,Palacio de Hierro,1753.0,EGRESO,APP_MOVIL,MXN
0fbd2606-3874-4ea5-98a0-d74c99ef329a,e4814a6c-08b2-4b08-99dd-d9e29211ea72,16,2026-02-21 01:06:00,Cloe,Cloe,1876.0,EGRESO,APP_MOVIL,MXN
4f8ba79b-47a9-49e7-8590-f911247d5782,cc302a48-1c7f-4cd5-8095-557e5f3ee43f,1,2026-02-21 02:20:00,Nomina,Nomina,22170.53,INGRESO,TRANSFERENCIA,MXN
8a54d796-dd2c-4bc7-bc7e-b4634c581995,b8a2aeb0-77bc-4f93-87a4-dbd5d9aae0e9,4,2026-02-21 04:55:00,Disney+,Disney+,139.0,EGRESO,APP_MOVIL,MXN
49c5ccd7-6157-4f76-8573-0beb169fa566,e80f9cac-b03e-4fcb-a3f3-7f1c6286bc7b,20,2026-02-21 05:56:00,Starbucks,Starbucks,1057.0,EGRESO,TRANSFERENCIA,MXN
67f58f57-2bbe-4645-a338-8e13a9e07581,b8a2aeb0-77bc-4f93-87a4-dbd5d9aae0e9,8,2026-02-21 06:11:00,Herramientas,Herramientas,1527.0,EGRESO,TRANSFERENCIA,MXN
7af48f72-cf94-4669-a153-14e0c8053c1f,2d45cb4c-8380-477e-93dc-7ad4055949fe,5,2026-02-21 07:06:00,Burger King,Burger King,1077.0,EGRESO,TRANSFERENCIA,MXN
1cae2005-b0d3-46a1-a82e-623df3acea41,f2e52e1f-1d7b-4214-a1ee-83e8b98918f0,26,2026-02-21 08:50:00,Farmacias Similares,Farmacias Similares,456.0,EGRESO,TRANSFERENCIA,MXN
b1b3f86b-c956-4468-8bf3-fa03e277fd27,950bb240-d014-403a-bd23-d2ae18663c05,34,2026-02-21 09:14:00,Nintendo eShop,Nintendo eShop,1687.0,EGRESO,EFECTIVO,MXN
b2ca1387-baae-47ea-8e8b-efd571967068,1d7d3151-e6c5-479c-aa65-df54b837c324,27,2026-02-21 09:29:00,Gas,Gas,300.0,EGRESO,APP_MOVIL,MXN
7c09a40f-2071-4c49-8759-9471789bab9e,d7073699-b1fd-4984-8380-c897f19b37c2,9,2026-02-21 13:09:00,Movistar,Movistar,249.0,EGRESO,TRANSFERENCIA,MXN
d87b166b-c359-408f-8863-7b868410c8fc,e80f9cac-b03e-4fcb-a3f3-7f1c6286bc7b,29,2026-02-21 13:10:00,Viajes,Viajes,10228.0,EGRESO,APP_MOVIL,MXN
e37d9f56-1982-4395-93ed-42fe649bb8ba,a5264eb8-0d47-44e1-b1b3-6e0a2018f25f,31,2026-02-21 13:57:00,Amazon,Amazon,,EGRESO,TRANSFERENCIA,MXN
e46c845e-fbd8-4760-bd09-69cbe06a0d5a,efb35f92-a96e-40cb-9ba4-a3d3670133ab,17,2026-02-21 14:34:00,Colegiatura,Colegiatura,8470.0,EGRESO,APP_MOVIL,MXN
26106052-06b8-43fb-962e-11bca5dc3da7,39f9edad-efb7-47c6-9841-c96e9b5d6e22,10,2026-02-21 15:16:00,Compras Fisicas,Compras Fisicas,1555.0,EGRESO,APP_MOVIL,MXN
6928d84e-4f7f-4770-9d94-2640f63807ce,78415f42-edd9-4039-abee-f38499ffc380,29,2026-02-21 15:18:00,Viajes,Viajes,3490.0,EGRESO,APP_MOVIL,MXN
afb24896-c416-4d75-826b-2939e35c9bc0,b6ca9d87-476a-4c5d-83ca-7693a6527a9c,9,2026-02-21 15:22:00,AT&T,AT&T,150.0,EGRESO,APP_MOVIL,MXN
e968ced8-f2fd-4155-96da-01f89e9d1e6f,654c4cb9-fb3b-421c-9e42-884531a72e4c,20,2026-02-21 16:59:00,Starbucks,Starbucks,605.0,EGRESO,APP_MOVIL,MXN
64fca74a-4003-44d9-96ce-b783c41bff36,57a16ad2-8282-4a67-91ec-ebc90dee810e,1,2026-02-21 17:15:00,Transferencia Recibida,Transferencia Recibida,1283.0,INGRESO,TRANSFERENCIA,MXN
6256c952-38a8-424b-a4ea-977c661f40b7,f30fbc40-9703-4c31-b9a5-ab557c4b82c8,9,2026-02-21 18:01:00,AT&T,AT&T,100.0,EGRESO,APP_MOVIL,MXN
ff61a0b5-f877-4c84-b5ee-af968f35abb7,f2e52e1f-1d7b-4214-a1ee-83e8b98918f0,6,2026-02-21 19:11:00,Uber,Uber,83.0,EGRESO,EFECTIVO,MXN
51d51b26-1bc4-4d59-a69c-8353e1c3f81b,1d7d3151-e6c5-479c-aa65-df54b837c324,16,2026-02-21 21:23:00,Cloe,Cloe,282.0,EGRESO,APP_MOVIL,MXN
90374650-f165-4835-9b54-cb1cfda98e72,c56eb014-1de6-4df3-9cc5-45132bbf6942,7,2026-02-21 22:20:00,Electricidad,Electricidad,1659.0,EGRESO,EFECTIVO,MXN
9bc3bf0f-fa1f-4587-b9ec-899c1dd06c8f,7c5b5dce-0577-471c-acd8-1c6806bbd6d1,9,2026-02-21 22:50:00,Movistar,Movistar,499.0,EGRESO,EFECTIVO,MXN
68b7147a-9421-4ef8-b885-d6742599c7b7,4c903803-6f89-4498-ac48-9cac84de61c7,15,2026-02-21 23:40:00,Multa de Transito,Multa de Transito,3223.0,EGRESO,APP_MOVIL,MXN
a0acff69-ee23-43be-a6b5-b5f9809ab74f,e6f6e0cb-d25d-473f-9f7b-b942a476f005,10,2026-02-22 01:20:00,Compras Fisicas,Compras Fisicas,682.0,EGRESO,EFECTIVO,MXN
e6c03cb8-8ce5-431b-a861-4cbc07270eff,74a2259c-8ee4-4064-89cc-8a49fd390792,21,2026-02-22 02:03:00,Metrobus,Metrobus,20.0,EGRESO,EFECTIVO,MXN
92a9edd6-a938-45f3-a347-dff58a505126,4c903803-6f89-4498-ac48-9cac84de61c7,18,2026-02-22 02:27:00,Totalplay,Totalplay,799.0,EGRESO,EFECTIVO,MXN
91f4e4db-4a79-43d1-bef1-fd62c7409ad9,86d42cc6-6226-41a4-aa56-9a03fdc03387,18,2026-02-22 02:54:00,Totalplay,Totalplay,999.0,EGRESO,APP_MOVIL,MXN
fefe2352-ec4d-44f2-aa0f-87997e40eba2,591ef66e-c411-40c1-95e6-b23f8169be61,20,2026-02-22 03:04:00,Starbucks,Starbucks,1142.0,EGRESO,APP_MOVIL,MXN
aa6d29a0-6ffc-4477-bd31-fdc87839ed32,2ca34b24-a26a-4698-a4c6-7593f66ced33,16,2026-02-22 04:55:00,Cloe,Cloe,2403.0,EGRESO,TRANSFERENCIA,MXN
da2803a8-d5e4-4ffd-9e4b-1370ef382fd4,1d78859f-eed0-4406-a7a8-ac62bfe90145,12,2026-02-22 05:25:00,Barberia,Barberia,176.0,EGRESO,APP_MOVIL,MXN
6aeda501-ccc3-4c07-8895-75ce1b4ef930,062fd77f-ba97-4763-bff4-0bc64c0b9db9,1,2026-02-22 06:52:00,Nomina,Nomina,13016.61,INGRESO,TRANSFERENCIA,MXN
c47b6a48-fd99-47d4-a57d-f3eb246adab1,2d45cb4c-8380-477e-93dc-7ad4055949fe,7,2026-02-22 07:09:00,Electricidad,Electricidad,1072.0,EGRESO,APP_MOVIL,MXN
bd58ccfa-b609-498d-a307-1a840953feed,fe494458-2541-481f-bb69-2bcb8e182795,1,2026-02-22 07:21:00,Nomina,Nomina,19294.84,INGRESO,TRANSFERENCIA,MXN
2cd92df2-5111-4043-b6e3-35cf07f34478,5057339d-f49e-4d1c-beae-6ced3a7c148f,30,2026-02-22 07:51:00,Salon de Belleza,Salon de Belleza,275.0,EGRESO,APP_MOVIL,MXN
f78f6295-2270-4bb9-ad60-a2498212ad19,efb35f92-a96e-40cb-9ba4-a3d3670133ab,28,2026-02-22 08:29:00,Innvictus,Innvictus,460.0,EGRESO,APP_MOVIL,MXN
2b5d7caf-883b-4050-bdf5-f591488129fc,cc302a48-1c7f-4cd5-8095-557e5f3ee43f,11,2026-02-22 10:32:00,Metro,Metro,20.0,EGRESO,APP_MOVIL,MXN
c1ecd082-b75f-4250-96ac-4c58d05de507,2f4e7259-c7d0-4f8e-b408-fbed59254881,22,2026-02-22 11:09:00,Mobil,Mobil,542.0,EGRESO,TRANSFERENCIA,MXN
eaf53868-0713-4ca8-b52c-7343f53e00eb,0aa2518e-377e-4305-9b5c-0f8e0f802f9e,23,2026-02-22 11:15:00,Qualitas,Qualitas,658.0,EGRESO,EFECTIVO,MXN
e575075e-31f4-4e52-bd77-79443467f68d,57a16ad2-8282-4a67-91ec-ebc90dee810e,29,2026-02-22 11:16:00,Viajes,Viajes,4761.0,EGRESO,APP_MOVIL,MXN
0e8cf08a-59dc-4ea5-916b-699b1e79c635,9ebdcad6-2344-4fb6-873b-906defca570a,15,2026-02-22 11:31:00,Multa de Transito,Multa de Transito,595.0,EGRESO,TRANSFERENCIA,MXN
6fa6e9c4-c8c2-4061-867b-8429d63bfec4,b6ca9d87-476a-4c5d-83ca-7693a6527a9c,20,2026-02-22 12:21:00,Starbucks,Starbucks,803.0,EGRESO,APP_MOVIL,MXN
ed4ac7f2-8b3d-4821-8dc3-b05647d60643,78415f42-edd9-4039-abee-f38499ffc380,21,2026-02-22 13:44:00,Metrobus,Metrobus,6.0,EGRESO,EFECTIVO,MXN
9a422965-458c-4f3e-b440-a9f216609bfd,088735e5-4d0d-4706-a911-442edac351c2,33,2026-02-22 14:31:00,Agua,Agua,528.0,EGRESO,APP_MOVIL,MXN
7e627ee9-133c-4c18-882d-562c20af0de5,481fe99e-04d7-42b3-b696-00ef02353148,19,2026-02-22 15:42:00,Mantenimiento Automotriz,Mantenimiento Automotriz,1390.0,EGRESO,TRANSFERENCIA,MXN
81c6cacf-c28d-4c93-a309-21e55f6e8e41,c9e1bb7a-b4b0-4880-88f1-2b90da359497,1,2026-02-22 17:07:00,Nomina,Nomina,7268.77,INGRESO,TRANSFERENCIA,MXN
b5c64ccd-5b6e-47a9-850a-a6b510cd85a5,e4f9aabd-8595-4a2d-84b2-3d54a4541fdc,4,2026-02-22 18:46:00,Max (HBO),Max (HBO),199.0,EGRESO,APP_MOVIL,MXN
bd4703f7-de42-4d30-b356-1c8a3192ea49,6be93697-d5c5-49d1-8778-8abe58f5c5a3,12,2026-02-22 19:16:00,Barberia,Barberia,473.0,EGRESO,APP_MOVIL,MXN
fd2b98c0-df53-4fa2-9b5f-dd0dccbe4ee9,7c74290c-b207-43d8-bcd5-14f069783b3b,1,2026-02-22 20:29:00,Transferencia Recibida,Transferencia Recibida,4020.0,INGRESO,TRANSFERENCIA,MXN
c1d3c537-96f1-4493-b51f-8d51eddd7d8d,c9e1bb7a-b4b0-4880-88f1-2b90da359497,16,2026-02-22 21:15:00,Michael Kors,Michael Kors,1173.0,EGRESO,TRANSFERENCIA,MXN
8d32e4f4-7f19-404c-a216-d3315db1f1f2,c49c8bf6-2d71-40b9-8f87-363b870b0dfd,19,2026-02-22 21:44:00,Mantenimiento Automotriz,Mantenimiento Automotriz,1400.0,EGRESO,APP_MOVIL,MXN
4a1e5bd1-c75e-4ee3-8f7b-9095fbd83e6c,9fa6af03-3f13-4285-852b-d389da76d928,34,2026-02-22 22:09:00,Steam,Steam,429.0,EGRESO,APP_MOVIL,MXN
d1dfb403-51c3-449a-8305-dc0088175e45,7f2f8daa-dfc2-4ad0-9c49-d90ffa6ae04b,13,2026-02-22 22:26:00,Capa de Ozono,Capa de Ozono,2360.0,EGRESO,TRANSFERENCIA,MXN
5ae73bce-287e-4024-a552-aabeb0d067e7,e77722c3-ca39-4480-832f-f90fbc2402a7,10,2026-02-22 22:51:00,Compras Fisicas,Compras Fisicas,1967.0,EGRESO,TRANSFERENCIA,MXN
8dc3f18c-b977-49ce-9ded-723bf1707adc,287b9cdc-edd5-4342-a5fb-5148aeea5b6c,2,2026-02-22 23:14:00,Bus,Bus,50.0,EGRESO,APP_MOVIL,MXN
1580946b-ea85-4524-b8bb-aff123a4f512,39f9edad-efb7-47c6-9841-c96e9b5d6e22,5,2026-02-23 00:35:00,McDonald's,McDonald's,435.0,EGRESO,APP_MOVIL,MXN
d7ded554-bb58-4a29-9c94-3ad21781d37a,169f4be3-cc0f-4b41-8a79-77865835d095,18,2026-02-23 01:16:00,Totalplay,Totalplay,549.0,EGRESO,APP_MOVIL,MXN
8887c8ca-42d1-4c61-a244-7bc0a57c300f,088735e5-4d0d-4706-a911-442edac351c2,6,2026-02-23 03:16:00,DiDi,DiDi,156.0,EGRESO,APP_MOVIL,MXN
ea62b562-8806-4940-ad42-a264d2eb4c24,feb46172-c764-46f8-8955-33a46aebe6cc,21,2026-02-23 03:52:00,Metrobus,Metrobus,50.0,EGRESO,EFECTIVO,MXN
0a646ebf-aae7-4163-ae42-4e77115bdc07,033eaacc-c1f9-412e-84cb-95b426d28b5c,1,2026-02-23 06:01:00,Nomina,Nomina,24894.24,INGRESO,TRANSFERENCIA,MXN
a1439a6e-51c5-4677-b2db-3cf54787384b,fe494458-2541-481f-bb69-2bcb8e182795,5,2026-02-23 06:14:00,McDonald's,McDonald's,806.0,EGRESO,TRANSFERENCIA,MXN
dc213685-8967-418e-98fa-46bc82c46c3c,27184bbc-330d-4cfd-a78f-c17d51279685,1,2026-02-23 06:41:00,Nomina,Nomina,14773.1,INGRESO,TRANSFERENCIA,MXN
f07a9a1d-6a39-4bd2-8d1b-1dd7de2f5762,6be93697-d5c5-49d1-8778-8abe58f5c5a3,1,2026-02-23 06:59:00,Nomina,Nomina,12208.83,INGRESO,TRANSFERENCIA,MXN
e48018d7-38b8-47a2-bcbd-8f207dae9f4f,4f6ff8db-53cf-4464-883b-02373ed58457,13,2026-02-23 09:54:00,Andrea,Andrea,1858.0,EGRESO,APP_MOVIL,MXN
8c187b94-fa71-4373-ab6c-00a7ad65ed34,feb46172-c764-46f8-8955-33a46aebe6cc,30,2026-02-23 10:02:00,Salon de Belleza,Salon de Belleza,189.0,EGRESO,TRANSFERENCIA,MXN
3b1eef92-4b64-4d13-9877-7969e2632c7e,e6f6e0cb-d25d-473f-9f7b-b942a476f005,24,2026-02-23 11:40:00,NYX Cosmetics,NYX Cosmetics,867.0,EGRESO,EFECTIVO,MXN
ece542ac-d097-482b-87b7-80d2b07a6dd0,007759d6-7e92-4216-8b0d-24e4b3bdc25c,21,2026-02-23 11:40:00,Metrobus,Metrobus,100.0,EGRESO,TRANSFERENCIA,MXN
282e821b-bb35-46e8-83c3-2aedbb50bc04,fe494458-2541-481f-bb69-2bcb8e182795,4,2026-02-23 12:15:00,Netflix,Netflix,299.0,EGRESO,TRANSFERENCIA,MXN
3113b370-d924-4099-bdb6-e099b43bef60,4f6ff8db-53cf-4464-883b-02373ed58457,31,2026-02-23 12:48:00,Mercado Libre,Mercado Libre,1333.0,EGRESO,EFECTIVO,MXN
5e765a83-c05e-4310-9fcf-1a431f68c2b7,169f4be3-cc0f-4b41-8a79-77865835d095,22,2026-02-23 13:26:00,BP,BP,1071.0,EGRESO,TRANSFERENCIA,MXN
bc788aeb-24c7-4c3d-a982-9c14c82f3448,282aba8c-1169-402d-adbd-8a41f6676432,29,2026-02-23 14:55:00,Viajes,Viajes,,EGRESO,TRANSFERENCIA,MXN
f14998c7-4422-4909-a4e6-48a66d2c4016,1d78859f-eed0-4406-a7a8-ac62bfe90145,1,2026-02-23 16:13:00,Transferencia Recibida,Transferencia Recibida,4470.0,INGRESO,TRANSFERENCIA,MXN
67b6c8c9-af71-4926-841d-a92c3140f13c,f20e8816-f077-4abe-837b-b3e39ccf37eb,34,2026-02-23 16:41:00,Epic Games Store,Epic Games Store,874.0,EGRESO,TRANSFERENCIA,MXN
99e0c90c-600e-41e7-bc18-f026477eaeec,a016e16f-7680-4d69-8958-9b2a62b35431,11,2026-02-23 16:47:00,Metro,Metro,5.0,EGRESO,EFECTIVO,MXN
e24aeb5b-1833-4aa3-b7da-5ab1f382d633,36bb528a-43a8-4008-8557-d3e3a5c94a6c,20,2026-02-23 17:08:00,Starbucks,Starbucks,1030.0,EGRESO,APP_MOVIL,MXN
1353c75a-293e-4051-9101-93f9b039ea64,27184bbc-330d-4cfd-a78f-c17d51279685,1,2026-02-23 18:50:00,Nomina,Nomina,14773.1,INGRESO,TRANSFERENCIA,MXN
3e6d1b88-cadb-421a-b62e-39209cb1eacb,062fd77f-ba97-4763-bff4-0bc64c0b9db9,31,2026-02-23 19:35:00,Amazon,Amazon,2334.0,EGRESO,APP_MOVIL,MXN
574a2af9-13d8-4ae5-b334-cc8d18182780,36ee8608-fe5c-4530-b7cf-d13801c08072,7,2026-02-23 19:44:00,Electricidad,Electricidad,630.0,EGRESO,EFECTIVO,MXN
9f7bc1b5-459e-4b52-ab44-89a5f056760d,7336ec17-03d6-4127-a085-cb3f799bd54e,9,2026-02-23 19:49:00,AT&T,AT&T,,EGRESO,APP_MOVIL,MXN
b9b36c06-9d40-4248-9b6b-d02582bec11a,c0c2ffc0-3d5f-4e4f-99f2-884a8a2621f5,6,2026-02-23 20:34:00,Uber,Uber,95.0,EGRESO,TRANSFERENCIA,MXN
340a1813-d0e9-4f99-b456-cdfc0efad26b,698259d6-1dc2-4996-bae9-8219285ebc59,26,2026-02-23 21:00:00,Farmacias Guadalajara,Farmacias Guadalajara,674.0,EGRESO,TRANSFERENCIA,MXN
e276677b-3427-42c9-b83e-2090029a145e,282aba8c-1169-402d-adbd-8a41f6676432,31,2026-02-23 21:47:00,Mercado Libre,Mercado Libre,1379.0,EGRESO,TRANSFERENCIA,MXN
fb05ac54-8951-4757-9040-19bc590390bb,d1015873-9015-4bb6-ad9c-9c10c7fbccaa,34,2026-02-23 23:10:00,Steam,Steam,1704.0,EGRESO,TRANSFERENCIA,MXN
e3c6936b-b123-41d1-a481-765d0a87db49,5057339d-f49e-4d1c-beae-6ced3a7c148f,3,2026-02-23 23:40:00,Chedraui,Chedraui,1639.0,EGRESO,APP_MOVIL,MXN
fe8a233b-09da-4c85-86d4-d973ca3d9503,e6f6e0cb-d25d-473f-9f7b-b942a476f005,13,2026-02-24 00:12:00,Flexi,Flexi,438.0,EGRESO,TRANSFERENCIA,MXN
624ee228-7819-44f0-8794-c8ec4c1602e9,fe494458-2541-481f-bb69-2bcb8e182795,12,2026-02-24 02:07:00,Barberia,Barberia,436.0,EGRESO,APP_MOVIL,MXN
58967b84-e2c2-4e46-8a81-6365551bcc40,f30fbc40-9703-4c31-b9a5-ab557c4b82c8,22,2026-02-24 02:07:00,Pemex,Pemex,1052.0,EGRESO,APP_MOVIL,MXN
9fd585f9-80d3-44b9-8a10-4c8946519e42,c0c2ffc0-3d5f-4e4f-99f2-884a8a2621f5,4,2026-02-24 03:06:00,Apple TV+,Apple TV+,129.0,EGRESO,APP_MOVIL,MXN
db986b96-3093-4354-ab1d-a4ced83327fe,c56eb014-1de6-4df3-9cc5-45132bbf6942,5,2026-02-24 03:14:00,Domino's,Domino's,239.0,EGRESO,EFECTIVO,MXN
9280105a-37e6-4863-9ba4-be53befca799,74a2259c-8ee4-4064-89cc-8a49fd390792,31,2026-02-24 03:28:00,Amazon,Amazon,2198.0,EGRESO,APP_MOVIL,MXN
ed211699-adb2-4a3f-869c-0157715bf33e,4bb45633-ce6a-4e78-8b36-ab2143b9312a,19,2026-02-24 05:00:00,Mantenimiento Automotriz,Mantenimiento Automotriz,3485.0,EGRESO,TRANSFERENCIA,MXN
98b83498-0ccc-4dd2-9ca0-6cfc224521fb,74a2259c-8ee4-4064-89cc-8a49fd390792,7,2026-02-24 05:05:00,Electricidad,Electricidad,1517.0,EGRESO,EFECTIVO,MXN
7c71ed06-d957-4ffe-9878-2bad1da243ff,033eaacc-c1f9-412e-84cb-95b426d28b5c,1,2026-02-24 05:50:00,Nomina,Nomina,24894.24,INGRESO,TRANSFERENCIA,MXN
6a262e32-bd24-4564-8f4e-bc84399f25aa,062fd77f-ba97-4763-bff4-0bc64c0b9db9,8,2026-02-24 05:53:00,Herramientas,Herramientas,869.0,EGRESO,TRANSFERENCIA,MXN
50cdb2ff-0874-4ccf-b154-9735a7692bd8,e6f6e0cb-d25d-473f-9f7b-b942a476f005,23,2026-02-24 06:55:00,GNP Seguros,GNP Seguros,2294.0,EGRESO,EFECTIVO,MXN
c6b810df-d1cb-42a0-8807-b2ec52392608,d7073699-b1fd-4984-8380-c897f19b37c2,1,2026-02-24 07:29:00,Transferencia Recibida,Transferencia Recibida,2146.0,INGRESO,TRANSFERENCIA,MXN
21989e9b-db30-4dc4-98d6-ce4823e311f1,6b2251e4-b804-4f13-898b-216c0c5ba9cc,1,2026-02-24 08:33:00,Nomina,Nomina,21008.87,INGRESO,TRANSFERENCIA,MXN
577390c3-bf1c-4364-a209-b9a12b8e5a71,ec1a1f42-1c5f-492f-919f-08cacfcb0039,3,2026-02-24 08:48:00,Walmart,Walmart,3376.0,EGRESO,APP_MOVIL,MXN
a2ffcd60-9626-4a30-90ef-7e35da28cde7,9ebdcad6-2344-4fb6-873b-906defca570a,17,2026-02-24 09:31:00,Colegiatura,Colegiatura,2452.0,EGRESO,EFECTIVO,MXN
a6f399fd-de37-4fbb-b926-5538e2282d7b,9ebdcad6-2344-4fb6-873b-906defca570a,25,2026-02-24 10:23:00,Liverpool,Liverpool,2035.0,EGRESO,APP_MOVIL,MXN
af03ace1-199f-4388-88b4-a8aa026f9951,e80f9cac-b03e-4fcb-a3f3-7f1c6286bc7b,8,2026-02-24 11:16:00,Herramientas,Herramientas,2311.0,EGRESO,APP_MOVIL,MXN
eaaf98c9-c8e9-4305-93b8-a5ff18d30060,7c5b5dce-0577-471c-acd8-1c6806bbd6d1,1,2026-02-24 11:40:00,Nomina,Nomina,19152.83,INGRESO,TRANSFERENCIA,MXN
0aa142c1-cfb3-4020-bce5-6bb05aaf91f4,87a8bdbd-1d61-4275-b187-80f960bd7983,1,2026-02-24 12:17:00,Transferencia Recibida,Transferencia Recibida,1856.0,INGRESO,TRANSFERENCIA,MXN
89f559d4-81ee-4fc3-8f1e-d3fb7ce7c8c9,d7b98250-11d8-4b40-a1fd-44ae5b3e0d2a,17,2026-02-24 13:12:00,Colegiatura,Colegiatura,3444.0,EGRESO,APP_MOVIL,MXN
7550ef55-d8ca-4437-9bc0-eb77d0462729,37060ad3-4bfd-4b62-86a5-6c3b7241f7b3,2,2026-02-24 14:00:00,Bus,Bus,6.0,EGRESO,APP_MOVIL,MXN
702e78e7-d859-4000-9a0d-83377d9ac37e,d83b0edd-72db-47f8-a768-7d03bc7fa190,14,2026-02-24 15:11:00,Renta,Renta,10623.0,EGRESO,TRANSFERENCIA,MXN
c717244b-a487-430d-805c-e53e61dc594a,698259d6-1dc2-4996-bae9-8219285ebc59,1,2026-02-24 15:23:00,Nomina,Nomina,20700.4,INGRESO,TRANSFERENCIA,MXN
e6d83833-37d7-4881-aa07-100511809d6c,8d64339b-b475-44e4-bf62-e45215d1ea8f,1,2026-02-24 16:44:00,Nomina,Nomina,9243.75,INGRESO,TRANSFERENCIA,MXN
9bcf8745-a238-4349-bdc6-7ab5984b5900,36ee8608-fe5c-4530-b7cf-d13801c08072,19,2026-02-24 17:10:00,Mantenimiento Automotriz,Mantenimiento Automotriz,1700.0,EGRESO,TRANSFERENCIA,MXN
4c8e6c11-3040-4ec3-83f1-2b138de1ae65,efb35f92-a96e-40cb-9ba4-a3d3670133ab,12,2026-02-24 23:04:00,Barberia,Barberia,76.0,EGRESO,EFECTIVO,MXN
a3349069-54c1-412b-bc1d-8f1243356098,e77722c3-ca39-4480-832f-f90fbc2402a7,27,2026-02-25 02:20:00,Gas,Gas,380.0,EGRESO,APP_MOVIL,MXN
4e7900b9-34f2-4375-9c64-8172529166fe,f2e52e1f-1d7b-4214-a1ee-83e8b98918f0,30,2026-02-25 02:33:00,Salon de Belleza,Salon de Belleza,210.0,EGRESO,APP_MOVIL,MXN
12b1a646-ca72-46ca-b380-061c5f222bc9,af1d8cae-6064-4332-977d-e896264e20c2,2,2026-02-25 02:55:00,Bus,Bus,6.0,EGRESO,TRANSFERENCIA,MXN
62dde162-a4c4-40f1-9f19-fe6c4385b217,36bb528a-43a8-4008-8557-d3e3a5c94a6c,1,2026-02-25 03:24:00,Nomina,Nomina,8486.16,INGRESO,TRANSFERENCIA,MXN
77e5a018-7931-4ee1-9b32-20e66d876f11,6e3e2a99-1a3d-42fa-bfe5-52f057eccb2f,1,2026-02-25 04:16:00,Nomina,Nomina,5628.95,INGRESO,TRANSFERENCIA,MXN
a51f3416-03ef-4e2c-938b-a5a0ac45439b,efb35f92-a96e-40cb-9ba4-a3d3670133ab,12,2026-02-25 05:00:00,Barberia,Barberia,301.0,EGRESO,EFECTIVO,MXN
05b946a3-d94e-4f66-80f2-3c91eebb6c74,af1d8cae-6064-4332-977d-e896264e20c2,13,2026-02-25 07:00:00,Andrea,Andrea,1047.0,EGRESO,APP_MOVIL,MXN
3775d7b3-2cca-429c-b696-ea4fe9836362,bacb91fd-e8d8-4aab-86af-be8542045bfc,1,2026-02-25 07:16:00,Nomina,Nomina,9431.42,INGRESO,TRANSFERENCIA,MXN
04da08a9-43e7-436a-af3f-b2562bd6562c,edeb6414-0b55-4e0a-bed2-b73a88276387,6,2026-02-25 07:27:00,Uber,Uber,185.0,EGRESO,APP_MOVIL,MXN
a949ac07-97ab-4f21-8f07-4204fd51e94f,1d7d3151-e6c5-479c-aa65-df54b837c324,24,2026-02-25 07:28:00,L'Oreal,L'Oreal,607.0,EGRESO,TRANSFERENCIA,MXN
d5259a19-05bd-435c-ae8d-fe2350ae5a17,460819f1-3e7b-4a18-b9bb-4a991973ca55,25,2026-02-25 08:09:00,Liverpool,Liverpool,936.0,EGRESO,APP_MOVIL,MXN
c5110c41-a44a-4f6a-ae41-d9a1126f51c8,a016e16f-7680-4d69-8958-9b2a62b35431,11,2026-02-25 08:44:00,Metro,Metro,5.0,EGRESO,EFECTIVO,MXN
ab43f19a-d329-4844-bc73-6187f92416f2,d83b0edd-72db-47f8-a768-7d03bc7fa190,11,2026-02-25 10:16:00,Metro,Metro,100.0,EGRESO,TRANSFERENCIA,MXN
1be1fd7c-c3cd-4878-aa2e-19fdf2d75ba9,4f6ff8db-53cf-4464-883b-02373ed58457,24,2026-02-25 10:26:00,Maybelline,Maybelline,486.0,EGRESO,APP_MOVIL,MXN
8560dfcf-0772-4822-8b63-031ce6766c6c,b4991233-a822-49ca-a113-cbedbb85a741,21,2026-02-25 10:39:00,Metrobus,Metrobus,20.0,EGRESO,APP_MOVIL,MXN
f2051a59-9b73-457e-b7d4-330571673f5b,698259d6-1dc2-4996-bae9-8219285ebc59,3,2026-02-25 11:19:00,Walmart,Walmart,595.0,EGRESO,EFECTIVO,MXN
cac249f2-5b5e-469e-8cd9-5857f27e0264,3e5b598d-bd6d-4076-8922-5940bc6d277c,29,2026-02-25 11:31:00,Viajes,Viajes,1973.0,EGRESO,APP_MOVIL,MXN
fce9c832-4f9e-484e-b8cd-aaa7a8331125,9ebdcad6-2344-4fb6-873b-906defca570a,15,2026-02-25 11:38:00,Multa de Transito,Multa de Transito,3193.0,EGRESO,TRANSFERENCIA,MXN
1878fc39-9642-42b4-8fae-39cb6a9d14eb,334ac887-2c2e-43f0-ac7f-4e80e3f22173,12,2026-02-25 12:37:00,Barberia,Barberia,309.0,EGRESO,TRANSFERENCIA,MXN
c8f5a71e-abf8-4760-b2a7-779f7fa60567,27184bbc-330d-4cfd-a78f-c17d51279685,18,2026-02-25 12:59:00,Infinitum,Infinitum,499.0,EGRESO,APP_MOVIL,MXN
5c91c786-be39-4fae-8b3b-cba7c1d42d8a,0e2604b4-11e5-4452-8748-64aa92f9ca8f,1,2026-02-25 13:08:00,Transferencia Recibida,Transferencia Recibida,1067.0,INGRESO,TRANSFERENCIA,MXN
77512698-392e-4335-9cbe-41e78aa21ebf,d83b0edd-72db-47f8-a768-7d03bc7fa190,1,2026-02-25 13:48:00,Nomina,Nomina,9011.15,INGRESO,TRANSFERENCIA,MXN
cc1241fc-8b2a-40f1-a7b5-464257ba4701,7c5b5dce-0577-471c-acd8-1c6806bbd6d1,1,2026-02-25 14:08:00,Nomina,Nomina,19152.83,INGRESO,TRANSFERENCIA,MXN
051a6bc0-7524-4a0b-9f70-3b89e8c8e638,ec1a1f42-1c5f-492f-919f-08cacfcb0039,11,2026-02-25 14:38:00,Metro,Metro,100.0,EGRESO,APP_MOVIL,MXN
b69dd356-9fa1-4e88-bb79-3e3f670da9c9,36bb528a-43a8-4008-8557-d3e3a5c94a6c,28,2026-02-25 14:56:00,Deportes Marti,Deportes Marti,755.0,EGRESO,APP_MOVIL,MXN
3ca20156-14ba-430d-9ad8-85134b82907f,654c4cb9-fb3b-421c-9e42-884531a72e4c,21,2026-02-25 15:28:00,Metrobus,Metrobus,6.0,EGRESO,APP_MOVIL,MXN
b6e79bcb-b647-4e18-a90a-d788d619adde,cf376ebc-04ee-401c-98d2-d2ca7394def8,2,2026-02-25 16:27:00,Bus,Bus,9.5,EGRESO,APP_MOVIL,MXN
e96f486b-69c6-4ee0-8c71-3429a105151a,062fd77f-ba97-4763-bff4-0bc64c0b9db9,19,2026-02-25 17:03:00,Mantenimiento Automotriz,Mantenimiento Automotriz,477.0,EGRESO,EFECTIVO,MXN
cb04a7ff-d282-4206-b8c5-96bc80b24cbd,698259d6-1dc2-4996-bae9-8219285ebc59,1,2026-02-25 17:11:00,Nomina,Nomina,20700.4,INGRESO,TRANSFERENCIA,MXN
174b53a9-14d7-479d-8785-e4f674996e78,460819f1-3e7b-4a18-b9bb-4a991973ca55,13,2026-02-25 18:08:00,Capa de Ozono,Capa de Ozono,413.0,EGRESO,APP_MOVIL,MXN
f35dfeaa-8929-41b7-9b18-144e73bed5e3,f2e52e1f-1d7b-4214-a1ee-83e8b98918f0,20,2026-02-25 20:06:00,Restaurante Local,Restaurante Local,555.0,EGRESO,TRANSFERENCIA,MXN
c803b94e-7c82-455b-a2c4-d5aeb6ea55c2,481fe99e-04d7-42b3-b696-00ef02353148,16,2026-02-25 21:35:00,Coach,Coach,1686.0,EGRESO,APP_MOVIL,MXN
5b57ed7d-278a-4aad-9e71-37f786131c66,9ebdcad6-2344-4fb6-873b-906defca570a,1,2026-02-25 22:19:00,Nomina,Nomina,32881.27,INGRESO,TRANSFERENCIA,MXN
3207fc73-6e32-4d5d-a5f8-a81779b4b21f,d94896e7-da2e-4ebf-8861-0ed51d327133,15,2026-02-25 22:43:00,Multa de Transito,Multa de Transito,1485.0,EGRESO,APP_MOVIL,MXN
f40700d5-6414-4be8-bc38-ef21897dcdac,c49c8bf6-2d71-40b9-8f87-363b870b0dfd,12,2026-02-26 00:47:00,Barberia,Barberia,393.0,EGRESO,APP_MOVIL,MXN
b90b56ee-0324-4abd-a0b3-d4b566e7f0bd,287b9cdc-edd5-4342-a5fb-5148aeea5b6c,7,2026-02-26 01:22:00,Electricidad,Electricidad,818.0,EGRESO,APP_MOVIL,MXN
cab72391-cf47-4a18-aa2e-06b50665c0b2,5057339d-f49e-4d1c-beae-6ced3a7c148f,33,2026-02-26 02:28:00,Agua,Agua,573.0,EGRESO,APP_MOVIL,MXN
6d46b891-8a1a-4029-b5fd-2be59d88837e,591ef66e-c411-40c1-95e6-b23f8169be61,19,2026-02-26 02:45:00,Mantenimiento Automotriz,Mantenimiento Automotriz,1762.0,EGRESO,APP_MOVIL,MXN
1d342115-fdf4-48d6-9ad6-1275bdab7e78,cb4d084d-d246-4f2e-847a-1132c5e51dc6,29,2026-02-26 04:09:00,Viajes,Viajes,3424.0,EGRESO,APP_MOVIL,MXN
48264e24-1880-466b-9edd-a59c09cefd75,87a8bdbd-1d61-4275-b187-80f960bd7983,18,2026-02-26 05:46:00,Izzi,Izzi,499.0,EGRESO,EFECTIVO,MXN
234814ea-2d33-4308-9e64-1c704c6cb414,3e5b598d-bd6d-4076-8922-5940bc6d277c,9,2026-02-26 06:43:00,Movistar,Movistar,100.0,EGRESO,APP_MOVIL,MXN
5d67ea1a-479c-4029-b654-7c48333c1700,6be93697-d5c5-49d1-8778-8abe58f5c5a3,22,2026-02-26 07:51:00,Mobil,Mobil,366.0,EGRESO,APP_MOVIL,MXN
ca284b4e-c132-46d7-b0ae-b432d10f370c,74a2259c-8ee4-4064-89cc-8a49fd390792,14,2026-02-26 07:53:00,Renta,Renta,6333.0,EGRESO,APP_MOVIL,MXN
20de0267-84fb-49b6-9916-14004366f040,7489af6c-154c-4eef-b7af-50397bd6b848,1,2026-02-26 08:48:00,Nomina,Nomina,7457.35,INGRESO,TRANSFERENCIA,MXN
41ed3e1c-eb65-46d9-b872-9f5d7ebaccea,169f4be3-cc0f-4b41-8a79-77865835d095,11,2026-02-26 09:37:00,Metro,Metro,50.0,EGRESO,TRANSFERENCIA,MXN
3cb5aff4-c006-44af-90dc-ca2479a0ea17,8580b4dd-2321-42ff-8e88-0392056caa5c,14,2026-02-26 09:46:00,Renta,Renta,8672.0,EGRESO,APP_MOVIL,MXN
8a3c1c65-b249-450b-8573-bf633ebb2669,cb4d084d-d246-4f2e-847a-1132c5e51dc6,1,2026-02-26 09:50:00,Nomina,Nomina,8127.53,INGRESO,TRANSFERENCIA,MXN
9fd20358-f684-434b-a29a-f6803ea9a4c4,cb4d084d-d246-4f2e-847a-1132c5e51dc6,30,2026-02-26 10:33:00,Salon de Belleza,Salon de Belleza,263.0,EGRESO,APP_MOVIL,MXN
3437a12f-9218-4d39-b611-c7542beaa75a,4bb45633-ce6a-4e78-8b36-ab2143b9312a,32,2026-02-26 11:48:00,Xbox Live,Xbox Live,1481.0,EGRESO,EFECTIVO,MXN
5a3dac4a-b13f-46cc-851e-e628d5ccf522,7c74290c-b207-43d8-bcd5-14f069783b3b,24,2026-02-26 12:31:00,L'Oreal,L'Oreal,454.0,EGRESO,EFECTIVO,MXN
e2f49f2b-a904-449f-b587-33cbc20fa7bc,6d2288f2-a9dc-4bbd-b86b-33d48f2390dd,11,2026-02-26 13:25:00,Metro,Metro,50.0,EGRESO,APP_MOVIL,MXN
3440e8cb-1f86-4ac6-9e3a-b10df19c3b08,e77722c3-ca39-4480-832f-f90fbc2402a7,16,2026-02-26 14:51:00,Coach,Coach,2295.0,EGRESO,APP_MOVIL,MXN
973b3202-9ec4-43c5-b49f-1c6eb0ec8096,2ca34b24-a26a-4698-a4c6-7593f66ced33,29,2026-02-26 15:46:00,Viajes,Viajes,5922.0,EGRESO,APP_MOVIL,MXN
1e5ef649-7b4e-474b-b689-a36ece020ecf,cf376ebc-04ee-401c-98d2-d2ca7394def8,29,2026-02-26 20:52:00,Viajes,Viajes,6146.0,EGRESO,APP_MOVIL,MXN
63eed7bb-943c-4d4e-ad64-e038a9e8b3bb,b1df054d-9d22-4d28-b46d-87390f12a902,8,2026-02-26 21:44:00,Herramientas,Herramientas,909.0,EGRESO,TRANSFERENCIA,MXN
30c68813-f351-4122-a99a-8c5f48bdd027,a016e16f-7680-4d69-8958-9b2a62b35431,28,2026-02-26 21:51:00,Deportes Marti,Deportes Marti,563.0,EGRESO,TRANSFERENCIA,MXN
d91ed6c8-b4cf-469a-bc9d-4c6f7bb94969,2f4e7259-c7d0-4f8e-b408-fbed59254881,1,2026-02-26 23:52:00,Nomina,Nomina,11814.53,INGRESO,TRANSFERENCIA,MXN
2d839925-5567-4188-95d2-5ae4226c4a10,f2e52e1f-1d7b-4214-a1ee-83e8b98918f0,1,2026-02-27 01:13:00,Nomina,Nomina,9561.1,INGRESO,TRANSFERENCIA,MXN
39833ea0-6237-4b5f-95d4-ec5d2b04b06e,e8dab777-b3e1-4c67-81e8-1bcf07a12eb6,1,2026-02-27 02:07:00,Nomina,Nomina,19075.53,INGRESO,TRANSFERENCIA,MXN
e852032e-7082-42ec-a734-0466de579972,169f4be3-cc0f-4b41-8a79-77865835d095,18,2026-02-27 02:20:00,Izzi,Izzi,649.0,EGRESO,EFECTIVO,MXN
e87993ac-f7c2-4ffa-a06d-6e768b7e35fc,950bb240-d014-403a-bd23-d2ae18663c05,1,2026-02-27 04:49:00,Nomina,Nomina,12394.73,INGRESO,TRANSFERENCIA,MXN
bfe97f2b-abbf-4c75-b80f-6fcddf4bf050,b5525d88-0da0-4036-a444-3e4f7a34128f,17,2026-02-27 08:45:00,Colegiatura,Colegiatura,3011.0,EGRESO,TRANSFERENCIA,MXN
692b141a-0e19-420f-a18f-fd674dbb2a3b,d94896e7-da2e-4ebf-8861-0ed51d327133,1,2026-02-27 09:47:00,Nomina,Nomina,26746.7,INGRESO,TRANSFERENCIA,MXN
e07ba21a-673a-4635-a796-34532a008e93,d7d4bd62-308e-4ac3-9ba9-582ec4beeeb0,24,2026-02-27 11:26:00,Maybelline,Maybelline,1553.0,EGRESO,EFECTIVO,MXN
375aa80d-9a1c-4cbf-ba8d-d9267f001b3d,d7073699-b1fd-4984-8380-c897f19b37c2,4,2026-02-27 11:50:00,Disney+,Disney+,,EGRESO,APP_MOVIL,MXN
ebc011e5-89e8-4494-9b15-8b1e4318bee8,36ee8608-fe5c-4530-b7cf-d13801c08072,1,2026-02-27 12:26:00,Transferencia Recibida,Transferencia Recibida,1782.0,INGRESO,TRANSFERENCIA,MXN
4001129c-5e3b-4d1c-bf37-616cfbbb6f49,edeb6414-0b55-4e0a-bed2-b73a88276387,21,2026-02-27 12:38:00,Metrobus,Metrobus,20.0,EGRESO,APP_MOVIL,MXN
a9250bb9-653b-48d8-bb4a-c63250a7c06f,fe494458-2541-481f-bb69-2bcb8e182795,20,2026-02-27 12:52:00,Starbucks,Starbucks,706.0,EGRESO,TRANSFERENCIA,MXN
4cdc3cf7-2f66-4f8c-b45f-074cd8a80b80,edeb6414-0b55-4e0a-bed2-b73a88276387,8,2026-02-27 13:28:00,Herramientas,Herramientas,1077.0,EGRESO,EFECTIVO,MXN
2b251cca-ad6b-4fe4-a11e-3d292709bcab,cf376ebc-04ee-401c-98d2-d2ca7394def8,23,2026-02-27 13:29:00,GNP Seguros,GNP Seguros,351.0,EGRESO,EFECTIVO,MXN
a449a1c5-6b8b-4f8a-978c-d6165a760ef9,c56eb014-1de6-4df3-9cc5-45132bbf6942,4,2026-02-27 13:35:00,Max (HBO),Max (HBO),249.0,EGRESO,EFECTIVO,MXN
fc4c5a4e-31c0-4c5d-a142-e4f07fc8579b,af1d8cae-6064-4332-977d-e896264e20c2,30,2026-02-27 13:36:00,Salon de Belleza,Salon de Belleza,393.0,EGRESO,EFECTIVO,MXN
5d33d5a5-dcb7-4274-b692-aa93a43916ad,7489af6c-154c-4eef-b7af-50397bd6b848,22,2026-02-27 14:07:00,Oxxo Gas,Oxxo Gas,490.0,EGRESO,EFECTIVO,MXN
8b1ded6e-ec19-4399-917e-b3630b4a7a8d,d660ddf9-6ba0-4a64-88ea-5d41f61fcefb,1,2026-02-27 16:31:00,Nomina,Nomina,7645.89,INGRESO,TRANSFERENCIA,MXN
de11fac9-e7cc-4b0e-a03b-8c03138d32cb,367901a5-f293-400f-8969-224db4f3e99e,20,2026-02-27 17:20:00,Restaurante Local,Restaurante Local,1169.0,EGRESO,APP_MOVIL,MXN
c549df2e-76d2-4971-8604-aebc11c098ce,cc302a48-1c7f-4cd5-8095-557e5f3ee43f,1,2026-02-27 18:17:00,Nomina,Nomina,22170.53,INGRESO,TRANSFERENCIA,MXN
0306962c-d5e9-4522-9eb1-bfa147f74f56,ec1a1f42-1c5f-492f-919f-08cacfcb0039,30,2026-02-27 20:03:00,Salon de Belleza,Salon de Belleza,,EGRESO,EFECTIVO,MXN
7d5f5615-08ab-424f-920a-6460f0330d61,6d2288f2-a9dc-4bbd-b86b-33d48f2390dd,32,2026-02-27 20:17:00,PlayStation Network,PlayStation Network,1132.0,EGRESO,APP_MOVIL,MXN
e78c800e-752e-4677-8500-7f204e1fb052,b6ca9d87-476a-4c5d-83ca-7693a6527a9c,13,2026-02-27 21:36:00,Flexi,Flexi,1367.0,EGRESO,TRANSFERENCIA,MXN
65cb0fcb-8845-42fd-bcd2-6f5468e751ce,cc302a48-1c7f-4cd5-8095-557e5f3ee43f,22,2026-02-27 22:38:00,Oxxo Gas,Oxxo Gas,567.0,EGRESO,EFECTIVO,MXN
35eda2cb-c633-44e8-98d6-b9a534209eab,39f9edad-efb7-47c6-9841-c96e9b5d6e22,32,2026-02-27 22:40:00,Xbox Live,Xbox Live,196.0,EGRESO,TRANSFERENCIA,MXN
c0899e55-d68c-40f8-bdab-ad2e016bfce6,007759d6-7e92-4216-8b0d-24e4b3bdc25c,17,2026-02-27 23:38:00,Colegiatura,Colegiatura,4009.0,EGRESO,APP_MOVIL,MXN
3c974e01-c6af-4929-aca4-0e382f49dc3a,86ebabff-3329-403c-ae53-7102b0dc7831,32,2026-02-27 23:54:00,Xbox Live,Xbox Live,459.0,EGRESO,APP_MOVIL,MXN
3118069b-57bb-4e36-8739-25af0702d77a,39f9edad-efb7-47c6-9841-c96e9b5d6e22,1,2026-02-28 00:36:00,Transferencia Recibida,Transferencia Recibida,4864.0,INGRESO,TRANSFERENCIA,MXN
1b9ffef4-244e-4eff-8902-93cfdaeac997,36bb528a-43a8-4008-8557-d3e3a5c94a6c,19,2026-02-28 02:04:00,Mantenimiento Automotriz,Mantenimiento Automotriz,2896.0,EGRESO,EFECTIVO,MXN
3d855c22-5939-4b9c-be72-fd39651dc25f,3e5b598d-bd6d-4076-8922-5940bc6d277c,23,2026-02-28 03:43:00,Qualitas,Qualitas,2262.0,EGRESO,TRANSFERENCIA,MXN
42f6e59f-c216-455c-b258-02a65dd7c930,fe494458-2541-481f-bb69-2bcb8e182795,3,2026-02-28 05:08:00,Walmart,Walmart,3380.0,EGRESO,EFECTIVO,MXN
3a63db07-4863-4991-ade2-1b7a26b0042b,39f9edad-efb7-47c6-9841-c96e9b5d6e22,32,2026-02-28 05:37:00,PlayStation Network,PlayStation Network,1020.0,EGRESO,APP_MOVIL,MXN
c8f9abc9-ad50-4d9a-aa6d-fd1834fffed7,d94896e7-da2e-4ebf-8861-0ed51d327133,20,2026-02-28 06:02:00,Restaurante Local,Restaurante Local,260.0,EGRESO,APP_MOVIL,MXN
42a7cc56-fdfd-4f27-b355-aceda449c1ca,2d80c188-6489-4094-b09d-93b06a6b2935,6,2026-02-28 06:55:00,Uber,Uber,79.0,EGRESO,APP_MOVIL,MXN
b419c8a7-6f28-4e69-b3b1-a184f338999b,feb46172-c764-46f8-8955-33a46aebe6cc,18,2026-02-28 07:50:00,Izzi,Izzi,999.0,EGRESO,TRANSFERENCIA,MXN
1f3ae766-f77a-46b9-b9f7-5adfb98a594b,e4814a6c-08b2-4b08-99dd-d9e29211ea72,13,2026-02-28 08:47:00,Andrea,Andrea,2402.0,EGRESO,EFECTIVO,MXN
addb137f-2520-4b8b-9364-c415e2f907b1,27184bbc-330d-4cfd-a78f-c17d51279685,3,2026-02-28 08:50:00,Costco,Costco,,EGRESO,EFECTIVO,MXN
14251c9b-4c41-443c-addf-90fc209514b1,4bb45633-ce6a-4e78-8b36-ab2143b9312a,18,2026-02-28 09:29:00,Izzi,Izzi,389.0,EGRESO,EFECTIVO,MXN
bc43b399-4a8e-4b4a-8f85-d37b8551f1b8,d7d4bd62-308e-4ac3-9ba9-582ec4beeeb0,30,2026-02-28 09:46:00,Salon de Belleza,Salon de Belleza,207.0,EGRESO,EFECTIVO,MXN
c9361f63-f199-4108-bf9f-4fd18f3c91a4,2d45cb4c-8380-477e-93dc-7ad4055949fe,15,2026-02-28 09:50:00,Multa de Transito,Multa de Transito,1769.0,EGRESO,APP_MOVIL,MXN
6f7d4c4e-5a99-4c03-9873-1adc98027403,460819f1-3e7b-4a18-b9bb-4a991973ca55,24,2026-02-28 11:36:00,L'Oreal,L'Oreal,1202.0,EGRESO,APP_MOVIL,MXN
290d227a-70e5-468d-aba2-6401fb64a0c6,39f9edad-efb7-47c6-9841-c96e9b5d6e22,1,2026-02-28 12:40:00,Transferencia Recibida,Transferencia Recibida,2010.0,INGRESO,TRANSFERENCIA,MXN
d68fcf15-d717-48df-9478-22fc2b4d8db7,d7d4bd62-308e-4ac3-9ba9-582ec4beeeb0,13,2026-02-28 12:47:00,Capa de Ozono,Capa de Ozono,651.0,EGRESO,APP_MOVIL,MXN
6add1a80-c2c0-44b3-8c4d-0fefa42101c6,007759d6-7e92-4216-8b0d-24e4b3bdc25c,17,2026-02-28 13:10:00,Colegiatura,Colegiatura,5229.0,EGRESO,APP_MOVIL,MXN
ad6f8674-7379-4393-80ab-4dc5a72d0e47,7336ec17-03d6-4127-a085-cb3f799bd54e,1,2026-02-28 15:16:00,Nomina,Nomina,5238.49,INGRESO,TRANSFERENCIA,MXN
a4b45022-5a97-43f7-9a2d-930431ac3104,8711e8ab-3016-4507-8ecf-8798f901a525,3,2026-02-28 15:45:00,Costco,Costco,1852.0,EGRESO,APP_MOVIL,MXN
852ca73d-60aa-448c-8054-0facd9965dd2,8580b4dd-2321-42ff-8e88-0392056caa5c,31,2026-02-28 15:46:00,Mercado Libre,Mercado Libre,2196.0,EGRESO,EFECTIVO,MXN
6302c72c-4b98-496a-b008-a1ae4bdb8d1d,4bb45633-ce6a-4e78-8b36-ab2143b9312a,32,2026-02-28 16:51:00,PlayStation Network,PlayStation Network,359.0,EGRESO,EFECTIVO,MXN
d821254a-451d-42ad-b43a-2cab6bf46eec,8580b4dd-2321-42ff-8e88-0392056caa5c,30,2026-02-28 17:48:00,Salon de Belleza,Salon de Belleza,178.0,EGRESO,APP_MOVIL,MXN
f0ab2c06-1915-41e0-ab89-b436f39109dc,7336ec17-03d6-4127-a085-cb3f799bd54e,33,2026-02-28 17:49:00,Agua,Agua,733.0,EGRESO,EFECTIVO,MXN
dd549e71-29b1-4bfa-a93e-016bdb6d5b24,1d78859f-eed0-4406-a7a8-ac62bfe90145,3,2026-02-28 18:02:00,Chedraui,Chedraui,2375.0,EGRESO,APP_MOVIL,MXN
e9aff7d3-24c5-4ab1-aedd-3811aae88187,654c4cb9-fb3b-421c-9e42-884531a72e4c,6,2026-02-28 18:25:00,Uber,Uber,45.0,EGRESO,TRANSFERENCIA,MXN
b496c4fa-9b8a-43c2-8de5-e5ba7e235fd7,282aba8c-1169-402d-adbd-8a41f6676432,31,2026-02-28 18:46:00,Mercado Libre,Mercado Libre,466.0,EGRESO,APP_MOVIL,MXN
0b94e4db-3884-4469-8345-9c5767635256,71c16233-5b03-45a3-b9d9-75dfce80f8cd,13,2026-02-28 19:23:00,Flexi,Flexi,2098.0,EGRESO,APP_MOVIL,MXN
82e22697-91f0-4e26-a5b3-16464100d68d,e9f3e63d-6775-4b45-9daf-9722ec25fbe3,8,2026-02-28 19:26:00,Herramientas,Herramientas,1177.0,EGRESO,APP_MOVIL,MXN
12ce0c7f-83dd-49ee-aef0-403d15713cba,39f9edad-efb7-47c6-9841-c96e9b5d6e22,7,2026-02-28 20:27:00,Electricidad,Electricidad,538.0,EGRESO,APP_MOVIL,MXN
45a4c020-48a5-4e6e-8ff7-f9249f88eb3b,86d42cc6-6226-41a4-aa56-9a03fdc03387,26,2026-02-28 20:44:00,Farmacias Guadalajara,Farmacias Guadalajara,656.0,EGRESO,EFECTIVO,MXN
50d87a4c-9f58-407a-8fe8-b48cc6557939,8d64339b-b475-44e4-bf62-e45215d1ea8f,27,2026-02-28 20:51:00,Gas,Gas,536.0,EGRESO,APP_MOVIL,MXN
8f0220e4-37d4-48d6-8216-0506f215fb54,4f6ff8db-53cf-4464-883b-02373ed58457,27,2026-02-28 21:45:00,Gas,Gas,428.0,EGRESO,EFECTIVO,MXN
21361bbe-e6bc-4cc6-a768-1f0962580ee2,8711e8ab-3016-4507-8ecf-8798f901a525,1,2026-02-28 22:04:00,Nomina,Nomina,9742.23,INGRESO,TRANSFERENCIA,MXN
ee4b79e6-475a-475b-be0d-2e1660708418,efb35f92-a96e-40cb-9ba4-a3d3670133ab,6,2026-02-28 22:26:00,Uber,Uber,59.0,EGRESO,APP_MOVIL,MXN
f0574805-79d1-4fdc-9d5b-7ba98e0a00f0,2d80c188-6489-4094-b09d-93b06a6b2935,9,2026-02-28 22:29:00,Movistar,Movistar,200.0,EGRESO,TRANSFERENCIA,MXN
afa2b854-d762-46b3-86f1-c6c6be392986,57a16ad2-8282-4a67-91ec-ebc90dee810e,14,2026-02-28 23:13:00,Renta,Renta,10357.0,EGRESO,EFECTIVO,MXN
6bc1f917-41a2-403e-9329-b636f449c58d,ec1a1f42-1c5f-492f-919f-08cacfcb0039,26,2026-03-01 00:31:00,Farmacias del Ahorro,Farmacias del Ahorro,348.0,EGRESO,EFECTIVO,MXN
c4dcc369-8ecb-45fe-b5ef-b42ec935fa47,8d64339b-b475-44e4-bf62-e45215d1ea8f,6,2026-03-01 00:55:00,Cabify,Cabify,38.0,EGRESO,EFECTIVO,MXN
c78f4fdb-6f79-4e5d-97f4-2376332d88f7,74a2259c-8ee4-4064-89cc-8a49fd390792,1,2026-03-01 01:10:00,Transferencia Recibida,Transferencia Recibida,535.0,INGRESO,TRANSFERENCIA,MXN
788a5954-47dc-453a-9638-1b254c808936,cc302a48-1c7f-4cd5-8095-557e5f3ee43f,22,2026-03-01 01:22:00,BP,BP,1297.0,EGRESO,TRANSFERENCIA,MXN
bf3d1d14-d944-4c8d-a430-6309e8c0566d,033eaacc-c1f9-412e-84cb-95b426d28b5c,9,2026-03-01 01:35:00,Telcel,Telcel,499.0,EGRESO,EFECTIVO,MXN
451ee3d8-98e1-494f-9eed-ec341ff8f2a7,6b2251e4-b804-4f13-898b-216c0c5ba9cc,18,2026-03-01 02:00:00,Izzi,Izzi,799.0,EGRESO,EFECTIVO,MXN
d62c86c5-bd70-464c-8246-3b0669ae5e6f,481fe99e-04d7-42b3-b696-00ef02353148,31,2026-03-01 03:45:00,Mercado Libre,Mercado Libre,540.0,EGRESO,APP_MOVIL,MXN
898a319b-80b9-4318-bc7a-ca2f4c5025f9,cb4d084d-d246-4f2e-847a-1132c5e51dc6,5,2026-03-01 03:59:00,Burger King,Burger King,1128.0,EGRESO,APP_MOVIL,MXN
42f59b90-c6be-4425-86f2-9f503686cc54,2f4e7259-c7d0-4f8e-b408-fbed59254881,1,2026-03-01 05:47:00,Transferencia Recibida,Transferencia Recibida,2461.0,INGRESO,TRANSFERENCIA,MXN
61bd5360-3e5a-4ee7-b7f1-481ebd304dab,cb4d084d-d246-4f2e-847a-1132c5e51dc6,23,2026-03-01 05:58:00,GNP Seguros,GNP Seguros,1004.0,EGRESO,EFECTIVO,MXN
f34d2a6c-d72a-465a-a080-6f65eead1d00,b4991233-a822-49ca-a113-cbedbb85a741,13,2026-03-01 06:14:00,Capa de Ozono,Capa de Ozono,2336.0,EGRESO,APP_MOVIL,MXN
372b610f-9c36-4b7e-9d19-b86523ad03ba,9fa6af03-3f13-4285-852b-d389da76d928,1,2026-03-01 07:14:00,Nomina,Nomina,20039.9,INGRESO,TRANSFERENCIA,MXN
7154cfc8-a83f-407e-8a25-7c8a8e12fdaa,e4814a6c-08b2-4b08-99dd-d9e29211ea72,33,2026-03-01 07:50:00,Agua,Agua,1111.0,EGRESO,APP_MOVIL,MXN
4a92c789-8e35-4a97-9870-983441e46cb6,9ebdcad6-2344-4fb6-873b-906defca570a,3,2026-03-01 09:14:00,Soriana,Soriana,2916.0,EGRESO,EFECTIVO,MXN
5e1b0ff4-19fd-4bbd-b1a4-0a3513c3bce3,b4991233-a822-49ca-a113-cbedbb85a741,7,2026-03-01 09:24:00,Electricidad,Electricidad,1430.0,EGRESO,EFECTIVO,MXN
f15e6a6c-aec8-4241-8af0-67c89b84c998,e4814a6c-08b2-4b08-99dd-d9e29211ea72,26,2026-03-01 09:31:00,Farmacias Guadalajara,Farmacias Guadalajara,196.0,EGRESO,EFECTIVO,MXN
9325298d-475c-453d-8d09-6c0895f57725,282aba8c-1169-402d-adbd-8a41f6676432,13,2026-03-01 09:41:00,Capa de Ozono,Capa de Ozono,1181.0,EGRESO,APP_MOVIL,MXN
f62e3bc4-ad90-4436-9577-ffd483d1c3bf,5057339d-f49e-4d1c-beae-6ced3a7c148f,15,2026-03-01 09:48:00,Multa de Transito,Multa de Transito,2234.0,EGRESO,TRANSFERENCIA,MXN
a8f33ac2-9e2e-41e6-8af6-af3dfea28c9f,0d4d9d7a-2ce4-4002-abe0-031b288ff53c,13,2026-03-01 10:10:00,Andrea,Andrea,636.0,EGRESO,APP_MOVIL,MXN
85b2199c-b638-480e-9c79-3665d5ccb555,e80f9cac-b03e-4fcb-a3f3-7f1c6286bc7b,34,2026-03-01 10:11:00,Epic Games Store,Epic Games Store,1766.0,EGRESO,APP_MOVIL,MXN
d4ddc428-91fd-4057-a47a-b4949467ce78,d7d4bd62-308e-4ac3-9ba9-582ec4beeeb0,15,2026-03-01 10:28:00,Multa de Transito,Multa de Transito,2279.0,EGRESO,APP_MOVIL,MXN
50dbc8c0-ba27-48bd-b1a6-fa1eced30c33,71c16233-5b03-45a3-b9d9-75dfce80f8cd,1,2026-03-01 11:26:00,Nomina,Nomina,9928.76,INGRESO,TRANSFERENCIA,MXN
e1c6cf04-78d9-4f07-aa52-5456c20cd19e,282aba8c-1169-402d-adbd-8a41f6676432,25,2026-03-01 11:42:00,Palacio de Hierro,Palacio de Hierro,2448.0,EGRESO,TRANSFERENCIA,MXN
878fb86a-40ad-416c-ab45-872a3378655e,a016e16f-7680-4d69-8958-9b2a62b35431,26,2026-03-01 12:47:00,Farmacias Guadalajara,Farmacias Guadalajara,649.0,EGRESO,APP_MOVIL,MXN
8008e9a3-0f08-418a-8247-f25ca48cd0d6,c0c2ffc0-3d5f-4e4f-99f2-884a8a2621f5,27,2026-03-01 16:39:00,Gas,Gas,220.0,EGRESO,EFECTIVO,MXN
8d9ca79c-83bc-4e6c-9014-2e80cb79d6f8,b5525d88-0da0-4036-a444-3e4f7a34128f,13,2026-03-01 17:58:00,Andrea,Andrea,887.0,EGRESO,APP_MOVIL,MXN
2d240aea-3387-4506-bcb7-430ca087441b,37060ad3-4bfd-4b62-86a5-6c3b7241f7b3,5,2026-03-01 19:59:00,Burger King,Burger King,232.0,EGRESO,TRANSFERENCIA,MXN
4edba2fd-2f30-478e-b746-0d4cda18f0b8,efb35f92-a96e-40cb-9ba4-a3d3670133ab,25,2026-03-01 22:15:00,Palacio de Hierro,Palacio de Hierro,1352.0,EGRESO,APP_MOVIL,MXN
e969c433-b954-4330-8b37-b249b309654f,e8dab777-b3e1-4c67-81e8-1bcf07a12eb6,11,2026-03-01 22:18:00,Metro,Metro,5.0,EGRESO,EFECTIVO,MXN
e2c9b7c5-9b04-4468-8f26-7b7ff07c5bbf,74a2259c-8ee4-4064-89cc-8a49fd390792,5,2026-03-02 00:10:00,Little Caesars,Little Caesars,202.0,EGRESO,APP_MOVIL,MXN
d18a909e-79c7-41f0-8892-f00e3b323d61,3e5b598d-bd6d-4076-8922-5940bc6d277c,34,2026-03-02 00:39:00,Epic Games Store,Epic Games Store,1623.0,EGRESO,TRANSFERENCIA,MXN
2a605c50-aab5-47d6-b390-5ba0daf45a3a,ef403853-e247-49d9-9751-bf46943b3d76,10,2026-03-02 00:52:00,Compras Fisicas,Compras Fisicas,254.0,EGRESO,APP_MOVIL,MXN
adccb247-5d64-4df8-8350-7bfcf7a43cad,7c5b5dce-0577-471c-acd8-1c6806bbd6d1,9,2026-03-02 02:46:00,Movistar,Movistar,200.0,EGRESO,APP_MOVIL,MXN
66fe1530-8148-48ed-a836-a6dd31ad3927,4c903803-6f89-4498-ac48-9cac84de61c7,12,2026-03-02 03:04:00,Barberia,Barberia,413.0,EGRESO,EFECTIVO,MXN
c4181427-1afb-4c45-8a4b-1c0f7ecd67ca,bacb91fd-e8d8-4aab-86af-be8542045bfc,2,2026-03-02 03:05:00,Bus,Bus,9.5,EGRESO,APP_MOVIL,MXN
52ba2217-6d2b-42c3-8083-10de70d41324,9ebdcad6-2344-4fb6-873b-906defca570a,32,2026-03-02 03:15:00,Xbox Live,Xbox Live,959.0,EGRESO,EFECTIVO,MXN
6486546f-6af0-4b52-abac-ed196f617756,cb4d084d-d246-4f2e-847a-1132c5e51dc6,30,2026-03-02 03:51:00,Salon de Belleza,Salon de Belleza,224.0,EGRESO,APP_MOVIL,MXN
816b308b-3c7a-40b7-89fe-a2a6de2156e6,d7073699-b1fd-4984-8380-c897f19b37c2,1,2026-03-02 04:36:00,Transferencia Recibida,Transferencia Recibida,2222.0,INGRESO,TRANSFERENCIA,MXN
c13619b1-d64c-4af5-8180-ed2cc7506181,d660ddf9-6ba0-4a64-88ea-5d41f61fcefb,1,2026-03-02 07:39:00,Nomina,Nomina,7645.89,INGRESO,TRANSFERENCIA,MXN
c7932150-8cae-485a-b81f-278ee99652ac,3e5b598d-bd6d-4076-8922-5940bc6d277c,1,2026-03-02 10:52:00,Nomina,Nomina,24603.92,INGRESO,TRANSFERENCIA,MXN
ce6f5a1d-4b54-4b26-a108-9702ca899182,2d45cb4c-8380-477e-93dc-7ad4055949fe,23,2026-03-02 11:17:00,GNP Seguros,GNP Seguros,2733.0,EGRESO,EFECTIVO,MXN
8a1f761a-f114-4326-9248-2a6d7e9555b5,37060ad3-4bfd-4b62-86a5-6c3b7241f7b3,25,2026-03-02 11:37:00,Liverpool,Liverpool,1704.0,EGRESO,TRANSFERENCIA,MXN
eb3c6b64-32fc-49a9-8f0e-ec45f807cb3a,1d7d3151-e6c5-479c-aa65-df54b837c324,1,2026-03-02 11:48:00,Nomina,Nomina,12892.03,INGRESO,TRANSFERENCIA,MXN
4e53a9cb-2b81-4b2f-855c-93162a529787,b8a2aeb0-77bc-4f93-87a4-dbd5d9aae0e9,28,2026-03-02 12:54:00,Innvictus,Innvictus,582.0,EGRESO,TRANSFERENCIA,MXN
d03a8327-2b94-461a-a1bf-0aa65ab91ada,4c903803-6f89-4498-ac48-9cac84de61c7,25,2026-03-02 13:21:00,Liverpool,Liverpool,1611.0,EGRESO,EFECTIVO,MXN
ca5bb343-8e59-4329-b4db-e0a07f956905,0aa2518e-377e-4305-9b5c-0f8e0f802f9e,12,2026-03-02 13:48:00,Barberia,Barberia,498.0,EGRESO,EFECTIVO,MXN
6c18c351-bfa5-433e-8cba-167bad2cdc75,74a2259c-8ee4-4064-89cc-8a49fd390792,11,2026-03-02 14:09:00,Metro,Metro,100.0,EGRESO,EFECTIVO,MXN
f0653eb6-c920-44de-8572-bdfcdad876a0,460819f1-3e7b-4a18-b9bb-4a991973ca55,24,2026-03-02 15:16:00,NYX Cosmetics,NYX Cosmetics,895.0,EGRESO,EFECTIVO,MXN
4aa751c5-302d-4890-bcdb-6ec36941fc28,edeb6414-0b55-4e0a-bed2-b73a88276387,15,2026-03-02 15:29:00,Multa de Transito,Multa de Transito,3200.0,EGRESO,APP_MOVIL,MXN
e225820e-4fa9-4fcb-a6fd-128f072f16e8,d7d4bd62-308e-4ac3-9ba9-582ec4beeeb0,23,2026-03-02 15:37:00,GNP Seguros,GNP Seguros,3412.0,EGRESO,EFECTIVO,MXN
b015f3a5-558a-4c74-8dde-e074ad85ef39,c0c2ffc0-3d5f-4e4f-99f2-884a8a2621f5,23,2026-03-02 15:44:00,AXA Seguros,AXA Seguros,1984.0,EGRESO,APP_MOVIL,MXN
3dc8a16a-5ce1-4a42-9a30-642a23e6100f,367901a5-f293-400f-8969-224db4f3e99e,16,2026-03-02 16:33:00,Cloe,Cloe,1795.0,EGRESO,APP_MOVIL,MXN
3c9bebd2-dc47-4113-bc96-28723c58c215,7489af6c-154c-4eef-b7af-50397bd6b848,22,2026-03-02 18:11:00,Oxxo Gas,Oxxo Gas,799.0,EGRESO,EFECTIVO,MXN
692d2f44-01cb-41fb-b209-2d4ae1d322f4,088735e5-4d0d-4706-a911-442edac351c2,17,2026-03-02 18:37:00,Colegiatura,Colegiatura,6719.0,EGRESO,TRANSFERENCIA,MXN
576646f0-66dd-4ec5-81e8-3776d9db316a,e6f6e0cb-d25d-473f-9f7b-b942a476f005,9,2026-03-02 19:23:00,Telcel,Telcel,599.0,EGRESO,EFECTIVO,MXN
7a54a7d7-cd6f-4245-9678-0582010b4690,654c4cb9-fb3b-421c-9e42-884531a72e4c,1,2026-03-02 21:56:00,Transferencia Recibida,Transferencia Recibida,1315.0,INGRESO,TRANSFERENCIA,MXN
0a005013-de5a-443c-9e0e-50a8a6865405,950bb240-d014-403a-bd23-d2ae18663c05,10,2026-03-02 23:43:00,Compras Fisicas,Compras Fisicas,946.0,EGRESO,EFECTIVO,MXN
4d048304-5a11-4ba0-9673-de6b6a40b291,0aa2518e-377e-4305-9b5c-0f8e0f802f9e,12,2026-03-03 00:16:00,Barberia,Barberia,270.0,EGRESO,APP_MOVIL,MXN
d537cac0-d92f-42a6-b68a-461b4716cb88,d7b98250-11d8-4b40-a1fd-44ae5b3e0d2a,33,2026-03-03 03:35:00,Agua,Agua,1210.0,EGRESO,APP_MOVIL,MXN
2bff0ea9-791c-4385-99ce-e39c0367901f,460819f1-3e7b-4a18-b9bb-4a991973ca55,6,2026-03-03 05:19:00,Uber,Uber,45.0,EGRESO,EFECTIVO,MXN
d2ffb123-a7bd-476e-8cf0-ef87fd3f79f9,f20e8816-f077-4abe-837b-b3e39ccf37eb,25,2026-03-03 06:35:00,Liverpool,Liverpool,1719.0,EGRESO,TRANSFERENCIA,MXN
7994b765-d79b-4224-9254-4af9dd310d86,2d45cb4c-8380-477e-93dc-7ad4055949fe,4,2026-03-03 07:32:00,Apple TV+,Apple TV+,129.0,EGRESO,TRANSFERENCIA,MXN
9ba97b77-1407-4f14-b0bb-c3d001c3c65d,c56eb014-1de6-4df3-9cc5-45132bbf6942,31,2026-03-03 08:14:00,Amazon,Amazon,1613.0,EGRESO,TRANSFERENCIA,MXN
e50cf5c7-a8f8-4a1a-b7c7-1c54adba8e26,a5264eb8-0d47-44e1-b1b3-6e0a2018f25f,9,2026-03-03 09:23:00,Movistar,Movistar,299.0,EGRESO,APP_MOVIL,MXN
ff3d0fab-01a9-4c41-857e-89d8c7d3736a,282aba8c-1169-402d-adbd-8a41f6676432,6,2026-03-03 12:57:00,Uber,Uber,68.0,EGRESO,EFECTIVO,MXN
c171efe9-94ff-406d-b702-1fac50c5f676,d7b98250-11d8-4b40-a1fd-44ae5b3e0d2a,15,2026-03-03 13:26:00,Multa de Transito,Multa de Transito,3109.0,EGRESO,APP_MOVIL,MXN
dd564ba1-aa69-4d50-8414-c1332f1d8bb3,950bb240-d014-403a-bd23-d2ae18663c05,25,2026-03-03 13:54:00,Liverpool,Liverpool,1256.0,EGRESO,EFECTIVO,MXN
56e1e584-911f-4367-9aea-964df1b9aefc,03e60ec2-d499-47cd-81fb-96e308403ecd,23,2026-03-03 14:02:00,Qualitas,Qualitas,2786.0,EGRESO,APP_MOVIL,MXN
c4c8a7ec-5108-4f9a-9b90-2db0e7cf744f,3e5b598d-bd6d-4076-8922-5940bc6d277c,32,2026-03-03 14:29:00,PlayStation Network,PlayStation Network,1462.0,EGRESO,APP_MOVIL,MXN
2fbf9ecd-892d-4f33-91af-6739f0223ba2,4c903803-6f89-4498-ac48-9cac84de61c7,29,2026-03-03 15:09:00,Viajes,Viajes,8922.0,EGRESO,EFECTIVO,MXN
03a3bb24-2212-4e4c-bef4-4776c118a199,a5264eb8-0d47-44e1-b1b3-6e0a2018f25f,16,2026-03-03 15:46:00,Michael Kors,Michael Kors,2372.0,EGRESO,APP_MOVIL,MXN
18f992f0-5b90-4edd-bf24-b80ed2b7d213,49c19272-4521-43eb-a5ed-ba309950965f,4,2026-03-03 15:46:00,Apple TV+,Apple TV+,129.0,EGRESO,APP_MOVIL,MXN
0dee32b4-b026-4ac4-a907-70b60980ff71,033eaacc-c1f9-412e-84cb-95b426d28b5c,26,2026-03-03 16:01:00,Farmacias del Ahorro,Farmacias del Ahorro,832.0,EGRESO,APP_MOVIL,MXN
b3a1905d-eb6b-4a59-8adf-a2bfa5eaf4ed,c9e1bb7a-b4b0-4880-88f1-2b90da359497,23,2026-03-03 16:35:00,GNP Seguros,GNP Seguros,3217.0,EGRESO,EFECTIVO,MXN
28734851-345e-476c-b6a7-b3231b627c6b,36bb528a-43a8-4008-8557-d3e3a5c94a6c,32,2026-03-03 16:47:00,Xbox Live,Xbox Live,1748.0,EGRESO,EFECTIVO,MXN
4e713ed5-f0e9-44e7-a155-75f7d8c7791f,e9f3e63d-6775-4b45-9daf-9722ec25fbe3,1,2026-03-03 19:03:00,Nomina,Nomina,5336.35,INGRESO,TRANSFERENCIA,MXN
79e47595-aa4a-43a9-8a72-3ea467cdabd4,74a2259c-8ee4-4064-89cc-8a49fd390792,33,2026-03-03 19:39:00,Agua,Agua,1195.0,EGRESO,TRANSFERENCIA,MXN
7f41eca2-16a8-4ec4-9b1e-5c7e28689454,7336ec17-03d6-4127-a085-cb3f799bd54e,11,2026-03-03 19:51:00,Metro,Metro,5.0,EGRESO,EFECTIVO,MXN
e7d4a1b0-08ae-4545-8abb-587ff0125471,03e60ec2-d499-47cd-81fb-96e308403ecd,17,2026-03-03 20:11:00,Colegiatura,Colegiatura,4133.0,EGRESO,TRANSFERENCIA,MXN
9173fa20-9d8d-44a9-bb06-46a0bd39974d,d660ddf9-6ba0-4a64-88ea-5d41f61fcefb,21,2026-03-03 20:41:00,Metrobus,Metrobus,6.0,EGRESO,APP_MOVIL,MXN
9a840185-95ba-4cd3-be60-02679a00651f,2ca34b24-a26a-4698-a4c6-7593f66ced33,1,2026-03-03 21:51:00,Nomina,Nomina,10279.83,INGRESO,TRANSFERENCIA,MXN
900d0bca-b248-4be3-927f-7a1aaa8ce413,287b9cdc-edd5-4342-a5fb-5148aeea5b6c,25,2026-03-03 22:45:00,Liverpool,Liverpool,2354.0,EGRESO,EFECTIVO,MXN
495561f3-dd20-4cdd-a2d1-ee7df7ec5fb6,2d80c188-6489-4094-b09d-93b06a6b2935,1,2026-03-03 22:52:00,Transferencia Recibida,Transferencia Recibida,1092.0,INGRESO,TRANSFERENCIA,MXN
403245f9-478c-40e0-8605-77904bf3aab3,e80f9cac-b03e-4fcb-a3f3-7f1c6286bc7b,29,2026-03-04 01:38:00,Viajes,Viajes,3307.0,EGRESO,EFECTIVO,MXN
78c8d288-1fa6-4e4e-8828-19fb83acd883,169f4be3-cc0f-4b41-8a79-77865835d095,13,2026-03-04 03:04:00,Andrea,Andrea,1978.0,EGRESO,TRANSFERENCIA,MXN
0b5ef638-31e6-424c-83bb-270e96e7f2cb,86ebabff-3329-403c-ae53-7102b0dc7831,1,2026-03-04 03:24:00,Nomina,Nomina,9103.12,INGRESO,TRANSFERENCIA,MXN
5f4848fe-58dd-4918-b2a8-40d1da8ec372,49c19272-4521-43eb-a5ed-ba309950965f,6,2026-03-04 03:27:00,Uber,Uber,190.0,EGRESO,APP_MOVIL,MXN
12cd9d3d-137c-4fba-ac1f-8641c2d9ae83,cf376ebc-04ee-401c-98d2-d2ca7394def8,34,2026-03-04 04:51:00,Steam,Steam,1279.0,EGRESO,APP_MOVIL,MXN
ec1078fe-2378-4417-a63e-4d25a99db4b4,27184bbc-330d-4cfd-a78f-c17d51279685,26,2026-03-04 05:14:00,Farmacias Similares,Farmacias Similares,253.0,EGRESO,EFECTIVO,MXN
8e60042f-f332-4f46-966d-5d83afeca47a,b8a2aeb0-77bc-4f93-87a4-dbd5d9aae0e9,4,2026-03-04 05:30:00,Amazon Prime,Amazon Prime,99.0,EGRESO,TRANSFERENCIA,MXN
e50c162b-1720-42d9-9df3-cf584bf02125,cf376ebc-04ee-401c-98d2-d2ca7394def8,6,2026-03-04 05:37:00,Uber,Uber,42.0,EGRESO,EFECTIVO,MXN
377a5e3d-b264-46a4-9ada-cedefc2f1ac0,460819f1-3e7b-4a18-b9bb-4a991973ca55,17,2026-03-04 06:06:00,Colegiatura,Colegiatura,4082.0,EGRESO,APP_MOVIL,MXN
db8ec347-53f9-4cce-85d6-b20284f5e8c1,287b9cdc-edd5-4342-a5fb-5148aeea5b6c,12,2026-03-04 06:41:00,Barberia,Barberia,318.0,EGRESO,APP_MOVIL,MXN
20f4c697-4435-4505-9f7d-21bc18d78e5d,57a16ad2-8282-4a67-91ec-ebc90dee810e,17,2026-03-04 07:50:00,Colegiatura,Colegiatura,2051.0,EGRESO,APP_MOVIL,MXN
23498de0-c40c-4bf8-bb02-5e7e98d47752,f20e8816-f077-4abe-837b-b3e39ccf37eb,24,2026-03-04 09:52:00,L'Oreal,L'Oreal,264.0,EGRESO,TRANSFERENCIA,MXN
bcf78c73-9399-424f-a6e4-a2124eb49ad8,481fe99e-04d7-42b3-b696-00ef02353148,13,2026-03-04 10:04:00,Andrea,Andrea,451.0,EGRESO,TRANSFERENCIA,MXN
915644db-9314-4651-a6a3-78aaf28198fc,287b9cdc-edd5-4342-a5fb-5148aeea5b6c,9,2026-03-04 11:40:00,Movistar,Movistar,599.0,EGRESO,APP_MOVIL,MXN
bd8fcf6c-3f6d-4fd8-9be4-0115d2cca323,6e3e2a99-1a3d-42fa-bfe5-52f057eccb2f,29,2026-03-04 12:23:00,Viajes,Viajes,10916.0,EGRESO,APP_MOVIL,MXN
2c49152b-bc48-48a5-978a-4f34224c69c3,e8dab777-b3e1-4c67-81e8-1bcf07a12eb6,1,2026-03-04 13:54:00,Nomina,Nomina,19075.53,INGRESO,TRANSFERENCIA,MXN
6a256eca-6c4f-4f75-8be4-f4b9177fabe5,e4f9aabd-8595-4a2d-84b2-3d54a4541fdc,1,2026-03-04 15:22:00,Nomina,Nomina,49355.03,INGRESO,TRANSFERENCIA,MXN
d36d1664-69b6-4845-a785-90d2ae56037f,367901a5-f293-400f-8969-224db4f3e99e,1,2026-03-04 15:57:00,Nomina,Nomina,12578.35,INGRESO,TRANSFERENCIA,MXN
07a9840d-e1c6-4842-9848-80149f90c2a4,b6ca9d87-476a-4c5d-83ca-7693a6527a9c,1,2026-03-04 16:07:00,Nomina,Nomina,12637.37,INGRESO,TRANSFERENCIA,MXN
411eb04a-1151-4d1f-9c95-ec1354b6955e,87a8bdbd-1d61-4275-b187-80f960bd7983,17,2026-03-04 17:15:00,Colegiatura,Colegiatura,8421.0,EGRESO,APP_MOVIL,MXN
a27ba05d-0f7f-4475-ac97-6b544370b576,e4814a6c-08b2-4b08-99dd-d9e29211ea72,1,2026-03-04 19:19:00,Nomina,Nomina,34361.9,INGRESO,TRANSFERENCIA,MXN
b0206bf4-87ba-4188-a418-5f3345dce397,591ef66e-c411-40c1-95e6-b23f8169be61,18,2026-03-04 19:57:00,Izzi,Izzi,999.0,EGRESO,APP_MOVIL,MXN
1e6ab1dc-118a-4f15-83ef-10c149df02a1,4f6ff8db-53cf-4464-883b-02373ed58457,25,2026-03-04 20:53:00,Palacio de Hierro,Palacio de Hierro,1641.0,EGRESO,APP_MOVIL,MXN
b59c8572-9e26-4339-9274-93ef28549dff,2ca34b24-a26a-4698-a4c6-7593f66ced33,16,2026-03-04 22:46:00,Michael Kors,Michael Kors,323.0,EGRESO,EFECTIVO,MXN
ffb0e892-0593-4cad-9b0b-5357b979d93f,37060ad3-4bfd-4b62-86a5-6c3b7241f7b3,18,2026-03-04 22:59:00,Infinitum,Infinitum,549.0,EGRESO,EFECTIVO,MXN
614cb43e-6b20-4063-98f6-17aece2e4cb4,27184bbc-330d-4cfd-a78f-c17d51279685,5,2026-03-05 00:01:00,Little Caesars,Little Caesars,768.0,EGRESO,APP_MOVIL,MXN
b48af674-91c3-45d3-ac4e-e6357dc8cf99,8d64339b-b475-44e4-bf62-e45215d1ea8f,6,2026-03-05 00:57:00,Uber,Uber,95.0,EGRESO,APP_MOVIL,MXN
09e1801e-14a2-47f7-98a7-4f6f0b479146,d7b98250-11d8-4b40-a1fd-44ae5b3e0d2a,14,2026-03-05 01:52:00,Renta,Renta,3923.0,EGRESO,APP_MOVIL,MXN
ebab8769-d1ca-4e1c-82a1-585295c66540,c0c2ffc0-3d5f-4e4f-99f2-884a8a2621f5,32,2026-03-05 03:29:00,PlayStation Network,PlayStation Network,1684.0,EGRESO,APP_MOVIL,MXN
713813e4-77c5-4f96-b988-034cb0d9a629,8580b4dd-2321-42ff-8e88-0392056caa5c,24,2026-03-05 04:17:00,Maybelline,Maybelline,1420.0,EGRESO,APP_MOVIL,MXN
f4096406-5be7-4591-bcd1-1f0e9c8987f2,ef403853-e247-49d9-9751-bf46943b3d76,18,2026-03-05 04:28:00,Infinitum,Infinitum,799.0,EGRESO,APP_MOVIL,MXN
d313b0fb-bf4f-4220-8885-7a5795cd3ff5,950bb240-d014-403a-bd23-d2ae18663c05,1,2026-03-05 05:24:00,Nomina,Nomina,12394.73,INGRESO,TRANSFERENCIA,MXN
e6d8eaf0-7a2b-4717-999a-ac95c9932a18,fe494458-2541-481f-bb69-2bcb8e182795,1,2026-03-05 06:49:00,Nomina,Nomina,19294.84,INGRESO,TRANSFERENCIA,MXN
eaa73789-9a5b-4c1c-bf12-74ac43337c26,6b2251e4-b804-4f13-898b-216c0c5ba9cc,3,2026-03-05 07:00:00,Bodega Aurrera,Bodega Aurrera,3356.0,EGRESO,APP_MOVIL,MXN
c132c87c-1055-4cad-8fec-538aa73652a6,1d7d3151-e6c5-479c-aa65-df54b837c324,19,2026-03-05 08:05:00,Mantenimiento Automotriz,Mantenimiento Automotriz,2295.0,EGRESO,EFECTIVO,MXN
69db5993-6392-4be3-8442-975629c6c7f3,e8dab777-b3e1-4c67-81e8-1bcf07a12eb6,12,2026-03-05 08:08:00,Barberia,Barberia,134.0,EGRESO,APP_MOVIL,MXN
cce97e51-ebdf-43a0-9e38-3904c332e33b,f2e52e1f-1d7b-4214-a1ee-83e8b98918f0,9,2026-03-05 09:06:00,Telcel,Telcel,499.0,EGRESO,APP_MOVIL,MXN
0f5bc26e-ea74-48f3-a5ca-b962a451597e,5057339d-f49e-4d1c-beae-6ced3a7c148f,6,2026-03-05 09:12:00,DiDi,DiDi,42.0,EGRESO,APP_MOVIL,MXN
2463ce0a-24d5-46a0-a3ba-9c8c1b9d0b55,062fd77f-ba97-4763-bff4-0bc64c0b9db9,33,2026-03-05 09:44:00,Agua,Agua,468.0,EGRESO,EFECTIVO,MXN
71c6fc78-92fc-4d83-9d4d-a76903b7c79d,8580b4dd-2321-42ff-8e88-0392056caa5c,1,2026-03-05 12:07:00,Nomina,Nomina,4916.3,INGRESO,TRANSFERENCIA,MXN
4e26aebe-90f1-4b43-aaf6-9aa9085d6e6b,87a8bdbd-1d61-4275-b187-80f960bd7983,28,2026-03-05 13:30:00,Innvictus,Innvictus,722.0,EGRESO,APP_MOVIL,MXN
5f9c208c-6bb3-4d1f-8ef5-ece16a275cf8,d83b0edd-72db-47f8-a768-7d03bc7fa190,3,2026-03-05 13:58:00,Bodega Aurrera,Bodega Aurrera,3763.0,EGRESO,EFECTIVO,MXN
12538cbe-2da4-43f2-ae5f-38972505470b,d7d4bd62-308e-4ac3-9ba9-582ec4beeeb0,13,2026-03-05 16:07:00,Andrea,Andrea,2017.0,EGRESO,EFECTIVO,MXN
2f79ce31-fae0-4811-9f57-8defd1f6f672,9ebdcad6-2344-4fb6-873b-906defca570a,25,2026-03-05 16:24:00,Liverpool,Liverpool,1857.0,EGRESO,EFECTIVO,MXN
ba06c866-99b9-41bf-a62a-84ba109ec5e2,2d45cb4c-8380-477e-93dc-7ad4055949fe,13,2026-03-05 16:30:00,Andrea,Andrea,993.0,EGRESO,TRANSFERENCIA,MXN
513bf085-0962-49f8-91a4-da72ec952722,e4814a6c-08b2-4b08-99dd-d9e29211ea72,16,2026-03-05 19:36:00,Coach,Coach,1077.0,EGRESO,EFECTIVO,MXN
10b903f0-8b26-46ad-9423-d29aa750c710,e77722c3-ca39-4480-832f-f90fbc2402a7,33,2026-03-05 20:09:00,Agua,Agua,1383.0,EGRESO,APP_MOVIL,MXN
7309e336-cd6b-450e-ab14-71d365abd041,287b9cdc-edd5-4342-a5fb-5148aeea5b6c,25,2026-03-05 20:18:00,Palacio de Hierro,Palacio de Hierro,274.0,EGRESO,TRANSFERENCIA,MXN
474e8aca-4309-4420-b013-ebfa3dce1ed9,287b9cdc-edd5-4342-a5fb-5148aeea5b6c,1,2026-03-05 21:35:00,Transferencia Recibida,Transferencia Recibida,4748.0,INGRESO,TRANSFERENCIA,MXN
6a59c504-4b5c-4a26-811c-e818f97fc426,287b9cdc-edd5-4342-a5fb-5148aeea5b6c,18,2026-03-05 21:55:00,Totalplay,Totalplay,439.0,EGRESO,TRANSFERENCIA,MXN
ea6b9b10-84b1-4ebb-9d9e-561a58ba8522,bacb91fd-e8d8-4aab-86af-be8542045bfc,26,2026-03-05 22:35:00,Farmacias Similares,Farmacias Similares,747.0,EGRESO,APP_MOVIL,MXN
dae17cb1-83e1-438c-8d59-84f2dc1868c6,74a2259c-8ee4-4064-89cc-8a49fd390792,16,2026-03-05 22:38:00,Michael Kors,Michael Kors,1318.0,EGRESO,APP_MOVIL,MXN
d1ba4819-bd17-431c-a9b2-c815d1a8c957,0aa2518e-377e-4305-9b5c-0f8e0f802f9e,1,2026-03-06 00:46:00,Transferencia Recibida,Transferencia Recibida,3473.0,INGRESO,TRANSFERENCIA,MXN
0a4d6dd9-5008-4b20-bc96-d2627f478a89,287b9cdc-edd5-4342-a5fb-5148aeea5b6c,8,2026-03-06 01:02:00,Herramientas,Herramientas,1867.0,EGRESO,APP_MOVIL,MXN
1588d646-5572-40db-8b4c-72c8a2c63064,87a8bdbd-1d61-4275-b187-80f960bd7983,1,2026-03-06 01:05:00,Nomina,Nomina,8751.14,INGRESO,TRANSFERENCIA,MXN
5576ca78-8021-45d5-971e-23344660b96b,698259d6-1dc2-4996-bae9-8219285ebc59,9,2026-03-06 02:43:00,Telcel,Telcel,150.0,EGRESO,EFECTIVO,MXN
3cc8bb2c-b36d-4e71-adbc-c1c9c6362e52,950bb240-d014-403a-bd23-d2ae18663c05,20,2026-03-06 03:09:00,Restaurante Local,Restaurante Local,634.0,EGRESO,APP_MOVIL,MXN
8f0116de-b518-4f6a-877c-e47c51d4dd9c,b5525d88-0da0-4036-a444-3e4f7a34128f,19,2026-03-06 04:47:00,Mantenimiento Automotriz,Mantenimiento Automotriz,1065.0,EGRESO,APP_MOVIL,MXN
928af4d0-745b-492e-bc22-1f324ace5847,e9f3e63d-6775-4b45-9daf-9722ec25fbe3,6,2026-03-06 04:58:00,Uber,Uber,72.0,EGRESO,TRANSFERENCIA,MXN
37a17288-d471-4b05-a96d-9b2d6151bb9e,57a16ad2-8282-4a67-91ec-ebc90dee810e,19,2026-03-06 07:44:00,Mantenimiento Automotriz,Mantenimiento Automotriz,2785.0,EGRESO,TRANSFERENCIA,MXN
6a60f9f6-27c3-4dd7-9e3b-bb1dcf5d0891,b8a2aeb0-77bc-4f93-87a4-dbd5d9aae0e9,32,2026-03-06 09:34:00,Xbox Live,Xbox Live,1655.0,EGRESO,APP_MOVIL,MXN
93e64206-983e-4310-9093-4a5a20988ac0,ef403853-e247-49d9-9751-bf46943b3d76,25,2026-03-06 10:32:00,Palacio de Hierro,Palacio de Hierro,821.0,EGRESO,APP_MOVIL,MXN
afb14028-152d-44e3-8eec-fe57811358ec,efb35f92-a96e-40cb-9ba4-a3d3670133ab,20,2026-03-06 11:56:00,Cinemex,Cinemex,1161.0,EGRESO,EFECTIVO,MXN
ace5e7ea-9d7c-44eb-87fc-4b8c5fe7a6b7,062fd77f-ba97-4763-bff4-0bc64c0b9db9,27,2026-03-06 11:57:00,Gas,Gas,754.0,EGRESO,EFECTIVO,MXN
4699c882-75d8-4c3f-a12f-d0a59c64cd2e,169f4be3-cc0f-4b41-8a79-77865835d095,11,2026-03-06 12:45:00,Metro,Metro,20.0,EGRESO,APP_MOVIL,MXN
77b5ef15-4a29-4502-9e1b-b7402931347b,af1d8cae-6064-4332-977d-e896264e20c2,7,2026-03-06 12:49:00,Electricidad,Electricidad,1794.0,EGRESO,APP_MOVIL,MXN
ea8daa86-3184-4eb1-8c89-9d2b47565aca,bacb91fd-e8d8-4aab-86af-be8542045bfc,23,2026-03-06 14:03:00,GNP Seguros,GNP Seguros,2525.0,EGRESO,EFECTIVO,MXN
24052e49-63ee-426b-9210-3bc78d8a4a51,8d64339b-b475-44e4-bf62-e45215d1ea8f,25,2026-03-06 14:23:00,Palacio de Hierro,Palacio de Hierro,,EGRESO,APP_MOVIL,MXN
ae79b07b-c0aa-49a2-b58a-b113bdcd2eb3,c0c2ffc0-3d5f-4e4f-99f2-884a8a2621f5,27,2026-03-06 15:47:00,Gas,Gas,794.0,EGRESO,APP_MOVIL,MXN
e7a016cb-fe73-4b47-8c4c-2ca244ff33d1,37060ad3-4bfd-4b62-86a5-6c3b7241f7b3,2,2026-03-06 16:02:00,Bus,Bus,,EGRESO,TRANSFERENCIA,MXN
815459f0-c51b-4f5f-ada0-bc75dd4b32df,1d7d3151-e6c5-479c-aa65-df54b837c324,31,2026-03-06 16:46:00,Mercado Libre,Mercado Libre,1973.0,EGRESO,APP_MOVIL,MXN
99a7f237-bf8a-45ec-b7d2-78724e7b6f49,9ebdcad6-2344-4fb6-873b-906defca570a,1,2026-03-06 17:06:00,Transferencia Recibida,Transferencia Recibida,3213.0,INGRESO,TRANSFERENCIA,MXN
90308f31-58b3-46d5-a8d5-b1571d13796d,cf376ebc-04ee-401c-98d2-d2ca7394def8,34,2026-03-06 20:40:00,Epic Games Store,Epic Games Store,1470.0,EGRESO,APP_MOVIL,MXN
efe82d3e-5048-4474-b59b-e595e9a970cb,49c19272-4521-43eb-a5ed-ba309950965f,22,2026-03-07 01:26:00,Pemex,Pemex,235.0,EGRESO,TRANSFERENCIA,MXN
8f82dff8-20f6-4385-b41c-2eebc7a12289,e8dab777-b3e1-4c67-81e8-1bcf07a12eb6,12,2026-03-07 01:55:00,Barberia,Barberia,326.0,EGRESO,APP_MOVIL,MXN
2553ec32-99ee-4b6b-8df4-53df164c769d,ec1a1f42-1c5f-492f-919f-08cacfcb0039,14,2026-03-07 02:35:00,Renta,Renta,4111.0,EGRESO,APP_MOVIL,MXN
646ec8f6-4952-4c45-a7c1-ebfb4da8737c,03e60ec2-d499-47cd-81fb-96e308403ecd,10,2026-03-07 02:46:00,Compras Fisicas,Compras Fisicas,1950.0,EGRESO,APP_MOVIL,MXN
2a2203ac-f9e3-4298-8d08-b3ec827558f3,169f4be3-cc0f-4b41-8a79-77865835d095,17,2026-03-07 02:46:00,Colegiatura,Colegiatura,2309.0,EGRESO,APP_MOVIL,MXN
67f2610e-5e88-4561-bfdc-330e32440e55,49c19272-4521-43eb-a5ed-ba309950965f,23,2026-03-07 03:01:00,Qualitas,Qualitas,1990.0,EGRESO,APP_MOVIL,MXN
ee089e16-d4a6-4150-b74d-362996ef8bcc,e80f9cac-b03e-4fcb-a3f3-7f1c6286bc7b,22,2026-03-07 03:24:00,BP,BP,850.0,EGRESO,EFECTIVO,MXN
891c537c-5d94-40d7-824e-89e5cdbb35d9,49c19272-4521-43eb-a5ed-ba309950965f,12,2026-03-07 03:34:00,Barberia,Barberia,148.0,EGRESO,TRANSFERENCIA,MXN
f73315dd-0d06-4687-9a6c-47a21d6a7acb,86ebabff-3329-403c-ae53-7102b0dc7831,23,2026-03-07 05:02:00,GNP Seguros,GNP Seguros,1904.0,EGRESO,EFECTIVO,MXN
c2b46cc9-76d3-4e68-9e10-df2d7bf8d991,334ac887-2c2e-43f0-ac7f-4e80e3f22173,2,2026-03-07 05:20:00,Bus,Bus,8.0,EGRESO,TRANSFERENCIA,MXN
2bcacd5e-4d7d-43c2-a85d-36d41ecd3619,f2e52e1f-1d7b-4214-a1ee-83e8b98918f0,1,2026-03-07 07:08:00,Nomina,Nomina,9561.1,INGRESO,TRANSFERENCIA,MXN
1d11c9a5-c14d-40ea-a5d7-a4f2437deac7,950bb240-d014-403a-bd23-d2ae18663c05,12,2026-03-07 07:41:00,Barberia,Barberia,430.0,EGRESO,TRANSFERENCIA,MXN
adc2db3d-5a54-46fd-8bb3-6b2f78a3b798,37060ad3-4bfd-4b62-86a5-6c3b7241f7b3,1,2026-03-07 12:22:00,Nomina,Nomina,8203.8,INGRESO,TRANSFERENCIA,MXN
56cf188a-6fd8-47f4-bf27-b57bad98abd2,57a16ad2-8282-4a67-91ec-ebc90dee810e,15,2026-03-07 12:37:00,Multa de Transito,Multa de Transito,3775.0,EGRESO,EFECTIVO,MXN
f9c98a8a-0ae1-4d12-ae1c-8f5c17279589,cc302a48-1c7f-4cd5-8095-557e5f3ee43f,1,2026-03-07 12:44:00,Nomina,Nomina,22170.53,INGRESO,TRANSFERENCIA,MXN
36c566e4-f685-4e55-b70d-eac5c45c599e,367901a5-f293-400f-8969-224db4f3e99e,1,2026-03-07 12:45:00,Nomina,Nomina,12578.35,INGRESO,TRANSFERENCIA,MXN
a534e760-6c3f-4eae-97c2-e5c7191c51cf,b8a2aeb0-77bc-4f93-87a4-dbd5d9aae0e9,14,2026-03-07 13:40:00,Renta,Renta,12202.0,EGRESO,EFECTIVO,MXN
bd480bb3-805d-43b6-93be-c052fe42143d,062fd77f-ba97-4763-bff4-0bc64c0b9db9,8,2026-03-07 14:21:00,Herramientas,Herramientas,2410.0,EGRESO,APP_MOVIL,MXN
118c9021-7baf-4d16-bd70-8b5cd6ddf199,d660ddf9-6ba0-4a64-88ea-5d41f61fcefb,13,2026-03-07 16:49:00,Flexi,Flexi,1634.0,EGRESO,APP_MOVIL,MXN
61a38b48-9d2e-4cf5-b567-cc15e0fcc024,e9f3e63d-6775-4b45-9daf-9722ec25fbe3,23,2026-03-07 17:27:00,GNP Seguros,GNP Seguros,626.0,EGRESO,APP_MOVIL,MXN
688d9651-fd68-407e-9f6c-b428c9e2c7e7,74a2259c-8ee4-4064-89cc-8a49fd390792,23,2026-03-07 18:00:00,AXA Seguros,AXA Seguros,987.0,EGRESO,APP_MOVIL,MXN
ed05dbcd-37f0-47cf-a6fd-a861eb74b80c,088735e5-4d0d-4706-a911-442edac351c2,7,2026-03-07 20:05:00,Electricidad,Electricidad,1531.0,EGRESO,TRANSFERENCIA,MXN
b62d68aa-ce28-4279-80ef-335aab1b9385,74a2259c-8ee4-4064-89cc-8a49fd390792,9,2026-03-07 23:10:00,Movistar,Movistar,499.0,EGRESO,TRANSFERENCIA,MXN
11da46bf-16c8-4451-b06d-d985ef5abd45,e9f3e63d-6775-4b45-9daf-9722ec25fbe3,26,2026-03-08 00:35:00,Farmacias del Ahorro,Farmacias del Ahorro,608.0,EGRESO,TRANSFERENCIA,MXN
f5f17d87-f501-4d25-9566-e5f5c3f2101f,f20e8816-f077-4abe-837b-b3e39ccf37eb,4,2026-03-08 00:49:00,Netflix,Netflix,219.0,EGRESO,TRANSFERENCIA,MXN
8cc43fe0-4224-4ca2-8566-b0c7ccdfbd49,e4814a6c-08b2-4b08-99dd-d9e29211ea72,1,2026-03-08 01:24:00,Nomina,Nomina,34361.9,INGRESO,TRANSFERENCIA,MXN
24482bb5-4622-4b8b-af51-e3c26ae4fdfb,ef403853-e247-49d9-9751-bf46943b3d76,21,2026-03-08 01:57:00,Metrobus,Metrobus,100.0,EGRESO,EFECTIVO,MXN
9272aa67-c149-45e7-b4ec-277a9c6952f2,edeb6414-0b55-4e0a-bed2-b73a88276387,31,2026-03-08 02:59:00,Amazon,Amazon,2381.0,EGRESO,APP_MOVIL,MXN
9305f102-7d0b-4461-9992-909dfdf614a0,feb46172-c764-46f8-8955-33a46aebe6cc,22,2026-03-08 04:13:00,Oxxo Gas,Oxxo Gas,436.0,EGRESO,EFECTIVO,MXN
5af71d52-dd9f-4f9d-ba47-06a0af24b9d7,49c19272-4521-43eb-a5ed-ba309950965f,8,2026-03-08 04:53:00,Herramientas,Herramientas,880.0,EGRESO,EFECTIVO,MXN
d2bf396c-52e0-40b1-b77f-a84b92b914d0,0aa2518e-377e-4305-9b5c-0f8e0f802f9e,1,2026-03-08 06:01:00,Nomina,Nomina,6005.58,INGRESO,TRANSFERENCIA,MXN
525b6d4b-e535-4f43-abc1-8ce16f3bdd96,c49c8bf6-2d71-40b9-8f87-363b870b0dfd,1,2026-03-08 06:08:00,Transferencia Recibida,Transferencia Recibida,4764.0,INGRESO,TRANSFERENCIA,MXN
670173ec-6e25-46c2-9428-9ead1e83bb71,7c74290c-b207-43d8-bcd5-14f069783b3b,1,2026-03-08 06:34:00,Nomina,Nomina,18498.99,INGRESO,TRANSFERENCIA,MXN
292443b5-e91f-4068-b63f-57b7e34b4432,088735e5-4d0d-4706-a911-442edac351c2,19,2026-03-08 06:35:00,Mantenimiento Automotriz,Mantenimiento Automotriz,841.0,EGRESO,EFECTIVO,MXN
431f7cad-0f4d-4334-a330-5245af9502d3,6be93697-d5c5-49d1-8778-8abe58f5c5a3,7,2026-03-08 07:07:00,Electricidad,Electricidad,746.0,EGRESO,EFECTIVO,MXN
e242d28a-42d8-4c93-8650-cc357797b1f5,cc302a48-1c7f-4cd5-8095-557e5f3ee43f,11,2026-03-08 09:04:00,Metro,Metro,50.0,EGRESO,TRANSFERENCIA,MXN
df02f2ea-ced1-4554-b7a4-862285ea1230,e6f6e0cb-d25d-473f-9f7b-b942a476f005,24,2026-03-08 11:29:00,NYX Cosmetics,NYX Cosmetics,1165.0,EGRESO,APP_MOVIL,MXN
4431b792-afa1-4ae2-9f92-23ea42ab484e,4bb45633-ce6a-4e78-8b36-ab2143b9312a,3,2026-03-08 11:35:00,Chedraui,Chedraui,1822.0,EGRESO,EFECTIVO,MXN
e752b1d3-8f2f-4ab4-9553-12de81092f03,fe494458-2541-481f-bb69-2bcb8e182795,27,2026-03-08 12:09:00,Gas,Gas,762.0,EGRESO,APP_MOVIL,MXN
67a6cbd5-241d-48dd-bf61-cda61dbca9bd,d7b98250-11d8-4b40-a1fd-44ae5b3e0d2a,1,2026-03-08 13:10:00,Nomina,Nomina,7380.06,INGRESO,TRANSFERENCIA,MXN
c5d2eb35-f8bb-4039-9efb-9a62d31ee3ff,e4814a6c-08b2-4b08-99dd-d9e29211ea72,9,2026-03-08 14:10:00,AT&T,AT&T,150.0,EGRESO,APP_MOVIL,MXN
7734b6a0-3477-4e91-b37c-e695fd384d26,e8dab777-b3e1-4c67-81e8-1bcf07a12eb6,26,2026-03-08 18:51:00,Farmacias del Ahorro,Farmacias del Ahorro,219.0,EGRESO,APP_MOVIL,MXN
3a5957db-714f-4a37-a8c7-27d18ccf311c,cc302a48-1c7f-4cd5-8095-557e5f3ee43f,1,2026-03-08 20:15:00,Nomina,Nomina,22170.53,INGRESO,TRANSFERENCIA,MXN
b139c871-b008-466f-a55e-4c82a7f4f81b,57a16ad2-8282-4a67-91ec-ebc90dee810e,20,2026-03-08 20:17:00,Cinemex,Cinemex,920.0,EGRESO,TRANSFERENCIA,MXN
def62543-aae3-4674-85bc-59d76ca569f9,7336ec17-03d6-4127-a085-cb3f799bd54e,18,2026-03-08 22:00:00,Izzi,Izzi,439.0,EGRESO,EFECTIVO,MXN
d35c42a8-7ff8-4935-b980-d67b9de2b0c3,e80f9cac-b03e-4fcb-a3f3-7f1c6286bc7b,12,2026-03-08 22:28:00,Barberia,Barberia,220.0,EGRESO,APP_MOVIL,MXN
687cc56a-0be7-4fb0-97dd-a42a6ef8c6c7,af1d8cae-6064-4332-977d-e896264e20c2,6,2026-03-08 23:29:00,DiDi,DiDi,164.0,EGRESO,EFECTIVO,MXN
10e684e3-62ef-4fbe-afb5-1f8fda3f2515,033eaacc-c1f9-412e-84cb-95b426d28b5c,21,2026-03-09 01:46:00,Metrobus,Metrobus,6.0,EGRESO,APP_MOVIL,MXN
6e9d46d2-f71b-4687-be64-2a557eea9895,334ac887-2c2e-43f0-ac7f-4e80e3f22173,25,2026-03-09 03:51:00,Palacio de Hierro,Palacio de Hierro,1163.0,EGRESO,APP_MOVIL,MXN
b5aa7de1-d650-4fa0-8832-a02c4d30ff2a,6e3e2a99-1a3d-42fa-bfe5-52f057eccb2f,17,2026-03-09 04:20:00,Colegiatura,Colegiatura,8440.0,EGRESO,APP_MOVIL,MXN
d6d0785d-4fb1-49c0-9689-7a4be197af07,1d78859f-eed0-4406-a7a8-ac62bfe90145,1,2026-03-09 04:49:00,Nomina,Nomina,7160.61,INGRESO,TRANSFERENCIA,MXN
0ed55330-92c7-425d-938a-8a2bcd4cf900,481fe99e-04d7-42b3-b696-00ef02353148,4,2026-03-09 05:13:00,Netflix,Netflix,,EGRESO,TRANSFERENCIA,MXN
271ebd0c-0009-4fd8-bdeb-90d7d404f768,b5525d88-0da0-4036-a444-3e4f7a34128f,1,2026-03-09 05:23:00,Nomina,Nomina,12784.53,INGRESO,TRANSFERENCIA,MXN
87461451-cd71-41a4-b8a9-d07d160956db,d660ddf9-6ba0-4a64-88ea-5d41f61fcefb,3,2026-03-09 06:47:00,Bodega Aurrera,Bodega Aurrera,2584.0,EGRESO,APP_MOVIL,MXN
cccb8cda-aa86-41f1-b490-1e9a3b2f898b,e4f9aabd-8595-4a2d-84b2-3d54a4541fdc,28,2026-03-09 09:37:00,Decathlon,Decathlon,882.0,EGRESO,TRANSFERENCIA,MXN
c4c08b03-6bf1-4aef-ac64-848000a42e1e,af1d8cae-6064-4332-977d-e896264e20c2,31,2026-03-09 11:47:00,Amazon,Amazon,946.0,EGRESO,APP_MOVIL,MXN
081f5514-9959-4f2a-b5fd-687b67d64bc5,03e60ec2-d499-47cd-81fb-96e308403ecd,25,2026-03-09 11:48:00,Palacio de Hierro,Palacio de Hierro,2153.0,EGRESO,APP_MOVIL,MXN
de6d2ecf-b398-4a8a-8a97-33bb36e4319c,088735e5-4d0d-4706-a911-442edac351c2,1,2026-03-09 12:37:00,Nomina,Nomina,9976.69,INGRESO,TRANSFERENCIA,MXN
0023cef6-99cd-429b-b0a7-a0aaa34cc063,fe494458-2541-481f-bb69-2bcb8e182795,26,2026-03-09 13:48:00,Farmacias Guadalajara,Farmacias Guadalajara,,EGRESO,APP_MOVIL,MXN
911d37fb-92fd-41fb-97cd-e34f2942f585,4f6ff8db-53cf-4464-883b-02373ed58457,5,2026-03-09 13:52:00,Domino's,Domino's,483.0,EGRESO,TRANSFERENCIA,MXN
a2d4962e-a4e1-4e5e-9e75-ad5787a38ef5,287b9cdc-edd5-4342-a5fb-5148aeea5b6c,6,2026-03-09 14:34:00,Uber,Uber,58.0,EGRESO,EFECTIVO,MXN
1cfe2269-2736-4b42-9699-1373eb8be8e6,7336ec17-03d6-4127-a085-cb3f799bd54e,33,2026-03-09 16:48:00,Agua,Agua,936.0,EGRESO,APP_MOVIL,MXN
27b1e1a3-8cb8-4ae5-a7fb-647f0863de1b,e4814a6c-08b2-4b08-99dd-d9e29211ea72,16,2026-03-09 17:27:00,Michael Kors,Michael Kors,635.0,EGRESO,APP_MOVIL,MXN
99c5bcae-9bb3-4002-83e2-2e01112c0ffd,b8a2aeb0-77bc-4f93-87a4-dbd5d9aae0e9,34,2026-03-09 17:55:00,Nintendo eShop,Nintendo eShop,991.0,EGRESO,TRANSFERENCIA,MXN
719ef6b6-11fa-4dda-8cf5-ca659d90a7e5,e8dab777-b3e1-4c67-81e8-1bcf07a12eb6,8,2026-03-09 18:37:00,Herramientas,Herramientas,,EGRESO,EFECTIVO,MXN
1240a3be-66b4-4f47-ac55-b3c01a37b40c,f30fbc40-9703-4c31-b9a5-ab557c4b82c8,33,2026-03-09 18:49:00,Agua,Agua,658.0,EGRESO,APP_MOVIL,MXN
3293a2d7-a731-461c-bb28-ca5e0ba71ad8,b1df054d-9d22-4d28-b46d-87390f12a902,27,2026-03-09 19:03:00,Gas,Gas,254.0,EGRESO,APP_MOVIL,MXN
6b6553dd-a8c5-4bcc-a7c4-0ab9dafe1cff,8ae451d5-4e82-4ced-8bbc-cee19fedccda,15,2026-03-09 19:47:00,Multa de Transito,Multa de Transito,2210.0,EGRESO,EFECTIVO,MXN
9334ae8d-702a-4092-894f-79d2f84c36de,b1df054d-9d22-4d28-b46d-87390f12a902,1,2026-03-09 20:19:00,Nomina,Nomina,9823.79,INGRESO,TRANSFERENCIA,MXN
1ad80713-bb27-4d03-bb5f-cec038b6101e,1d78859f-eed0-4406-a7a8-ac62bfe90145,18,2026-03-09 20:36:00,Izzi,Izzi,999.0,EGRESO,EFECTIVO,MXN
d98838b8-cd08-4563-b104-2c8efd8d13ee,4a021a05-bacc-4ded-98e4-6ba1343b83b4,34,2026-03-09 21:34:00,Steam,Steam,1031.0,EGRESO,EFECTIVO,MXN
c9ab80f7-5f2d-45c8-85f5-f0043830beb5,86d42cc6-6226-41a4-aa56-9a03fdc03387,2,2026-03-09 22:28:00,Bus,Bus,15.0,EGRESO,APP_MOVIL,MXN
c43db3bf-8a40-4ad4-926b-7bb3c94060d2,36ee8608-fe5c-4530-b7cf-d13801c08072,15,2026-03-09 22:34:00,Multa de Transito,Multa de Transito,1579.0,EGRESO,APP_MOVIL,MXN
65f7dfa3-c04e-44f5-9c66-7e5b548cb952,c49c8bf6-2d71-40b9-8f87-363b870b0dfd,12,2026-03-09 23:20:00,Barberia,Barberia,328.0,EGRESO,APP_MOVIL,MXN
fd689292-df28-47f2-99ca-3e94fa125c98,c56eb014-1de6-4df3-9cc5-45132bbf6942,3,2026-03-09 23:35:00,Walmart,Walmart,3625.0,EGRESO,TRANSFERENCIA,MXN
67b5330c-b066-4f03-acc5-43391e36a2f2,481fe99e-04d7-42b3-b696-00ef02353148,19,2026-03-09 23:52:00,Mantenimiento Automotriz,Mantenimiento Automotriz,3202.0,EGRESO,TRANSFERENCIA,MXN
103fccf3-b35f-4b8d-b2b5-dbb448b668ec,481fe99e-04d7-42b3-b696-00ef02353148,1,2026-03-10 00:14:00,Transferencia Recibida,Transferencia Recibida,819.0,INGRESO,TRANSFERENCIA,MXN
f61f7050-f9c6-42fa-a316-1866dedd45e8,36bb528a-43a8-4008-8557-d3e3a5c94a6c,34,2026-03-10 01:54:00,Steam,Steam,954.0,EGRESO,EFECTIVO,MXN
3bba9410-8df0-476a-8cfe-30e3cf6e148e,287b9cdc-edd5-4342-a5fb-5148aeea5b6c,28,2026-03-10 03:16:00,Innvictus,Innvictus,234.0,EGRESO,APP_MOVIL,MXN
794b828a-eda0-439d-9dab-c611e9066dad,87a8bdbd-1d61-4275-b187-80f960bd7983,12,2026-03-10 03:21:00,Barberia,Barberia,183.0,EGRESO,APP_MOVIL,MXN
863c9c0b-d0f7-4654-98b1-ff404e676d45,39f9edad-efb7-47c6-9841-c96e9b5d6e22,10,2026-03-10 03:43:00,Compras Fisicas,Compras Fisicas,2172.0,EGRESO,EFECTIVO,MXN
7c9b0efb-c0d3-465e-abde-1bd4f45c1a69,cc302a48-1c7f-4cd5-8095-557e5f3ee43f,12,2026-03-10 03:57:00,Barberia,Barberia,245.0,EGRESO,EFECTIVO,MXN
a5a7b493-cc8c-4458-af96-803dd9a12db5,cc302a48-1c7f-4cd5-8095-557e5f3ee43f,27,2026-03-10 05:03:00,Gas,Gas,202.0,EGRESO,APP_MOVIL,MXN
85bdfe0c-f617-45a2-b3ce-07f9c9843e10,062fd77f-ba97-4763-bff4-0bc64c0b9db9,19,2026-03-10 05:44:00,Mantenimiento Automotriz,Mantenimiento Automotriz,1613.0,EGRESO,TRANSFERENCIA,MXN
12a8360d-228f-4982-b217-d1b95fb9e2fe,8711e8ab-3016-4507-8ecf-8798f901a525,1,2026-03-10 06:21:00,Nomina,Nomina,9742.23,INGRESO,TRANSFERENCIA,MXN
d48657ae-d67e-4d6f-b8cb-408ef1f41cb5,654c4cb9-fb3b-421c-9e42-884531a72e4c,30,2026-03-10 06:25:00,Salon de Belleza,Salon de Belleza,464.0,EGRESO,APP_MOVIL,MXN
775e9500-17a9-4c29-bb5d-2855ad28087a,d7b98250-11d8-4b40-a1fd-44ae5b3e0d2a,8,2026-03-10 07:08:00,Herramientas,Herramientas,1291.0,EGRESO,APP_MOVIL,MXN
8d7abb6a-bf48-4540-ac36-a1b3aed1373a,e80f9cac-b03e-4fcb-a3f3-7f1c6286bc7b,22,2026-03-10 07:41:00,Oxxo Gas,Oxxo Gas,850.0,EGRESO,TRANSFERENCIA,MXN
9b8c06c0-52aa-470e-9567-f548905280cc,49c19272-4521-43eb-a5ed-ba309950965f,32,2026-03-10 07:55:00,Xbox Live,Xbox Live,403.0,EGRESO,TRANSFERENCIA,MXN
d8060d51-f18e-4acd-b44c-ccd345d0fd22,2f4e7259-c7d0-4f8e-b408-fbed59254881,1,2026-03-10 10:06:00,Nomina,Nomina,11814.53,INGRESO,TRANSFERENCIA,MXN
4b4a1f7f-f4e5-46ec-a95f-597b417ad13d,b6ca9d87-476a-4c5d-83ca-7693a6527a9c,24,2026-03-10 11:19:00,L'Oreal,L'Oreal,1693.0,EGRESO,TRANSFERENCIA,MXN
77b0dc6c-9bfa-419c-bd13-8850e7d03432,36ee8608-fe5c-4530-b7cf-d13801c08072,17,2026-03-10 11:46:00,Colegiatura,Colegiatura,6125.0,EGRESO,EFECTIVO,MXN
ec21250f-0992-46e0-bd9f-13945c04ccfd,c56eb014-1de6-4df3-9cc5-45132bbf6942,1,2026-03-10 12:05:00,Nomina,Nomina,16273.16,INGRESO,TRANSFERENCIA,MXN
494c536a-430a-4a6d-8d52-85586528d54d,f20e8816-f077-4abe-837b-b3e39ccf37eb,6,2026-03-10 13:26:00,Uber,Uber,159.0,EGRESO,APP_MOVIL,MXN
848c302b-893a-41cf-839a-12d2d0bb5865,36bb528a-43a8-4008-8557-d3e3a5c94a6c,12,2026-03-10 14:15:00,Barberia,Barberia,173.0,EGRESO,APP_MOVIL,MXN
eaf3d7c8-f27e-4353-9e3d-0847980fab11,27184bbc-330d-4cfd-a78f-c17d51279685,3,2026-03-10 14:48:00,Bodega Aurrera,Bodega Aurrera,1030.0,EGRESO,APP_MOVIL,MXN
8482c73b-8165-422a-9f8d-be39afe45028,27184bbc-330d-4cfd-a78f-c17d51279685,32,2026-03-10 16:30:00,PlayStation Network,PlayStation Network,391.0,EGRESO,TRANSFERENCIA,MXN
28034381-86e1-45f5-a9da-9f34156af85f,78415f42-edd9-4039-abee-f38499ffc380,15,2026-03-10 16:49:00,Multa de Transito,Multa de Transito,2911.0,EGRESO,TRANSFERENCIA,MXN
cd76d4a9-23dc-4c17-bd54-4afbbd91f99e,e6f6e0cb-d25d-473f-9f7b-b942a476f005,16,2026-03-10 17:39:00,Michael Kors,Michael Kors,320.0,EGRESO,TRANSFERENCIA,MXN
080645fa-4a58-44ee-b111-49216e2fe96d,86ebabff-3329-403c-ae53-7102b0dc7831,12,2026-03-10 17:47:00,Barberia,Barberia,127.0,EGRESO,APP_MOVIL,MXN
1ea1570a-a528-4c87-b05c-d19e7ab397fb,78415f42-edd9-4039-abee-f38499ffc380,1,2026-03-10 20:21:00,Transferencia Recibida,Transferencia Recibida,3451.0,INGRESO,TRANSFERENCIA,MXN
e0a54ec2-c888-464d-b181-405e7540e16d,71c16233-5b03-45a3-b9d9-75dfce80f8cd,15,2026-03-10 21:37:00,Multa de Transito,Multa de Transito,1871.0,EGRESO,APP_MOVIL,MXN
78945937-02f3-4c6c-970c-4dc10737a959,f30fbc40-9703-4c31-b9a5-ab557c4b82c8,25,2026-03-10 22:04:00,Liverpool,Liverpool,1187.0,EGRESO,EFECTIVO,MXN
2eef1500-7ca3-4b98-81ef-53ffa772aeb2,c0c2ffc0-3d5f-4e4f-99f2-884a8a2621f5,22,2026-03-10 22:06:00,BP,BP,1005.0,EGRESO,EFECTIVO,MXN
dfa6f158-6f82-4e07-8219-8ed3e01d6741,a5264eb8-0d47-44e1-b1b3-6e0a2018f25f,4,2026-03-10 22:52:00,Amazon Prime,Amazon Prime,99.0,EGRESO,EFECTIVO,MXN
15800846-669e-40c9-b88e-2f89dd86f2b0,591ef66e-c411-40c1-95e6-b23f8169be61,22,2026-03-10 23:02:00,BP,BP,669.0,EGRESO,TRANSFERENCIA,MXN
f1a188bc-3a29-4dd1-ab83-f358c89da8b0,e80f9cac-b03e-4fcb-a3f3-7f1c6286bc7b,31,2026-03-10 23:49:00,Amazon,Amazon,791.0,EGRESO,EFECTIVO,MXN
03edb034-35ad-47ed-a480-7fb7544c44ad,d7d4bd62-308e-4ac3-9ba9-582ec4beeeb0,20,2026-03-11 00:17:00,Restaurante Local,Restaurante Local,216.0,EGRESO,EFECTIVO,MXN
6b394834-21df-46ed-ba2e-da4de9a39e2c,e8dab777-b3e1-4c67-81e8-1bcf07a12eb6,18,2026-03-11 02:00:00,Izzi,Izzi,999.0,EGRESO,TRANSFERENCIA,MXN
60a14254-d3c8-4e57-8675-278507e2d67b,71c16233-5b03-45a3-b9d9-75dfce80f8cd,23,2026-03-11 03:19:00,AXA Seguros,AXA Seguros,3511.0,EGRESO,APP_MOVIL,MXN
8b4577ae-3a48-4c24-ae65-46a98a0dff82,8580b4dd-2321-42ff-8e88-0392056caa5c,22,2026-03-11 04:21:00,BP,BP,717.0,EGRESO,APP_MOVIL,MXN
0eb5259f-44b3-44e6-bed1-2000990ca78a,cc302a48-1c7f-4cd5-8095-557e5f3ee43f,29,2026-03-11 04:30:00,Viajes,Viajes,7039.0,EGRESO,TRANSFERENCIA,MXN
0289cd43-ad8d-496a-8c17-14c7aa667dc8,2d45cb4c-8380-477e-93dc-7ad4055949fe,19,2026-03-11 04:45:00,Mantenimiento Automotriz,Mantenimiento Automotriz,1038.0,EGRESO,APP_MOVIL,MXN
256e6308-54e8-435e-885e-b9c86531b4cf,78415f42-edd9-4039-abee-f38499ffc380,26,2026-03-11 04:53:00,Farmacias Similares,Farmacias Similares,760.0,EGRESO,EFECTIVO,MXN
836b243f-ad72-4a56-8e49-6b8aa39ca955,2d80c188-6489-4094-b09d-93b06a6b2935,1,2026-03-11 05:31:00,Nomina,Nomina,29146.29,INGRESO,TRANSFERENCIA,MXN
a55f3589-e16f-4d71-9989-acf4d370991e,af1d8cae-6064-4332-977d-e896264e20c2,6,2026-03-11 05:53:00,DiDi,DiDi,84.0,EGRESO,EFECTIVO,MXN
135f3820-bbaa-48f8-84eb-ed03be8ac0bb,27184bbc-330d-4cfd-a78f-c17d51279685,11,2026-03-11 07:00:00,Metro,Metro,5.0,EGRESO,EFECTIVO,MXN
991b5847-bc3a-436e-b796-a5f9a310f479,87a8bdbd-1d61-4275-b187-80f960bd7983,25,2026-03-11 07:14:00,Liverpool,Liverpool,496.0,EGRESO,TRANSFERENCIA,MXN
557cab64-5d39-4a0c-9516-edfe77344936,1d78859f-eed0-4406-a7a8-ac62bfe90145,5,2026-03-11 07:23:00,McDonald's,McDonald's,208.0,EGRESO,EFECTIVO,MXN
05471779-9174-437e-b965-7275a90f6c12,698259d6-1dc2-4996-bae9-8219285ebc59,1,2026-03-11 07:44:00,Transferencia Recibida,Transferencia Recibida,957.0,INGRESO,TRANSFERENCIA,MXN
ce6ab968-6161-476f-9685-c05f054fbdcd,49c19272-4521-43eb-a5ed-ba309950965f,12,2026-03-11 08:11:00,Barberia,Barberia,316.0,EGRESO,APP_MOVIL,MXN
dcbbb9e5-a19e-4525-9dda-a22e028ca85b,9fa6af03-3f13-4285-852b-d389da76d928,3,2026-03-11 08:31:00,Costco,Costco,2911.0,EGRESO,APP_MOVIL,MXN
780918cb-a015-4f23-ac48-28d2cbcbcc51,8580b4dd-2321-42ff-8e88-0392056caa5c,34,2026-03-11 08:36:00,Steam,Steam,551.0,EGRESO,APP_MOVIL,MXN
6ef630f6-0bce-4af7-9523-2f475f2aac5a,9ebdcad6-2344-4fb6-873b-906defca570a,34,2026-03-11 09:10:00,Steam,Steam,422.0,EGRESO,TRANSFERENCIA,MXN
4ced615d-52d6-4701-8baf-9bcbed28d73d,8ae451d5-4e82-4ced-8bbc-cee19fedccda,2,2026-03-11 11:01:00,Bus,Bus,12.0,EGRESO,TRANSFERENCIA,MXN
8fb129e2-86b3-49d3-8502-cb303e75e2df,4bb45633-ce6a-4e78-8b36-ab2143b9312a,1,2026-03-11 11:14:00,Transferencia Recibida,Transferencia Recibida,2261.0,INGRESO,TRANSFERENCIA,MXN
01c04cd1-d894-4cd3-8827-4e3cb90a3293,033eaacc-c1f9-412e-84cb-95b426d28b5c,5,2026-03-11 12:15:00,Domino's,Domino's,362.0,EGRESO,APP_MOVIL,MXN
372d7406-02d6-4c23-8be9-c5f58eab6e52,27184bbc-330d-4cfd-a78f-c17d51279685,15,2026-03-11 14:06:00,Multa de Transito,Multa de Transito,2038.0,EGRESO,APP_MOVIL,MXN
543033c3-4887-46c5-bbdd-140de5bb0a56,7c74290c-b207-43d8-bcd5-14f069783b3b,24,2026-03-11 14:15:00,L'Oreal,L'Oreal,1243.0,EGRESO,EFECTIVO,MXN
13c8b919-0862-4923-8265-d3aff2e6cfde,c0c2ffc0-3d5f-4e4f-99f2-884a8a2621f5,17,2026-03-11 15:01:00,Colegiatura,Colegiatura,7445.0,EGRESO,APP_MOVIL,MXN
c007d835-d593-4636-9b59-4962c661dc5e,edeb6414-0b55-4e0a-bed2-b73a88276387,22,2026-03-11 15:10:00,Oxxo Gas,Oxxo Gas,1034.0,EGRESO,EFECTIVO,MXN
31cc513b-3096-4cbc-bb02-56ec91e91160,c56eb014-1de6-4df3-9cc5-45132bbf6942,28,2026-03-11 16:59:00,Deportes Marti,Deportes Marti,486.0,EGRESO,APP_MOVIL,MXN
ed32149c-bb52-4194-a309-15e884aadc5a,287b9cdc-edd5-4342-a5fb-5148aeea5b6c,17,2026-03-11 19:43:00,Colegiatura,Colegiatura,4205.0,EGRESO,TRANSFERENCIA,MXN
c53f1a6d-757f-4b05-9ca3-a78290b9bbb2,e8dab777-b3e1-4c67-81e8-1bcf07a12eb6,14,2026-03-11 22:11:00,Renta,Renta,3742.0,EGRESO,APP_MOVIL,MXN
86bef435-798a-4241-b1d9-45fca9663f82,57a16ad2-8282-4a67-91ec-ebc90dee810e,4,2026-03-11 22:12:00,Disney+,Disney+,139.0,EGRESO,APP_MOVIL,MXN
ff286ab6-d5eb-471a-be7e-7c36649f541e,74a2259c-8ee4-4064-89cc-8a49fd390792,21,2026-03-11 22:26:00,Metrobus,Metrobus,50.0,EGRESO,APP_MOVIL,MXN
188961e6-aed3-4ce7-bbfb-018bf7e23eea,1d78859f-eed0-4406-a7a8-ac62bfe90145,14,2026-03-11 22:38:00,Renta,Renta,12525.0,EGRESO,TRANSFERENCIA,MXN
c48d29ec-f676-4b10-ab3a-855f90da3893,7059c9c8-532b-4bfe-a72e-0c9aa55e75da,20,2026-03-12 00:02:00,Starbucks,Starbucks,441.0,EGRESO,EFECTIVO,MXN
9a1035f8-0491-445e-b6a6-158b1b2ad856,007759d6-7e92-4216-8b0d-24e4b3bdc25c,11,2026-03-12 00:46:00,Metro,Metro,20.0,EGRESO,TRANSFERENCIA,MXN
8b436965-1c1b-4b00-96c2-08089f95d90b,9fa6af03-3f13-4285-852b-d389da76d928,1,2026-03-12 00:59:00,Nomina,Nomina,20039.9,INGRESO,TRANSFERENCIA,MXN
b8a39bdf-5c2d-4ffb-952f-9a02f8738a74,2ca34b24-a26a-4698-a4c6-7593f66ced33,15,2026-03-12 01:33:00,Multa de Transito,Multa de Transito,1284.0,EGRESO,APP_MOVIL,MXN
5015e745-5469-4d08-8748-f1a6a807c384,7f2f8daa-dfc2-4ad0-9c49-d90ffa6ae04b,1,2026-03-12 01:43:00,Nomina,Nomina,9421.31,INGRESO,TRANSFERENCIA,MXN
eb51e21b-cb9a-4bc3-bca5-7df4f47a9cee,7f2f8daa-dfc2-4ad0-9c49-d90ffa6ae04b,10,2026-03-12 02:24:00,Compras Fisicas,Compras Fisicas,516.0,EGRESO,APP_MOVIL,MXN
b5b28d60-7f4d-4994-bfd8-ad963ce1ab64,b1df054d-9d22-4d28-b46d-87390f12a902,25,2026-03-12 02:55:00,Palacio de Hierro,Palacio de Hierro,1457.0,EGRESO,APP_MOVIL,MXN
114476ae-70a5-4f4b-8441-57b447000153,7059c9c8-532b-4bfe-a72e-0c9aa55e75da,5,2026-03-12 05:32:00,Burger King,Burger King,318.0,EGRESO,APP_MOVIL,MXN
f1f4b021-d9ed-4410-b593-6592f3b80497,e80f9cac-b03e-4fcb-a3f3-7f1c6286bc7b,10,2026-03-12 06:02:00,Compras Fisicas,Compras Fisicas,,EGRESO,APP_MOVIL,MXN
cf3b530e-a903-44d4-afa6-400ad23b3c8f,b8a2aeb0-77bc-4f93-87a4-dbd5d9aae0e9,33,2026-03-12 07:42:00,Agua,Agua,898.0,EGRESO,APP_MOVIL,MXN
8080b041-ae3d-4180-9d91-8e225252afe8,c56eb014-1de6-4df3-9cc5-45132bbf6942,19,2026-03-12 08:02:00,Mantenimiento Automotriz,Mantenimiento Automotriz,2701.0,EGRESO,TRANSFERENCIA,MXN
443837ba-d84f-459c-935d-7d65e8ccf446,2f5e4265-1e5f-4813-839b-50bf4accbd7e,19,2026-03-12 10:13:00,Mantenimiento Automotriz,Mantenimiento Automotriz,427.0,EGRESO,EFECTIVO,MXN
8cd1ec99-6f88-43a4-bee3-1c6ee8068aa6,6e3e2a99-1a3d-42fa-bfe5-52f057eccb2f,21,2026-03-12 10:44:00,Metrobus,Metrobus,20.0,EGRESO,APP_MOVIL,MXN
99757404-537c-4c2a-92a2-1be066660ff4,e80f9cac-b03e-4fcb-a3f3-7f1c6286bc7b,22,2026-03-12 10:46:00,Pemex,Pemex,923.0,EGRESO,APP_MOVIL,MXN
8820c622-1ece-4015-835d-6efd51776769,37060ad3-4bfd-4b62-86a5-6c3b7241f7b3,2,2026-03-12 11:51:00,Bus,Bus,9.5,EGRESO,TRANSFERENCIA,MXN
4b8af271-b68b-4a54-bfed-cde7b6544f8e,0e2604b4-11e5-4452-8748-64aa92f9ca8f,2,2026-03-12 12:22:00,Bus,Bus,,EGRESO,TRANSFERENCIA,MXN
e029ca5e-698c-466f-8cdb-51b463894a8a,27184bbc-330d-4cfd-a78f-c17d51279685,19,2026-03-12 14:22:00,Mantenimiento Automotriz,Mantenimiento Automotriz,2377.0,EGRESO,TRANSFERENCIA,MXN
c392fb3d-6101-4360-a591-2edbaefc74bc,591ef66e-c411-40c1-95e6-b23f8169be61,3,2026-03-12 15:17:00,Costco,Costco,1628.0,EGRESO,TRANSFERENCIA,MXN
d6e1f217-aea8-4ade-8ad0-64a405bbce12,27184bbc-330d-4cfd-a78f-c17d51279685,12,2026-03-12 15:23:00,Barberia,Barberia,231.0,EGRESO,TRANSFERENCIA,MXN
0d5c0aa6-cb98-4a01-9a49-409bc52adef2,87a8bdbd-1d61-4275-b187-80f960bd7983,27,2026-03-12 16:02:00,Gas,Gas,824.0,EGRESO,APP_MOVIL,MXN
6ac49e5e-3cc5-47fc-93ef-388946070b4c,57a16ad2-8282-4a67-91ec-ebc90dee810e,23,2026-03-12 17:53:00,GNP Seguros,GNP Seguros,851.0,EGRESO,APP_MOVIL,MXN
7d389623-b115-4d35-809f-04eab418fd54,4bb45633-ce6a-4e78-8b36-ab2143b9312a,34,2026-03-12 18:29:00,Steam,Steam,812.0,EGRESO,APP_MOVIL,MXN
302e614f-4922-4984-b93f-62560eb7e58c,e77722c3-ca39-4480-832f-f90fbc2402a7,10,2026-03-12 19:31:00,Compras Fisicas,Compras Fisicas,1662.0,EGRESO,EFECTIVO,MXN
04f591a7-25a6-4bb3-ad32-a817c2dd28db,4a021a05-bacc-4ded-98e4-6ba1343b83b4,28,2026-03-12 20:16:00,Decathlon,Decathlon,874.0,EGRESO,APP_MOVIL,MXN
0e9f4430-c60b-427e-a98d-e7df622a6000,efb35f92-a96e-40cb-9ba4-a3d3670133ab,5,2026-03-12 20:32:00,McDonald's,McDonald's,516.0,EGRESO,APP_MOVIL,MXN
9d1950a1-fa5b-4b0d-9e4e-7052538e1ee7,86d42cc6-6226-41a4-aa56-9a03fdc03387,4,2026-03-12 22:03:00,Disney+,Disney+,219.0,EGRESO,EFECTIVO,MXN
87411702-1566-4606-9b06-75c054d8c8aa,f30fbc40-9703-4c31-b9a5-ab557c4b82c8,27,2026-03-12 22:24:00,Gas,Gas,719.0,EGRESO,TRANSFERENCIA,MXN
029dfb1f-604f-43d2-bdac-bd25f6cda749,e77722c3-ca39-4480-832f-f90fbc2402a7,16,2026-03-12 22:47:00,Cloe,Cloe,2399.0,EGRESO,EFECTIVO,MXN
4d5fc28c-1cbe-4769-ac64-c407f43ec11a,8711e8ab-3016-4507-8ecf-8798f901a525,17,2026-03-13 00:04:00,Colegiatura,Colegiatura,7130.0,EGRESO,APP_MOVIL,MXN
7cfddad6-7092-4fcc-8464-84d6a066b670,c9e1bb7a-b4b0-4880-88f1-2b90da359497,13,2026-03-13 01:33:00,Flexi,Flexi,1207.0,EGRESO,APP_MOVIL,MXN
cb742e1c-1591-4ae7-8e22-761c13ba9975,af1d8cae-6064-4332-977d-e896264e20c2,1,2026-03-13 01:56:00,Nomina,Nomina,9911.92,INGRESO,TRANSFERENCIA,MXN
add9c983-1abd-400d-b5f7-b3328bc424c8,2f4e7259-c7d0-4f8e-b408-fbed59254881,4,2026-03-13 03:24:00,Max (HBO),Max (HBO),199.0,EGRESO,TRANSFERENCIA,MXN
1081b608-09a9-480e-836c-1263b158e63a,2d80c188-6489-4094-b09d-93b06a6b2935,22,2026-03-13 05:09:00,Oxxo Gas,Oxxo Gas,229.0,EGRESO,TRANSFERENCIA,MXN
2465b2e8-349e-4c31-a79c-20e886bb9d43,cb4d084d-d246-4f2e-847a-1132c5e51dc6,1,2026-03-13 05:11:00,Nomina,Nomina,8127.53,INGRESO,TRANSFERENCIA,MXN
88e55e41-2026-4729-9304-44e545a5c810,27184bbc-330d-4cfd-a78f-c17d51279685,15,2026-03-13 07:54:00,Multa de Transito,Multa de Transito,1917.0,EGRESO,EFECTIVO,MXN
b075eb37-4b6a-4a29-9d8e-04924abf43d0,282aba8c-1169-402d-adbd-8a41f6676432,30,2026-03-13 09:01:00,Salon de Belleza,Salon de Belleza,149.0,EGRESO,APP_MOVIL,MXN
1ce6dde7-83fa-488e-bc12-4994f3f45ff2,282aba8c-1169-402d-adbd-8a41f6676432,13,2026-03-13 10:15:00,Capa de Ozono,Capa de Ozono,2254.0,EGRESO,APP_MOVIL,MXN
209f8ce1-3925-4e40-95c8-c8a2e9da0ceb,007759d6-7e92-4216-8b0d-24e4b3bdc25c,11,2026-03-13 10:28:00,Metro,Metro,5.0,EGRESO,EFECTIVO,MXN
7646c4f1-66d4-443a-bd82-84f932008e2b,367901a5-f293-400f-8969-224db4f3e99e,2,2026-03-13 13:30:00,Bus,Bus,9.5,EGRESO,APP_MOVIL,MXN
4b6ca0a0-ac8a-472a-ae33-52f5100b4c7d,b8a2aeb0-77bc-4f93-87a4-dbd5d9aae0e9,25,2026-03-13 13:57:00,Palacio de Hierro,Palacio de Hierro,2372.0,EGRESO,EFECTIVO,MXN
6ea82508-e1f2-4512-a0d5-0cb6b94c7a29,7336ec17-03d6-4127-a085-cb3f799bd54e,20,2026-03-13 14:00:00,Restaurante Local,Restaurante Local,102.0,EGRESO,TRANSFERENCIA,MXN
6f544e60-f4e0-424f-9faf-6b2b3d38314a,033eaacc-c1f9-412e-84cb-95b426d28b5c,24,2026-03-13 15:49:00,NYX Cosmetics,NYX Cosmetics,1598.0,EGRESO,TRANSFERENCIA,MXN
1c0b2269-af4f-4d0d-8b88-d1840eaba6bc,c56eb014-1de6-4df3-9cc5-45132bbf6942,10,2026-03-13 17:36:00,Compras Fisicas,Compras Fisicas,1073.0,EGRESO,APP_MOVIL,MXN
1f2041a0-5c76-4d51-a063-57450fe52c4d,e80f9cac-b03e-4fcb-a3f3-7f1c6286bc7b,31,2026-03-13 18:00:00,Mercado Libre,Mercado Libre,1357.0,EGRESO,EFECTIVO,MXN
2ac8e54a-1560-499f-a7b6-3ebcb2633a9a,c0c2ffc0-3d5f-4e4f-99f2-884a8a2621f5,1,2026-03-13 18:24:00,Transferencia Recibida,Transferencia Recibida,243.0,INGRESO,TRANSFERENCIA,MXN
d9054c99-abb4-4661-9077-a453935e3af3,7f2f8daa-dfc2-4ad0-9c49-d90ffa6ae04b,33,2026-03-13 18:51:00,Agua,Agua,190.0,EGRESO,APP_MOVIL,MXN
2ad70063-b510-44dc-8633-01f43908959a,d94896e7-da2e-4ebf-8861-0ed51d327133,2,2026-03-13 19:41:00,Bus,Bus,8.0,EGRESO,APP_MOVIL,MXN
4a827a16-ae57-4aa5-8c16-3f1138e34bc3,ef403853-e247-49d9-9751-bf46943b3d76,4,2026-03-13 19:46:00,Netflix,Netflix,139.0,EGRESO,TRANSFERENCIA,MXN
185a4428-8d70-4290-9e00-68b41ae6eb4b,3e5b598d-bd6d-4076-8922-5940bc6d277c,3,2026-03-13 20:21:00,Walmart,Walmart,2395.0,EGRESO,APP_MOVIL,MXN
7cdedbef-3e63-4628-92ed-5d70163f8a97,2d45cb4c-8380-477e-93dc-7ad4055949fe,10,2026-03-13 21:14:00,Compras Fisicas,Compras Fisicas,2166.0,EGRESO,TRANSFERENCIA,MXN
409bfef3-c99f-40ad-a27e-097bb1bb4f08,8d64339b-b475-44e4-bf62-e45215d1ea8f,8,2026-03-13 21:33:00,Herramientas,Herramientas,1493.0,EGRESO,TRANSFERENCIA,MXN
7e7bdd66-4a10-4088-ba50-0a69ad8c43fa,9fa6af03-3f13-4285-852b-d389da76d928,26,2026-03-13 22:09:00,Farmacias Similares,Farmacias Similares,778.0,EGRESO,APP_MOVIL,MXN
588a11a7-4075-49c9-8214-b91553ef0807,a5264eb8-0d47-44e1-b1b3-6e0a2018f25f,27,2026-03-13 22:59:00,Gas,Gas,296.0,EGRESO,APP_MOVIL,MXN
b36c6274-ccc8-44dd-b089-af6deb0aaf29,007759d6-7e92-4216-8b0d-24e4b3bdc25c,15,2026-03-14 00:31:00,Multa de Transito,Multa de Transito,,EGRESO,EFECTIVO,MXN
63246ac5-f3a6-49be-a78d-2798cda3c495,cb4d084d-d246-4f2e-847a-1132c5e51dc6,33,2026-03-14 00:47:00,Agua,Agua,1159.0,EGRESO,APP_MOVIL,MXN
fec00ffd-8413-4de7-9000-299bfbc040b7,af1d8cae-6064-4332-977d-e896264e20c2,22,2026-03-14 01:41:00,Oxxo Gas,Oxxo Gas,629.0,EGRESO,APP_MOVIL,MXN
bc865590-c5b4-46be-bb30-b255c94b6da9,088735e5-4d0d-4706-a911-442edac351c2,14,2026-03-14 02:07:00,Renta,Renta,9354.0,EGRESO,TRANSFERENCIA,MXN
291dc15c-1faa-49bc-aa6a-5d53f7228a17,7059c9c8-532b-4bfe-a72e-0c9aa55e75da,1,2026-03-14 02:21:00,Transferencia Recibida,Transferencia Recibida,2318.0,INGRESO,TRANSFERENCIA,MXN
5cada67f-b134-425e-b8ee-dd2e72a4cdea,7336ec17-03d6-4127-a085-cb3f799bd54e,1,2026-03-14 02:37:00,Nomina,Nomina,5238.49,INGRESO,TRANSFERENCIA,MXN
0a5b0f8a-172a-4afc-ba2d-334e4861289a,7c74290c-b207-43d8-bcd5-14f069783b3b,15,2026-03-14 02:59:00,Multa de Transito,Multa de Transito,990.0,EGRESO,APP_MOVIL,MXN
93ab9908-b0c0-46bc-b028-8201196a713d,af1d8cae-6064-4332-977d-e896264e20c2,1,2026-03-14 03:57:00,Nomina,Nomina,9911.92,INGRESO,TRANSFERENCIA,MXN
a304421a-b22b-454f-846c-d713bd220050,d83b0edd-72db-47f8-a768-7d03bc7fa190,2,2026-03-14 05:00:00,Bus,Bus,15.0,EGRESO,APP_MOVIL,MXN
fa8ceeff-661b-41b6-b41f-f00a46ce4a23,a5264eb8-0d47-44e1-b1b3-6e0a2018f25f,10,2026-03-14 06:13:00,Compras Fisicas,Compras Fisicas,769.0,EGRESO,EFECTIVO,MXN
7faf943c-12a8-4b23-883c-4bdcf4db13fd,6e3e2a99-1a3d-42fa-bfe5-52f057eccb2f,32,2026-03-14 06:45:00,PlayStation Network,PlayStation Network,393.0,EGRESO,APP_MOVIL,MXN
2bae31ea-b9f0-4bd6-88f1-5ff95bea8fcc,03e60ec2-d499-47cd-81fb-96e308403ecd,22,2026-03-14 07:47:00,Oxxo Gas,Oxxo Gas,920.0,EGRESO,APP_MOVIL,MXN
e56b4516-3f67-4f46-99a8-b405ea5b7187,f2e52e1f-1d7b-4214-a1ee-83e8b98918f0,1,2026-03-14 09:25:00,Nomina,Nomina,9561.1,INGRESO,TRANSFERENCIA,MXN
4cafcfca-2f5e-4c0e-9a67-c778afd1e32a,c49c8bf6-2d71-40b9-8f87-363b870b0dfd,19,2026-03-14 11:00:00,Mantenimiento Automotriz,Mantenimiento Automotriz,2649.0,EGRESO,APP_MOVIL,MXN
018f57d2-6dc7-4f09-ad3b-470a5d12f553,bacb91fd-e8d8-4aab-86af-be8542045bfc,1,2026-03-14 11:21:00,Nomina,Nomina,9431.42,INGRESO,TRANSFERENCIA,MXN
5c99497b-a76c-4c60-b58f-61682aedfd33,9ebdcad6-2344-4fb6-873b-906defca570a,7,2026-03-14 12:05:00,Electricidad,Electricidad,1688.0,EGRESO,APP_MOVIL,MXN
28d0bc54-44a6-42da-b192-d487e8f961ce,d660ddf9-6ba0-4a64-88ea-5d41f61fcefb,31,2026-03-14 13:04:00,Amazon,Amazon,2098.0,EGRESO,EFECTIVO,MXN
087d087a-fc09-40bc-ac7d-173313ffb6b1,062fd77f-ba97-4763-bff4-0bc64c0b9db9,12,2026-03-14 15:27:00,Barberia,Barberia,386.0,EGRESO,APP_MOVIL,MXN
ce5e888d-4853-46a8-862b-0a0e6695d1ac,460819f1-3e7b-4a18-b9bb-4a991973ca55,9,2026-03-14 16:11:00,Telcel,Telcel,249.0,EGRESO,APP_MOVIL,MXN
65ffdb55-4b4d-4c29-807c-e3f638d82acf,e8dab777-b3e1-4c67-81e8-1bcf07a12eb6,19,2026-03-14 16:18:00,Mantenimiento Automotriz,Mantenimiento Automotriz,2037.0,EGRESO,APP_MOVIL,MXN
16751db4-cb79-4dc8-8346-6c5c11756e32,e80f9cac-b03e-4fcb-a3f3-7f1c6286bc7b,34,2026-03-14 18:23:00,Nintendo eShop,Nintendo eShop,,EGRESO,TRANSFERENCIA,MXN
89db43f6-ddf8-475a-bd94-ae93f6479f89,86d42cc6-6226-41a4-aa56-9a03fdc03387,31,2026-03-14 19:06:00,Mercado Libre,Mercado Libre,1040.0,EGRESO,TRANSFERENCIA,MXN
8ca06eec-6adc-48ae-9bc7-fa11425c5121,287b9cdc-edd5-4342-a5fb-5148aeea5b6c,8,2026-03-14 20:57:00,Herramientas,Herramientas,1661.0,EGRESO,APP_MOVIL,MXN
72a173a5-0697-4b84-8a7f-5fcb56ca3ca3,af1d8cae-6064-4332-977d-e896264e20c2,11,2026-03-14 21:00:00,Metro,Metro,5.0,EGRESO,EFECTIVO,MXN
ef0bf325-b6d3-42bf-b850-3c7c47b731c2,4c903803-6f89-4498-ac48-9cac84de61c7,19,2026-03-14 22:02:00,Mantenimiento Automotriz,Mantenimiento Automotriz,325.0,EGRESO,APP_MOVIL,MXN
8a0bc375-ee70-413e-bf3b-09cc8628a188,af1d8cae-6064-4332-977d-e896264e20c2,24,2026-03-14 22:20:00,NYX Cosmetics,NYX Cosmetics,1861.0,EGRESO,APP_MOVIL,MXN
8f946e2a-47d0-4ad7-8eb7-f0cb017cc5e2,654c4cb9-fb3b-421c-9e42-884531a72e4c,1,2026-03-14 23:41:00,Nomina,Nomina,5460.51,INGRESO,TRANSFERENCIA,MXN
d2539ea2-d8fc-40d8-b96a-6c9a806a8d72,c49c8bf6-2d71-40b9-8f87-363b870b0dfd,1,2026-03-14 23:44:00,Nomina,Nomina,10402.89,INGRESO,TRANSFERENCIA,MXN
756b9066-5a15-420f-962f-83010d2506b7,062fd77f-ba97-4763-bff4-0bc64c0b9db9,21,2026-03-15 01:45:00,Metrobus,Metrobus,6.0,EGRESO,APP_MOVIL,MXN
0f113967-144c-40a8-8587-cba8ecf81dcb,86d42cc6-6226-41a4-aa56-9a03fdc03387,14,2026-03-15 02:54:00,Renta,Renta,10677.0,EGRESO,APP_MOVIL,MXN
5ee9a7c8-09e6-4a7f-8fc3-5ea6f9ba14ac,d7073699-b1fd-4984-8380-c897f19b37c2,28,2026-03-15 03:13:00,Deportes Marti,Deportes Marti,658.0,EGRESO,TRANSFERENCIA,MXN
bc424485-b031-4f81-9bfa-53b0e0b9bebc,8711e8ab-3016-4507-8ecf-8798f901a525,19,2026-03-15 03:20:00,Mantenimiento Automotriz,Mantenimiento Automotriz,1211.0,EGRESO,APP_MOVIL,MXN
9c0fda75-af5f-4120-b743-0d94b055a9b7,481fe99e-04d7-42b3-b696-00ef02353148,16,2026-03-15 03:32:00,Coach,Coach,1273.0,EGRESO,APP_MOVIL,MXN
ddd4a3dc-83d1-4565-a98f-459827d96629,0e2604b4-11e5-4452-8748-64aa92f9ca8f,24,2026-03-15 05:10:00,Maybelline,Maybelline,2013.0,EGRESO,APP_MOVIL,MXN
7491fd42-049d-44e0-9779-8c988e59169d,cb4d084d-d246-4f2e-847a-1132c5e51dc6,30,2026-03-15 05:21:00,Salon de Belleza,Salon de Belleza,288.0,EGRESO,EFECTIVO,MXN
6983050f-3717-4f67-b957-04f5ead5553c,d7b98250-11d8-4b40-a1fd-44ae5b3e0d2a,33,2026-03-15 06:41:00,Agua,Agua,282.0,EGRESO,EFECTIVO,MXN
78c203f2-ed81-406e-be3a-929821f8bd4b,7c74290c-b207-43d8-bcd5-14f069783b3b,26,2026-03-15 06:45:00,Farmacias del Ahorro,Farmacias del Ahorro,384.0,EGRESO,APP_MOVIL,MXN
47c16db3-ece0-4054-8e10-7e51508a3963,57a16ad2-8282-4a67-91ec-ebc90dee810e,1,2026-03-15 07:02:00,Nomina,Nomina,40153.21,INGRESO,TRANSFERENCIA,MXN
2df95aaa-ed0f-479d-bdb4-7665b73b9f15,062fd77f-ba97-4763-bff4-0bc64c0b9db9,1,2026-03-15 07:13:00,Transferencia Recibida,Transferencia Recibida,,INGRESO,TRANSFERENCIA,MXN
6e59be8b-5e6e-4ae9-b124-25598a333e6c,87a8bdbd-1d61-4275-b187-80f960bd7983,15,2026-03-15 07:16:00,Multa de Transito,Multa de Transito,2602.0,EGRESO,TRANSFERENCIA,MXN
74789904-704c-4ba6-8178-1338fa4a42a6,591ef66e-c411-40c1-95e6-b23f8169be61,25,2026-03-15 07:46:00,Liverpool,Liverpool,1772.0,EGRESO,EFECTIVO,MXN
e344d029-a45a-4275-9c1a-c7e3365041a3,460819f1-3e7b-4a18-b9bb-4a991973ca55,31,2026-03-15 08:44:00,Amazon,Amazon,1628.0,EGRESO,APP_MOVIL,MXN
fae4007b-6958-4a1d-ad9a-1380a869e6b9,9ebdcad6-2344-4fb6-873b-906defca570a,34,2026-03-15 09:23:00,Nintendo eShop,Nintendo eShop,593.0,EGRESO,APP_MOVIL,MXN
b8a96291-0b33-42ff-91ba-c7c01f26c6dd,5057339d-f49e-4d1c-beae-6ced3a7c148f,6,2026-03-15 09:51:00,Uber,Uber,159.0,EGRESO,APP_MOVIL,MXN
4a01e469-72d3-4938-a3c4-1a460b046ec8,334ac887-2c2e-43f0-ac7f-4e80e3f22173,25,2026-03-15 09:54:00,Palacio de Hierro,Palacio de Hierro,2037.0,EGRESO,TRANSFERENCIA,MXN
52bc0b46-0116-4363-90ba-d94ea3bb0530,27184bbc-330d-4cfd-a78f-c17d51279685,32,2026-03-15 10:24:00,Xbox Live,Xbox Live,799.0,EGRESO,TRANSFERENCIA,MXN
961760f9-c364-4ea1-bf6f-6460d620487e,2f5e4265-1e5f-4813-839b-50bf4accbd7e,28,2026-03-15 10:30:00,Innvictus,Innvictus,534.0,EGRESO,EFECTIVO,MXN
7ba3b013-56a7-466c-a050-88b615b9a230,d7073699-b1fd-4984-8380-c897f19b37c2,21,2026-03-15 10:43:00,Metrobus,Metrobus,100.0,EGRESO,TRANSFERENCIA,MXN
f9e8a2c5-7294-478c-829c-d2fad05a9862,f20e8816-f077-4abe-837b-b3e39ccf37eb,15,2026-03-15 11:45:00,Multa de Transito,Multa de Transito,536.0,EGRESO,EFECTIVO,MXN
eb2b32b6-e691-4098-9390-afaec830aa6b,af1d8cae-6064-4332-977d-e896264e20c2,11,2026-03-15 12:05:00,Metro,Metro,50.0,EGRESO,TRANSFERENCIA,MXN
796fa616-388d-4821-a495-ea1ccb977dbd,c49c8bf6-2d71-40b9-8f87-363b870b0dfd,12,2026-03-15 12:23:00,Barberia,Barberia,348.0,EGRESO,APP_MOVIL,MXN
b5c22a87-cfc1-4a6d-9c74-bdcc1830f62c,87a8bdbd-1d61-4275-b187-80f960bd7983,3,2026-03-15 13:51:00,Walmart,Walmart,2268.0,EGRESO,EFECTIVO,MXN
be69434f-0f10-4ed6-a48b-80ca8ac98dcc,57a16ad2-8282-4a67-91ec-ebc90dee810e,13,2026-03-15 13:52:00,Capa de Ozono,Capa de Ozono,975.0,EGRESO,APP_MOVIL,MXN
7110eb3f-8a2b-418d-9132-6cd1dfda30dc,f2e52e1f-1d7b-4214-a1ee-83e8b98918f0,33,2026-03-15 14:23:00,Agua,Agua,416.0,EGRESO,EFECTIVO,MXN
f6565e25-b262-4b99-b505-a46933838ab5,088735e5-4d0d-4706-a911-442edac351c2,21,2026-03-15 15:10:00,Metrobus,Metrobus,6.0,EGRESO,TRANSFERENCIA,MXN
6285de3a-c558-453a-af36-f562bcc14df3,2f5e4265-1e5f-4813-839b-50bf4accbd7e,25,2026-03-15 16:30:00,Palacio de Hierro,Palacio de Hierro,2339.0,EGRESO,APP_MOVIL,MXN
302b44d3-d135-4a60-8041-6700ddf1063a,033eaacc-c1f9-412e-84cb-95b426d28b5c,15,2026-03-15 16:49:00,Multa de Transito,Multa de Transito,1335.0,EGRESO,APP_MOVIL,MXN
f30ce16b-3119-47bd-b28c-1a20ada0858e,b4991233-a822-49ca-a113-cbedbb85a741,33,2026-03-15 17:18:00,Agua,Agua,258.0,EGRESO,TRANSFERENCIA,MXN
75261e78-4d32-4e3b-bf08-73fc18e54778,e6f6e0cb-d25d-473f-9f7b-b942a476f005,1,2026-03-15 17:26:00,Transferencia Recibida,Transferencia Recibida,2107.0,INGRESO,TRANSFERENCIA,MXN
44730627-2df8-43f8-9aba-6e9bc1c1a75e,8d64339b-b475-44e4-bf62-e45215d1ea8f,29,2026-03-15 18:40:00,Viajes,Viajes,3167.0,EGRESO,EFECTIVO,MXN
ce09a5cf-a1ef-40e2-b938-c67aecbd951e,4f6ff8db-53cf-4464-883b-02373ed58457,19,2026-03-15 18:40:00,Mantenimiento Automotriz,Mantenimiento Automotriz,3363.0,EGRESO,TRANSFERENCIA,MXN
516d0f26-4548-47db-aae2-9aa8dacb4e08,088735e5-4d0d-4706-a911-442edac351c2,22,2026-03-15 20:00:00,Mobil,Mobil,1062.0,EGRESO,APP_MOVIL,MXN
64f10736-a129-4b07-94c2-901d3aa24e33,4a021a05-bacc-4ded-98e4-6ba1343b83b4,34,2026-03-15 20:04:00,Steam,Steam,1238.0,EGRESO,APP_MOVIL,MXN
46f27d3c-ba71-42b9-b261-11b1acc61b01,cb4d084d-d246-4f2e-847a-1132c5e51dc6,6,2026-03-15 20:15:00,Uber,Uber,197.0,EGRESO,TRANSFERENCIA,MXN
e4a82a2a-8aaf-496b-bff8-6f041ad7f882,2d45cb4c-8380-477e-93dc-7ad4055949fe,13,2026-03-15 21:01:00,Flexi,Flexi,1856.0,EGRESO,TRANSFERENCIA,MXN
1dcafb8d-3c96-4605-9ad0-49bc930cabac,d94896e7-da2e-4ebf-8861-0ed51d327133,3,2026-03-15 22:01:00,Soriana,Soriana,2267.0,EGRESO,APP_MOVIL,MXN
d47679e2-903b-4ec9-847f-ac9ef257feb0,6e3e2a99-1a3d-42fa-bfe5-52f057eccb2f,1,2026-03-15 22:01:00,Nomina,Nomina,5628.95,INGRESO,TRANSFERENCIA,MXN
a25c76e7-aa8a-4f05-907e-aa12a63a0b78,7059c9c8-532b-4bfe-a72e-0c9aa55e75da,10,2026-03-15 22:05:00,Compras Fisicas,Compras Fisicas,,EGRESO,EFECTIVO,MXN
504bd35f-78a1-414d-a44a-bda5ddd83099,27184bbc-330d-4cfd-a78f-c17d51279685,32,2026-03-15 22:18:00,Xbox Live,Xbox Live,1469.0,EGRESO,TRANSFERENCIA,MXN
920f740a-350c-4adf-a88b-9b7469646069,4a021a05-bacc-4ded-98e4-6ba1343b83b4,3,2026-03-15 23:14:00,Bodega Aurrera,Bodega Aurrera,2945.0,EGRESO,TRANSFERENCIA,MXN
fb06ac57-1a13-4a82-a17f-59e9285e0eb3,b5525d88-0da0-4036-a444-3e4f7a34128f,24,2026-03-15 23:32:00,L'Oreal,L'Oreal,1980.0,EGRESO,APP_MOVIL,MXN
610dcb29-b8b6-42b3-bc00-d755ce454884,9ebdcad6-2344-4fb6-873b-906defca570a,1,2026-03-16 00:14:00,Nomina,Nomina,32881.27,INGRESO,TRANSFERENCIA,MXN
06043105-a34a-4a53-b1d1-e186c0722e54,4f6ff8db-53cf-4464-883b-02373ed58457,14,2026-03-16 00:46:00,Renta,Renta,4821.0,EGRESO,APP_MOVIL,MXN
6089e7d6-a1c8-4f39-a64b-2640f7069df9,f20e8816-f077-4abe-837b-b3e39ccf37eb,13,2026-03-16 01:28:00,Flexi,Flexi,1593.0,EGRESO,TRANSFERENCIA,MXN
53497b45-6709-4b9f-be36-6c19aaff4416,cc302a48-1c7f-4cd5-8095-557e5f3ee43f,28,2026-03-16 03:10:00,Decathlon,Decathlon,925.0,EGRESO,APP_MOVIL,MXN
e3fa4a5f-cb27-42bd-bba7-4534dda9054a,86d42cc6-6226-41a4-aa56-9a03fdc03387,21,2026-03-16 04:26:00,Metrobus,Metrobus,6.0,EGRESO,APP_MOVIL,MXN
799f84e4-c3d1-4904-afe4-2d64c9952311,1d7d3151-e6c5-479c-aa65-df54b837c324,13,2026-03-16 04:30:00,Andrea,Andrea,1014.0,EGRESO,APP_MOVIL,MXN
9e6b596e-9ae4-4883-8fb9-e4fcedc9af1f,2d80c188-6489-4094-b09d-93b06a6b2935,12,2026-03-16 05:00:00,Barberia,Barberia,363.0,EGRESO,TRANSFERENCIA,MXN
088f3e16-2bbe-42b4-b3f2-66ec2b4a52fd,cc302a48-1c7f-4cd5-8095-557e5f3ee43f,26,2026-03-16 06:34:00,Farmacias Similares,Farmacias Similares,776.0,EGRESO,EFECTIVO,MXN
8a5559ed-01ef-4cd9-b0fc-f96712b628a4,af1d8cae-6064-4332-977d-e896264e20c2,1,2026-03-16 07:43:00,Nomina,Nomina,9911.92,INGRESO,TRANSFERENCIA,MXN
81c8e3e9-1606-4e7e-bd0f-ba4834a58255,c9e1bb7a-b4b0-4880-88f1-2b90da359497,6,2026-03-16 09:10:00,Uber,Uber,135.0,EGRESO,TRANSFERENCIA,MXN
dbd7b58f-f4fb-4c1b-9c09-d1b28689daf4,86d42cc6-6226-41a4-aa56-9a03fdc03387,12,2026-03-16 09:27:00,Barberia,Barberia,386.0,EGRESO,APP_MOVIL,MXN
f7533401-1d92-4f75-93d2-3cd7ff43f2e3,ef403853-e247-49d9-9751-bf46943b3d76,2,2026-03-16 09:54:00,Bus,Bus,15.0,EGRESO,APP_MOVIL,MXN
5d9a205c-4a9c-4f55-8f31-25d809a4abf9,d94896e7-da2e-4ebf-8861-0ed51d327133,21,2026-03-16 10:07:00,Metrobus,Metrobus,100.0,EGRESO,APP_MOVIL,MXN
45e32e60-83bf-4d66-a52d-3933c7c5e2e0,cb4d084d-d246-4f2e-847a-1132c5e51dc6,19,2026-03-16 11:03:00,Mantenimiento Automotriz,Mantenimiento Automotriz,3773.0,EGRESO,APP_MOVIL,MXN
45412d05-0ec4-4851-ba0a-af3c370c7c38,7489af6c-154c-4eef-b7af-50397bd6b848,33,2026-03-16 12:09:00,Agua,Agua,892.0,EGRESO,EFECTIVO,MXN
ed195925-523a-4c16-bdf9-ce6afd780d3c,4c903803-6f89-4498-ac48-9cac84de61c7,1,2026-03-16 13:01:00,Nomina,Nomina,27087.9,INGRESO,TRANSFERENCIA,MXN
164f9672-fb06-4e62-a4e6-ed4429738c81,6d2288f2-a9dc-4bbd-b86b-33d48f2390dd,34,2026-03-16 13:02:00,Steam,Steam,242.0,EGRESO,TRANSFERENCIA,MXN
32e22630-6493-47e2-b403-d988a04e3c47,39f9edad-efb7-47c6-9841-c96e9b5d6e22,19,2026-03-16 14:07:00,Mantenimiento Automotriz,Mantenimiento Automotriz,2373.0,EGRESO,TRANSFERENCIA,MXN
c7024ab2-8052-4e4e-beb9-6f453571af45,e80f9cac-b03e-4fcb-a3f3-7f1c6286bc7b,1,2026-03-16 14:43:00,Transferencia Recibida,Transferencia Recibida,3094.0,INGRESO,TRANSFERENCIA,MXN
43f2ba32-c0b5-4022-97a0-f5dbffefc588,481fe99e-04d7-42b3-b696-00ef02353148,24,2026-03-16 15:15:00,L'Oreal,L'Oreal,1234.0,EGRESO,APP_MOVIL,MXN
1409dbb4-ebba-4a09-aeb1-4117a38c0963,b6ca9d87-476a-4c5d-83ca-7693a6527a9c,29,2026-03-16 16:22:00,Viajes,Viajes,10259.0,EGRESO,EFECTIVO,MXN
189b77af-c668-44e8-8025-c728531be423,c49c8bf6-2d71-40b9-8f87-363b870b0dfd,5,2026-03-16 17:10:00,Burger King,Burger King,359.0,EGRESO,TRANSFERENCIA,MXN
278927ef-832d-41d5-b5b7-c6669bb8013c,d83b0edd-72db-47f8-a768-7d03bc7fa190,1,2026-03-16 17:15:00,Transferencia Recibida,Transferencia Recibida,3222.0,INGRESO,TRANSFERENCIA,MXN
97de070a-f7a0-45eb-887f-03d42e85f72a,0d4d9d7a-2ce4-4002-abe0-031b288ff53c,9,2026-03-16 17:49:00,AT&T,AT&T,349.0,EGRESO,TRANSFERENCIA,MXN
17bebfd4-a63d-4c21-b30e-63247945647d,71c16233-5b03-45a3-b9d9-75dfce80f8cd,24,2026-03-16 18:04:00,Maybelline,Maybelline,574.0,EGRESO,EFECTIVO,MXN
9e477e13-70a4-47a7-a155-02af0217553d,169f4be3-cc0f-4b41-8a79-77865835d095,1,2026-03-16 18:27:00,Nomina,Nomina,17814.45,INGRESO,TRANSFERENCIA,MXN
66fe0272-e855-4233-9eb6-5873f0d102cb,7489af6c-154c-4eef-b7af-50397bd6b848,16,2026-03-16 20:44:00,Cloe,Cloe,2403.0,EGRESO,EFECTIVO,MXN
b16ae482-b540-4c1d-a29c-0f4e58e3c731,007759d6-7e92-4216-8b0d-24e4b3bdc25c,32,2026-03-16 22:22:00,Xbox Live,Xbox Live,494.0,EGRESO,APP_MOVIL,MXN
b0e356c4-e3ef-453e-be2e-9117a61a44f7,2f4e7259-c7d0-4f8e-b408-fbed59254881,20,2026-03-16 23:04:00,Cinemex,Cinemex,503.0,EGRESO,APP_MOVIL,MXN
110914b6-82f4-4af2-b35a-3429a2e87d90,654c4cb9-fb3b-421c-9e42-884531a72e4c,23,2026-03-16 23:28:00,GNP Seguros,GNP Seguros,553.0,EGRESO,APP_MOVIL,MXN
6a2ced06-6992-42c6-b142-cbb7bd5407f2,b1df054d-9d22-4d28-b46d-87390f12a902,21,2026-03-17 02:55:00,Metrobus,Metrobus,,EGRESO,APP_MOVIL,MXN
879fb985-25e1-4609-bd79-61815c6e5dfa,654c4cb9-fb3b-421c-9e42-884531a72e4c,26,2026-03-17 03:23:00,Farmacias del Ahorro,Farmacias del Ahorro,743.0,EGRESO,APP_MOVIL,MXN
800c4234-09fb-4d4c-a15a-cd0e291540ed,c49c8bf6-2d71-40b9-8f87-363b870b0dfd,18,2026-03-17 07:39:00,Izzi,Izzi,799.0,EGRESO,APP_MOVIL,MXN
866262ae-2729-4ee5-9321-5def8abd04cf,86d42cc6-6226-41a4-aa56-9a03fdc03387,8,2026-03-17 08:09:00,Herramientas,Herramientas,1037.0,EGRESO,TRANSFERENCIA,MXN
48a9d11c-c856-4fd2-9129-d8f220dc7610,e77722c3-ca39-4480-832f-f90fbc2402a7,15,2026-03-17 08:09:00,Multa de Transito,Multa de Transito,3717.0,EGRESO,APP_MOVIL,MXN
d2b751a3-49f3-455a-b054-7574c83d8cd6,950bb240-d014-403a-bd23-d2ae18663c05,10,2026-03-17 08:37:00,Compras Fisicas,Compras Fisicas,2136.0,EGRESO,APP_MOVIL,MXN
c739e1f1-959a-4d78-9a87-d69f4cfc50f4,0e2604b4-11e5-4452-8748-64aa92f9ca8f,15,2026-03-17 11:49:00,Multa de Transito,Multa de Transito,2654.0,EGRESO,TRANSFERENCIA,MXN
f37840f4-8e7b-4a81-8b21-60b94f19eca7,287b9cdc-edd5-4342-a5fb-5148aeea5b6c,3,2026-03-17 12:02:00,Soriana,Soriana,1585.0,EGRESO,TRANSFERENCIA,MXN
0f61410b-8c8f-414a-ad12-ebe0ddfa5d0f,7f2f8daa-dfc2-4ad0-9c49-d90ffa6ae04b,3,2026-03-17 13:05:00,Soriana,Soriana,1754.0,EGRESO,TRANSFERENCIA,MXN
933a63af-eff3-4444-a49c-23312aeeb7e8,d83b0edd-72db-47f8-a768-7d03bc7fa190,22,2026-03-17 13:33:00,Mobil,Mobil,787.0,EGRESO,APP_MOVIL,MXN
f766ab20-4a36-4f95-bce1-8298ea10140e,bacb91fd-e8d8-4aab-86af-be8542045bfc,28,2026-03-17 13:38:00,Decathlon,Decathlon,292.0,EGRESO,TRANSFERENCIA,MXN
6a8003d3-3bac-4692-86fa-f6d97e17a5cf,8711e8ab-3016-4507-8ecf-8798f901a525,8,2026-03-17 14:27:00,Herramientas,Herramientas,1752.0,EGRESO,TRANSFERENCIA,MXN
9fef656a-afff-4a1a-afce-89b285838725,3e5b598d-bd6d-4076-8922-5940bc6d277c,25,2026-03-17 14:41:00,Palacio de Hierro,Palacio de Hierro,1262.0,EGRESO,APP_MOVIL,MXN
e08f3a99-6a84-4724-812e-8753484ad364,7336ec17-03d6-4127-a085-cb3f799bd54e,32,2026-03-17 14:49:00,PlayStation Network,PlayStation Network,719.0,EGRESO,APP_MOVIL,MXN
884b74b9-7a20-4066-8a9c-f80408246d10,e8dab777-b3e1-4c67-81e8-1bcf07a12eb6,34,2026-03-17 16:14:00,Steam,Steam,1500.0,EGRESO,TRANSFERENCIA,MXN
ea723577-c83e-4c4b-821f-d7c42cf9aa39,03e60ec2-d499-47cd-81fb-96e308403ecd,16,2026-03-17 16:20:00,Michael Kors,Michael Kors,1699.0,EGRESO,EFECTIVO,MXN
5e74b5f3-ba2f-4a2c-8626-e5d96415c76d,2ca34b24-a26a-4698-a4c6-7593f66ced33,7,2026-03-17 17:31:00,Electricidad,Electricidad,1768.0,EGRESO,TRANSFERENCIA,MXN
c90dffd0-1a56-47d6-95e2-d6b6ae3a9167,e8dab777-b3e1-4c67-81e8-1bcf07a12eb6,8,2026-03-17 18:32:00,Herramientas,Herramientas,1806.0,EGRESO,TRANSFERENCIA,MXN
5d0d8b8c-7415-46a8-8a1a-a8854cc2a031,367901a5-f293-400f-8969-224db4f3e99e,19,2026-03-17 18:36:00,Mantenimiento Automotriz,Mantenimiento Automotriz,1185.0,EGRESO,EFECTIVO,MXN
68ebaf51-e329-44d5-808f-5a3a1e4fd5e6,49c19272-4521-43eb-a5ed-ba309950965f,6,2026-03-17 19:33:00,Uber,Uber,165.0,EGRESO,APP_MOVIL,MXN
6c188c34-ac33-401a-8690-a653ad2db489,efb35f92-a96e-40cb-9ba4-a3d3670133ab,1,2026-03-17 21:23:00,Nomina,Nomina,7257.87,INGRESO,TRANSFERENCIA,MXN
9fd02a81-b124-40e0-8907-0c3406818d4c,fe494458-2541-481f-bb69-2bcb8e182795,1,2026-03-17 21:29:00,Nomina,Nomina,19294.84,INGRESO,TRANSFERENCIA,MXN
da2f22bf-a0fc-4fb1-bf17-ea543598ab6c,698259d6-1dc2-4996-bae9-8219285ebc59,34,2026-03-17 21:33:00,Nintendo eShop,Nintendo eShop,1458.0,EGRESO,APP_MOVIL,MXN
70be1993-d4d0-43a6-b825-dc13d7afcd5b,c56eb014-1de6-4df3-9cc5-45132bbf6942,1,2026-03-17 22:28:00,Nomina,Nomina,16273.16,INGRESO,TRANSFERENCIA,MXN
f0a47f87-cf64-43d4-b40a-e5df86b86f72,edeb6414-0b55-4e0a-bed2-b73a88276387,8,2026-03-17 22:56:00,Herramientas,Herramientas,1888.0,EGRESO,APP_MOVIL,MXN
e6421cad-14bf-4b61-bf45-2b6f6398b8e7,57a16ad2-8282-4a67-91ec-ebc90dee810e,10,2026-03-17 23:54:00,Compras Fisicas,Compras Fisicas,1852.0,EGRESO,EFECTIVO,MXN
92a599f3-5737-475c-ab1b-d540b82de91e,4c903803-6f89-4498-ac48-9cac84de61c7,3,2026-03-18 00:28:00,Chedraui,Chedraui,3690.0,EGRESO,EFECTIVO,MXN
be4032cd-810c-46b7-9ecc-9eba35ca3de9,367901a5-f293-400f-8969-224db4f3e99e,2,2026-03-18 01:24:00,Bus,Bus,9.5,EGRESO,EFECTIVO,MXN
9ad02663-4189-4d9c-90cc-93c90e85bf70,1d7d3151-e6c5-479c-aa65-df54b837c324,24,2026-03-18 02:28:00,NYX Cosmetics,NYX Cosmetics,1612.0,EGRESO,APP_MOVIL,MXN
268dbf30-201c-4580-b817-ef1dcd76b952,f30fbc40-9703-4c31-b9a5-ab557c4b82c8,25,2026-03-18 02:41:00,Liverpool,Liverpool,703.0,EGRESO,APP_MOVIL,MXN
dd3d3526-f9ee-472c-8019-33601580bdc4,7489af6c-154c-4eef-b7af-50397bd6b848,3,2026-03-18 02:58:00,Walmart,Walmart,866.0,EGRESO,APP_MOVIL,MXN
e155baf3-385b-4660-9b72-04f1d520aed1,3e5b598d-bd6d-4076-8922-5940bc6d277c,8,2026-03-18 03:38:00,Herramientas,Herramientas,840.0,EGRESO,EFECTIVO,MXN
7c6b5b7c-7514-43a1-b0bb-59d8e9085e66,6b2251e4-b804-4f13-898b-216c0c5ba9cc,6,2026-03-18 04:19:00,Uber,Uber,65.0,EGRESO,APP_MOVIL,MXN
657b1083-57de-4f68-9cfa-9c046d4cc98f,287b9cdc-edd5-4342-a5fb-5148aeea5b6c,4,2026-03-18 04:31:00,Amazon Prime,Amazon Prime,99.0,EGRESO,TRANSFERENCIA,MXN
e648efff-4c3a-454f-9b00-4d5f77833791,b5525d88-0da0-4036-a444-3e4f7a34128f,16,2026-03-18 05:11:00,Michael Kors,Michael Kors,1653.0,EGRESO,APP_MOVIL,MXN
27edd4a5-ab51-4467-acd8-f489610f9423,2d45cb4c-8380-477e-93dc-7ad4055949fe,13,2026-03-18 05:38:00,Andrea,Andrea,1377.0,EGRESO,APP_MOVIL,MXN
e09c63da-8632-4722-b5ae-8ce66d51ce03,e6f6e0cb-d25d-473f-9f7b-b942a476f005,1,2026-03-18 06:49:00,Nomina,Nomina,8515.98,INGRESO,TRANSFERENCIA,MXN
bc98877b-060b-498c-a29c-cd7998df15e1,088735e5-4d0d-4706-a911-442edac351c2,5,2026-03-18 07:56:00,Domino's,Domino's,507.0,EGRESO,APP_MOVIL,MXN
8825fb09-f6f0-42d7-afd7-dc4cb18a04de,8580b4dd-2321-42ff-8e88-0392056caa5c,1,2026-03-18 11:49:00,Nomina,Nomina,4916.3,INGRESO,TRANSFERENCIA,MXN
1c8e2f6b-3022-45bb-97ec-b5c804b04c89,698259d6-1dc2-4996-bae9-8219285ebc59,1,2026-03-18 13:21:00,Nomina,Nomina,20700.4,INGRESO,TRANSFERENCIA,MXN
09322e2f-f37b-4cfd-a031-d554264ce164,39f9edad-efb7-47c6-9841-c96e9b5d6e22,25,2026-03-18 14:48:00,Palacio de Hierro,Palacio de Hierro,1089.0,EGRESO,EFECTIVO,MXN
5d440949-3b9d-4e60-9329-890c63e0053c,088735e5-4d0d-4706-a911-442edac351c2,33,2026-03-18 15:53:00,Agua,Agua,,EGRESO,TRANSFERENCIA,MXN
ac2231bf-cbc1-4ad1-bfdd-82113d7e37d6,71c16233-5b03-45a3-b9d9-75dfce80f8cd,31,2026-03-18 16:59:00,Amazon,Amazon,711.0,EGRESO,APP_MOVIL,MXN
7c5eeb5f-0f0b-4b61-b56a-b6ff8d295709,87a8bdbd-1d61-4275-b187-80f960bd7983,26,2026-03-18 17:09:00,Farmacias Similares,Farmacias Similares,765.0,EGRESO,TRANSFERENCIA,MXN
b748ca27-52ee-4556-a06d-e556ec70dbe1,57a16ad2-8282-4a67-91ec-ebc90dee810e,26,2026-03-18 17:14:00,Farmacias Similares,Farmacias Similares,500.0,EGRESO,APP_MOVIL,MXN
279b27d3-2ab6-4e5c-b36a-62d717c4768c,6b2251e4-b804-4f13-898b-216c0c5ba9cc,21,2026-03-18 17:21:00,Metrobus,Metrobus,6.0,EGRESO,APP_MOVIL,MXN
140cc8b3-08b4-4195-8dd7-abff7a3a67f7,169f4be3-cc0f-4b41-8a79-77865835d095,23,2026-03-18 19:19:00,AXA Seguros,AXA Seguros,3857.0,EGRESO,TRANSFERENCIA,MXN
50b63132-89a2-4a72-b9d5-f6dc8a94300d,e4f9aabd-8595-4a2d-84b2-3d54a4541fdc,18,2026-03-18 20:01:00,Totalplay,Totalplay,439.0,EGRESO,APP_MOVIL,MXN
9a8dd374-36c5-4195-afcf-cea553fde02f,6d2288f2-a9dc-4bbd-b86b-33d48f2390dd,11,2026-03-18 22:20:00,Metro,Metro,5.0,EGRESO,TRANSFERENCIA,MXN
4e03f01e-1d97-4b0e-8242-c5c1093dea54,2f5e4265-1e5f-4813-839b-50bf4accbd7e,28,2026-03-18 22:54:00,Deportes Marti,Deportes Marti,756.0,EGRESO,TRANSFERENCIA,MXN
c9cebca3-8e1e-45e5-917b-9527a2ae39e6,a5264eb8-0d47-44e1-b1b3-6e0a2018f25f,14,2026-03-18 22:57:00,Renta,Renta,10456.0,EGRESO,APP_MOVIL,MXN
5851d394-7301-4ac4-bd7d-c2554323e67a,b4991233-a822-49ca-a113-cbedbb85a741,31,2026-03-18 23:25:00,Mercado Libre,Mercado Libre,1594.0,EGRESO,TRANSFERENCIA,MXN
10934cd3-20a2-4e6f-9dd1-5130dd8165df,e8dab777-b3e1-4c67-81e8-1bcf07a12eb6,9,2026-03-19 00:13:00,AT&T,AT&T,599.0,EGRESO,TRANSFERENCIA,MXN
645ddd0d-4c3e-4283-8597-40cdf38993c2,7c74290c-b207-43d8-bcd5-14f069783b3b,21,2026-03-19 01:54:00,Metrobus,Metrobus,6.0,EGRESO,APP_MOVIL,MXN
27504853-94d1-4cec-991c-fa102a8e87a1,4a021a05-bacc-4ded-98e4-6ba1343b83b4,17,2026-03-19 04:42:00,Colegiatura,Colegiatura,2904.0,EGRESO,TRANSFERENCIA,MXN
13a92f6e-8916-4eaa-aa9f-8075a99ba16e,fe494458-2541-481f-bb69-2bcb8e182795,2,2026-03-19 04:55:00,Bus,Bus,6.0,EGRESO,APP_MOVIL,MXN
1902ebcd-b2df-459b-82e5-9d40cf0e8dab,0d4d9d7a-2ce4-4002-abe0-031b288ff53c,7,2026-03-19 05:31:00,Electricidad,Electricidad,179.0,EGRESO,APP_MOVIL,MXN
f85f0aca-1619-41cc-9429-6698f1bd233e,9ebdcad6-2344-4fb6-873b-906defca570a,6,2026-03-19 05:49:00,DiDi,DiDi,120.0,EGRESO,EFECTIVO,MXN
48e9bc49-350b-4b1c-9374-8dd17acfe3bd,39f9edad-efb7-47c6-9841-c96e9b5d6e22,23,2026-03-19 06:23:00,GNP Seguros,GNP Seguros,3231.0,EGRESO,APP_MOVIL,MXN
e6e6bb55-6885-46d5-872c-26daa4740262,e6f6e0cb-d25d-473f-9f7b-b942a476f005,5,2026-03-19 07:38:00,McDonald's,McDonald's,370.0,EGRESO,TRANSFERENCIA,MXN
80aab85a-7146-4ee9-a598-a704d9432889,6d2288f2-a9dc-4bbd-b86b-33d48f2390dd,28,2026-03-19 08:15:00,Decathlon,Decathlon,389.0,EGRESO,APP_MOVIL,MXN
2e624579-e756-452f-bef8-4911a6bb86be,86d42cc6-6226-41a4-aa56-9a03fdc03387,4,2026-03-19 09:40:00,Apple TV+,Apple TV+,129.0,EGRESO,APP_MOVIL,MXN
070b710a-dcaa-437f-a26b-e69051380be2,950bb240-d014-403a-bd23-d2ae18663c05,18,2026-03-19 09:44:00,Totalplay,Totalplay,389.0,EGRESO,EFECTIVO,MXN
1838206b-4760-4ebe-88fa-0cb129b35be9,4c903803-6f89-4498-ac48-9cac84de61c7,12,2026-03-19 10:52:00,Barberia,Barberia,219.0,EGRESO,EFECTIVO,MXN
7b814f1c-7e77-44e1-a12d-b0475beac9b7,7c74290c-b207-43d8-bcd5-14f069783b3b,11,2026-03-19 12:40:00,Metro,Metro,5.0,EGRESO,APP_MOVIL,MXN
099711c5-039e-476f-9c86-82a5b22138ef,088735e5-4d0d-4706-a911-442edac351c2,4,2026-03-19 14:21:00,Max (HBO),Max (HBO),,EGRESO,APP_MOVIL,MXN
938d0018-888f-4983-83ca-b2e343b08e61,007759d6-7e92-4216-8b0d-24e4b3bdc25c,3,2026-03-19 15:06:00,Bodega Aurrera,Bodega Aurrera,2881.0,EGRESO,APP_MOVIL,MXN
804747d0-40c1-4111-bcd0-8e32ee5f0e27,6d2288f2-a9dc-4bbd-b86b-33d48f2390dd,1,2026-03-19 15:09:00,Transferencia Recibida,Transferencia Recibida,835.0,INGRESO,TRANSFERENCIA,MXN
3d67bd51-b67a-4216-b586-5ad63a235555,2d80c188-6489-4094-b09d-93b06a6b2935,33,2026-03-19 15:19:00,Agua,Agua,919.0,EGRESO,TRANSFERENCIA,MXN
63bbddf1-7a0a-42fe-99f8-7b8f2cae152e,460819f1-3e7b-4a18-b9bb-4a991973ca55,16,2026-03-19 19:49:00,Coach,Coach,1065.0,EGRESO,TRANSFERENCIA,MXN
9246a77c-1468-4d52-902a-54672d259cfe,86d42cc6-6226-41a4-aa56-9a03fdc03387,2,2026-03-19 20:47:00,Bus,Bus,100.0,EGRESO,APP_MOVIL,MXN
96ae7265-72fc-45b6-ab17-b2da342e3edc,f20e8816-f077-4abe-837b-b3e39ccf37eb,1,2026-03-19 23:10:00,Nomina,Nomina,4980.31,INGRESO,TRANSFERENCIA,MXN
1a1e027f-d0e7-487f-b767-32983d3a583a,334ac887-2c2e-43f0-ac7f-4e80e3f22173,14,2026-03-20 00:05:00,Renta,Renta,5100.0,EGRESO,TRANSFERENCIA,MXN
265c5fc0-bbb5-47a0-86d1-6bb3dad631e9,481fe99e-04d7-42b3-b696-00ef02353148,30,2026-03-20 00:53:00,Salon de Belleza,Salon de Belleza,194.0,EGRESO,APP_MOVIL,MXN
dfe0eaf2-00c4-472a-908c-984da0aff549,d83b0edd-72db-47f8-a768-7d03bc7fa190,19,2026-03-20 01:36:00,Mantenimiento Automotriz,Mantenimiento Automotriz,2744.0,EGRESO,TRANSFERENCIA,MXN
3b536643-c78d-452b-930b-a011c9a439ba,7c74290c-b207-43d8-bcd5-14f069783b3b,24,2026-03-20 04:13:00,NYX Cosmetics,NYX Cosmetics,1461.0,EGRESO,TRANSFERENCIA,MXN
604bc389-de98-43be-b77b-89643abd386f,e9f3e63d-6775-4b45-9daf-9722ec25fbe3,7,2026-03-20 04:28:00,Electricidad,Electricidad,1497.0,EGRESO,EFECTIVO,MXN
6a374fbb-c73d-4657-8914-3a6513500600,c56eb014-1de6-4df3-9cc5-45132bbf6942,25,2026-03-20 05:21:00,Liverpool,Liverpool,1588.0,EGRESO,TRANSFERENCIA,MXN
c0f6a5e4-5dc4-4912-b5ce-f5825d81e3d1,1d78859f-eed0-4406-a7a8-ac62bfe90145,6,2026-03-20 05:38:00,Cabify,Cabify,191.0,EGRESO,APP_MOVIL,MXN
ee190057-4007-4fc9-9217-bef9c216358d,86ebabff-3329-403c-ae53-7102b0dc7831,8,2026-03-20 06:49:00,Herramientas,Herramientas,1167.0,EGRESO,EFECTIVO,MXN
85448a25-e821-444e-a715-9237885feb9a,9fa6af03-3f13-4285-852b-d389da76d928,34,2026-03-20 08:06:00,Nintendo eShop,Nintendo eShop,1143.0,EGRESO,APP_MOVIL,MXN
abd7ae77-9151-4cac-a877-f8c5abbb15f7,36ee8608-fe5c-4530-b7cf-d13801c08072,19,2026-03-20 09:15:00,Mantenimiento Automotriz,Mantenimiento Automotriz,401.0,EGRESO,APP_MOVIL,MXN
671d5cc2-3efa-422d-b1bc-210a492b28da,b6ca9d87-476a-4c5d-83ca-7693a6527a9c,24,2026-03-20 09:41:00,L'Oreal,L'Oreal,688.0,EGRESO,EFECTIVO,MXN
408f76bc-39a7-4e06-9c96-c9f6a2969e1f,e9f3e63d-6775-4b45-9daf-9722ec25fbe3,1,2026-03-20 09:42:00,Nomina,Nomina,5336.35,INGRESO,TRANSFERENCIA,MXN
8a4b7e7b-561f-4b9a-98b6-bbfde03b62d1,1d7d3151-e6c5-479c-aa65-df54b837c324,25,2026-03-20 09:58:00,Palacio de Hierro,Palacio de Hierro,2313.0,EGRESO,EFECTIVO,MXN
3ae1355a-4380-4817-85aa-9a3f070cf049,0e2604b4-11e5-4452-8748-64aa92f9ca8f,30,2026-03-20 12:37:00,Salon de Belleza,Salon de Belleza,139.0,EGRESO,APP_MOVIL,MXN
05ada79e-1ae9-48a8-98bf-51be02f1634d,9fa6af03-3f13-4285-852b-d389da76d928,12,2026-03-20 13:12:00,Barberia,Barberia,411.0,EGRESO,APP_MOVIL,MXN
b789c7ba-d501-4bcb-9c46-3f8ecf101bad,654c4cb9-fb3b-421c-9e42-884531a72e4c,6,2026-03-20 13:49:00,Uber,Uber,58.0,EGRESO,APP_MOVIL,MXN
0ca9a7e5-17b9-469e-b5fd-ff3d90e0c715,088735e5-4d0d-4706-a911-442edac351c2,1,2026-03-20 14:27:00,Nomina,Nomina,9976.69,INGRESO,TRANSFERENCIA,MXN
6d7ad5f7-d99e-48df-a803-db512988bdde,86ebabff-3329-403c-ae53-7102b0dc7831,32,2026-03-20 15:41:00,Xbox Live,Xbox Live,1338.0,EGRESO,EFECTIVO,MXN
dc2238bc-0a08-40df-9bcd-1a5c4b87ce17,367901a5-f293-400f-8969-224db4f3e99e,14,2026-03-20 16:12:00,Renta,Renta,5134.0,EGRESO,EFECTIVO,MXN
876c7d06-0481-4503-92d2-236e33fbea25,c0c2ffc0-3d5f-4e4f-99f2-884a8a2621f5,3,2026-03-20 17:22:00,Soriana,Soriana,2258.0,EGRESO,EFECTIVO,MXN
d960322a-b81f-450d-b2a3-69fd358814e5,4bb45633-ce6a-4e78-8b36-ab2143b9312a,6,2026-03-20 18:03:00,Cabify,Cabify,172.0,EGRESO,APP_MOVIL,MXN
d42a9554-0677-4b04-b760-1af085c9bb58,7336ec17-03d6-4127-a085-cb3f799bd54e,20,2026-03-20 18:07:00,Cinemex,Cinemex,654.0,EGRESO,TRANSFERENCIA,MXN
ac6fdb0f-5036-4a31-b11c-dbf189e8b54f,367901a5-f293-400f-8969-224db4f3e99e,23,2026-03-20 18:18:00,Qualitas,Qualitas,3295.0,EGRESO,TRANSFERENCIA,MXN
56037808-4eda-4808-b9ad-6e1317253c0a,a5264eb8-0d47-44e1-b1b3-6e0a2018f25f,22,2026-03-20 18:53:00,Oxxo Gas,Oxxo Gas,443.0,EGRESO,EFECTIVO,MXN
3120e292-d319-4967-8ac9-47c388e29afd,033eaacc-c1f9-412e-84cb-95b426d28b5c,1,2026-03-20 19:40:00,Nomina,Nomina,24894.24,INGRESO,TRANSFERENCIA,MXN
dc29f1b2-d8f7-4ffb-a4ae-caa09e7dff95,e8dab777-b3e1-4c67-81e8-1bcf07a12eb6,28,2026-03-20 21:35:00,Innvictus,Innvictus,800.0,EGRESO,TRANSFERENCIA,MXN
51d67586-013b-4527-b86e-714885e918d0,f30fbc40-9703-4c31-b9a5-ab557c4b82c8,32,2026-03-20 22:06:00,PlayStation Network,PlayStation Network,1600.0,EGRESO,APP_MOVIL,MXN
62584ff2-442f-463c-8d05-e26ec9ba06f1,7489af6c-154c-4eef-b7af-50397bd6b848,23,2026-03-20 22:15:00,AXA Seguros,AXA Seguros,2265.0,EGRESO,TRANSFERENCIA,MXN
00134eb6-a389-49a4-a620-417c8897d084,2f4e7259-c7d0-4f8e-b408-fbed59254881,21,2026-03-20 22:26:00,Metrobus,Metrobus,20.0,EGRESO,APP_MOVIL,MXN
18da07ae-03c7-43a0-8c42-436db5efb8f2,7c74290c-b207-43d8-bcd5-14f069783b3b,7,2026-03-20 22:35:00,Electricidad,Electricidad,337.0,EGRESO,APP_MOVIL,MXN
6808bf9d-606b-4a39-8895-3e09ab96a199,460819f1-3e7b-4a18-b9bb-4a991973ca55,1,2026-03-20 23:04:00,Nomina,Nomina,11667.38,INGRESO,TRANSFERENCIA,MXN
7209e667-5d04-4319-9f9a-5fa7ac3211d1,d1015873-9015-4bb6-ad9c-9c10c7fbccaa,8,2026-03-21 00:23:00,Herramientas,Herramientas,1884.0,EGRESO,TRANSFERENCIA,MXN
350b0a04-103f-46f3-894d-6f6c3bd5adea,36ee8608-fe5c-4530-b7cf-d13801c08072,13,2026-03-21 00:51:00,Capa de Ozono,Capa de Ozono,605.0,EGRESO,APP_MOVIL,MXN
51bafea2-d667-4daf-8ba4-1165071d2b56,e6f6e0cb-d25d-473f-9f7b-b942a476f005,23,2026-03-21 02:15:00,AXA Seguros,AXA Seguros,1486.0,EGRESO,APP_MOVIL,MXN
26ab008f-adf5-431d-80ca-2046f5336045,e4814a6c-08b2-4b08-99dd-d9e29211ea72,9,2026-03-21 02:26:00,AT&T,AT&T,299.0,EGRESO,APP_MOVIL,MXN
4177de7b-b4eb-4db4-ba15-b0f07331e8a7,950bb240-d014-403a-bd23-d2ae18663c05,1,2026-03-21 03:33:00,Transferencia Recibida,Transferencia Recibida,1883.0,INGRESO,TRANSFERENCIA,MXN
cea546b5-0019-45ef-b595-0047524d55ba,8ae451d5-4e82-4ced-8bbc-cee19fedccda,21,2026-03-21 04:36:00,Metrobus,Metrobus,20.0,EGRESO,APP_MOVIL,MXN
c945e804-4ac7-4718-b117-d228eed8b2f8,36bb528a-43a8-4008-8557-d3e3a5c94a6c,12,2026-03-21 05:03:00,Barberia,Barberia,140.0,EGRESO,APP_MOVIL,MXN
787cf2fe-fcda-431c-80c5-8f7efe30d69b,e4814a6c-08b2-4b08-99dd-d9e29211ea72,26,2026-03-21 05:45:00,Farmacias Similares,Farmacias Similares,312.0,EGRESO,TRANSFERENCIA,MXN
ef2f238e-24ec-4bf6-b4d1-f82385f4b76d,7f2f8daa-dfc2-4ad0-9c49-d90ffa6ae04b,16,2026-03-21 06:40:00,Cloe,Cloe,1607.0,EGRESO,APP_MOVIL,MXN
df54f915-d3d4-4cca-bb59-9aacc8921a0e,a5264eb8-0d47-44e1-b1b3-6e0a2018f25f,18,2026-03-21 06:59:00,Infinitum,Infinitum,439.0,EGRESO,APP_MOVIL,MXN
02caf09f-0bd7-4ea5-8509-09dd8bc6a69e,7f2f8daa-dfc2-4ad0-9c49-d90ffa6ae04b,34,2026-03-21 07:27:00,Nintendo eShop,Nintendo eShop,929.0,EGRESO,APP_MOVIL,MXN
7db6825c-2ee5-432e-9a0e-e33f324db0c8,698259d6-1dc2-4996-bae9-8219285ebc59,13,2026-03-21 08:33:00,Andrea,Andrea,1545.0,EGRESO,APP_MOVIL,MXN
6d783988-def1-4970-a93a-024d5f1fbea8,654c4cb9-fb3b-421c-9e42-884531a72e4c,16,2026-03-21 08:50:00,Michael Kors,Michael Kors,1472.0,EGRESO,APP_MOVIL,MXN
2601c288-6db4-4fac-b629-b568c5778d73,950bb240-d014-403a-bd23-d2ae18663c05,21,2026-03-21 09:28:00,Metrobus,Metrobus,20.0,EGRESO,EFECTIVO,MXN
7da9e618-4d81-4d20-924d-d0bbea7e8cc1,e80f9cac-b03e-4fcb-a3f3-7f1c6286bc7b,29,2026-03-21 09:28:00,Viajes,Viajes,11043.0,EGRESO,APP_MOVIL,MXN
1d770938-b4a1-4c32-be56-542b4ac93665,f30fbc40-9703-4c31-b9a5-ab557c4b82c8,2,2026-03-21 10:09:00,Bus,Bus,8.0,EGRESO,TRANSFERENCIA,MXN
49157ddf-7e1e-4796-8e7f-4eb22e98fc35,287b9cdc-edd5-4342-a5fb-5148aeea5b6c,29,2026-03-21 13:51:00,Viajes,Viajes,9263.0,EGRESO,TRANSFERENCIA,MXN
84e4c40e-05ba-46fa-acb2-cf39649a99a2,cb4d084d-d246-4f2e-847a-1132c5e51dc6,30,2026-03-21 14:32:00,Salon de Belleza,Salon de Belleza,379.0,EGRESO,APP_MOVIL,MXN
8d584bc7-8233-4030-be09-22ac4997d526,e77722c3-ca39-4480-832f-f90fbc2402a7,11,2026-03-21 14:38:00,Metro,Metro,5.0,EGRESO,TRANSFERENCIA,MXN
44999d4f-738a-4ee9-a1ff-ed398cf80d7d,cb4d084d-d246-4f2e-847a-1132c5e51dc6,13,2026-03-21 14:45:00,Flexi,Flexi,1483.0,EGRESO,EFECTIVO,MXN
0391a865-de7d-4ac5-b114-4ea18f252439,2ca34b24-a26a-4698-a4c6-7593f66ced33,1,2026-03-21 15:25:00,Nomina,Nomina,10279.83,INGRESO,TRANSFERENCIA,MXN
3dfc0349-bdbc-431f-9753-eb251abc4435,b1df054d-9d22-4d28-b46d-87390f12a902,5,2026-03-21 15:53:00,McDonald's,McDonald's,318.0,EGRESO,APP_MOVIL,MXN
6d1f5cf7-a53c-4c53-8ad9-78a2616bdab4,b5525d88-0da0-4036-a444-3e4f7a34128f,14,2026-03-21 16:25:00,Renta,Renta,4357.0,EGRESO,EFECTIVO,MXN
961034e0-271d-495d-947d-ad9c5652b08e,007759d6-7e92-4216-8b0d-24e4b3bdc25c,28,2026-03-21 17:33:00,Decathlon,Decathlon,875.0,EGRESO,TRANSFERENCIA,MXN
7a2f252e-b011-46de-a5a4-46e886f10cbe,ef403853-e247-49d9-9751-bf46943b3d76,20,2026-03-21 17:57:00,Restaurante Local,Restaurante Local,1093.0,EGRESO,EFECTIVO,MXN
33113c00-8cbc-4998-b21e-344482a288ee,e4814a6c-08b2-4b08-99dd-d9e29211ea72,30,2026-03-21 18:00:00,Salon de Belleza,Salon de Belleza,285.0,EGRESO,EFECTIVO,MXN
30dabe5c-dfb1-4a3d-a6fc-93a9140ea246,4f6ff8db-53cf-4464-883b-02373ed58457,1,2026-03-21 19:18:00,Nomina,Nomina,5586.06,INGRESO,TRANSFERENCIA,MXN
3011cec6-73ca-4229-bd59-52b6ed9d2272,7336ec17-03d6-4127-a085-cb3f799bd54e,32,2026-03-21 20:25:00,Xbox Live,Xbox Live,229.0,EGRESO,APP_MOVIL,MXN
96778e2d-a493-4a01-b89c-050940aae0f4,f2e52e1f-1d7b-4214-a1ee-83e8b98918f0,31,2026-03-21 21:43:00,Amazon,Amazon,1858.0,EGRESO,APP_MOVIL,MXN
64b87ef6-9a03-4dab-9d92-a454b53983ad,d7073699-b1fd-4984-8380-c897f19b37c2,19,2026-03-21 23:43:00,Mantenimiento Automotriz,Mantenimiento Automotriz,2330.0,EGRESO,EFECTIVO,MXN
78c485f1-23bd-4f9f-b8ae-585b581460b1,8ae451d5-4e82-4ced-8bbc-cee19fedccda,30,2026-03-21 23:57:00,Salon de Belleza,Salon de Belleza,328.0,EGRESO,EFECTIVO,MXN
785ca566-5efc-430a-b65b-a040d8872717,b4991233-a822-49ca-a113-cbedbb85a741,1,2026-03-22 00:06:00,Nomina,Nomina,16018.99,INGRESO,TRANSFERENCIA,MXN
93df17d1-d869-4950-b6dd-26e42f4259ed,39f9edad-efb7-47c6-9841-c96e9b5d6e22,4,2026-03-22 00:30:00,Netflix,Netflix,139.0,EGRESO,TRANSFERENCIA,MXN
d12570ab-366c-4a1f-9530-72d01a5a2f6a,591ef66e-c411-40c1-95e6-b23f8169be61,12,2026-03-22 01:16:00,Barberia,Barberia,204.0,EGRESO,APP_MOVIL,MXN
c8e81cde-5659-48ac-acdc-39dde0db24cf,6be93697-d5c5-49d1-8778-8abe58f5c5a3,22,2026-03-22 01:18:00,Oxxo Gas,Oxxo Gas,902.0,EGRESO,APP_MOVIL,MXN
8c582b40-73d3-4b1e-932c-9f66bbba9ba0,7336ec17-03d6-4127-a085-cb3f799bd54e,9,2026-03-22 01:28:00,Telcel,Telcel,249.0,EGRESO,EFECTIVO,MXN
160b4177-0091-42b9-b05d-b14a9d1a7705,062fd77f-ba97-4763-bff4-0bc64c0b9db9,29,2026-03-22 02:44:00,Viajes,Viajes,10757.0,EGRESO,EFECTIVO,MXN
99eef918-cfaf-4721-a516-86bbdb0f80b3,e77722c3-ca39-4480-832f-f90fbc2402a7,31,2026-03-22 02:51:00,Mercado Libre,Mercado Libre,2349.0,EGRESO,APP_MOVIL,MXN
3237fd9a-7031-41f4-a762-0f82db9a7e64,d1015873-9015-4bb6-ad9c-9c10c7fbccaa,5,2026-03-22 03:12:00,McDonald's,McDonald's,750.0,EGRESO,APP_MOVIL,MXN
3cb1b0a3-c28e-4757-9cb5-b84d8b499c6f,d660ddf9-6ba0-4a64-88ea-5d41f61fcefb,17,2026-03-22 03:18:00,Colegiatura,Colegiatura,3401.0,EGRESO,EFECTIVO,MXN
33e4e7d6-f764-41c0-b83c-aaebb7e2fc3f,2d45cb4c-8380-477e-93dc-7ad4055949fe,15,2026-03-22 03:35:00,Multa de Transito,Multa de Transito,2791.0,EGRESO,APP_MOVIL,MXN
f3964a07-a440-4383-96c2-2a787fcbf432,cb4d084d-d246-4f2e-847a-1132c5e51dc6,23,2026-03-22 04:47:00,Qualitas,Qualitas,1732.0,EGRESO,APP_MOVIL,MXN
514ce95f-d0dc-402e-b3c4-6e6926e1fa7f,654c4cb9-fb3b-421c-9e42-884531a72e4c,4,2026-03-22 05:11:00,Netflix,Netflix,139.0,EGRESO,EFECTIVO,MXN
19029ac5-0e65-4a50-9b90-767d2f33b155,4f6ff8db-53cf-4464-883b-02373ed58457,27,2026-03-22 05:41:00,Gas,Gas,846.0,EGRESO,EFECTIVO,MXN
d3ad800b-44a3-4fc5-8ab7-0f584ab777c2,ec1a1f42-1c5f-492f-919f-08cacfcb0039,18,2026-03-22 06:38:00,Izzi,Izzi,439.0,EGRESO,TRANSFERENCIA,MXN
201ba88f-0e75-4ba1-b920-cfcc65f93d89,7336ec17-03d6-4127-a085-cb3f799bd54e,18,2026-03-22 06:48:00,Izzi,Izzi,799.0,EGRESO,APP_MOVIL,MXN
445e545d-289e-4bcf-95c2-5b2d1f37cbe3,654c4cb9-fb3b-421c-9e42-884531a72e4c,4,2026-03-22 09:05:00,Max (HBO),Max (HBO),199.0,EGRESO,TRANSFERENCIA,MXN
a7d5dc25-0feb-446d-9d2c-0481cb4f7e9f,5057339d-f49e-4d1c-beae-6ced3a7c148f,1,2026-03-22 10:04:00,Nomina,Nomina,6184.68,INGRESO,TRANSFERENCIA,MXN
cc5e2e46-f411-4122-b941-83d751b00a25,8ae451d5-4e82-4ced-8bbc-cee19fedccda,34,2026-03-22 11:16:00,Steam,Steam,423.0,EGRESO,EFECTIVO,MXN
bd3d6c68-de73-4081-b716-6787239950e4,4a021a05-bacc-4ded-98e4-6ba1343b83b4,28,2026-03-22 11:26:00,Innvictus,Innvictus,198.0,EGRESO,TRANSFERENCIA,MXN
0ef13506-2e78-4d5f-b7dd-52a52751e923,7489af6c-154c-4eef-b7af-50397bd6b848,22,2026-03-22 11:43:00,BP,BP,1074.0,EGRESO,TRANSFERENCIA,MXN
06dfef9f-a9aa-43b6-88d8-a6c867bec1ef,4a021a05-bacc-4ded-98e4-6ba1343b83b4,22,2026-03-22 12:22:00,Pemex,Pemex,880.0,EGRESO,APP_MOVIL,MXN
7d7cdd54-fe0d-469b-8795-35b27ce79844,e9f3e63d-6775-4b45-9daf-9722ec25fbe3,1,2026-03-22 15:29:00,Nomina,Nomina,5336.35,INGRESO,TRANSFERENCIA,MXN
7e31b03b-5f11-4b63-a942-3cc4dff81a41,5057339d-f49e-4d1c-beae-6ced3a7c148f,25,2026-03-22 16:32:00,Liverpool,Liverpool,890.0,EGRESO,APP_MOVIL,MXN
041cc24b-7e4a-434a-bcf7-393c8ba67ea5,367901a5-f293-400f-8969-224db4f3e99e,19,2026-03-22 16:52:00,Mantenimiento Automotriz,Mantenimiento Automotriz,2038.0,EGRESO,APP_MOVIL,MXN
dd5bef48-c721-4ffe-9eef-3de527d9e5ac,d660ddf9-6ba0-4a64-88ea-5d41f61fcefb,4,2026-03-22 17:18:00,Amazon Prime,Amazon Prime,99.0,EGRESO,APP_MOVIL,MXN
758181fd-39d9-42cf-a664-7158adccbb91,654c4cb9-fb3b-421c-9e42-884531a72e4c,1,2026-03-22 18:28:00,Nomina,Nomina,5460.51,INGRESO,TRANSFERENCIA,MXN
da1eb56f-6b2a-4a70-a23b-478c7d644b0c,ec1a1f42-1c5f-492f-919f-08cacfcb0039,3,2026-03-22 19:39:00,Walmart,Walmart,1152.0,EGRESO,APP_MOVIL,MXN
30585407-7056-4d2f-850a-c1f6107a759f,71c16233-5b03-45a3-b9d9-75dfce80f8cd,2,2026-03-22 20:42:00,Bus,Bus,9.5,EGRESO,APP_MOVIL,MXN
c03381e1-ab59-43d6-b805-1dda459875db,9fa6af03-3f13-4285-852b-d389da76d928,1,2026-03-22 20:59:00,Nomina,Nomina,20039.9,INGRESO,TRANSFERENCIA,MXN
f4da5dcd-c552-4ef5-967d-4be7fb10a89e,007759d6-7e92-4216-8b0d-24e4b3bdc25c,12,2026-03-22 21:55:00,Barberia,Barberia,346.0,EGRESO,APP_MOVIL,MXN
69a97469-0ff5-4050-a6ba-41c3b2df4287,8ae451d5-4e82-4ced-8bbc-cee19fedccda,4,2026-03-23 00:24:00,Netflix,Netflix,139.0,EGRESO,APP_MOVIL,MXN
b0466ca5-1338-485b-bf31-7a54f482a9db,8d64339b-b475-44e4-bf62-e45215d1ea8f,14,2026-03-23 00:28:00,Renta,Renta,4513.0,EGRESO,EFECTIVO,MXN
69ef78ee-1244-479f-a0b0-358fb5988f32,fe494458-2541-481f-bb69-2bcb8e182795,28,2026-03-23 02:19:00,Decathlon,Decathlon,,EGRESO,TRANSFERENCIA,MXN
c4427c4d-507f-4b05-a7f5-f3fd38ec6def,af1d8cae-6064-4332-977d-e896264e20c2,1,2026-03-23 03:16:00,Nomina,Nomina,9911.92,INGRESO,TRANSFERENCIA,MXN
509282b7-48fa-44a4-ba90-4811fd3c6829,6e3e2a99-1a3d-42fa-bfe5-52f057eccb2f,1,2026-03-23 03:32:00,Nomina,Nomina,5628.95,INGRESO,TRANSFERENCIA,MXN
ca8f1337-f3c8-4241-abcc-54293d4a2ce8,4f6ff8db-53cf-4464-883b-02373ed58457,30,2026-03-23 03:46:00,Salon de Belleza,Salon de Belleza,168.0,EGRESO,EFECTIVO,MXN
209cf83f-6b19-4be7-a99d-d96546d14faf,edeb6414-0b55-4e0a-bed2-b73a88276387,27,2026-03-23 04:13:00,Gas,Gas,523.0,EGRESO,TRANSFERENCIA,MXN
0aae67fe-11ff-4b41-91f0-e91c10c00b32,87a8bdbd-1d61-4275-b187-80f960bd7983,26,2026-03-23 04:19:00,Farmacias Similares,Farmacias Similares,427.0,EGRESO,APP_MOVIL,MXN
256d1e22-9162-4c8b-bcaa-e133b7ecc061,e80f9cac-b03e-4fcb-a3f3-7f1c6286bc7b,32,2026-03-23 05:23:00,PlayStation Network,PlayStation Network,179.0,EGRESO,APP_MOVIL,MXN
2867b69d-6732-4c19-9ab0-b9df602f40be,03e60ec2-d499-47cd-81fb-96e308403ecd,24,2026-03-23 06:29:00,NYX Cosmetics,NYX Cosmetics,2452.0,EGRESO,APP_MOVIL,MXN
553981ca-586b-42c1-b712-8a8356822bcd,cc302a48-1c7f-4cd5-8095-557e5f3ee43f,6,2026-03-23 07:20:00,DiDi,DiDi,139.0,EGRESO,APP_MOVIL,MXN
763e0a55-42ed-42a1-8f9b-5afed6cf7f3b,f20e8816-f077-4abe-837b-b3e39ccf37eb,21,2026-03-23 08:12:00,Metrobus,Metrobus,6.0,EGRESO,EFECTIVO,MXN
7b746cc1-a1f7-47fa-ad4a-b98c860cba53,2f5e4265-1e5f-4813-839b-50bf4accbd7e,19,2026-03-23 08:46:00,Mantenimiento Automotriz,Mantenimiento Automotriz,2374.0,EGRESO,TRANSFERENCIA,MXN
bce5fff3-2f2b-412b-afbf-4c68e8b91d7b,8711e8ab-3016-4507-8ecf-8798f901a525,10,2026-03-23 08:52:00,Compras Fisicas,Compras Fisicas,968.0,EGRESO,TRANSFERENCIA,MXN
ab7f5da8-4d1c-456e-889d-c070cd4bed6c,e4f9aabd-8595-4a2d-84b2-3d54a4541fdc,20,2026-03-23 10:51:00,Starbucks,Starbucks,771.0,EGRESO,TRANSFERENCIA,MXN
d7b4547a-e2c8-4383-9cad-1f0b69147590,cb4d084d-d246-4f2e-847a-1132c5e51dc6,20,2026-03-23 11:47:00,Cinepolis,Cinepolis,646.0,EGRESO,APP_MOVIL,MXN
b18260cd-1938-4bbc-8a14-d87c4d49041e,feb46172-c764-46f8-8955-33a46aebe6cc,5,2026-03-23 11:54:00,Little Caesars,Little Caesars,990.0,EGRESO,TRANSFERENCIA,MXN
7a8960a2-2396-4af1-b5fe-7edebc9119fb,78415f42-edd9-4039-abee-f38499ffc380,1,2026-03-23 12:12:00,Nomina,Nomina,5483.57,INGRESO,TRANSFERENCIA,MXN
5e38cd81-f54d-4807-8526-4e742e6dca84,bacb91fd-e8d8-4aab-86af-be8542045bfc,14,2026-03-23 12:15:00,Renta,Renta,6609.0,EGRESO,TRANSFERENCIA,MXN
a32575fb-00cb-4b6c-904d-8475246890ed,efb35f92-a96e-40cb-9ba4-a3d3670133ab,17,2026-03-23 12:40:00,Colegiatura,Colegiatura,5712.0,EGRESO,EFECTIVO,MXN
c7bb7e40-283f-4555-8256-8653a0e051b3,e6f6e0cb-d25d-473f-9f7b-b942a476f005,13,2026-03-23 14:24:00,Andrea,Andrea,966.0,EGRESO,APP_MOVIL,MXN
b6f9e2d2-6012-4066-83ec-c85b0dd58216,950bb240-d014-403a-bd23-d2ae18663c05,31,2026-03-23 14:31:00,Amazon,Amazon,338.0,EGRESO,EFECTIVO,MXN
e09e4178-1ebe-4101-a8c9-f125e0112c35,36bb528a-43a8-4008-8557-d3e3a5c94a6c,20,2026-03-23 15:38:00,Cinemex,Cinemex,1150.0,EGRESO,APP_MOVIL,MXN
624be831-eeb5-44d0-9a09-c89a058b1099,6d2288f2-a9dc-4bbd-b86b-33d48f2390dd,26,2026-03-23 15:52:00,Farmacias Guadalajara,Farmacias Guadalajara,675.0,EGRESO,APP_MOVIL,MXN
5a421976-c5ec-4d35-9606-d556bba7a76f,7c74290c-b207-43d8-bcd5-14f069783b3b,10,2026-03-23 16:03:00,Compras Fisicas,Compras Fisicas,801.0,EGRESO,APP_MOVIL,MXN
226c2590-4ad0-4620-b33b-7381581bd715,e8dab777-b3e1-4c67-81e8-1bcf07a12eb6,28,2026-03-23 16:16:00,Deportes Marti,Deportes Marti,1152.0,EGRESO,APP_MOVIL,MXN
1606813c-8eae-4b72-9dc3-2e21cfb6ffc3,460819f1-3e7b-4a18-b9bb-4a991973ca55,33,2026-03-23 17:14:00,Agua,Agua,744.0,EGRESO,APP_MOVIL,MXN
17a0bfb8-131e-4076-a9ae-374d75176d22,2d45cb4c-8380-477e-93dc-7ad4055949fe,2,2026-03-23 18:46:00,Bus,Bus,100.0,EGRESO,EFECTIVO,MXN
b598c7ff-8214-4316-aa44-92e7a7538668,d83b0edd-72db-47f8-a768-7d03bc7fa190,24,2026-03-23 19:40:00,NYX Cosmetics,NYX Cosmetics,1027.0,EGRESO,TRANSFERENCIA,MXN
f571873c-f6d9-4182-942b-9ed5a280ce7a,74a2259c-8ee4-4064-89cc-8a49fd390792,15,2026-03-23 19:58:00,Multa de Transito,Multa de Transito,2835.0,EGRESO,APP_MOVIL,MXN
9c5113a2-093d-4213-ad0a-fe254de16aa4,af1d8cae-6064-4332-977d-e896264e20c2,13,2026-03-23 20:20:00,Andrea,Andrea,2259.0,EGRESO,TRANSFERENCIA,MXN
0bce1415-86cf-483e-bf61-13b69a40f77e,f2e52e1f-1d7b-4214-a1ee-83e8b98918f0,1,2026-03-23 20:31:00,Nomina,Nomina,9561.1,INGRESO,TRANSFERENCIA,MXN
051fdb6a-d5c2-467d-8f07-ecbbc698aa70,57a16ad2-8282-4a67-91ec-ebc90dee810e,22,2026-03-23 21:07:00,Mobil,Mobil,409.0,EGRESO,APP_MOVIL,MXN
ae6055e0-baf9-49c3-b75f-5bfd504dd01d,8580b4dd-2321-42ff-8e88-0392056caa5c,24,2026-03-23 21:25:00,L'Oreal,L'Oreal,455.0,EGRESO,APP_MOVIL,MXN
9ecb9d88-80e2-4448-9aac-d91f0863f2f3,481fe99e-04d7-42b3-b696-00ef02353148,15,2026-03-23 23:33:00,Multa de Transito,Multa de Transito,,EGRESO,TRANSFERENCIA,MXN
beecd3bc-1ef2-4cb5-9c56-77fecefffe1c,8d64339b-b475-44e4-bf62-e45215d1ea8f,2,2026-03-24 01:17:00,Bus,Bus,12.0,EGRESO,APP_MOVIL,MXN
432d842b-28d1-48d3-b468-381e9045bd19,78415f42-edd9-4039-abee-f38499ffc380,4,2026-03-24 01:25:00,Disney+,Disney+,299.0,EGRESO,TRANSFERENCIA,MXN
92af8301-c54f-4d45-8385-7aeae52e0d13,a016e16f-7680-4d69-8958-9b2a62b35431,11,2026-03-24 01:36:00,Metro,Metro,5.0,EGRESO,EFECTIVO,MXN
bd55929b-7fa9-41fb-bb69-b7f5a10c7fbd,287b9cdc-edd5-4342-a5fb-5148aeea5b6c,32,2026-03-24 02:08:00,Xbox Live,Xbox Live,211.0,EGRESO,APP_MOVIL,MXN
bb1ff723-8c1f-49cb-9819-83761141966b,d7b98250-11d8-4b40-a1fd-44ae5b3e0d2a,1,2026-03-24 02:25:00,Nomina,Nomina,7380.06,INGRESO,TRANSFERENCIA,MXN
4a50dc0a-76c7-47bb-8122-3b19fc30fc14,c0c2ffc0-3d5f-4e4f-99f2-884a8a2621f5,9,2026-03-24 03:33:00,AT&T,AT&T,299.0,EGRESO,EFECTIVO,MXN
5800af04-0ea8-4fa5-b19a-24c84ffaa99c,7f2f8daa-dfc2-4ad0-9c49-d90ffa6ae04b,2,2026-03-24 03:50:00,Bus,Bus,8.0,EGRESO,APP_MOVIL,MXN
7af00b21-976c-40c4-b2bc-50ba692b5465,71c16233-5b03-45a3-b9d9-75dfce80f8cd,33,2026-03-24 04:54:00,Agua,Agua,922.0,EGRESO,EFECTIVO,MXN
bb1b7e21-9d92-4098-a233-dc722ab0ecdc,feb46172-c764-46f8-8955-33a46aebe6cc,1,2026-03-24 05:49:00,Nomina,Nomina,8741.4,INGRESO,TRANSFERENCIA,MXN
337ec2f9-3b78-46ab-a6f4-114cc207d25b,8d64339b-b475-44e4-bf62-e45215d1ea8f,22,2026-03-24 08:02:00,Oxxo Gas,Oxxo Gas,1120.0,EGRESO,APP_MOVIL,MXN
5c92d368-75f2-40ae-b441-4f73d8f7b488,b4991233-a822-49ca-a113-cbedbb85a741,27,2026-03-24 10:03:00,Gas,Gas,647.0,EGRESO,APP_MOVIL,MXN
2f200b27-0d27-46ab-a09b-08dda9e8b59e,f20e8816-f077-4abe-837b-b3e39ccf37eb,22,2026-03-24 10:52:00,BP,BP,865.0,EGRESO,EFECTIVO,MXN
56a5d700-a98c-4f81-aeb9-619bf8781765,4c903803-6f89-4498-ac48-9cac84de61c7,31,2026-03-24 10:52:00,Amazon,Amazon,1331.0,EGRESO,APP_MOVIL,MXN
1a9d6394-03f9-4961-8e0b-5ef77fa7e63b,4bb45633-ce6a-4e78-8b36-ab2143b9312a,31,2026-03-24 11:35:00,Amazon,Amazon,1661.0,EGRESO,TRANSFERENCIA,MXN
10afc153-6cb0-40d6-b819-82828c172296,e4814a6c-08b2-4b08-99dd-d9e29211ea72,1,2026-03-24 11:43:00,Transferencia Recibida,Transferencia Recibida,4846.0,INGRESO,TRANSFERENCIA,MXN
d721195d-c444-4840-a98b-f3b3b320c6c5,5057339d-f49e-4d1c-beae-6ced3a7c148f,21,2026-03-24 12:38:00,Metrobus,Metrobus,20.0,EGRESO,EFECTIVO,MXN
cff7532f-ce2c-4290-8989-579e28bf2098,5057339d-f49e-4d1c-beae-6ced3a7c148f,29,2026-03-24 12:53:00,Viajes,Viajes,5142.0,EGRESO,EFECTIVO,MXN
76bc4671-7ebd-48e3-b144-5725d717894e,39f9edad-efb7-47c6-9841-c96e9b5d6e22,31,2026-03-24 12:54:00,Amazon,Amazon,1180.0,EGRESO,TRANSFERENCIA,MXN
8ad1fb09-b1e3-4e93-a907-89a513649b50,7489af6c-154c-4eef-b7af-50397bd6b848,18,2026-03-24 13:24:00,Izzi,Izzi,389.0,EGRESO,EFECTIVO,MXN
2b30e84c-c959-4b50-b38e-284801747d21,481fe99e-04d7-42b3-b696-00ef02353148,13,2026-03-24 13:53:00,Andrea,Andrea,1918.0,EGRESO,TRANSFERENCIA,MXN
ff575fce-af30-48ea-9986-9f82e94cbbb4,2f5e4265-1e5f-4813-839b-50bf4accbd7e,9,2026-03-24 14:04:00,Telcel,Telcel,100.0,EGRESO,APP_MOVIL,MXN
d08b0fb6-cca0-4223-af7b-01af15cdba63,282aba8c-1169-402d-adbd-8a41f6676432,1,2026-03-24 14:11:00,Transferencia Recibida,Transferencia Recibida,262.0,INGRESO,TRANSFERENCIA,MXN
6afe135f-d120-4594-a69f-86bad3477b54,d1015873-9015-4bb6-ad9c-9c10c7fbccaa,33,2026-03-24 15:57:00,Agua,Agua,907.0,EGRESO,APP_MOVIL,MXN
861213bb-f934-4302-8ae8-da3ffbb44057,e77722c3-ca39-4480-832f-f90fbc2402a7,22,2026-03-24 16:01:00,BP,BP,765.0,EGRESO,EFECTIVO,MXN
c6eaca66-b38f-4acd-adfe-b20df2007791,39f9edad-efb7-47c6-9841-c96e9b5d6e22,27,2026-03-24 18:22:00,Gas,Gas,823.0,EGRESO,TRANSFERENCIA,MXN
b639ceea-b692-4a99-86d5-350fc9c59b2a,cc302a48-1c7f-4cd5-8095-557e5f3ee43f,3,2026-03-24 19:30:00,Bodega Aurrera,Bodega Aurrera,1844.0,EGRESO,EFECTIVO,MXN
bd18d36d-7d9f-46f1-aa74-2e1e4ad4202e,2ca34b24-a26a-4698-a4c6-7593f66ced33,3,2026-03-24 19:44:00,Bodega Aurrera,Bodega Aurrera,1443.0,EGRESO,APP_MOVIL,MXN
de217cf5-ace6-4b77-a24f-c7a0b4896e39,591ef66e-c411-40c1-95e6-b23f8169be61,34,2026-03-24 20:00:00,Steam,Steam,1148.0,EGRESO,EFECTIVO,MXN
d9b14678-8e2c-40d0-914f-cbdcb8cc4030,f20e8816-f077-4abe-837b-b3e39ccf37eb,24,2026-03-24 20:31:00,Maybelline,Maybelline,2496.0,EGRESO,APP_MOVIL,MXN
629a5be6-f76e-44d5-9153-d40f92fa809b,03e60ec2-d499-47cd-81fb-96e308403ecd,19,2026-03-24 22:31:00,Mantenimiento Automotriz,Mantenimiento Automotriz,3580.0,EGRESO,APP_MOVIL,MXN
65e7afdc-36b2-42d3-92c3-250b0449f76b,2f4e7259-c7d0-4f8e-b408-fbed59254881,9,2026-03-25 00:15:00,AT&T,AT&T,499.0,EGRESO,EFECTIVO,MXN
66f245f6-3fec-4525-9781-e39ced8e3617,b6ca9d87-476a-4c5d-83ca-7693a6527a9c,30,2026-03-25 00:30:00,Salon de Belleza,Salon de Belleza,143.0,EGRESO,TRANSFERENCIA,MXN
c8b200cc-d284-43bd-afc3-973acb873a80,6d2288f2-a9dc-4bbd-b86b-33d48f2390dd,32,2026-03-25 01:38:00,Xbox Live,Xbox Live,176.0,EGRESO,APP_MOVIL,MXN
c5e57f16-8516-4b46-8800-c0446c997c78,36bb528a-43a8-4008-8557-d3e3a5c94a6c,14,2026-03-25 01:40:00,Renta,Renta,6602.0,EGRESO,APP_MOVIL,MXN
09db7458-1c2e-40cd-be03-0deeaace13f5,367901a5-f293-400f-8969-224db4f3e99e,21,2026-03-25 01:42:00,Metrobus,Metrobus,6.0,EGRESO,APP_MOVIL,MXN
28f9dad4-c2bf-4af8-abd3-c3eba56387f9,57a16ad2-8282-4a67-91ec-ebc90dee810e,2,2026-03-25 01:57:00,Bus,Bus,6.0,EGRESO,TRANSFERENCIA,MXN
1ac71651-7eb0-4306-a767-6603009c4345,87a8bdbd-1d61-4275-b187-80f960bd7983,19,2026-03-25 02:36:00,Mantenimiento Automotriz,Mantenimiento Automotriz,1619.0,EGRESO,TRANSFERENCIA,MXN
2156c32f-e0a3-43b5-ac30-24d3958848e9,7489af6c-154c-4eef-b7af-50397bd6b848,11,2026-03-25 03:45:00,Metro,Metro,5.0,EGRESO,APP_MOVIL,MXN
f24840d3-9d9c-4c50-bbab-fe9a19c7e48a,7489af6c-154c-4eef-b7af-50397bd6b848,27,2026-03-25 04:12:00,Gas,Gas,584.0,EGRESO,APP_MOVIL,MXN
00e1cabd-840c-4fe1-b39d-b24abb2701d5,36ee8608-fe5c-4530-b7cf-d13801c08072,21,2026-03-25 05:04:00,Metrobus,Metrobus,20.0,EGRESO,TRANSFERENCIA,MXN
3737ab92-e6a2-4d89-ac96-52461b8bf167,7059c9c8-532b-4bfe-a72e-0c9aa55e75da,22,2026-03-25 05:08:00,Oxxo Gas,Oxxo Gas,837.0,EGRESO,APP_MOVIL,MXN
eab7fd06-0f54-4d0b-b85d-b16efe639a1f,39f9edad-efb7-47c6-9841-c96e9b5d6e22,32,2026-03-25 06:19:00,Xbox Live,Xbox Live,1490.0,EGRESO,APP_MOVIL,MXN
adc5037a-0d21-4ef8-b326-0ed6316b4bb3,481fe99e-04d7-42b3-b696-00ef02353148,27,2026-03-25 07:43:00,Gas,Gas,637.0,EGRESO,EFECTIVO,MXN
f845bd9f-f771-41a0-a987-8a6ea7064119,698259d6-1dc2-4996-bae9-8219285ebc59,24,2026-03-25 08:31:00,L'Oreal,L'Oreal,385.0,EGRESO,EFECTIVO,MXN
1f78fed6-6217-4e0f-8fce-85f0964b194d,6b2251e4-b804-4f13-898b-216c0c5ba9cc,1,2026-03-25 09:07:00,Nomina,Nomina,21008.87,INGRESO,TRANSFERENCIA,MXN
cbf40758-4ae7-4612-b379-6567fa8e6527,460819f1-3e7b-4a18-b9bb-4a991973ca55,1,2026-03-25 09:44:00,Nomina,Nomina,11667.38,INGRESO,TRANSFERENCIA,MXN
4fef2dec-595a-47e8-8b1f-92bf34bf595c,74a2259c-8ee4-4064-89cc-8a49fd390792,1,2026-03-25 12:31:00,Transferencia Recibida,Transferencia Recibida,3828.0,INGRESO,TRANSFERENCIA,MXN
e5dc41d2-9feb-415a-9a75-86923eb49e63,bacb91fd-e8d8-4aab-86af-be8542045bfc,8,2026-03-25 12:32:00,Herramientas,Herramientas,1031.0,EGRESO,EFECTIVO,MXN
33fa5761-383a-415c-a020-3a66608c77f9,654c4cb9-fb3b-421c-9e42-884531a72e4c,9,2026-03-25 14:07:00,Movistar,Movistar,100.0,EGRESO,TRANSFERENCIA,MXN
c874dff8-15f8-41bf-8933-e249d33acf84,49c19272-4521-43eb-a5ed-ba309950965f,14,2026-03-25 14:15:00,Renta,Renta,10898.0,EGRESO,EFECTIVO,MXN
464b175b-54a4-4bdb-9399-dee148bf49c5,481fe99e-04d7-42b3-b696-00ef02353148,11,2026-03-25 14:22:00,Metro,Metro,5.0,EGRESO,APP_MOVIL,MXN
d3e1c1e4-1b61-4c92-b823-7dc2c7803eb1,d7b98250-11d8-4b40-a1fd-44ae5b3e0d2a,1,2026-03-25 15:08:00,Transferencia Recibida,Transferencia Recibida,3842.0,INGRESO,TRANSFERENCIA,MXN
251ca81e-d5d0-4d62-a986-a6ee834aa553,36bb528a-43a8-4008-8557-d3e3a5c94a6c,12,2026-03-25 15:52:00,Barberia,Barberia,265.0,EGRESO,TRANSFERENCIA,MXN
980c8243-cf65-4b79-82d3-2470d274cce9,334ac887-2c2e-43f0-ac7f-4e80e3f22173,9,2026-03-25 16:12:00,Movistar,Movistar,150.0,EGRESO,TRANSFERENCIA,MXN
875daf72-ec0a-4047-92b2-cf4d24b94af1,654c4cb9-fb3b-421c-9e42-884531a72e4c,30,2026-03-25 16:52:00,Salon de Belleza,Salon de Belleza,425.0,EGRESO,APP_MOVIL,MXN
e301d8bb-f8b2-4205-a02e-9ff11cc55d75,57a16ad2-8282-4a67-91ec-ebc90dee810e,23,2026-03-25 16:57:00,GNP Seguros,GNP Seguros,2143.0,EGRESO,TRANSFERENCIA,MXN
ec2a4a70-204b-49b7-8ae1-a3a10adfba11,088735e5-4d0d-4706-a911-442edac351c2,23,2026-03-25 18:35:00,GNP Seguros,GNP Seguros,3640.0,EGRESO,TRANSFERENCIA,MXN
31237303-b21f-488e-8d31-dfaa4fdbaa99,36bb528a-43a8-4008-8557-d3e3a5c94a6c,25,2026-03-25 18:56:00,Liverpool,Liverpool,1909.0,EGRESO,APP_MOVIL,MXN
b5343d6f-f126-4cd5-862d-7bed627ceefa,2ca34b24-a26a-4698-a4c6-7593f66ced33,27,2026-03-25 20:33:00,Gas,Gas,822.0,EGRESO,EFECTIVO,MXN
4f77764a-be90-4735-b841-d2a99b85c51b,0e2604b4-11e5-4452-8748-64aa92f9ca8f,1,2026-03-25 20:59:00,Nomina,Nomina,4848.27,INGRESO,TRANSFERENCIA,MXN
fae8fcdb-b35d-4e39-b050-a1d01dd78eb2,8d64339b-b475-44e4-bf62-e45215d1ea8f,4,2026-03-25 21:09:00,Max (HBO),Max (HBO),249.0,EGRESO,EFECTIVO,MXN
38f8142e-c7d5-4bfb-9547-7d3afbed9462,87a8bdbd-1d61-4275-b187-80f960bd7983,1,2026-03-25 21:10:00,Transferencia Recibida,Transferencia Recibida,3096.0,INGRESO,TRANSFERENCIA,MXN
7b4ca6e6-4145-4ae8-afa8-13cd2d02f59f,d7d4bd62-308e-4ac3-9ba9-582ec4beeeb0,15,2026-03-25 21:33:00,Multa de Transito,Multa de Transito,2605.0,EGRESO,TRANSFERENCIA,MXN
6673aaf3-5d6f-4cb8-95ef-937795ba0645,4bb45633-ce6a-4e78-8b36-ab2143b9312a,15,2026-03-25 21:45:00,Multa de Transito,Multa de Transito,2478.0,EGRESO,APP_MOVIL,MXN
aec1c62c-69b1-4e61-b6d3-f8ca793bdc2e,e6f6e0cb-d25d-473f-9f7b-b942a476f005,16,2026-03-25 22:44:00,Michael Kors,Michael Kors,1141.0,EGRESO,EFECTIVO,MXN
dce28096-024d-4aff-8936-421e542b6d83,a5264eb8-0d47-44e1-b1b3-6e0a2018f25f,10,2026-03-26 02:56:00,Compras Fisicas,Compras Fisicas,922.0,EGRESO,APP_MOVIL,MXN
1b9b48c3-ace4-4030-9b32-6dcde109e55c,654c4cb9-fb3b-421c-9e42-884531a72e4c,33,2026-03-26 04:09:00,Agua,Agua,244.0,EGRESO,APP_MOVIL,MXN
d6fdf466-e93c-47e2-8fe3-2ebdd1ae79d4,cf376ebc-04ee-401c-98d2-d2ca7394def8,13,2026-03-26 05:00:00,Flexi,Flexi,670.0,EGRESO,EFECTIVO,MXN
229ddace-8022-4a86-b916-f88f6d7f55da,e9f3e63d-6775-4b45-9daf-9722ec25fbe3,15,2026-03-26 05:13:00,Multa de Transito,Multa de Transito,3712.0,EGRESO,TRANSFERENCIA,MXN
fd358ac3-904c-472c-9d04-0d8c12abd569,6b2251e4-b804-4f13-898b-216c0c5ba9cc,32,2026-03-26 06:16:00,PlayStation Network,PlayStation Network,245.0,EGRESO,TRANSFERENCIA,MXN
a6dc06d8-ff34-4dbe-a8e9-dd64f761642a,d1015873-9015-4bb6-ad9c-9c10c7fbccaa,11,2026-03-26 06:19:00,Metro,Metro,5.0,EGRESO,APP_MOVIL,MXN
d3f3c4b8-e05d-4405-8b0a-0c01766694f4,3e5b598d-bd6d-4076-8922-5940bc6d277c,18,2026-03-26 07:56:00,Izzi,Izzi,649.0,EGRESO,APP_MOVIL,MXN
9c42d603-dda0-48b5-8097-5636f2683ee6,cc302a48-1c7f-4cd5-8095-557e5f3ee43f,12,2026-03-26 07:57:00,Barberia,Barberia,224.0,EGRESO,APP_MOVIL,MXN
f835a864-e0fd-424b-911a-3034800ea4f2,86d42cc6-6226-41a4-aa56-9a03fdc03387,1,2026-03-26 08:52:00,Transferencia Recibida,Transferencia Recibida,4423.0,INGRESO,TRANSFERENCIA,MXN
43529116-91ff-45f2-b799-f524336013fd,bacb91fd-e8d8-4aab-86af-be8542045bfc,14,2026-03-26 08:53:00,Renta,Renta,5761.0,EGRESO,APP_MOVIL,MXN
acd29f8a-a0ec-46b1-8c3e-c075457bb8df,2f4e7259-c7d0-4f8e-b408-fbed59254881,2,2026-03-26 08:54:00,Bus,Bus,6.0,EGRESO,EFECTIVO,MXN
8aa93396-1021-4b8f-98bc-23e1733b4de6,b5525d88-0da0-4036-a444-3e4f7a34128f,6,2026-03-26 08:59:00,DiDi,DiDi,103.0,EGRESO,APP_MOVIL,MXN
edd8b4fa-c828-4f20-beb3-bb8c77a66bff,cf376ebc-04ee-401c-98d2-d2ca7394def8,23,2026-03-26 11:59:00,GNP Seguros,GNP Seguros,3178.0,EGRESO,TRANSFERENCIA,MXN
6ce1ae14-667b-4b9d-8bfd-7ed20949a4be,e77722c3-ca39-4480-832f-f90fbc2402a7,14,2026-03-26 12:54:00,Renta,Renta,3929.0,EGRESO,EFECTIVO,MXN
ebc1f06a-175c-4881-bfe6-2aacdcc059d4,36ee8608-fe5c-4530-b7cf-d13801c08072,11,2026-03-26 13:52:00,Metro,Metro,,EGRESO,APP_MOVIL,MXN
7b275141-a26a-4f83-b49f-590bf83c5073,e4f9aabd-8595-4a2d-84b2-3d54a4541fdc,33,2026-03-26 17:31:00,Agua,Agua,409.0,EGRESO,EFECTIVO,MXN
11b50dd0-8165-4b97-9fb3-ca818373287d,3e5b598d-bd6d-4076-8922-5940bc6d277c,32,2026-03-26 18:22:00,Xbox Live,Xbox Live,1271.0,EGRESO,EFECTIVO,MXN
b5195276-e9f6-46b6-80bb-ce92910567d3,4a021a05-bacc-4ded-98e4-6ba1343b83b4,18,2026-03-26 18:24:00,Izzi,Izzi,389.0,EGRESO,APP_MOVIL,MXN
7f20968a-b3b4-4282-827a-0b6550368879,fe494458-2541-481f-bb69-2bcb8e182795,18,2026-03-26 19:02:00,Totalplay,Totalplay,549.0,EGRESO,TRANSFERENCIA,MXN
233ff81b-8826-486c-8972-3cca54cf648f,7336ec17-03d6-4127-a085-cb3f799bd54e,9,2026-03-26 20:20:00,Telcel,Telcel,499.0,EGRESO,APP_MOVIL,MXN
0537392b-3738-46d6-bcd0-7996f58e1921,78415f42-edd9-4039-abee-f38499ffc380,29,2026-03-26 22:20:00,Viajes,Viajes,11479.0,EGRESO,APP_MOVIL,MXN
24f2cde5-3a8d-42ce-aa7a-ff053a847856,7f2f8daa-dfc2-4ad0-9c49-d90ffa6ae04b,29,2026-03-26 22:58:00,Viajes,Viajes,,EGRESO,EFECTIVO,MXN
79697231-3c88-4b8a-8f0a-0b540daf15e1,e4f9aabd-8595-4a2d-84b2-3d54a4541fdc,33,2026-03-26 23:23:00,Agua,Agua,1058.0,EGRESO,APP_MOVIL,MXN
f8e8e90c-c07b-4776-8274-a03e77894e41,8580b4dd-2321-42ff-8e88-0392056caa5c,14,2026-03-27 00:30:00,Renta,Renta,6434.0,EGRESO,EFECTIVO,MXN
b22f3f18-308a-49db-b024-81202b5c72ee,d7b98250-11d8-4b40-a1fd-44ae5b3e0d2a,5,2026-03-27 00:59:00,McDonald's,McDonald's,1052.0,EGRESO,APP_MOVIL,MXN
c4a70cf8-88ea-45d1-ab86-464fb692278f,a016e16f-7680-4d69-8958-9b2a62b35431,31,2026-03-27 01:18:00,Amazon,Amazon,,EGRESO,EFECTIVO,MXN
a5f295b7-26bb-47f0-89b7-76bca00c1f5d,86ebabff-3329-403c-ae53-7102b0dc7831,15,2026-03-27 02:45:00,Multa de Transito,Multa de Transito,3198.0,EGRESO,EFECTIVO,MXN
f26753a9-4d7f-412a-a7da-c7b3e61c46b2,5057339d-f49e-4d1c-beae-6ced3a7c148f,24,2026-03-27 03:28:00,NYX Cosmetics,NYX Cosmetics,2181.0,EGRESO,APP_MOVIL,MXN
78b118b7-cb50-46a5-b1c5-8460ff377889,d83b0edd-72db-47f8-a768-7d03bc7fa190,15,2026-03-27 04:58:00,Multa de Transito,Multa de Transito,1985.0,EGRESO,APP_MOVIL,MXN
50157fb7-b060-4d41-8f0d-58b9860ab4a2,d7b98250-11d8-4b40-a1fd-44ae5b3e0d2a,27,2026-03-27 05:40:00,Gas,Gas,282.0,EGRESO,EFECTIVO,MXN
b1ec97cd-d5d8-483e-ac5c-94a218aadd42,e8dab777-b3e1-4c67-81e8-1bcf07a12eb6,25,2026-03-27 05:43:00,Liverpool,Liverpool,1207.0,EGRESO,TRANSFERENCIA,MXN
f654c33c-cc13-4682-962f-b33c2136a8da,c9e1bb7a-b4b0-4880-88f1-2b90da359497,18,2026-03-27 06:41:00,Totalplay,Totalplay,799.0,EGRESO,TRANSFERENCIA,MXN
dad5b377-69c7-4f9e-86fe-3e57e458afd0,8711e8ab-3016-4507-8ecf-8798f901a525,8,2026-03-27 07:06:00,Herramientas,Herramientas,2473.0,EGRESO,TRANSFERENCIA,MXN
34d7075d-afb3-4f70-9ff8-5855fae64ea2,c0c2ffc0-3d5f-4e4f-99f2-884a8a2621f5,5,2026-03-27 07:16:00,Burger King,Burger King,436.0,EGRESO,EFECTIVO,MXN
b1d6dccc-e140-4f16-bbf4-1e2ae758d1fc,d660ddf9-6ba0-4a64-88ea-5d41f61fcefb,1,2026-03-27 08:10:00,Nomina,Nomina,7645.89,INGRESO,TRANSFERENCIA,MXN
6628a16f-ba27-4d42-9304-a6024a532a13,4f6ff8db-53cf-4464-883b-02373ed58457,13,2026-03-27 08:54:00,Andrea,Andrea,1740.0,EGRESO,APP_MOVIL,MXN
46867336-5184-416b-95bc-fad717f73c1b,f20e8816-f077-4abe-837b-b3e39ccf37eb,21,2026-03-27 11:23:00,Metrobus,Metrobus,6.0,EGRESO,TRANSFERENCIA,MXN
96f6308b-1e1c-4f6e-9c66-41d18b3ee412,c49c8bf6-2d71-40b9-8f87-363b870b0dfd,20,2026-03-27 12:57:00,Starbucks,Starbucks,936.0,EGRESO,APP_MOVIL,MXN
4750538e-de10-46c0-a1ba-4a7345753119,ec1a1f42-1c5f-492f-919f-08cacfcb0039,15,2026-03-27 13:32:00,Multa de Transito,Multa de Transito,3667.0,EGRESO,APP_MOVIL,MXN
cf3ce1d1-5f00-4804-b626-b4d93d7e19b7,fe494458-2541-481f-bb69-2bcb8e182795,33,2026-03-27 15:07:00,Agua,Agua,677.0,EGRESO,TRANSFERENCIA,MXN
8ab5f1a0-0c87-4862-8ca4-fb014c30679e,8580b4dd-2321-42ff-8e88-0392056caa5c,29,2026-03-27 15:50:00,Viajes,Viajes,11333.0,EGRESO,TRANSFERENCIA,MXN
05686df1-362f-4cc3-be3f-e203e23d9500,c56eb014-1de6-4df3-9cc5-45132bbf6942,23,2026-03-27 17:56:00,AXA Seguros,AXA Seguros,3618.0,EGRESO,APP_MOVIL,MXN
ac96456c-373c-4c70-80f2-34ec9588b017,0d4d9d7a-2ce4-4002-abe0-031b288ff53c,1,2026-03-27 18:04:00,Transferencia Recibida,Transferencia Recibida,1802.0,INGRESO,TRANSFERENCIA,MXN
c749b3fa-a44c-449a-8806-1a09696f397e,c56eb014-1de6-4df3-9cc5-45132bbf6942,32,2026-03-27 18:29:00,Xbox Live,Xbox Live,581.0,EGRESO,EFECTIVO,MXN
e721b093-ec84-478e-807e-23043436365f,03e60ec2-d499-47cd-81fb-96e308403ecd,34,2026-03-27 20:27:00,Nintendo eShop,Nintendo eShop,,EGRESO,EFECTIVO,MXN
4c4bced7-2539-4d99-a719-93fe8c849149,4c903803-6f89-4498-ac48-9cac84de61c7,1,2026-03-27 21:26:00,Transferencia Recibida,Transferencia Recibida,2420.0,INGRESO,TRANSFERENCIA,MXN
48d04ae1-1ffe-4367-a712-05888ac8a158,e6f6e0cb-d25d-473f-9f7b-b942a476f005,17,2026-03-27 21:42:00,Colegiatura,Colegiatura,6865.0,EGRESO,EFECTIVO,MXN
e7551837-4050-408d-8df9-40ce10fae6d8,062fd77f-ba97-4763-bff4-0bc64c0b9db9,25,2026-03-27 23:38:00,Palacio de Hierro,Palacio de Hierro,848.0,EGRESO,TRANSFERENCIA,MXN
be2858da-1cff-4b9e-a843-b075842dd917,2f5e4265-1e5f-4813-839b-50bf4accbd7e,28,2026-03-28 00:18:00,Innvictus,Innvictus,1015.0,EGRESO,APP_MOVIL,MXN
10888ddc-d001-492f-ac85-71e4665cbb36,8711e8ab-3016-4507-8ecf-8798f901a525,8,2026-03-28 00:51:00,Herramientas,Herramientas,1626.0,EGRESO,TRANSFERENCIA,MXN
f8463dd8-2fbf-4997-8fb9-ba5f0e9c2337,8580b4dd-2321-42ff-8e88-0392056caa5c,3,2026-03-28 01:10:00,Bodega Aurrera,Bodega Aurrera,718.0,EGRESO,APP_MOVIL,MXN
dcee5241-8c06-4f18-879a-1343b08e669b,460819f1-3e7b-4a18-b9bb-4a991973ca55,7,2026-03-28 01:11:00,Electricidad,Electricidad,685.0,EGRESO,EFECTIVO,MXN
b45afc97-76b5-42f1-b2c5-fa2732311be8,6d2288f2-a9dc-4bbd-b86b-33d48f2390dd,1,2026-03-28 01:59:00,Nomina,Nomina,7603.11,INGRESO,TRANSFERENCIA,MXN
20e195a7-5ba9-4fd8-9173-86cf457011cb,d7073699-b1fd-4984-8380-c897f19b37c2,1,2026-03-28 02:27:00,Transferencia Recibida,Transferencia Recibida,2105.0,INGRESO,TRANSFERENCIA,MXN
2bdf07fa-2d0f-48c8-8229-c211f1911039,7336ec17-03d6-4127-a085-cb3f799bd54e,19,2026-03-28 03:09:00,Mantenimiento Automotriz,Mantenimiento Automotriz,3042.0,EGRESO,EFECTIVO,MXN
cae1c50d-7a2e-42c4-a5e3-debe17e783d0,e77722c3-ca39-4480-832f-f90fbc2402a7,16,2026-03-28 03:51:00,Cloe,Cloe,1092.0,EGRESO,APP_MOVIL,MXN
d551a0e2-0cd0-490f-81f9-6abe13d4cc4a,282aba8c-1169-402d-adbd-8a41f6676432,21,2026-03-28 03:57:00,Metrobus,Metrobus,6.0,EGRESO,APP_MOVIL,MXN
444175d5-76c7-481b-8672-c6875148e8ce,6e3e2a99-1a3d-42fa-bfe5-52f057eccb2f,32,2026-03-28 04:43:00,PlayStation Network,PlayStation Network,1782.0,EGRESO,APP_MOVIL,MXN
92847002-e0ee-4931-93bd-1fc31bfc867b,334ac887-2c2e-43f0-ac7f-4e80e3f22173,31,2026-03-28 04:59:00,Mercado Libre,Mercado Libre,509.0,EGRESO,EFECTIVO,MXN
0e19b30d-1d66-4754-81ec-4625de640867,7c5b5dce-0577-471c-acd8-1c6806bbd6d1,1,2026-03-28 05:27:00,Nomina,Nomina,19152.83,INGRESO,TRANSFERENCIA,MXN
3d386cec-1c7d-431d-8f68-450225c952dd,cf376ebc-04ee-401c-98d2-d2ca7394def8,26,2026-03-28 05:45:00,Farmacias del Ahorro,Farmacias del Ahorro,,EGRESO,APP_MOVIL,MXN
466b5c11-3c31-4420-8dff-bfbfec780e47,7f2f8daa-dfc2-4ad0-9c49-d90ffa6ae04b,10,2026-03-28 05:57:00,Compras Fisicas,Compras Fisicas,1437.0,EGRESO,APP_MOVIL,MXN
24321c2a-65bb-473e-b404-7ebe8615399d,0aa2518e-377e-4305-9b5c-0f8e0f802f9e,19,2026-03-28 06:54:00,Mantenimiento Automotriz,Mantenimiento Automotriz,1708.0,EGRESO,APP_MOVIL,MXN
2531acec-6bd6-4fe0-88da-59ac3ea8a9b1,d7073699-b1fd-4984-8380-c897f19b37c2,8,2026-03-28 08:40:00,Herramientas,Herramientas,1117.0,EGRESO,TRANSFERENCIA,MXN
7e0c1590-bae5-4c93-90c9-ace3c3a07dbd,8d64339b-b475-44e4-bf62-e45215d1ea8f,17,2026-03-28 09:58:00,Colegiatura,Colegiatura,6241.0,EGRESO,EFECTIVO,MXN
a83c2a7d-376e-46fa-ba6e-17a9138c98c1,37060ad3-4bfd-4b62-86a5-6c3b7241f7b3,2,2026-03-28 10:55:00,Bus,Bus,9.5,EGRESO,APP_MOVIL,MXN
8512c39d-6bde-406e-aff6-2e6bc991eb2e,8711e8ab-3016-4507-8ecf-8798f901a525,1,2026-03-28 11:12:00,Nomina,Nomina,9742.23,INGRESO,TRANSFERENCIA,MXN
06ba2bcd-8f6c-4192-b955-5af7594051ce,2ca34b24-a26a-4698-a4c6-7593f66ced33,4,2026-03-28 12:31:00,Amazon Prime,Amazon Prime,,EGRESO,TRANSFERENCIA,MXN
a41e2acc-5dc0-4bd6-a73f-d50becaf114b,591ef66e-c411-40c1-95e6-b23f8169be61,31,2026-03-28 12:44:00,Amazon,Amazon,2077.0,EGRESO,TRANSFERENCIA,MXN
388c38e5-cc93-4325-b7f1-78a8804f4911,e4814a6c-08b2-4b08-99dd-d9e29211ea72,21,2026-03-28 13:55:00,Metrobus,Metrobus,6.0,EGRESO,APP_MOVIL,MXN
91cb66a8-01fb-465c-89c9-fe43e1c633ac,03e60ec2-d499-47cd-81fb-96e308403ecd,4,2026-03-28 14:51:00,Disney+,Disney+,299.0,EGRESO,TRANSFERENCIA,MXN
ff315969-da12-4cf4-b88c-e396d3a9dc0b,c0c2ffc0-3d5f-4e4f-99f2-884a8a2621f5,8,2026-03-28 15:11:00,Herramientas,Herramientas,715.0,EGRESO,TRANSFERENCIA,MXN
02afc351-f6b0-42a0-83ec-12706c6af7e9,c9e1bb7a-b4b0-4880-88f1-2b90da359497,13,2026-03-28 16:15:00,Flexi,Flexi,1591.0,EGRESO,EFECTIVO,MXN
8b59f615-d140-47b3-ac1a-08ad646ea9ee,39f9edad-efb7-47c6-9841-c96e9b5d6e22,12,2026-03-28 16:57:00,Barberia,Barberia,78.0,EGRESO,APP_MOVIL,MXN
41bf29ff-6d38-4da8-8bc4-b695a9b279ff,8711e8ab-3016-4507-8ecf-8798f901a525,12,2026-03-28 17:34:00,Barberia,Barberia,267.0,EGRESO,APP_MOVIL,MXN
a35aace7-2a60-4185-90d0-5dfe81f8e5f7,f2e52e1f-1d7b-4214-a1ee-83e8b98918f0,16,2026-03-28 17:43:00,Coach,Coach,1844.0,EGRESO,EFECTIVO,MXN
a2b42606-c6a9-4b2c-b20e-4fbac726cf8e,950bb240-d014-403a-bd23-d2ae18663c05,8,2026-03-28 19:31:00,Herramientas,Herramientas,1414.0,EGRESO,EFECTIVO,MXN
0751ceaa-6a18-43eb-a42d-e4a02f3c9915,7c74290c-b207-43d8-bcd5-14f069783b3b,15,2026-03-28 20:44:00,Multa de Transito,Multa de Transito,485.0,EGRESO,APP_MOVIL,MXN
469f16e5-4264-4131-a76e-d34b63945bb2,6d2288f2-a9dc-4bbd-b86b-33d48f2390dd,17,2026-03-28 20:50:00,Colegiatura,Colegiatura,3248.0,EGRESO,APP_MOVIL,MXN
4c939679-6b5b-48bc-b2fb-66915969a490,b8a2aeb0-77bc-4f93-87a4-dbd5d9aae0e9,1,2026-03-28 21:29:00,Transferencia Recibida,Transferencia Recibida,435.0,INGRESO,TRANSFERENCIA,MXN
ce4b1fce-f0de-43bb-9976-52104445b3b6,c9e1bb7a-b4b0-4880-88f1-2b90da359497,13,2026-03-28 23:47:00,Andrea,Andrea,1245.0,EGRESO,TRANSFERENCIA,MXN
75f0cd3d-3ffa-44f8-9188-3d0f60040de3,062fd77f-ba97-4763-bff4-0bc64c0b9db9,4,2026-03-29 02:59:00,Disney+,Disney+,299.0,EGRESO,APP_MOVIL,MXN
e4d74b31-f9a8-481f-a3c7-bc28f9f2511b,f20e8816-f077-4abe-837b-b3e39ccf37eb,19,2026-03-29 04:17:00,Mantenimiento Automotriz,Mantenimiento Automotriz,644.0,EGRESO,APP_MOVIL,MXN
be3a6dcc-6df6-4290-93c6-5fdf4415c80d,7f2f8daa-dfc2-4ad0-9c49-d90ffa6ae04b,6,2026-03-29 04:25:00,Uber,Uber,134.0,EGRESO,APP_MOVIL,MXN
d294c64e-7527-4852-a8b9-e46786f7e65c,7f2f8daa-dfc2-4ad0-9c49-d90ffa6ae04b,3,2026-03-29 04:55:00,Costco,Costco,1470.0,EGRESO,TRANSFERENCIA,MXN
31d660ca-e665-41a6-a4e0-e4e9dd35be1d,71c16233-5b03-45a3-b9d9-75dfce80f8cd,11,2026-03-29 05:59:00,Metro,Metro,5.0,EGRESO,TRANSFERENCIA,MXN
ae191341-d467-482a-81dd-1bae75b0144c,78415f42-edd9-4039-abee-f38499ffc380,3,2026-03-29 07:01:00,Soriana,Soriana,3622.0,EGRESO,EFECTIVO,MXN
f3fa55d4-9f9c-423b-a8a1-8a6f4a09761a,bacb91fd-e8d8-4aab-86af-be8542045bfc,9,2026-03-29 08:18:00,Movistar,Movistar,100.0,EGRESO,APP_MOVIL,MXN
5a29dd8f-57c7-4bc3-b61d-2a377c554dd4,feb46172-c764-46f8-8955-33a46aebe6cc,24,2026-03-29 08:34:00,L'Oreal,L'Oreal,714.0,EGRESO,EFECTIVO,MXN
d2c00b7b-552d-4d17-8fdc-57b2c0da7917,950bb240-d014-403a-bd23-d2ae18663c05,5,2026-03-29 10:40:00,McDonald's,McDonald's,779.0,EGRESO,EFECTIVO,MXN
8c31840b-e1d6-4172-97a8-f910fd7247e2,2d45cb4c-8380-477e-93dc-7ad4055949fe,31,2026-03-29 10:47:00,Amazon,Amazon,469.0,EGRESO,EFECTIVO,MXN
d07c5a51-1bba-4790-b759-d5a3490accc4,d7073699-b1fd-4984-8380-c897f19b37c2,8,2026-03-29 11:08:00,Herramientas,Herramientas,1409.0,EGRESO,TRANSFERENCIA,MXN
1accfa40-2301-495e-b6d8-73b4a03a5636,a016e16f-7680-4d69-8958-9b2a62b35431,33,2026-03-29 11:12:00,Agua,Agua,231.0,EGRESO,TRANSFERENCIA,MXN
4c161f7e-a57a-430c-83e5-61d277286366,fe494458-2541-481f-bb69-2bcb8e182795,8,2026-03-29 11:15:00,Herramientas,Herramientas,1670.0,EGRESO,APP_MOVIL,MXN
e334dc5a-d9f6-441f-b80f-fb07d122201d,0aa2518e-377e-4305-9b5c-0f8e0f802f9e,31,2026-03-29 11:30:00,Amazon,Amazon,1838.0,EGRESO,APP_MOVIL,MXN
53ed4340-eda9-4245-80e1-92dfcd97efec,4bb45633-ce6a-4e78-8b36-ab2143b9312a,32,2026-03-29 12:34:00,Xbox Live,Xbox Live,1627.0,EGRESO,EFECTIVO,MXN
c0a44bf2-78b6-4ad6-9f2b-b5ab31a0eeeb,e6f6e0cb-d25d-473f-9f7b-b942a476f005,4,2026-03-29 15:46:00,Netflix,Netflix,139.0,EGRESO,APP_MOVIL,MXN
113a21a2-d8db-4c7c-844c-8366f454f72d,591ef66e-c411-40c1-95e6-b23f8169be61,1,2026-03-29 16:49:00,Nomina,Nomina,12230.6,INGRESO,TRANSFERENCIA,MXN
c31e30dd-510c-4bf6-9e3f-8402c5624699,87a8bdbd-1d61-4275-b187-80f960bd7983,4,2026-03-29 16:55:00,Disney+,Disney+,219.0,EGRESO,TRANSFERENCIA,MXN
9bbe3c0a-8532-4030-bde8-a0f13c2f39f8,86d42cc6-6226-41a4-aa56-9a03fdc03387,33,2026-03-29 17:14:00,Agua,Agua,369.0,EGRESO,TRANSFERENCIA,MXN
3fd2e207-b45a-476c-a7a9-bbd501c4e57e,460819f1-3e7b-4a18-b9bb-4a991973ca55,19,2026-03-29 21:03:00,Mantenimiento Automotriz,Mantenimiento Automotriz,373.0,EGRESO,APP_MOVIL,MXN
28323e06-8a5a-48d2-a3a9-1472ff7c8af0,d7073699-b1fd-4984-8380-c897f19b37c2,1,2026-03-29 23:08:00,Transferencia Recibida,Transferencia Recibida,4896.0,INGRESO,TRANSFERENCIA,MXN
c871e569-59b7-4161-ac51-1bc959b9dbca,2ca34b24-a26a-4698-a4c6-7593f66ced33,1,2026-03-29 23:43:00,Nomina,Nomina,10279.83,INGRESO,TRANSFERENCIA,MXN
b87f0e4f-8d22-4593-8d30-38d2f372cea0,27184bbc-330d-4cfd-a78f-c17d51279685,3,2026-03-30 00:01:00,Soriana,Soriana,3181.0,EGRESO,EFECTIVO,MXN
c48f050d-9887-4853-874a-ec8fef2d3f63,36bb528a-43a8-4008-8557-d3e3a5c94a6c,1,2026-03-30 01:29:00,Nomina,Nomina,8486.16,INGRESO,TRANSFERENCIA,MXN
aa6e1a03-834a-48c9-8209-b1c1d24931e3,b1df054d-9d22-4d28-b46d-87390f12a902,3,2026-03-30 03:16:00,Bodega Aurrera,Bodega Aurrera,1275.0,EGRESO,EFECTIVO,MXN
2b169c07-60c9-44a4-b635-a9b92108d2ee,4c903803-6f89-4498-ac48-9cac84de61c7,1,2026-03-30 05:17:00,Transferencia Recibida,Transferencia Recibida,2264.0,INGRESO,TRANSFERENCIA,MXN
425a3396-18e7-458f-94c9-47750ba3d24d,0e2604b4-11e5-4452-8748-64aa92f9ca8f,16,2026-03-30 06:30:00,Cloe,Cloe,299.0,EGRESO,EFECTIVO,MXN
436a1090-2b75-40d5-b9e0-83f659ead090,282aba8c-1169-402d-adbd-8a41f6676432,16,2026-03-30 08:30:00,Cloe,Cloe,,EGRESO,TRANSFERENCIA,MXN
c1b7e1eb-b179-4b0d-b877-dbeac29eefea,2d80c188-6489-4094-b09d-93b06a6b2935,12,2026-03-30 09:42:00,Barberia,Barberia,435.0,EGRESO,TRANSFERENCIA,MXN
c15075e1-687f-457b-9146-a8fcd52b78d7,b6ca9d87-476a-4c5d-83ca-7693a6527a9c,4,2026-03-30 13:21:00,Disney+,Disney+,299.0,EGRESO,EFECTIVO,MXN
d5aebc50-254b-4e5f-99cc-64d82f594915,1d78859f-eed0-4406-a7a8-ac62bfe90145,5,2026-03-30 15:19:00,Little Caesars,Little Caesars,1070.0,EGRESO,TRANSFERENCIA,MXN
03342f30-5299-4640-a2b8-8dec50812812,e9f3e63d-6775-4b45-9daf-9722ec25fbe3,29,2026-03-30 17:37:00,Viajes,Viajes,8216.0,EGRESO,APP_MOVIL,MXN
a7a74b50-f078-4ebe-bd45-38690bc84e6a,2d80c188-6489-4094-b09d-93b06a6b2935,32,2026-03-30 19:04:00,Xbox Live,Xbox Live,1071.0,EGRESO,APP_MOVIL,MXN
9fb2d482-4f49-4a34-b7c3-10f837b2d7ad,2f4e7259-c7d0-4f8e-b408-fbed59254881,3,2026-03-30 19:49:00,Bodega Aurrera,Bodega Aurrera,750.0,EGRESO,EFECTIVO,MXN
67aa682f-6d82-45bd-904e-2b9a49db4e36,2d80c188-6489-4094-b09d-93b06a6b2935,8,2026-03-30 20:29:00,Herramientas,Herramientas,1332.0,EGRESO,APP_MOVIL,MXN
d5dcc921-0951-446d-9f32-ad111cb20020,9ebdcad6-2344-4fb6-873b-906defca570a,6,2026-03-30 20:33:00,Cabify,Cabify,,EGRESO,EFECTIVO,MXN
c651bdb2-6bf8-4e82-8e52-90fd55f7c686,4bb45633-ce6a-4e78-8b36-ab2143b9312a,8,2026-03-30 21:49:00,Herramientas,Herramientas,1739.0,EGRESO,APP_MOVIL,MXN
a80e2e5a-ccb5-4a80-8303-8090fbb3b6d2,334ac887-2c2e-43f0-ac7f-4e80e3f22173,12,2026-03-30 21:56:00,Barberia,Barberia,204.0,EGRESO,EFECTIVO,MXN
07de01a0-933f-41a5-9fb7-e8000ecb2340,d7d4bd62-308e-4ac3-9ba9-582ec4beeeb0,25,2026-03-30 23:02:00,Liverpool,Liverpool,1091.0,EGRESO,APP_MOVIL,MXN
d88f4f01-0656-4418-9f8d-ff37ef372d7b,3e5b598d-bd6d-4076-8922-5940bc6d277c,23,2026-03-30 23:05:00,GNP Seguros,GNP Seguros,522.0,EGRESO,EFECTIVO,MXN
c2400afc-6e87-4d5b-8ecd-14b721dd39db,0aa2518e-377e-4305-9b5c-0f8e0f802f9e,1,2026-03-31 01:08:00,Nomina,Nomina,6005.58,INGRESO,TRANSFERENCIA,MXN
5be4e40e-8b2f-47ad-bc00-412af0704a42,d1015873-9015-4bb6-ad9c-9c10c7fbccaa,1,2026-03-31 01:15:00,Nomina,Nomina,10018.75,INGRESO,TRANSFERENCIA,MXN
bdefa529-fb50-484c-ad79-e820035e3331,03e60ec2-d499-47cd-81fb-96e308403ecd,15,2026-03-31 02:02:00,Multa de Transito,Multa de Transito,3667.0,EGRESO,EFECTIVO,MXN
86d1993e-8923-4714-9f62-394a38932ee9,feb46172-c764-46f8-8955-33a46aebe6cc,30,2026-03-31 02:45:00,Salon de Belleza,Salon de Belleza,313.0,EGRESO,EFECTIVO,MXN
41080db5-05af-45ad-97bd-1fd17fe92302,1d78859f-eed0-4406-a7a8-ac62bfe90145,1,2026-03-31 05:00:00,Nomina,Nomina,7160.61,INGRESO,TRANSFERENCIA,MXN
6724dd55-9a34-4273-ad2d-3da3f37a6992,8711e8ab-3016-4507-8ecf-8798f901a525,9,2026-03-31 07:05:00,Movistar,Movistar,349.0,EGRESO,TRANSFERENCIA,MXN
38d4fd82-be60-4726-a3ba-0dec3246228e,334ac887-2c2e-43f0-ac7f-4e80e3f22173,4,2026-03-31 07:23:00,Disney+,Disney+,219.0,EGRESO,EFECTIVO,MXN
0d75ab5f-cc15-4f61-bdae-5cede0205d02,edeb6414-0b55-4e0a-bed2-b73a88276387,1,2026-03-31 09:01:00,Nomina,Nomina,15554.08,INGRESO,TRANSFERENCIA,MXN
82c7fba1-9595-43f1-8d52-02fcb4c17e17,0d4d9d7a-2ce4-4002-abe0-031b288ff53c,30,2026-03-31 13:16:00,Salon de Belleza,Salon de Belleza,103.0,EGRESO,APP_MOVIL,MXN
2fcf4052-9ee7-484e-a3e3-10289acae016,7f2f8daa-dfc2-4ad0-9c49-d90ffa6ae04b,22,2026-03-31 13:30:00,Oxxo Gas,Oxxo Gas,1044.0,EGRESO,TRANSFERENCIA,MXN
49e295a4-2b31-46fd-8feb-148734fc5d48,8711e8ab-3016-4507-8ecf-8798f901a525,29,2026-03-31 17:43:00,Viajes,Viajes,7386.0,EGRESO,APP_MOVIL,MXN
3c4ed68f-c573-4da7-babe-3c9008b97661,e4f9aabd-8595-4a2d-84b2-3d54a4541fdc,1,2026-03-31 23:08:00,Transferencia Recibida,Transferencia Recibida,2083.0,INGRESO,TRANSFERENCIA,MXN
183b2e9d-90b8-477e-a519-0f499f9f47f5,d660ddf9-6ba0-4a64-88ea-5d41f61fcefb,3,2026-03-31 23:19:00,Soriana,Soriana,2790.0,EGRESO,APP_MOVIL,MXN
2cd7b07a-ec19-4377-8dce-afcd71033cbf,b5525d88-0da0-4036-a444-3e4f7a34128f,20,2026-03-31 23:54:00,Cinepolis,Cinepolis,232.0,EGRESO,TRANSFERENCIA,MXN
b6cee41b-120a-4916-a98f-6a4204f7e48f,7c74290c-b207-43d8-bcd5-14f069783b3b,1,2026-04-01 00:59:00,Nomina,Nomina,18498.99,INGRESO,TRANSFERENCIA,MXN
3f14895b-9c50-4386-a070-cd5de3bbd57d,c0c2ffc0-3d5f-4e4f-99f2-884a8a2621f5,17,2026-04-01 01:28:00,Colegiatura,Colegiatura,6931.0,EGRESO,APP_MOVIL,MXN
923a3de1-9d65-4eb5-a8b2-359e0a5dcd5a,78415f42-edd9-4039-abee-f38499ffc380,1,2026-04-01 01:34:00,Nomina,Nomina,5483.57,INGRESO,TRANSFERENCIA,MXN
7610b1c7-ef0c-40a6-b1a5-ab14a5ac2301,654c4cb9-fb3b-421c-9e42-884531a72e4c,11,2026-04-01 02:28:00,Metro,Metro,20.0,EGRESO,EFECTIVO,MXN
0cdf1051-20d6-433d-9087-07c7d77a24b0,7489af6c-154c-4eef-b7af-50397bd6b848,24,2026-04-01 03:46:00,L'Oreal,L'Oreal,1141.0,EGRESO,TRANSFERENCIA,MXN
62eef6f8-95b4-47bf-afd6-68db18d9d3a8,0aa2518e-377e-4305-9b5c-0f8e0f802f9e,7,2026-04-01 04:01:00,Electricidad,Electricidad,892.0,EGRESO,TRANSFERENCIA,MXN
cbce9c29-4e19-40a6-8876-abba91992d1b,cf376ebc-04ee-401c-98d2-d2ca7394def8,30,2026-04-01 04:04:00,Salon de Belleza,Salon de Belleza,283.0,EGRESO,TRANSFERENCIA,MXN
ac17335e-f196-48bc-bfce-8200d5dd590a,cb4d084d-d246-4f2e-847a-1132c5e51dc6,4,2026-04-01 07:44:00,Netflix,Netflix,219.0,EGRESO,TRANSFERENCIA,MXN
65373ba4-34aa-483e-8109-1a998975d0c6,a5264eb8-0d47-44e1-b1b3-6e0a2018f25f,1,2026-04-01 07:45:00,Nomina,Nomina,11248.14,INGRESO,TRANSFERENCIA,MXN
112769f8-175c-4795-9bf9-a96e0a65709c,1d7d3151-e6c5-479c-aa65-df54b837c324,20,2026-04-01 10:01:00,Cinemex,Cinemex,447.0,EGRESO,APP_MOVIL,MXN
4e156b1d-97db-46b1-93b9-daf55835dcd4,950bb240-d014-403a-bd23-d2ae18663c05,8,2026-04-01 10:41:00,Herramientas,Herramientas,256.0,EGRESO,EFECTIVO,MXN
d2b88f4f-16fe-4263-847b-c4943badcc9c,e4f9aabd-8595-4a2d-84b2-3d54a4541fdc,34,2026-04-01 11:05:00,Nintendo eShop,Nintendo eShop,1067.0,EGRESO,APP_MOVIL,MXN
eb654a64-4129-4c68-8ae9-47361b96301e,a016e16f-7680-4d69-8958-9b2a62b35431,32,2026-04-01 12:43:00,PlayStation Network,PlayStation Network,828.0,EGRESO,TRANSFERENCIA,MXN
b909d20e-6310-42d7-80a3-fe92d9fbd04e,6d2288f2-a9dc-4bbd-b86b-33d48f2390dd,20,2026-04-01 15:16:00,Starbucks,Starbucks,129.0,EGRESO,APP_MOVIL,MXN
2cc536dd-3bea-4e3f-b25a-79ea4ececdcf,a016e16f-7680-4d69-8958-9b2a62b35431,25,2026-04-01 15:56:00,Palacio de Hierro,Palacio de Hierro,1295.0,EGRESO,TRANSFERENCIA,MXN
1d2ebd25-fc46-416b-b094-8dc6c8f61772,c56eb014-1de6-4df3-9cc5-45132bbf6942,32,2026-04-01 18:15:00,Xbox Live,Xbox Live,534.0,EGRESO,TRANSFERENCIA,MXN
0b7cfe41-ce40-46de-ade5-6569dab36e40,36bb528a-43a8-4008-8557-d3e3a5c94a6c,1,2026-04-01 18:16:00,Nomina,Nomina,8486.16,INGRESO,TRANSFERENCIA,MXN
2624c68a-42b5-4c31-a644-605386160f2d,27184bbc-330d-4cfd-a78f-c17d51279685,1,2026-04-01 20:33:00,Nomina,Nomina,14773.1,INGRESO,TRANSFERENCIA,MXN
cd4415c2-2663-4981-a7e4-7822b30a79b0,d83b0edd-72db-47f8-a768-7d03bc7fa190,5,2026-04-01 22:41:00,Domino's,Domino's,1015.0,EGRESO,EFECTIVO,MXN
5780f9fe-137a-40ef-82dd-9b8ecaf08c0f,8580b4dd-2321-42ff-8e88-0392056caa5c,18,2026-04-01 23:11:00,Totalplay,Totalplay,499.0,EGRESO,TRANSFERENCIA,MXN
f3dd9c66-f9ba-4844-9ff5-94baeaa0ce31,74a2259c-8ee4-4064-89cc-8a49fd390792,6,2026-04-01 23:15:00,Cabify,Cabify,145.0,EGRESO,TRANSFERENCIA,MXN
29f1fe0b-99e4-44ed-86b1-e6bb50a80fb0,8580b4dd-2321-42ff-8e88-0392056caa5c,4,2026-04-02 00:05:00,Max (HBO),Max (HBO),249.0,EGRESO,TRANSFERENCIA,MXN
40ce9a05-c85b-4b0d-bde5-3171dd423202,367901a5-f293-400f-8969-224db4f3e99e,31,2026-04-02 01:25:00,Mercado Libre,Mercado Libre,859.0,EGRESO,APP_MOVIL,MXN
c58dfa72-ec0c-4cd2-a663-8787334f97f7,7059c9c8-532b-4bfe-a72e-0c9aa55e75da,25,2026-04-02 02:01:00,Palacio de Hierro,Palacio de Hierro,2414.0,EGRESO,EFECTIVO,MXN
0e565f88-b65c-4b60-bd5f-27a19b7e5e3c,d83b0edd-72db-47f8-a768-7d03bc7fa190,1,2026-04-02 03:20:00,Transferencia Recibida,Transferencia Recibida,3938.0,INGRESO,TRANSFERENCIA,MXN
73559752-8270-4b0c-bafa-4c78d49abb39,3e5b598d-bd6d-4076-8922-5940bc6d277c,5,2026-04-02 03:47:00,Little Caesars,Little Caesars,221.0,EGRESO,APP_MOVIL,MXN
e6b58433-b96b-4dea-ae26-238d11738e22,e9f3e63d-6775-4b45-9daf-9722ec25fbe3,26,2026-04-02 05:55:00,Farmacias Similares,Farmacias Similares,577.0,EGRESO,APP_MOVIL,MXN
9bceec16-b34e-4cab-ad3d-c40264c0781c,feb46172-c764-46f8-8955-33a46aebe6cc,9,2026-04-02 05:58:00,AT&T,AT&T,150.0,EGRESO,APP_MOVIL,MXN
ca4f05db-e070-4e27-b3f5-7c8c3bdf1871,8711e8ab-3016-4507-8ecf-8798f901a525,10,2026-04-02 07:04:00,Compras Fisicas,Compras Fisicas,1677.0,EGRESO,TRANSFERENCIA,MXN
09e965cb-a294-421d-9e20-ada1782a2f06,ef403853-e247-49d9-9751-bf46943b3d76,32,2026-04-02 08:07:00,PlayStation Network,PlayStation Network,316.0,EGRESO,EFECTIVO,MXN
4bf2257a-ec6b-4d54-9305-fe544dd71ce5,cf376ebc-04ee-401c-98d2-d2ca7394def8,25,2026-04-02 09:37:00,Liverpool,Liverpool,2368.0,EGRESO,EFECTIVO,MXN
4cc5afad-3265-4c17-89e3-2aaceeb34030,d83b0edd-72db-47f8-a768-7d03bc7fa190,5,2026-04-02 10:15:00,Domino's,Domino's,760.0,EGRESO,TRANSFERENCIA,MXN
5260ee31-cb95-4856-b1e6-654a358898ae,9ebdcad6-2344-4fb6-873b-906defca570a,3,2026-04-02 10:59:00,Walmart,Walmart,956.0,EGRESO,APP_MOVIL,MXN
61cce7c3-94f8-4495-ad72-afb6684f014c,a5264eb8-0d47-44e1-b1b3-6e0a2018f25f,26,2026-04-02 11:11:00,Farmacias del Ahorro,Farmacias del Ahorro,746.0,EGRESO,APP_MOVIL,MXN
f9789c8e-54f0-440c-b223-adf33d0006a0,d83b0edd-72db-47f8-a768-7d03bc7fa190,19,2026-04-02 11:25:00,Mantenimiento Automotriz,Mantenimiento Automotriz,3925.0,EGRESO,APP_MOVIL,MXN
2c7d3a60-7761-4a1a-98f3-7acf67565a33,007759d6-7e92-4216-8b0d-24e4b3bdc25c,19,2026-04-02 13:26:00,Mantenimiento Automotriz,Mantenimiento Automotriz,3397.0,EGRESO,APP_MOVIL,MXN
b41d3c8f-ad5c-483d-83f9-e78faac41a67,6e3e2a99-1a3d-42fa-bfe5-52f057eccb2f,7,2026-04-02 13:38:00,Electricidad,Electricidad,243.0,EGRESO,APP_MOVIL,MXN
77391ebe-d6b7-41ac-b098-7422334ff09d,39f9edad-efb7-47c6-9841-c96e9b5d6e22,21,2026-04-02 14:15:00,Metrobus,Metrobus,,EGRESO,EFECTIVO,MXN
849f3512-156a-431d-ad52-16d886ef9eda,698259d6-1dc2-4996-bae9-8219285ebc59,21,2026-04-02 15:33:00,Metrobus,Metrobus,6.0,EGRESO,EFECTIVO,MXN
e2eec7cf-b397-4c0f-b487-654c96bea961,78415f42-edd9-4039-abee-f38499ffc380,9,2026-04-02 15:57:00,Telcel,Telcel,150.0,EGRESO,APP_MOVIL,MXN
9138571f-490c-4130-9cf2-8b3c1978a557,b5525d88-0da0-4036-a444-3e4f7a34128f,16,2026-04-02 16:31:00,Coach,Coach,1334.0,EGRESO,APP_MOVIL,MXN
ab4387ae-6682-4dcf-80a4-a04f56cd959f,1d78859f-eed0-4406-a7a8-ac62bfe90145,4,2026-04-02 17:02:00,Max (HBO),Max (HBO),149.0,EGRESO,APP_MOVIL,MXN
6b430bcc-4316-4295-9560-b4bf0541b1ef,367901a5-f293-400f-8969-224db4f3e99e,17,2026-04-02 17:23:00,Colegiatura,Colegiatura,6680.0,EGRESO,APP_MOVIL,MXN
99d1ba2a-f43e-4c34-9388-65e46cc202a4,57a16ad2-8282-4a67-91ec-ebc90dee810e,6,2026-04-02 19:09:00,Uber,Uber,88.0,EGRESO,APP_MOVIL,MXN
01aa06ac-656e-46b0-b597-474e73c2d57b,39f9edad-efb7-47c6-9841-c96e9b5d6e22,32,2026-04-02 20:09:00,PlayStation Network,PlayStation Network,1162.0,EGRESO,EFECTIVO,MXN
6987688c-db44-48f4-9164-f1cce18d257f,d7d4bd62-308e-4ac3-9ba9-582ec4beeeb0,13,2026-04-02 21:46:00,Capa de Ozono,Capa de Ozono,1097.0,EGRESO,EFECTIVO,MXN
5c9f31de-cda9-400e-a170-09393f57e201,36bb528a-43a8-4008-8557-d3e3a5c94a6c,3,2026-04-02 22:17:00,Bodega Aurrera,Bodega Aurrera,2676.0,EGRESO,EFECTIVO,MXN
97a768a7-7b58-4be2-9b35-b18ccaa91b64,0aa2518e-377e-4305-9b5c-0f8e0f802f9e,8,2026-04-02 23:34:00,Herramientas,Herramientas,1245.0,EGRESO,TRANSFERENCIA,MXN
bee8a49b-f812-4bd2-9a96-9e8a070b524a,f20e8816-f077-4abe-837b-b3e39ccf37eb,30,2026-04-02 23:42:00,Salon de Belleza,Salon de Belleza,369.0,EGRESO,APP_MOVIL,MXN
5b6b98e8-bdc1-41d5-a938-df1ca67b401b,d7073699-b1fd-4984-8380-c897f19b37c2,23,2026-04-03 00:15:00,GNP Seguros,GNP Seguros,1622.0,EGRESO,APP_MOVIL,MXN
cd0ca165-ce06-4f61-a07c-bd3d09a93ef6,71c16233-5b03-45a3-b9d9-75dfce80f8cd,7,2026-04-03 01:54:00,Electricidad,Electricidad,371.0,EGRESO,EFECTIVO,MXN
b540e729-afcb-4f0a-ac50-9a2d874e9cf7,4bb45633-ce6a-4e78-8b36-ab2143b9312a,32,2026-04-03 02:09:00,Xbox Live,Xbox Live,316.0,EGRESO,EFECTIVO,MXN
c04b9047-a715-4275-870c-5304149deba4,8d64339b-b475-44e4-bf62-e45215d1ea8f,32,2026-04-03 02:11:00,PlayStation Network,PlayStation Network,627.0,EGRESO,APP_MOVIL,MXN
3a82adca-2854-4615-a911-28728f6a857a,c49c8bf6-2d71-40b9-8f87-363b870b0dfd,32,2026-04-03 03:35:00,Xbox Live,Xbox Live,455.0,EGRESO,TRANSFERENCIA,MXN
f6419f89-35b7-4f97-92d3-c3a6374f0ca2,27184bbc-330d-4cfd-a78f-c17d51279685,32,2026-04-03 04:41:00,PlayStation Network,PlayStation Network,1182.0,EGRESO,EFECTIVO,MXN
182961a3-84ba-45bb-98ef-bf91cec5d978,1d78859f-eed0-4406-a7a8-ac62bfe90145,32,2026-04-03 06:12:00,Xbox Live,Xbox Live,262.0,EGRESO,TRANSFERENCIA,MXN
88b4f61d-bbe4-4526-ae10-fc6b2741c01c,39f9edad-efb7-47c6-9841-c96e9b5d6e22,1,2026-04-03 06:32:00,Nomina,Nomina,23382.91,INGRESO,TRANSFERENCIA,MXN
b1df8539-c182-4844-a612-5188bed7123a,8580b4dd-2321-42ff-8e88-0392056caa5c,7,2026-04-03 06:43:00,Electricidad,Electricidad,861.0,EGRESO,APP_MOVIL,MXN
af5ca186-390b-4620-b52c-b3d151be217b,d7073699-b1fd-4984-8380-c897f19b37c2,32,2026-04-03 07:17:00,PlayStation Network,PlayStation Network,1439.0,EGRESO,APP_MOVIL,MXN
c2bf8ee3-d94b-4910-81b9-721a1506c0e6,334ac887-2c2e-43f0-ac7f-4e80e3f22173,23,2026-04-03 08:31:00,AXA Seguros,AXA Seguros,821.0,EGRESO,EFECTIVO,MXN
86a2e24d-d9c1-44e0-9059-9b24cd765125,2d80c188-6489-4094-b09d-93b06a6b2935,28,2026-04-03 08:35:00,Deportes Marti,Deportes Marti,602.0,EGRESO,TRANSFERENCIA,MXN
27362b3c-d823-4d92-af38-1bea81511b77,e9f3e63d-6775-4b45-9daf-9722ec25fbe3,15,2026-04-03 08:52:00,Multa de Transito,Multa de Transito,1892.0,EGRESO,APP_MOVIL,MXN
4f2f70ea-f355-49d1-8a36-d983261ceb3c,6e3e2a99-1a3d-42fa-bfe5-52f057eccb2f,21,2026-04-03 10:40:00,Metrobus,Metrobus,6.0,EGRESO,APP_MOVIL,MXN
748418cb-950a-4d46-abd1-0fa4dcd5c0b3,87a8bdbd-1d61-4275-b187-80f960bd7983,6,2026-04-03 12:52:00,Uber,Uber,73.0,EGRESO,APP_MOVIL,MXN
835b5b34-a00c-43e6-baad-aa4d3fcbd742,2f5e4265-1e5f-4813-839b-50bf4accbd7e,28,2026-04-03 16:19:00,Deportes Marti,Deportes Marti,191.0,EGRESO,EFECTIVO,MXN
29454f1d-f83d-42b3-a730-930a1a998b45,8711e8ab-3016-4507-8ecf-8798f901a525,1,2026-04-03 18:43:00,Transferencia Recibida,Transferencia Recibida,3635.0,INGRESO,TRANSFERENCIA,MXN
c55d1e41-7f7b-4b67-89c7-5fadb831f713,03e60ec2-d499-47cd-81fb-96e308403ecd,19,2026-04-03 18:57:00,Mantenimiento Automotriz,Mantenimiento Automotriz,2387.0,EGRESO,APP_MOVIL,MXN
ac4f1229-8a93-4107-805f-fcb1609e2912,287b9cdc-edd5-4342-a5fb-5148aeea5b6c,11,2026-04-03 20:43:00,Metro,Metro,5.0,EGRESO,EFECTIVO,MXN
d6a749ec-ee7f-464b-8554-142a6a227985,6d2288f2-a9dc-4bbd-b86b-33d48f2390dd,29,2026-04-03 21:05:00,Viajes,Viajes,7848.0,EGRESO,APP_MOVIL,MXN
929bd8e1-af9a-47dc-a568-f4843a500440,4a021a05-bacc-4ded-98e4-6ba1343b83b4,1,2026-04-03 21:33:00,Nomina,Nomina,12342.83,INGRESO,TRANSFERENCIA,MXN
df96ed28-3f8c-490a-9aec-ae9ea0cdead9,27184bbc-330d-4cfd-a78f-c17d51279685,21,2026-04-03 21:39:00,Metrobus,Metrobus,20.0,EGRESO,APP_MOVIL,MXN
287efd98-cddc-4b46-9773-add0986db1ec,282aba8c-1169-402d-adbd-8a41f6676432,24,2026-04-03 23:16:00,Maybelline,Maybelline,2129.0,EGRESO,APP_MOVIL,MXN
90f90dd8-524f-4515-9795-fda0dc2afeca,460819f1-3e7b-4a18-b9bb-4a991973ca55,3,2026-04-03 23:21:00,Walmart,Walmart,671.0,EGRESO,EFECTIVO,MXN
923b8522-7ff2-4d92-8c96-cdaa4f5efa96,7c5b5dce-0577-471c-acd8-1c6806bbd6d1,11,2026-04-04 03:00:00,Metro,Metro,50.0,EGRESO,APP_MOVIL,MXN
d835618c-313c-4740-8ae5-97f810defcf5,e4814a6c-08b2-4b08-99dd-d9e29211ea72,23,2026-04-04 03:25:00,GNP Seguros,GNP Seguros,3222.0,EGRESO,TRANSFERENCIA,MXN
f0c243cf-1e6f-4d56-97c5-c45b0ec8e485,7336ec17-03d6-4127-a085-cb3f799bd54e,27,2026-04-04 03:50:00,Gas,Gas,259.0,EGRESO,APP_MOVIL,MXN
a3a812b7-06a5-4587-bc51-1ae24fcf8bf6,f2e52e1f-1d7b-4214-a1ee-83e8b98918f0,1,2026-04-04 04:51:00,Nomina,Nomina,9561.1,INGRESO,TRANSFERENCIA,MXN
410953c3-74ce-43e5-b057-a5b7bcd8c4e6,d7d4bd62-308e-4ac3-9ba9-582ec4beeeb0,11,2026-04-04 05:05:00,Metro,Metro,20.0,EGRESO,TRANSFERENCIA,MXN
fe0e7ab6-cf8e-4952-855f-aed305e93fce,03e60ec2-d499-47cd-81fb-96e308403ecd,29,2026-04-04 05:55:00,Viajes,Viajes,4575.0,EGRESO,TRANSFERENCIA,MXN
1f3851d3-c904-4369-b3fd-fb903864d0b4,0aa2518e-377e-4305-9b5c-0f8e0f802f9e,2,2026-04-04 07:22:00,Bus,Bus,6.0,EGRESO,EFECTIVO,MXN
c8c301ea-87cf-49fd-89fc-99f45f4a647c,007759d6-7e92-4216-8b0d-24e4b3bdc25c,7,2026-04-04 09:22:00,Electricidad,Electricidad,1114.0,EGRESO,APP_MOVIL,MXN
41b37673-081d-4060-b5e1-8264fee348c0,c0c2ffc0-3d5f-4e4f-99f2-884a8a2621f5,6,2026-04-04 12:01:00,DiDi,DiDi,138.0,EGRESO,TRANSFERENCIA,MXN
d10c3cb9-09db-4d34-b7d9-7667825a7010,e4814a6c-08b2-4b08-99dd-d9e29211ea72,33,2026-04-04 12:38:00,Agua,Agua,546.0,EGRESO,APP_MOVIL,MXN
98a21390-831e-44fa-bf93-e0fda04c5c7e,282aba8c-1169-402d-adbd-8a41f6676432,7,2026-04-04 14:26:00,Electricidad,Electricidad,421.0,EGRESO,APP_MOVIL,MXN
90de277c-2560-48f3-a8eb-7cc1b9a2e5c8,2d80c188-6489-4094-b09d-93b06a6b2935,8,2026-04-04 14:50:00,Herramientas,Herramientas,1651.0,EGRESO,EFECTIVO,MXN
d78acfee-7312-4b1c-adeb-d447e78581aa,e6f6e0cb-d25d-473f-9f7b-b942a476f005,19,2026-04-04 15:20:00,Mantenimiento Automotriz,Mantenimiento Automotriz,1506.0,EGRESO,TRANSFERENCIA,MXN
3c9215ed-2391-42f9-98fb-d2d38d952f9e,36bb528a-43a8-4008-8557-d3e3a5c94a6c,15,2026-04-04 15:33:00,Multa de Transito,Multa de Transito,1787.0,EGRESO,TRANSFERENCIA,MXN
6b4d8f8d-a9d8-4904-817d-bcd7e1c41fc8,2d80c188-6489-4094-b09d-93b06a6b2935,3,2026-04-04 15:35:00,Costco,Costco,3226.0,EGRESO,APP_MOVIL,MXN
89b88940-d3e0-4f56-a50f-65d2e43dca44,d1015873-9015-4bb6-ad9c-9c10c7fbccaa,21,2026-04-04 15:54:00,Metrobus,Metrobus,50.0,EGRESO,TRANSFERENCIA,MXN
c7fda13d-1a22-4f78-9dcc-a86d8ab579d5,6e3e2a99-1a3d-42fa-bfe5-52f057eccb2f,32,2026-04-04 17:23:00,PlayStation Network,PlayStation Network,599.0,EGRESO,TRANSFERENCIA,MXN
c8c5b222-04d1-47b1-9c38-9817e03073f0,71c16233-5b03-45a3-b9d9-75dfce80f8cd,18,2026-04-04 19:20:00,Totalplay,Totalplay,649.0,EGRESO,EFECTIVO,MXN
60a3e0eb-e408-42cc-bb1e-c7603c89bfc6,2ca34b24-a26a-4698-a4c6-7593f66ced33,18,2026-04-04 20:35:00,Infinitum,Infinitum,549.0,EGRESO,APP_MOVIL,MXN
cc0a863a-ecfd-4407-98ad-b1f0b5971b00,2ca34b24-a26a-4698-a4c6-7593f66ced33,1,2026-04-04 21:45:00,Transferencia Recibida,Transferencia Recibida,2443.0,INGRESO,TRANSFERENCIA,MXN
e64c9512-d273-46bc-9ebd-1ffb88ba8b8e,481fe99e-04d7-42b3-b696-00ef02353148,14,2026-04-04 23:53:00,Renta,Renta,6801.0,EGRESO,APP_MOVIL,MXN
ee259974-a305-4c35-8f31-88aa851318c9,fe494458-2541-481f-bb69-2bcb8e182795,1,2026-04-05 00:59:00,Nomina,Nomina,19294.84,INGRESO,TRANSFERENCIA,MXN
69a82ba5-dc4b-41d5-bdef-cac7cefc54bd,d660ddf9-6ba0-4a64-88ea-5d41f61fcefb,1,2026-04-05 01:07:00,Nomina,Nomina,7645.89,INGRESO,TRANSFERENCIA,MXN
cf124015-68ca-4a1f-88de-0fa7f42095d7,591ef66e-c411-40c1-95e6-b23f8169be61,27,2026-04-05 03:40:00,Gas,Gas,511.0,EGRESO,EFECTIVO,MXN
f7a3743d-26cd-4a44-aea0-24a3fceac591,c56eb014-1de6-4df3-9cc5-45132bbf6942,1,2026-04-05 05:21:00,Transferencia Recibida,Transferencia Recibida,3152.0,INGRESO,TRANSFERENCIA,MXN
7835a564-1805-4e91-9adf-990d5f8f59dc,950bb240-d014-403a-bd23-d2ae18663c05,1,2026-04-05 05:24:00,Nomina,Nomina,12394.73,INGRESO,TRANSFERENCIA,MXN
3900ad1e-3323-4a4d-99c8-b3d4b9093ee5,9ebdcad6-2344-4fb6-873b-906defca570a,32,2026-04-05 06:07:00,PlayStation Network,PlayStation Network,1319.0,EGRESO,APP_MOVIL,MXN
16e91e40-6085-4dc0-8f4d-762e71432271,cc302a48-1c7f-4cd5-8095-557e5f3ee43f,32,2026-04-05 06:24:00,Xbox Live,Xbox Live,1567.0,EGRESO,APP_MOVIL,MXN
43d4550e-52a1-405d-a47e-d4af17acb402,7c5b5dce-0577-471c-acd8-1c6806bbd6d1,32,2026-04-05 08:05:00,Xbox Live,Xbox Live,636.0,EGRESO,EFECTIVO,MXN
64d218af-4419-4044-af93-6e8c05d43218,4f6ff8db-53cf-4464-883b-02373ed58457,1,2026-04-05 08:10:00,Transferencia Recibida,Transferencia Recibida,1378.0,INGRESO,TRANSFERENCIA,MXN
46ccfea8-c900-475f-916a-78900fbb281d,86d42cc6-6226-41a4-aa56-9a03fdc03387,18,2026-04-05 08:35:00,Totalplay,Totalplay,999.0,EGRESO,APP_MOVIL,MXN
9c13092c-62ad-4c26-90b8-7b9cb3b416fc,1d7d3151-e6c5-479c-aa65-df54b837c324,11,2026-04-05 08:50:00,Metro,Metro,100.0,EGRESO,APP_MOVIL,MXN
98b34d1a-023d-4cbd-8691-ec17939c3b83,86d42cc6-6226-41a4-aa56-9a03fdc03387,9,2026-04-05 08:58:00,AT&T,AT&T,499.0,EGRESO,TRANSFERENCIA,MXN
e850ea88-7095-46a2-ac44-5a9841d9e477,2f4e7259-c7d0-4f8e-b408-fbed59254881,23,2026-04-05 09:43:00,GNP Seguros,GNP Seguros,1568.0,EGRESO,TRANSFERENCIA,MXN
0a7b073c-beb3-4f4e-8933-eedf2e7b8c7a,efb35f92-a96e-40cb-9ba4-a3d3670133ab,27,2026-04-05 10:36:00,Gas,Gas,726.0,EGRESO,TRANSFERENCIA,MXN
ed71f225-0b7c-432a-9887-f730f33d08b5,7c74290c-b207-43d8-bcd5-14f069783b3b,15,2026-04-05 10:53:00,Multa de Transito,Multa de Transito,3705.0,EGRESO,EFECTIVO,MXN
e252fd55-d98b-4ddd-980c-cb2c29745485,2f5e4265-1e5f-4813-839b-50bf4accbd7e,1,2026-04-05 11:22:00,Nomina,Nomina,12835.78,INGRESO,TRANSFERENCIA,MXN
d79a1503-bc1b-4162-bc1e-37c864e28237,e8dab777-b3e1-4c67-81e8-1bcf07a12eb6,22,2026-04-05 12:52:00,Pemex,Pemex,1269.0,EGRESO,EFECTIVO,MXN
2f97adcc-f8f0-4ca7-b4dd-f3d40f8e71ef,d7d4bd62-308e-4ac3-9ba9-582ec4beeeb0,27,2026-04-05 13:36:00,Gas,Gas,526.0,EGRESO,EFECTIVO,MXN
7fcc2c7d-fe83-461e-920c-5e9e53423d01,57a16ad2-8282-4a67-91ec-ebc90dee810e,27,2026-04-05 14:24:00,Gas,Gas,476.0,EGRESO,TRANSFERENCIA,MXN
a3342324-dd2b-40cc-9293-8ab37ca2d6bd,b8a2aeb0-77bc-4f93-87a4-dbd5d9aae0e9,29,2026-04-05 15:18:00,Viajes,Viajes,9500.0,EGRESO,EFECTIVO,MXN
c15fd361-ac3a-4587-9caf-a844795fce8e,7489af6c-154c-4eef-b7af-50397bd6b848,3,2026-04-05 16:08:00,Walmart,Walmart,3431.0,EGRESO,APP_MOVIL,MXN
3553c01c-da44-4e89-a8b1-5e75f8362ed6,9ebdcad6-2344-4fb6-873b-906defca570a,12,2026-04-05 17:31:00,Barberia,Barberia,297.0,EGRESO,APP_MOVIL,MXN
48363f59-a22d-45f0-9e90-94f854f351a8,f20e8816-f077-4abe-837b-b3e39ccf37eb,22,2026-04-05 19:30:00,Pemex,Pemex,746.0,EGRESO,APP_MOVIL,MXN
dd98efd1-470f-4748-83ff-b300031bb349,e6f6e0cb-d25d-473f-9f7b-b942a476f005,24,2026-04-05 20:40:00,Maybelline,Maybelline,1599.0,EGRESO,EFECTIVO,MXN
33020748-5b67-417a-8aea-9cdb90d0e3f6,36ee8608-fe5c-4530-b7cf-d13801c08072,10,2026-04-06 00:09:00,Compras Fisicas,Compras Fisicas,1576.0,EGRESO,APP_MOVIL,MXN
674e2a3c-b3e0-42be-922a-da0908ad8bde,4a021a05-bacc-4ded-98e4-6ba1343b83b4,1,2026-04-06 01:09:00,Nomina,Nomina,12342.83,INGRESO,TRANSFERENCIA,MXN
2dd9024a-9dfb-4167-892f-1601d17e5c36,4a021a05-bacc-4ded-98e4-6ba1343b83b4,31,2026-04-06 02:14:00,Mercado Libre,Mercado Libre,939.0,EGRESO,APP_MOVIL,MXN
356a23a6-d846-4b28-b286-74760c20c60d,cb4d084d-d246-4f2e-847a-1132c5e51dc6,1,2026-04-06 03:31:00,Transferencia Recibida,Transferencia Recibida,3710.0,INGRESO,TRANSFERENCIA,MXN
b7ebd447-6660-4078-8a4a-ebd5709637a7,007759d6-7e92-4216-8b0d-24e4b3bdc25c,21,2026-04-06 04:43:00,Metrobus,Metrobus,20.0,EGRESO,EFECTIVO,MXN
5a0f649c-9051-4080-9329-9cc20e9bb758,7336ec17-03d6-4127-a085-cb3f799bd54e,28,2026-04-06 05:44:00,Innvictus,Innvictus,511.0,EGRESO,TRANSFERENCIA,MXN
4b908426-7e2e-46e1-8066-f022cdb27879,39f9edad-efb7-47c6-9841-c96e9b5d6e22,11,2026-04-06 06:00:00,Metro,Metro,20.0,EGRESO,TRANSFERENCIA,MXN
5ea7a892-d571-42f8-aaa5-c65c63dbf662,7c74290c-b207-43d8-bcd5-14f069783b3b,21,2026-04-06 06:17:00,Metrobus,Metrobus,50.0,EGRESO,APP_MOVIL,MXN
0ff06fcb-502d-4063-bb54-b301f8496f73,d1015873-9015-4bb6-ad9c-9c10c7fbccaa,20,2026-04-06 07:06:00,Cinepolis,Cinepolis,1041.0,EGRESO,EFECTIVO,MXN
002d9fda-3a39-40af-9f1b-256d75de883c,6b2251e4-b804-4f13-898b-216c0c5ba9cc,6,2026-04-06 07:18:00,Cabify,Cabify,46.0,EGRESO,APP_MOVIL,MXN
1a4df7a0-5ed3-48df-b7f3-af8c4eb562c8,7489af6c-154c-4eef-b7af-50397bd6b848,1,2026-04-06 08:48:00,Nomina,Nomina,7457.35,INGRESO,TRANSFERENCIA,MXN
7694c094-954e-4783-a6d2-f0e9d407715c,2d45cb4c-8380-477e-93dc-7ad4055949fe,1,2026-04-06 10:44:00,Transferencia Recibida,Transferencia Recibida,419.0,INGRESO,TRANSFERENCIA,MXN
5b52bfd5-da9e-461f-8b97-f8cc6b19da69,e6f6e0cb-d25d-473f-9f7b-b942a476f005,13,2026-04-06 11:07:00,Capa de Ozono,Capa de Ozono,1555.0,EGRESO,APP_MOVIL,MXN
e85fda9c-9b5f-4e77-af54-6b0e51978e38,0aa2518e-377e-4305-9b5c-0f8e0f802f9e,32,2026-04-06 11:14:00,Xbox Live,Xbox Live,927.0,EGRESO,APP_MOVIL,MXN
bbd386af-9f02-4e1d-8915-ddc0ba92bd35,78415f42-edd9-4039-abee-f38499ffc380,1,2026-04-06 11:15:00,Nomina,Nomina,5483.57,INGRESO,TRANSFERENCIA,MXN
0c47e03d-c679-4390-8eb5-c677e6d58b8c,d7073699-b1fd-4984-8380-c897f19b37c2,2,2026-04-06 11:34:00,Bus,Bus,6.0,EGRESO,EFECTIVO,MXN
bfd72ab8-09a3-492a-88f9-d26daf50042f,591ef66e-c411-40c1-95e6-b23f8169be61,12,2026-04-06 12:16:00,Barberia,Barberia,256.0,EGRESO,APP_MOVIL,MXN
cf48d50d-49fe-4ec5-9e2c-ba4c38853ff8,2f4e7259-c7d0-4f8e-b408-fbed59254881,4,2026-04-06 12:49:00,Amazon Prime,Amazon Prime,99.0,EGRESO,EFECTIVO,MXN
86ddba4b-7935-458c-a46e-ff728695f256,2d45cb4c-8380-477e-93dc-7ad4055949fe,30,2026-04-06 15:00:00,Salon de Belleza,Salon de Belleza,386.0,EGRESO,APP_MOVIL,MXN
be2cb1a3-4578-41a0-a10b-6f4e7ebdd9fc,9ebdcad6-2344-4fb6-873b-906defca570a,18,2026-04-06 16:50:00,Totalplay,Totalplay,999.0,EGRESO,TRANSFERENCIA,MXN
d6f9da0f-8ee7-4b30-ad26-3c5bf6a7970e,71c16233-5b03-45a3-b9d9-75dfce80f8cd,17,2026-04-06 17:41:00,Colegiatura,Colegiatura,5827.0,EGRESO,APP_MOVIL,MXN
7ca075fa-3206-4401-b4e4-c73461ad6257,b4991233-a822-49ca-a113-cbedbb85a741,1,2026-04-06 17:47:00,Nomina,Nomina,16018.99,INGRESO,TRANSFERENCIA,MXN
80abf9c3-b5bd-49c2-9159-8bd33a0e8597,654c4cb9-fb3b-421c-9e42-884531a72e4c,1,2026-04-06 21:37:00,Nomina,Nomina,5460.51,INGRESO,TRANSFERENCIA,MXN
4314c23d-bbba-4e02-85f8-fecf0d88f538,f2e52e1f-1d7b-4214-a1ee-83e8b98918f0,6,2026-04-06 23:42:00,DiDi,DiDi,101.0,EGRESO,APP_MOVIL,MXN
9e9ba422-a3af-4668-9c0c-efc155d77318,2f5e4265-1e5f-4813-839b-50bf4accbd7e,32,2026-04-07 02:45:00,PlayStation Network,PlayStation Network,874.0,EGRESO,APP_MOVIL,MXN
c172f747-487b-4cae-9936-f84165e89912,9ebdcad6-2344-4fb6-873b-906defca570a,1,2026-04-07 03:13:00,Nomina,Nomina,32881.27,INGRESO,TRANSFERENCIA,MXN
8ad4bb6d-55aa-4463-8d65-07201f3ae975,2d80c188-6489-4094-b09d-93b06a6b2935,8,2026-04-07 05:27:00,Herramientas,Herramientas,891.0,EGRESO,EFECTIVO,MXN
906d47ae-9ee7-4a03-abe5-576d473932ce,7489af6c-154c-4eef-b7af-50397bd6b848,1,2026-04-07 05:36:00,Nomina,Nomina,7457.35,INGRESO,TRANSFERENCIA,MXN
24fb44ff-67b3-4ff8-87c6-9f60150b5b82,03e60ec2-d499-47cd-81fb-96e308403ecd,25,2026-04-07 06:08:00,Palacio de Hierro,Palacio de Hierro,424.0,EGRESO,APP_MOVIL,MXN
89791856-3848-4126-bd66-33cba1ee6c54,2f5e4265-1e5f-4813-839b-50bf4accbd7e,4,2026-04-07 06:24:00,Netflix,Netflix,139.0,EGRESO,APP_MOVIL,MXN
ccd0cd1c-2e0d-4c75-912c-aded93462cef,cc302a48-1c7f-4cd5-8095-557e5f3ee43f,33,2026-04-07 06:39:00,Agua,Agua,530.0,EGRESO,TRANSFERENCIA,MXN
35103baa-6fd4-4926-b6b0-b039aaa8ec57,86d42cc6-6226-41a4-aa56-9a03fdc03387,7,2026-04-07 08:11:00,Electricidad,Electricidad,433.0,EGRESO,APP_MOVIL,MXN
42817d41-5af5-4997-a0ad-76ec4b1901fa,f20e8816-f077-4abe-837b-b3e39ccf37eb,16,2026-04-07 09:33:00,Cloe,Cloe,689.0,EGRESO,EFECTIVO,MXN
c03f33e2-84ae-422b-9f98-8fd5ba7b57f1,d7d4bd62-308e-4ac3-9ba9-582ec4beeeb0,22,2026-04-07 09:51:00,Pemex,Pemex,800.0,EGRESO,TRANSFERENCIA,MXN
1772c30d-740d-41f5-8fd8-61cc58f731e2,b5525d88-0da0-4036-a444-3e4f7a34128f,34,2026-04-07 10:25:00,Nintendo eShop,Nintendo eShop,1199.0,EGRESO,APP_MOVIL,MXN
fcfb3fe9-6f85-4bb0-beff-11f422fa759f,0e2604b4-11e5-4452-8748-64aa92f9ca8f,18,2026-04-07 12:26:00,Infinitum,Infinitum,799.0,EGRESO,APP_MOVIL,MXN
331c6850-3ec5-4aee-abf6-92d22a6bc068,2f5e4265-1e5f-4813-839b-50bf4accbd7e,19,2026-04-07 14:48:00,Mantenimiento Automotriz,Mantenimiento Automotriz,3200.0,EGRESO,EFECTIVO,MXN
80eae528-fcdd-42e8-9a1d-9ea64129d0a2,e8dab777-b3e1-4c67-81e8-1bcf07a12eb6,10,2026-04-07 16:17:00,Compras Fisicas,Compras Fisicas,2406.0,EGRESO,APP_MOVIL,MXN
2c77f234-766a-49fa-af4e-971136435dc8,e77722c3-ca39-4480-832f-f90fbc2402a7,17,2026-04-07 18:18:00,Colegiatura,Colegiatura,4752.0,EGRESO,EFECTIVO,MXN
7fcf3b40-631c-4411-92af-dafef158999c,f20e8816-f077-4abe-837b-b3e39ccf37eb,26,2026-04-07 19:13:00,Farmacias Guadalajara,Farmacias Guadalajara,365.0,EGRESO,EFECTIVO,MXN
ddcc164e-179c-4cbd-8a4a-d2ae941d9e7c,9fa6af03-3f13-4285-852b-d389da76d928,5,2026-04-07 21:23:00,Little Caesars,Little Caesars,,EGRESO,APP_MOVIL,MXN
073df0d3-af7e-4b82-8039-1cb628ccbaa3,169f4be3-cc0f-4b41-8a79-77865835d095,14,2026-04-07 22:10:00,Renta,Renta,9785.0,EGRESO,EFECTIVO,MXN
d2fb09c6-8b9a-45fc-a8d1-0df8317a61a3,2f4e7259-c7d0-4f8e-b408-fbed59254881,1,2026-04-07 22:34:00,Nomina,Nomina,11814.53,INGRESO,TRANSFERENCIA,MXN
933c880c-8b93-4a80-becd-7fdbd03adedb,74a2259c-8ee4-4064-89cc-8a49fd390792,10,2026-04-07 22:53:00,Compras Fisicas,Compras Fisicas,2498.0,EGRESO,TRANSFERENCIA,MXN
ef394a9b-198e-41ca-8954-4a1744c0c818,0d4d9d7a-2ce4-4002-abe0-031b288ff53c,16,2026-04-07 23:35:00,Coach,Coach,709.0,EGRESO,TRANSFERENCIA,MXN
32ca6a7c-8d53-4c19-840f-f8e010ab2e05,36bb528a-43a8-4008-8557-d3e3a5c94a6c,27,2026-04-07 23:41:00,Gas,Gas,510.0,EGRESO,TRANSFERENCIA,MXN
b9409578-b5f6-4264-9c79-470d794579c7,03e60ec2-d499-47cd-81fb-96e308403ecd,14,2026-04-08 00:20:00,Renta,Renta,12852.0,EGRESO,EFECTIVO,MXN
3c2015e5-770b-406f-a84f-6829b4b8e203,0d4d9d7a-2ce4-4002-abe0-031b288ff53c,17,2026-04-08 02:39:00,Colegiatura,Colegiatura,3366.0,EGRESO,APP_MOVIL,MXN
23335752-608b-43d8-b8ba-d072eb787108,0aa2518e-377e-4305-9b5c-0f8e0f802f9e,12,2026-04-08 03:56:00,Barberia,Barberia,236.0,EGRESO,EFECTIVO,MXN
f6338342-560a-44ec-8ac2-898f77a64e6f,78415f42-edd9-4039-abee-f38499ffc380,31,2026-04-08 04:20:00,Amazon,Amazon,479.0,EGRESO,APP_MOVIL,MXN
2bf9fa39-16c2-449d-b93a-4220154550ae,6be93697-d5c5-49d1-8778-8abe58f5c5a3,26,2026-04-08 05:28:00,Farmacias Guadalajara,Farmacias Guadalajara,450.0,EGRESO,APP_MOVIL,MXN
cc84ac41-367f-4799-b71d-9c6173155d63,591ef66e-c411-40c1-95e6-b23f8169be61,31,2026-04-08 05:57:00,Amazon,Amazon,928.0,EGRESO,EFECTIVO,MXN
1409abe9-6039-4592-bd81-d10c55578bb2,78415f42-edd9-4039-abee-f38499ffc380,11,2026-04-08 07:31:00,Metro,Metro,5.0,EGRESO,APP_MOVIL,MXN
39916504-85bb-4b23-8c23-29bc92ed8f33,cf376ebc-04ee-401c-98d2-d2ca7394def8,13,2026-04-08 08:29:00,Capa de Ozono,Capa de Ozono,748.0,EGRESO,TRANSFERENCIA,MXN
9c0f5d68-474c-4940-adc9-10326c93519c,efb35f92-a96e-40cb-9ba4-a3d3670133ab,2,2026-04-08 09:20:00,Bus,Bus,12.0,EGRESO,APP_MOVIL,MXN
6203a47b-3b5c-4287-80fc-240c9d8a41f8,ec1a1f42-1c5f-492f-919f-08cacfcb0039,11,2026-04-08 09:54:00,Metro,Metro,5.0,EGRESO,TRANSFERENCIA,MXN
ec5035f9-b8bc-4113-b3a6-85bae9534a44,d94896e7-da2e-4ebf-8861-0ed51d327133,7,2026-04-08 10:25:00,Electricidad,Electricidad,629.0,EGRESO,APP_MOVIL,MXN
3234f84a-4ce6-4078-9371-525bf5b9f613,b6ca9d87-476a-4c5d-83ca-7693a6527a9c,1,2026-04-08 10:40:00,Nomina,Nomina,12637.37,INGRESO,TRANSFERENCIA,MXN
f90f959c-ede3-4110-9437-e72a5d9ec352,a5264eb8-0d47-44e1-b1b3-6e0a2018f25f,14,2026-04-08 11:50:00,Renta,Renta,4301.0,EGRESO,APP_MOVIL,MXN
1579c608-3a94-41d8-a7ee-1d13e9254fd7,86ebabff-3329-403c-ae53-7102b0dc7831,12,2026-04-08 12:51:00,Barberia,Barberia,114.0,EGRESO,APP_MOVIL,MXN
2d0fad2e-3853-4b36-bb03-84fb14a13d6e,088735e5-4d0d-4706-a911-442edac351c2,1,2026-04-08 12:59:00,Nomina,Nomina,9976.69,INGRESO,TRANSFERENCIA,MXN
63ff751b-8987-4ae7-931a-3ad1766cf762,2d45cb4c-8380-477e-93dc-7ad4055949fe,9,2026-04-08 13:39:00,AT&T,AT&T,150.0,EGRESO,APP_MOVIL,MXN
ab872586-2f81-49eb-ba98-e034e27d6ad9,460819f1-3e7b-4a18-b9bb-4a991973ca55,24,2026-04-08 16:37:00,L'Oreal,L'Oreal,506.0,EGRESO,APP_MOVIL,MXN
d178a1cc-5f82-41a9-8599-da6d7211da27,b8a2aeb0-77bc-4f93-87a4-dbd5d9aae0e9,20,2026-04-08 17:32:00,Restaurante Local,Restaurante Local,368.0,EGRESO,APP_MOVIL,MXN
a4bc4f91-6ad1-4bd5-9326-3b9041b1e76d,4c903803-6f89-4498-ac48-9cac84de61c7,2,2026-04-08 18:59:00,Bus,Bus,8.0,EGRESO,EFECTIVO,MXN
e3906c3b-9604-4eb4-b1c3-da9f28c3f3bf,87a8bdbd-1d61-4275-b187-80f960bd7983,29,2026-04-08 20:15:00,Viajes,Viajes,9411.0,EGRESO,EFECTIVO,MXN
7ce5d51f-ab54-43dc-a7c2-5a7002cd9697,4bb45633-ce6a-4e78-8b36-ab2143b9312a,6,2026-04-08 22:23:00,Cabify,Cabify,115.0,EGRESO,APP_MOVIL,MXN
ce46e05b-ab55-42c0-a3a2-771494a33eff,1d7d3151-e6c5-479c-aa65-df54b837c324,19,2026-04-09 00:03:00,Mantenimiento Automotriz,Mantenimiento Automotriz,1122.0,EGRESO,EFECTIVO,MXN
13d148c2-c672-44a4-9069-d8000182c4a8,d7b98250-11d8-4b40-a1fd-44ae5b3e0d2a,12,2026-04-09 01:29:00,Barberia,Barberia,456.0,EGRESO,TRANSFERENCIA,MXN
b6ed9482-aa61-4198-b37b-39d62d809714,007759d6-7e92-4216-8b0d-24e4b3bdc25c,23,2026-04-09 02:15:00,AXA Seguros,AXA Seguros,2884.0,EGRESO,EFECTIVO,MXN
7273c65c-11c0-4193-b951-418c3e7ab7e3,654c4cb9-fb3b-421c-9e42-884531a72e4c,22,2026-04-09 02:29:00,Oxxo Gas,Oxxo Gas,227.0,EGRESO,APP_MOVIL,MXN
2b0c3f7c-ac38-42a3-9dce-c52c19c2f899,37060ad3-4bfd-4b62-86a5-6c3b7241f7b3,5,2026-04-09 03:26:00,Burger King,Burger King,981.0,EGRESO,TRANSFERENCIA,MXN
0bd3c894-5357-4671-87a6-ce90348abaf9,e4814a6c-08b2-4b08-99dd-d9e29211ea72,1,2026-04-09 03:32:00,Transferencia Recibida,Transferencia Recibida,3965.0,INGRESO,TRANSFERENCIA,MXN
02a3b023-6ff6-4db8-bf7f-6bd962369965,c0c2ffc0-3d5f-4e4f-99f2-884a8a2621f5,22,2026-04-09 04:18:00,Oxxo Gas,Oxxo Gas,1094.0,EGRESO,APP_MOVIL,MXN
6d12a5dc-0492-4cc4-842f-ba6a1e313cac,ef403853-e247-49d9-9751-bf46943b3d76,9,2026-04-09 04:31:00,AT&T,AT&T,249.0,EGRESO,APP_MOVIL,MXN
1963c017-3926-4124-8b7f-c6bc121e086f,2d80c188-6489-4094-b09d-93b06a6b2935,21,2026-04-09 04:59:00,Metrobus,Metrobus,6.0,EGRESO,EFECTIVO,MXN
129f2af1-b8db-4f97-afe7-629edf6f205c,7c74290c-b207-43d8-bcd5-14f069783b3b,18,2026-04-09 07:07:00,Totalplay,Totalplay,999.0,EGRESO,EFECTIVO,MXN
73963bd2-ed82-446a-927a-afc3651b19ab,7059c9c8-532b-4bfe-a72e-0c9aa55e75da,9,2026-04-09 07:26:00,AT&T,AT&T,100.0,EGRESO,TRANSFERENCIA,MXN
6c02536e-2ba8-45b2-bc2f-44f96af9cab8,cc302a48-1c7f-4cd5-8095-557e5f3ee43f,18,2026-04-09 07:51:00,Infinitum,Infinitum,799.0,EGRESO,EFECTIVO,MXN
1b99e743-1e88-4a8c-8738-6e1da2fae3e6,e80f9cac-b03e-4fcb-a3f3-7f1c6286bc7b,8,2026-04-09 11:40:00,Herramientas,Herramientas,1656.0,EGRESO,APP_MOVIL,MXN
a1d135be-e036-4db8-8e40-311ea1f44e86,0d4d9d7a-2ce4-4002-abe0-031b288ff53c,29,2026-04-09 11:51:00,Viajes,Viajes,8164.0,EGRESO,TRANSFERENCIA,MXN
ff129ada-7f0d-46ab-9362-6d7ec0afe549,e8dab777-b3e1-4c67-81e8-1bcf07a12eb6,1,2026-04-09 14:38:00,Nomina,Nomina,19075.53,INGRESO,TRANSFERENCIA,MXN
2b0886c5-4e19-4f6f-b833-228cb83499fd,287b9cdc-edd5-4342-a5fb-5148aeea5b6c,8,2026-04-09 14:47:00,Herramientas,Herramientas,1509.0,EGRESO,EFECTIVO,MXN
bc288ee0-c76b-4048-9644-542e56c2aeee,f2e52e1f-1d7b-4214-a1ee-83e8b98918f0,13,2026-04-09 15:09:00,Capa de Ozono,Capa de Ozono,1167.0,EGRESO,APP_MOVIL,MXN
ee0fc388-7e2f-4fcf-b997-abfd1a6ee08e,591ef66e-c411-40c1-95e6-b23f8169be61,10,2026-04-09 16:21:00,Compras Fisicas,Compras Fisicas,942.0,EGRESO,EFECTIVO,MXN
072b9937-e454-4279-849a-84b4c797255a,af1d8cae-6064-4332-977d-e896264e20c2,17,2026-04-09 16:40:00,Colegiatura,Colegiatura,6915.0,EGRESO,EFECTIVO,MXN
8e69a505-6131-4194-97c3-989709273e77,e6f6e0cb-d25d-473f-9f7b-b942a476f005,1,2026-04-09 17:16:00,Transferencia Recibida,Transferencia Recibida,2039.0,INGRESO,TRANSFERENCIA,MXN
d3674f99-1431-4ff1-a7ee-925939637e83,c49c8bf6-2d71-40b9-8f87-363b870b0dfd,4,2026-04-09 17:40:00,Amazon Prime,Amazon Prime,99.0,EGRESO,APP_MOVIL,MXN
7905a5af-8dda-48c0-8458-365c0c7524ba,0d4d9d7a-2ce4-4002-abe0-031b288ff53c,30,2026-04-09 18:07:00,Salon de Belleza,Salon de Belleza,387.0,EGRESO,APP_MOVIL,MXN
215ade37-4c28-490a-a2bc-4084e172fdc8,efb35f92-a96e-40cb-9ba4-a3d3670133ab,29,2026-04-09 19:14:00,Viajes,Viajes,3892.0,EGRESO,EFECTIVO,MXN
8e9ae0f0-24ff-4386-b134-6f72c02bd3e0,d7073699-b1fd-4984-8380-c897f19b37c2,11,2026-04-09 20:05:00,Metro,Metro,5.0,EGRESO,TRANSFERENCIA,MXN
63252f71-9491-4bfd-b3cd-887d9e68ec5e,7f2f8daa-dfc2-4ad0-9c49-d90ffa6ae04b,1,2026-04-09 20:31:00,Nomina,Nomina,9421.31,INGRESO,TRANSFERENCIA,MXN
6e4ad1f6-dd2f-421c-8178-7b3bb67783bc,d83b0edd-72db-47f8-a768-7d03bc7fa190,1,2026-04-09 21:15:00,Nomina,Nomina,9011.15,INGRESO,TRANSFERENCIA,MXN
dd8293f6-225c-4d93-8fb7-4b5f0809235e,7c5b5dce-0577-471c-acd8-1c6806bbd6d1,7,2026-04-10 02:59:00,Electricidad,Electricidad,904.0,EGRESO,APP_MOVIL,MXN
8d5ce17b-8898-470e-afc5-00c3dd40ef1c,334ac887-2c2e-43f0-ac7f-4e80e3f22173,19,2026-04-10 04:32:00,Mantenimiento Automotriz,Mantenimiento Automotriz,2410.0,EGRESO,TRANSFERENCIA,MXN
03a81d03-076f-4eb9-8fc2-9836bda55ac4,033eaacc-c1f9-412e-84cb-95b426d28b5c,14,2026-04-10 05:47:00,Renta,Renta,5165.0,EGRESO,APP_MOVIL,MXN
337ecde4-3d12-43ad-b08b-ad5983cdff5e,37060ad3-4bfd-4b62-86a5-6c3b7241f7b3,31,2026-04-10 06:00:00,Mercado Libre,Mercado Libre,1464.0,EGRESO,EFECTIVO,MXN
ba78bb81-d662-4748-8e37-afd9de90f218,d7073699-b1fd-4984-8380-c897f19b37c2,4,2026-04-10 06:16:00,Apple TV+,Apple TV+,129.0,EGRESO,TRANSFERENCIA,MXN
3a6f5bb4-e38a-4871-9129-1fbbcdab9aaa,367901a5-f293-400f-8969-224db4f3e99e,24,2026-04-10 07:42:00,Maybelline,Maybelline,477.0,EGRESO,APP_MOVIL,MXN
d4cf8d25-b422-4c81-b85b-6365bfee0e2b,39f9edad-efb7-47c6-9841-c96e9b5d6e22,7,2026-04-10 08:00:00,Electricidad,Electricidad,1081.0,EGRESO,APP_MOVIL,MXN
3d7c0370-622c-42de-bb73-1fa06e00f29d,2f4e7259-c7d0-4f8e-b408-fbed59254881,11,2026-04-10 08:45:00,Metro,Metro,5.0,EGRESO,TRANSFERENCIA,MXN
55f3c2dd-34fa-4c92-b2de-7cdd0f88c444,287b9cdc-edd5-4342-a5fb-5148aeea5b6c,12,2026-04-10 10:50:00,Barberia,Barberia,457.0,EGRESO,TRANSFERENCIA,MXN
1764829a-3d94-4a53-99aa-ce21d7093a63,cc302a48-1c7f-4cd5-8095-557e5f3ee43f,33,2026-04-10 10:56:00,Agua,Agua,599.0,EGRESO,APP_MOVIL,MXN
89575dff-af4d-470b-8d5b-b7af1d05879a,7c74290c-b207-43d8-bcd5-14f069783b3b,21,2026-04-10 11:11:00,Metrobus,Metrobus,20.0,EGRESO,EFECTIVO,MXN
f6027687-798f-48c5-90a7-aa04b8d6133a,f20e8816-f077-4abe-837b-b3e39ccf37eb,4,2026-04-10 11:31:00,Disney+,Disney+,139.0,EGRESO,EFECTIVO,MXN
7bf50ffa-1bc7-4276-952e-fc0f438996a2,ec1a1f42-1c5f-492f-919f-08cacfcb0039,4,2026-04-10 13:05:00,Apple TV+,Apple TV+,129.0,EGRESO,APP_MOVIL,MXN
8c9edc7c-dbd7-4aa1-b94f-83da643d9ddc,7336ec17-03d6-4127-a085-cb3f799bd54e,2,2026-04-10 14:29:00,Bus,Bus,15.0,EGRESO,APP_MOVIL,MXN
7a183d11-c89a-4b2b-a357-33e3a8e989f7,d83b0edd-72db-47f8-a768-7d03bc7fa190,27,2026-04-10 14:39:00,Gas,Gas,425.0,EGRESO,APP_MOVIL,MXN
40c5665a-978d-4971-a7dd-4c4333b72e7f,2f5e4265-1e5f-4813-839b-50bf4accbd7e,1,2026-04-10 15:06:00,Transferencia Recibida,Transferencia Recibida,4345.0,INGRESO,TRANSFERENCIA,MXN
ae1617f5-b563-444c-b4e8-7474e91d7049,7059c9c8-532b-4bfe-a72e-0c9aa55e75da,15,2026-04-10 15:13:00,Multa de Transito,Multa de Transito,2329.0,EGRESO,EFECTIVO,MXN
1fd941fd-1d85-4b49-979a-e7d1087daa02,b5525d88-0da0-4036-a444-3e4f7a34128f,23,2026-04-10 15:29:00,Qualitas,Qualitas,2486.0,EGRESO,APP_MOVIL,MXN
1287400a-5358-45f4-b038-76d2dbcfbf35,1d78859f-eed0-4406-a7a8-ac62bfe90145,10,2026-04-10 15:40:00,Compras Fisicas,Compras Fisicas,803.0,EGRESO,TRANSFERENCIA,MXN
c480bec2-21c8-4dd6-a973-5543ddf983a1,481fe99e-04d7-42b3-b696-00ef02353148,2,2026-04-10 15:51:00,Bus,Bus,12.0,EGRESO,TRANSFERENCIA,MXN
a3c2f494-0334-4f3e-ae04-5b997a4d3c30,f20e8816-f077-4abe-837b-b3e39ccf37eb,9,2026-04-10 16:50:00,AT&T,AT&T,100.0,EGRESO,EFECTIVO,MXN
cfc10260-62a4-471d-b492-e6d171b6e20b,a5264eb8-0d47-44e1-b1b3-6e0a2018f25f,1,2026-04-10 17:23:00,Transferencia Recibida,Transferencia Recibida,2981.0,INGRESO,TRANSFERENCIA,MXN
7c4792bb-e3ed-4155-86dc-78249e750003,b8a2aeb0-77bc-4f93-87a4-dbd5d9aae0e9,1,2026-04-10 21:08:00,Nomina,Nomina,8790.43,INGRESO,TRANSFERENCIA,MXN
7165664c-6821-454c-8400-2283c9750856,d83b0edd-72db-47f8-a768-7d03bc7fa190,1,2026-04-10 21:30:00,Nomina,Nomina,9011.15,INGRESO,TRANSFERENCIA,MXN
f58c550c-2d85-42cf-8809-d0464adcfadb,7336ec17-03d6-4127-a085-cb3f799bd54e,26,2026-04-10 21:52:00,Farmacias Guadalajara,Farmacias Guadalajara,758.0,EGRESO,TRANSFERENCIA,MXN
9c8fbf88-1925-41ea-8eab-c070739693a7,481fe99e-04d7-42b3-b696-00ef02353148,24,2026-04-10 22:04:00,Maybelline,Maybelline,1180.0,EGRESO,APP_MOVIL,MXN
1c824c41-506a-4278-af24-abd3727b39f9,2f5e4265-1e5f-4813-839b-50bf4accbd7e,1,2026-04-10 22:48:00,Transferencia Recibida,Transferencia Recibida,4143.0,INGRESO,TRANSFERENCIA,MXN
c85b6ca4-dfcf-4ae4-aead-9c7cbfe4e4a5,39f9edad-efb7-47c6-9841-c96e9b5d6e22,1,2026-04-10 23:05:00,Nomina,Nomina,23382.91,INGRESO,TRANSFERENCIA,MXN
3ccf403d-91bb-4c81-bc07-212bd054ca9f,4a021a05-bacc-4ded-98e4-6ba1343b83b4,17,2026-04-11 01:10:00,Colegiatura,Colegiatura,4454.0,EGRESO,APP_MOVIL,MXN
b8781538-289f-4926-b4df-6896e1ec5ebc,03e60ec2-d499-47cd-81fb-96e308403ecd,30,2026-04-11 01:15:00,Salon de Belleza,Salon de Belleza,180.0,EGRESO,APP_MOVIL,MXN
8ef1b8d6-d238-48c3-a534-ff56bd751e7c,f20e8816-f077-4abe-837b-b3e39ccf37eb,21,2026-04-11 02:00:00,Metrobus,Metrobus,6.0,EGRESO,APP_MOVIL,MXN
a7484b14-2cb6-491a-9472-4051c6430c1d,c56eb014-1de6-4df3-9cc5-45132bbf6942,3,2026-04-11 02:58:00,Bodega Aurrera,Bodega Aurrera,2290.0,EGRESO,TRANSFERENCIA,MXN
516e5ed0-4404-4dc1-ba08-5f2b402da575,cc302a48-1c7f-4cd5-8095-557e5f3ee43f,7,2026-04-11 04:15:00,Electricidad,Electricidad,1652.0,EGRESO,APP_MOVIL,MXN
cd27df93-0ae7-4e5c-8f16-041858d3d3b1,feb46172-c764-46f8-8955-33a46aebe6cc,6,2026-04-11 05:08:00,Uber,Uber,108.0,EGRESO,TRANSFERENCIA,MXN
1c301775-fd4c-4333-8b4d-305acfa10523,d1015873-9015-4bb6-ad9c-9c10c7fbccaa,14,2026-04-11 05:19:00,Renta,Renta,9714.0,EGRESO,APP_MOVIL,MXN
9c46b170-6759-42af-bbb8-41c8cc0c1f92,39f9edad-efb7-47c6-9841-c96e9b5d6e22,1,2026-04-11 05:48:00,Nomina,Nomina,23382.91,INGRESO,TRANSFERENCIA,MXN
7bd53641-d327-4c9d-bbc3-f58e073f777e,b1df054d-9d22-4d28-b46d-87390f12a902,3,2026-04-11 06:09:00,Costco,Costco,912.0,EGRESO,EFECTIVO,MXN
98e27c35-4b84-4171-81dd-03e4787ec134,e9f3e63d-6775-4b45-9daf-9722ec25fbe3,10,2026-04-11 06:35:00,Compras Fisicas,Compras Fisicas,360.0,EGRESO,TRANSFERENCIA,MXN
cce8a6e3-1ec9-4772-8840-f5c2436ef4b9,d94896e7-da2e-4ebf-8861-0ed51d327133,8,2026-04-11 07:17:00,Herramientas,Herramientas,2042.0,EGRESO,EFECTIVO,MXN
b948d3f8-6621-485b-843c-854a6aa6988f,b4991233-a822-49ca-a113-cbedbb85a741,30,2026-04-11 08:11:00,Salon de Belleza,Salon de Belleza,166.0,EGRESO,EFECTIVO,MXN
e2d47187-cf0a-4166-9bf3-76dcc930810e,39f9edad-efb7-47c6-9841-c96e9b5d6e22,1,2026-04-11 08:36:00,Transferencia Recibida,Transferencia Recibida,377.0,INGRESO,TRANSFERENCIA,MXN
0aad4a64-9a04-4643-9f78-06aa546bb484,03e60ec2-d499-47cd-81fb-96e308403ecd,1,2026-04-11 08:56:00,Nomina,Nomina,6317.8,INGRESO,TRANSFERENCIA,MXN
c32843fc-45a3-4d77-94d1-44990678a131,c9e1bb7a-b4b0-4880-88f1-2b90da359497,13,2026-04-11 09:32:00,Flexi,Flexi,1111.0,EGRESO,APP_MOVIL,MXN
6039d217-2588-4a0b-8924-77a50be31859,6be93697-d5c5-49d1-8778-8abe58f5c5a3,34,2026-04-11 11:07:00,Epic Games Store,Epic Games Store,822.0,EGRESO,TRANSFERENCIA,MXN
d8e157fc-23e0-458d-8793-e4ef3c9dcc7a,d1015873-9015-4bb6-ad9c-9c10c7fbccaa,1,2026-04-11 12:26:00,Transferencia Recibida,Transferencia Recibida,3690.0,INGRESO,TRANSFERENCIA,MXN
bb4c6bb3-eabf-4514-93c9-143cd9157bd9,d1015873-9015-4bb6-ad9c-9c10c7fbccaa,7,2026-04-11 12:27:00,Electricidad,Electricidad,1197.0,EGRESO,APP_MOVIL,MXN
8b96c7b5-3e50-40f8-ae6a-c6d119a94abf,71c16233-5b03-45a3-b9d9-75dfce80f8cd,15,2026-04-11 13:29:00,Multa de Transito,Multa de Transito,3186.0,EGRESO,TRANSFERENCIA,MXN
e90f78ac-5432-4dd8-bdc2-4d8f9c37a0f1,bacb91fd-e8d8-4aab-86af-be8542045bfc,12,2026-04-11 13:43:00,Barberia,Barberia,128.0,EGRESO,APP_MOVIL,MXN
ff64bc4b-4e33-407f-94d3-66b485d7bd04,ec1a1f42-1c5f-492f-919f-08cacfcb0039,23,2026-04-11 14:39:00,AXA Seguros,AXA Seguros,2874.0,EGRESO,APP_MOVIL,MXN
b41ba3cf-406b-4f32-bc77-03475fe5b89a,f30fbc40-9703-4c31-b9a5-ab557c4b82c8,6,2026-04-11 14:59:00,DiDi,DiDi,151.0,EGRESO,APP_MOVIL,MXN
f7861d83-4f3c-467c-817f-3b248c494c96,6e3e2a99-1a3d-42fa-bfe5-52f057eccb2f,32,2026-04-11 15:14:00,PlayStation Network,PlayStation Network,222.0,EGRESO,APP_MOVIL,MXN
a5f7ade0-a804-4adb-bb83-3aa435e352ad,37060ad3-4bfd-4b62-86a5-6c3b7241f7b3,14,2026-04-11 16:39:00,Renta,Renta,8147.0,EGRESO,APP_MOVIL,MXN
ce588794-6a4b-42b0-93a3-c89697bd61e9,169f4be3-cc0f-4b41-8a79-77865835d095,11,2026-04-11 16:47:00,Metro,Metro,5.0,EGRESO,APP_MOVIL,MXN
f7157165-3aa2-4bca-be3a-9ae30e9828ae,feb46172-c764-46f8-8955-33a46aebe6cc,30,2026-04-11 18:09:00,Salon de Belleza,Salon de Belleza,468.0,EGRESO,EFECTIVO,MXN
7df98ab7-f0a3-4ec9-a219-b84a8792225e,2ca34b24-a26a-4698-a4c6-7593f66ced33,13,2026-04-11 18:12:00,Andrea,Andrea,695.0,EGRESO,TRANSFERENCIA,MXN
b4d33263-dffc-4660-b60f-011bd8fa4cf0,654c4cb9-fb3b-421c-9e42-884531a72e4c,11,2026-04-11 19:05:00,Metro,Metro,5.0,EGRESO,EFECTIVO,MXN
51dd9d9c-c246-4393-a6eb-967a9fa23199,367901a5-f293-400f-8969-224db4f3e99e,1,2026-04-11 19:11:00,Transferencia Recibida,Transferencia Recibida,4687.0,INGRESO,TRANSFERENCIA,MXN
7e06bdfb-8168-4a74-b5db-9132283c59d2,8ae451d5-4e82-4ced-8bbc-cee19fedccda,13,2026-04-11 20:30:00,Flexi,Flexi,1748.0,EGRESO,APP_MOVIL,MXN
d7d47468-3838-4eee-af01-0918e2053e2c,ec1a1f42-1c5f-492f-919f-08cacfcb0039,1,2026-04-11 20:48:00,Transferencia Recibida,Transferencia Recibida,1631.0,INGRESO,TRANSFERENCIA,MXN
f82278ea-bc74-42f3-80ce-e678013b8272,f30fbc40-9703-4c31-b9a5-ab557c4b82c8,1,2026-04-11 20:57:00,Transferencia Recibida,Transferencia Recibida,1140.0,INGRESO,TRANSFERENCIA,MXN
eb7f5bf6-01c1-4dc5-99c4-0d81e66e22b2,cb4d084d-d246-4f2e-847a-1132c5e51dc6,21,2026-04-11 21:59:00,Metrobus,Metrobus,30.0,EGRESO,TRANSFERENCIA,MXN
129c9187-8b0c-4cfb-8ac1-ddddd1cbc13b,cf376ebc-04ee-401c-98d2-d2ca7394def8,11,2026-04-11 22:11:00,Metro,Metro,5.0,EGRESO,TRANSFERENCIA,MXN
58fa56e7-47b6-4b2d-8273-ac81bf14de44,ec1a1f42-1c5f-492f-919f-08cacfcb0039,16,2026-04-11 22:49:00,Coach,Coach,605.0,EGRESO,APP_MOVIL,MXN
6916c0ba-262d-4b58-9ac5-216f45ee4a4c,b8a2aeb0-77bc-4f93-87a4-dbd5d9aae0e9,11,2026-04-11 22:50:00,Metro,Metro,20.0,EGRESO,TRANSFERENCIA,MXN
36aee1b3-1ddc-4d21-a7ca-71931ea61dd2,b5525d88-0da0-4036-a444-3e4f7a34128f,17,2026-04-12 00:21:00,Colegiatura,Colegiatura,2703.0,EGRESO,EFECTIVO,MXN
f4367dad-dd56-4bd3-8edd-ee4eb1842f15,334ac887-2c2e-43f0-ac7f-4e80e3f22173,1,2026-04-12 00:25:00,Nomina,Nomina,13413.98,INGRESO,TRANSFERENCIA,MXN
e46ed3df-246f-47c3-9b40-e74a62c3ac3b,6e3e2a99-1a3d-42fa-bfe5-52f057eccb2f,29,2026-04-12 00:54:00,Viajes,Viajes,2190.0,EGRESO,TRANSFERENCIA,MXN
f7cdb476-076d-4521-949a-6f3ede4c35bf,591ef66e-c411-40c1-95e6-b23f8169be61,19,2026-04-12 01:30:00,Mantenimiento Automotriz,Mantenimiento Automotriz,2260.0,EGRESO,APP_MOVIL,MXN
9a6d908e-e245-4f4d-a67a-ce4cb2631b87,af1d8cae-6064-4332-977d-e896264e20c2,1,2026-04-12 02:05:00,Transferencia Recibida,Transferencia Recibida,3647.0,INGRESO,TRANSFERENCIA,MXN
f4c3a987-cdf2-4d46-9649-6ff79734574c,2f5e4265-1e5f-4813-839b-50bf4accbd7e,1,2026-04-12 02:49:00,Nomina,Nomina,12835.78,INGRESO,TRANSFERENCIA,MXN
d0887ade-ce02-47d7-b2d5-3ef373c47ac3,334ac887-2c2e-43f0-ac7f-4e80e3f22173,7,2026-04-12 02:56:00,Electricidad,Electricidad,1177.0,EGRESO,EFECTIVO,MXN
82f1c4c2-c805-4dd3-a02d-0f5006502418,6d2288f2-a9dc-4bbd-b86b-33d48f2390dd,12,2026-04-12 03:06:00,Barberia,Barberia,213.0,EGRESO,APP_MOVIL,MXN
a2696c5d-a27d-4009-a318-d2df62161451,062fd77f-ba97-4763-bff4-0bc64c0b9db9,15,2026-04-12 03:35:00,Multa de Transito,Multa de Transito,3375.0,EGRESO,APP_MOVIL,MXN
f2f95856-47b2-44ff-95d3-aeec5f614daa,8711e8ab-3016-4507-8ecf-8798f901a525,4,2026-04-12 08:43:00,Max (HBO),Max (HBO),249.0,EGRESO,EFECTIVO,MXN
d4424d39-be96-4fa1-b58f-dcf351b8bb0a,a016e16f-7680-4d69-8958-9b2a62b35431,29,2026-04-12 08:59:00,Viajes,Viajes,5373.0,EGRESO,EFECTIVO,MXN
ff1b76b2-a053-437a-bd31-c06ad0d1aa6a,a5264eb8-0d47-44e1-b1b3-6e0a2018f25f,30,2026-04-12 09:28:00,Salon de Belleza,Salon de Belleza,222.0,EGRESO,APP_MOVIL,MXN
d95b082d-534f-4e47-ae0e-187488e5b8f1,27184bbc-330d-4cfd-a78f-c17d51279685,29,2026-04-12 09:31:00,Viajes,Viajes,9343.0,EGRESO,APP_MOVIL,MXN
4888eaa9-d9ef-44d0-88ca-2c3b2f14a03b,282aba8c-1169-402d-adbd-8a41f6676432,18,2026-04-12 10:29:00,Infinitum,Infinitum,799.0,EGRESO,EFECTIVO,MXN
0830c192-b516-436e-81c5-0a58f348ead8,e77722c3-ca39-4480-832f-f90fbc2402a7,9,2026-04-12 10:32:00,AT&T,AT&T,200.0,EGRESO,EFECTIVO,MXN
742aca2b-7058-467c-9246-d79e32494e70,cb4d084d-d246-4f2e-847a-1132c5e51dc6,16,2026-04-12 11:05:00,Coach,Coach,2014.0,EGRESO,APP_MOVIL,MXN
44c00e98-496d-463e-97f6-86848e0ffa0d,2d80c188-6489-4094-b09d-93b06a6b2935,3,2026-04-12 12:20:00,Soriana,Soriana,3766.0,EGRESO,TRANSFERENCIA,MXN
7ae38a50-456e-4dad-8704-8c0e85b1a299,1d7d3151-e6c5-479c-aa65-df54b837c324,24,2026-04-12 12:38:00,Maybelline,Maybelline,1580.0,EGRESO,APP_MOVIL,MXN
83606eea-f278-4835-9aef-d5eeab021d73,36bb528a-43a8-4008-8557-d3e3a5c94a6c,5,2026-04-12 12:55:00,Domino's,Domino's,152.0,EGRESO,TRANSFERENCIA,MXN
f2125645-0ae7-4e3f-861c-f4bbbeeef157,2d45cb4c-8380-477e-93dc-7ad4055949fe,13,2026-04-12 12:59:00,Capa de Ozono,Capa de Ozono,2312.0,EGRESO,TRANSFERENCIA,MXN
9f1fd4d4-b0ca-4856-a5b3-3f3e9503ea44,39f9edad-efb7-47c6-9841-c96e9b5d6e22,27,2026-04-12 13:11:00,Gas,Gas,195.0,EGRESO,APP_MOVIL,MXN
5b4330b3-3584-43b2-a2ed-736f0f830ed0,f20e8816-f077-4abe-837b-b3e39ccf37eb,25,2026-04-12 13:36:00,Palacio de Hierro,Palacio de Hierro,1611.0,EGRESO,APP_MOVIL,MXN
49e57e5c-e769-4393-beab-6deaa4dc9170,edeb6414-0b55-4e0a-bed2-b73a88276387,1,2026-04-12 15:01:00,Transferencia Recibida,Transferencia Recibida,266.0,INGRESO,TRANSFERENCIA,MXN
ae5ec07b-d1c1-45c9-b175-1ba3dd11f658,481fe99e-04d7-42b3-b696-00ef02353148,34,2026-04-12 16:18:00,Epic Games Store,Epic Games Store,1759.0,EGRESO,APP_MOVIL,MXN
27928d50-f727-4a74-8584-910ec3b20050,27184bbc-330d-4cfd-a78f-c17d51279685,33,2026-04-12 17:49:00,Agua,Agua,732.0,EGRESO,APP_MOVIL,MXN
27899f48-3ccf-4f5a-91cc-c96be2836991,03e60ec2-d499-47cd-81fb-96e308403ecd,1,2026-04-12 18:35:00,Nomina,Nomina,6317.8,INGRESO,TRANSFERENCIA,MXN
6faeb9c6-c033-471a-99f2-62ed50034e86,007759d6-7e92-4216-8b0d-24e4b3bdc25c,22,2026-04-12 19:23:00,Mobil,Mobil,799.0,EGRESO,EFECTIVO,MXN
1360c14d-858e-4a21-b703-92c669062e13,d7073699-b1fd-4984-8380-c897f19b37c2,21,2026-04-12 20:25:00,Metrobus,Metrobus,100.0,EGRESO,APP_MOVIL,MXN
6ba308fc-d5f4-43a3-94a4-d006e372d1a7,169f4be3-cc0f-4b41-8a79-77865835d095,21,2026-04-12 20:28:00,Metrobus,Metrobus,50.0,EGRESO,APP_MOVIL,MXN
e7389dc2-cd39-4224-bd10-8f3e9d2bb3fc,39f9edad-efb7-47c6-9841-c96e9b5d6e22,1,2026-04-12 21:25:00,Nomina,Nomina,23382.91,INGRESO,TRANSFERENCIA,MXN
0c26baa6-f363-491a-993d-fd337e99de44,367901a5-f293-400f-8969-224db4f3e99e,1,2026-04-12 22:33:00,Transferencia Recibida,Transferencia Recibida,771.0,INGRESO,TRANSFERENCIA,MXN
c68ae79d-0594-4e14-ab10-1940c2b76cae,86d42cc6-6226-41a4-aa56-9a03fdc03387,28,2026-04-12 22:52:00,Deportes Marti,Deportes Marti,1089.0,EGRESO,APP_MOVIL,MXN
02aad357-70e6-40ce-bc3a-73daaf9c63ba,654c4cb9-fb3b-421c-9e42-884531a72e4c,24,2026-04-12 22:58:00,NYX Cosmetics,NYX Cosmetics,2116.0,EGRESO,EFECTIVO,MXN
d342dcbd-cee2-4656-9f96-4dd7bb9580ff,e80f9cac-b03e-4fcb-a3f3-7f1c6286bc7b,8,2026-04-13 00:09:00,Herramientas,Herramientas,1533.0,EGRESO,TRANSFERENCIA,MXN
da4d59e1-b368-438f-9a5f-c36f525a7782,86d42cc6-6226-41a4-aa56-9a03fdc03387,25,2026-04-13 01:05:00,Palacio de Hierro,Palacio de Hierro,1453.0,EGRESO,APP_MOVIL,MXN
28d9e0c0-2f77-4583-9aae-bfbd819668df,c49c8bf6-2d71-40b9-8f87-363b870b0dfd,34,2026-04-13 01:28:00,Nintendo eShop,Nintendo eShop,335.0,EGRESO,APP_MOVIL,MXN
6c3ba062-6009-4ae2-8589-d8f15e4bf906,efb35f92-a96e-40cb-9ba4-a3d3670133ab,8,2026-04-13 02:44:00,Herramientas,Herramientas,273.0,EGRESO,TRANSFERENCIA,MXN
6f6bd941-3300-4d89-a8d3-3485e49e754c,e4814a6c-08b2-4b08-99dd-d9e29211ea72,22,2026-04-13 03:05:00,Pemex,Pemex,626.0,EGRESO,TRANSFERENCIA,MXN
28980f08-e0c6-463f-b4c8-f765b8df68d5,9fa6af03-3f13-4285-852b-d389da76d928,27,2026-04-13 06:32:00,Gas,Gas,498.0,EGRESO,APP_MOVIL,MXN
f57e18d0-a9f1-4509-9e0b-7714cf79058b,86d42cc6-6226-41a4-aa56-9a03fdc03387,23,2026-04-13 07:35:00,AXA Seguros,AXA Seguros,1159.0,EGRESO,TRANSFERENCIA,MXN
2593e8e1-96f1-460d-bded-8ababaa79f2f,37060ad3-4bfd-4b62-86a5-6c3b7241f7b3,8,2026-04-13 07:42:00,Herramientas,Herramientas,1221.0,EGRESO,APP_MOVIL,MXN
4dc89ea2-baad-475d-9a47-f1a275e0b74b,57a16ad2-8282-4a67-91ec-ebc90dee810e,14,2026-04-13 09:36:00,Renta,Renta,12844.0,EGRESO,APP_MOVIL,MXN
7ba4211c-b7f0-4c30-bead-24a29302d144,062fd77f-ba97-4763-bff4-0bc64c0b9db9,5,2026-04-13 10:18:00,McDonald's,McDonald's,116.0,EGRESO,TRANSFERENCIA,MXN
f9dd5e92-e7a2-4f93-9a21-8514f16604e9,57a16ad2-8282-4a67-91ec-ebc90dee810e,31,2026-04-13 11:20:00,Amazon,Amazon,2468.0,EGRESO,APP_MOVIL,MXN
6c21b28e-61a9-443d-bd1c-354846bb1eae,460819f1-3e7b-4a18-b9bb-4a991973ca55,11,2026-04-13 12:08:00,Metro,Metro,20.0,EGRESO,TRANSFERENCIA,MXN
53fb2aae-29a8-4e75-ab2c-4b70440e386d,f2e52e1f-1d7b-4214-a1ee-83e8b98918f0,30,2026-04-13 12:46:00,Salon de Belleza,Salon de Belleza,481.0,EGRESO,APP_MOVIL,MXN
9b609de7-d905-41f3-bb60-dfb519220dcb,7c5b5dce-0577-471c-acd8-1c6806bbd6d1,32,2026-04-13 14:02:00,PlayStation Network,PlayStation Network,1004.0,EGRESO,TRANSFERENCIA,MXN
642cf6e0-bb94-4f7d-9f1e-0b9744e543a2,e4f9aabd-8595-4a2d-84b2-3d54a4541fdc,1,2026-04-13 15:40:00,Nomina,Nomina,49355.03,INGRESO,TRANSFERENCIA,MXN
21677f7f-b6df-493c-857a-a0300cf04279,f30fbc40-9703-4c31-b9a5-ab557c4b82c8,29,2026-04-13 16:50:00,Viajes,Viajes,8065.0,EGRESO,APP_MOVIL,MXN
51e54928-fc8e-4c55-9833-a20680d7178b,a016e16f-7680-4d69-8958-9b2a62b35431,27,2026-04-13 17:27:00,Gas,Gas,578.0,EGRESO,APP_MOVIL,MXN
30c8a04c-d04a-4fb6-8e95-fb91b60e88a6,27184bbc-330d-4cfd-a78f-c17d51279685,9,2026-04-13 17:57:00,AT&T,AT&T,100.0,EGRESO,TRANSFERENCIA,MXN
a74be2b2-7519-499a-837d-0e0dfd75626a,36ee8608-fe5c-4530-b7cf-d13801c08072,26,2026-04-13 18:05:00,Farmacias del Ahorro,Farmacias del Ahorro,473.0,EGRESO,EFECTIVO,MXN
dd3537da-5e85-4dab-b70f-dba206bd4232,4bb45633-ce6a-4e78-8b36-ab2143b9312a,14,2026-04-13 18:05:00,Renta,Renta,,EGRESO,TRANSFERENCIA,MXN
de81f430-90f3-4eae-96e8-6050f66dfef7,a016e16f-7680-4d69-8958-9b2a62b35431,29,2026-04-13 18:29:00,Viajes,Viajes,11644.0,EGRESO,APP_MOVIL,MXN
5977d742-fae6-4fe5-97dd-d600e125d3f5,591ef66e-c411-40c1-95e6-b23f8169be61,10,2026-04-13 19:06:00,Compras Fisicas,Compras Fisicas,1767.0,EGRESO,APP_MOVIL,MXN
ad964a1d-ff28-4b33-ac59-752081845393,e9f3e63d-6775-4b45-9daf-9722ec25fbe3,1,2026-04-13 20:50:00,Nomina,Nomina,5336.35,INGRESO,TRANSFERENCIA,MXN
380c9487-421a-4e61-b81d-490efea2d7ae,49c19272-4521-43eb-a5ed-ba309950965f,11,2026-04-14 01:37:00,Metro,Metro,5.0,EGRESO,TRANSFERENCIA,MXN
09a881ab-4e71-4dd0-83ac-1d3f85a6eb06,033eaacc-c1f9-412e-84cb-95b426d28b5c,11,2026-04-14 01:39:00,Metro,Metro,5.0,EGRESO,APP_MOVIL,MXN
06542c15-c424-4bd1-a8ca-0486f69c324d,57a16ad2-8282-4a67-91ec-ebc90dee810e,20,2026-04-14 02:12:00,Cinemex,Cinemex,455.0,EGRESO,TRANSFERENCIA,MXN
cdf42512-e278-4a40-a6b3-de78c654e3b4,7059c9c8-532b-4bfe-a72e-0c9aa55e75da,16,2026-04-14 02:28:00,Michael Kors,Michael Kors,1352.0,EGRESO,APP_MOVIL,MXN
3ac344fa-b817-4b85-a1f7-8380c8803eeb,36bb528a-43a8-4008-8557-d3e3a5c94a6c,25,2026-04-14 02:33:00,Liverpool,Liverpool,1377.0,EGRESO,TRANSFERENCIA,MXN
c8401f48-d2b0-4736-80a9-fcdf239e6f80,b6ca9d87-476a-4c5d-83ca-7693a6527a9c,17,2026-04-14 03:51:00,Colegiatura,Colegiatura,7979.0,EGRESO,TRANSFERENCIA,MXN
604c8f14-285f-422c-b671-1a42c5f89b6e,334ac887-2c2e-43f0-ac7f-4e80e3f22173,33,2026-04-14 07:38:00,Agua,Agua,1333.0,EGRESO,TRANSFERENCIA,MXN
7b5b3a7a-66b5-4b03-b2b7-1ea5eb9c1646,2f5e4265-1e5f-4813-839b-50bf4accbd7e,11,2026-04-14 09:18:00,Metro,Metro,,EGRESO,EFECTIVO,MXN
36938b24-bc08-40b3-a181-8d45022a03b5,591ef66e-c411-40c1-95e6-b23f8169be61,9,2026-04-14 10:45:00,Telcel,Telcel,200.0,EGRESO,APP_MOVIL,MXN
5073bf39-f791-49da-94ff-2e8f5851c727,0e2604b4-11e5-4452-8748-64aa92f9ca8f,22,2026-04-14 12:48:00,Oxxo Gas,Oxxo Gas,904.0,EGRESO,APP_MOVIL,MXN
6732619b-52b1-4d9b-8cf1-f54f0b78b135,a016e16f-7680-4d69-8958-9b2a62b35431,4,2026-04-14 12:59:00,Max (HBO),Max (HBO),199.0,EGRESO,EFECTIVO,MXN
2de82f6b-b7bc-4b35-aaf1-9cc98c2e0296,b4991233-a822-49ca-a113-cbedbb85a741,24,2026-04-14 13:33:00,NYX Cosmetics,NYX Cosmetics,1730.0,EGRESO,APP_MOVIL,MXN
c1e53b7d-094d-4178-bede-7e8c8e3f9096,86ebabff-3329-403c-ae53-7102b0dc7831,21,2026-04-14 14:12:00,Metrobus,Metrobus,6.0,EGRESO,EFECTIVO,MXN
175137c0-3be8-4a1c-96fb-1d5a65432ae2,169f4be3-cc0f-4b41-8a79-77865835d095,10,2026-04-14 14:32:00,Compras Fisicas,Compras Fisicas,1075.0,EGRESO,TRANSFERENCIA,MXN
9e517c1e-cdcd-4332-bc8c-72899ca65d57,9fa6af03-3f13-4285-852b-d389da76d928,1,2026-04-14 17:14:00,Transferencia Recibida,Transferencia Recibida,4875.0,INGRESO,TRANSFERENCIA,MXN
7c792e62-9057-486e-86e5-fad857d7c586,cf376ebc-04ee-401c-98d2-d2ca7394def8,21,2026-04-14 17:41:00,Metrobus,Metrobus,6.0,EGRESO,EFECTIVO,MXN
a46f92e4-4407-4910-afc6-3dce602b8bb5,0e2604b4-11e5-4452-8748-64aa92f9ca8f,1,2026-04-14 18:34:00,Nomina,Nomina,4848.27,INGRESO,TRANSFERENCIA,MXN
23c48e27-2466-473f-8273-940d518299dc,bacb91fd-e8d8-4aab-86af-be8542045bfc,1,2026-04-14 18:42:00,Nomina,Nomina,9431.42,INGRESO,TRANSFERENCIA,MXN
01a9613d-923b-423d-88bc-3a2a3ee6aa6e,8711e8ab-3016-4507-8ecf-8798f901a525,32,2026-04-14 20:47:00,PlayStation Network,PlayStation Network,954.0,EGRESO,EFECTIVO,MXN
ed6e2573-f2b0-4e1a-8e7b-3a6578f453d2,e6f6e0cb-d25d-473f-9f7b-b942a476f005,31,2026-04-14 21:04:00,Amazon,Amazon,535.0,EGRESO,APP_MOVIL,MXN
3b31e22d-67d2-4cb8-90a7-9bae52373128,d94896e7-da2e-4ebf-8861-0ed51d327133,32,2026-04-14 21:07:00,PlayStation Network,PlayStation Network,636.0,EGRESO,EFECTIVO,MXN
f0f03739-f9a6-4a05-b929-856c90cd05e9,7489af6c-154c-4eef-b7af-50397bd6b848,24,2026-04-14 21:52:00,NYX Cosmetics,NYX Cosmetics,1684.0,EGRESO,EFECTIVO,MXN
0f6c18f4-4c23-4dde-acc7-3ff378270454,9ebdcad6-2344-4fb6-873b-906defca570a,17,2026-04-14 22:17:00,Colegiatura,Colegiatura,4068.0,EGRESO,APP_MOVIL,MXN
2880d4a0-08d4-4cd1-8d3f-d50488713845,6b2251e4-b804-4f13-898b-216c0c5ba9cc,1,2026-04-14 23:21:00,Nomina,Nomina,21008.87,INGRESO,TRANSFERENCIA,MXN
f5e06eb2-1635-4190-832b-c7f780120af2,654c4cb9-fb3b-421c-9e42-884531a72e4c,14,2026-04-14 23:26:00,Renta,Renta,6600.0,EGRESO,APP_MOVIL,MXN
edcaeac5-ae1e-41ac-9ec7-c4aff1b55c1c,b5525d88-0da0-4036-a444-3e4f7a34128f,30,2026-04-15 00:04:00,Salon de Belleza,Salon de Belleza,70.0,EGRESO,TRANSFERENCIA,MXN
8ef850e8-f6c9-4601-a7bd-dea2e2678c7b,c56eb014-1de6-4df3-9cc5-45132bbf6942,5,2026-04-15 01:59:00,Little Caesars,Little Caesars,842.0,EGRESO,APP_MOVIL,MXN
6a1eed9b-c2a9-415c-9691-0bc8143d7c96,6e3e2a99-1a3d-42fa-bfe5-52f057eccb2f,7,2026-04-15 02:25:00,Electricidad,Electricidad,1402.0,EGRESO,APP_MOVIL,MXN
ee43c26a-8ff5-41bc-bc3b-6aacd645b9b4,cf376ebc-04ee-401c-98d2-d2ca7394def8,9,2026-04-15 03:07:00,Movistar,Movistar,150.0,EGRESO,EFECTIVO,MXN
329300d0-496d-4baa-a236-ee8815d3e155,e77722c3-ca39-4480-832f-f90fbc2402a7,33,2026-04-15 03:54:00,Agua,Agua,431.0,EGRESO,APP_MOVIL,MXN
a40262bc-dfa2-4313-99ad-2456ed0edc90,86ebabff-3329-403c-ae53-7102b0dc7831,32,2026-04-15 04:06:00,Xbox Live,Xbox Live,1130.0,EGRESO,APP_MOVIL,MXN
16b66e05-5a2c-422c-9791-97e2e384a5aa,c0c2ffc0-3d5f-4e4f-99f2-884a8a2621f5,17,2026-04-15 04:58:00,Colegiatura,Colegiatura,2240.0,EGRESO,APP_MOVIL,MXN
1ca2ded5-a86a-4b5a-a848-a7cd8a2bd318,8711e8ab-3016-4507-8ecf-8798f901a525,23,2026-04-15 07:25:00,GNP Seguros,GNP Seguros,2669.0,EGRESO,APP_MOVIL,MXN
a51725ec-a53f-4d1b-ba02-ffc604dc62ff,f2e52e1f-1d7b-4214-a1ee-83e8b98918f0,5,2026-04-15 07:32:00,Burger King,Burger King,554.0,EGRESO,APP_MOVIL,MXN
95b3c23a-5fad-452e-8bce-2d32abb3119c,e4f9aabd-8595-4a2d-84b2-3d54a4541fdc,6,2026-04-15 10:30:00,Uber,Uber,46.0,EGRESO,APP_MOVIL,MXN
058d59c1-4d6b-42b0-a420-820d326affca,2f5e4265-1e5f-4813-839b-50bf4accbd7e,1,2026-04-15 11:03:00,Nomina,Nomina,12835.78,INGRESO,TRANSFERENCIA,MXN
76bec8d6-c3ff-435e-ac34-2540e80b5169,36ee8608-fe5c-4530-b7cf-d13801c08072,5,2026-04-15 12:16:00,Little Caesars,Little Caesars,368.0,EGRESO,EFECTIVO,MXN
a5034ab0-f0df-4938-8a86-95d10da7fac2,af1d8cae-6064-4332-977d-e896264e20c2,1,2026-04-15 12:17:00,Transferencia Recibida,Transferencia Recibida,264.0,INGRESO,TRANSFERENCIA,MXN
55767e87-0c8a-4b11-9b60-bcd4809859ec,36ee8608-fe5c-4530-b7cf-d13801c08072,6,2026-04-15 12:39:00,Cabify,Cabify,102.0,EGRESO,APP_MOVIL,MXN
5a3167a7-7b11-48da-bea7-8f402924def0,f20e8816-f077-4abe-837b-b3e39ccf37eb,1,2026-04-15 12:46:00,Nomina,Nomina,4980.31,INGRESO,TRANSFERENCIA,MXN
682f0938-a774-41d3-97fc-f9fae8b96d32,b8a2aeb0-77bc-4f93-87a4-dbd5d9aae0e9,31,2026-04-15 13:22:00,Amazon,Amazon,2479.0,EGRESO,TRANSFERENCIA,MXN
93f15741-1981-4be7-ae17-4ae89f7a63f3,c0c2ffc0-3d5f-4e4f-99f2-884a8a2621f5,8,2026-04-15 14:25:00,Herramientas,Herramientas,1650.0,EGRESO,EFECTIVO,MXN
4dc80b63-0223-494f-bef0-f98f5e384165,b6ca9d87-476a-4c5d-83ca-7693a6527a9c,1,2026-04-15 14:39:00,Transferencia Recibida,Transferencia Recibida,866.0,INGRESO,TRANSFERENCIA,MXN
7ecc53cf-4f08-4977-ad46-13670670c561,87a8bdbd-1d61-4275-b187-80f960bd7983,22,2026-04-15 15:06:00,Oxxo Gas,Oxxo Gas,567.0,EGRESO,TRANSFERENCIA,MXN
bb1ffc5d-dc03-41e3-a243-91e8e4580092,0aa2518e-377e-4305-9b5c-0f8e0f802f9e,1,2026-04-15 17:08:00,Nomina,Nomina,6005.58,INGRESO,TRANSFERENCIA,MXN
123f58b2-fe84-454d-8afb-c0109fefd7a9,2ca34b24-a26a-4698-a4c6-7593f66ced33,15,2026-04-15 18:01:00,Multa de Transito,Multa de Transito,458.0,EGRESO,TRANSFERENCIA,MXN
accc0ca8-e142-4b23-b16e-d2ac1229e8f0,4a021a05-bacc-4ded-98e4-6ba1343b83b4,12,2026-04-15 19:00:00,Barberia,Barberia,267.0,EGRESO,APP_MOVIL,MXN
a35f54f7-2814-4793-b611-45bd9865f6fd,0aa2518e-377e-4305-9b5c-0f8e0f802f9e,29,2026-04-15 20:04:00,Viajes,Viajes,5867.0,EGRESO,TRANSFERENCIA,MXN
02b2a6ef-615b-48f7-be9a-f88c7a2097ba,654c4cb9-fb3b-421c-9e42-884531a72e4c,1,2026-04-15 20:19:00,Nomina,Nomina,5460.51,INGRESO,TRANSFERENCIA,MXN
d00ae947-a791-4b11-8878-30c5fd4dfa7c,169f4be3-cc0f-4b41-8a79-77865835d095,21,2026-04-15 20:36:00,Metrobus,Metrobus,6.0,EGRESO,EFECTIVO,MXN
445e882c-e58c-4b2d-b248-02d92077da6c,03e60ec2-d499-47cd-81fb-96e308403ecd,1,2026-04-15 21:17:00,Nomina,Nomina,6317.8,INGRESO,TRANSFERENCIA,MXN
4384808d-e0d6-440f-b25b-9986e9b12dc9,cf376ebc-04ee-401c-98d2-d2ca7394def8,1,2026-04-15 21:42:00,Transferencia Recibida,Transferencia Recibida,1596.0,INGRESO,TRANSFERENCIA,MXN
238a15b6-878b-438f-9daa-b1927cdbe3ac,ec1a1f42-1c5f-492f-919f-08cacfcb0039,13,2026-04-15 22:50:00,Andrea,Andrea,901.0,EGRESO,EFECTIVO,MXN
f6f45264-7492-4f48-965e-6eb525536899,87a8bdbd-1d61-4275-b187-80f960bd7983,10,2026-04-15 23:08:00,Compras Fisicas,Compras Fisicas,1537.0,EGRESO,TRANSFERENCIA,MXN
3d2f870a-7f31-4ade-b49c-8cdfe113793b,950bb240-d014-403a-bd23-d2ae18663c05,1,2026-04-16 00:57:00,Nomina,Nomina,12394.73,INGRESO,TRANSFERENCIA,MXN
30e5b3d1-bc9b-46e2-ae92-a0ca49dd0a80,4a021a05-bacc-4ded-98e4-6ba1343b83b4,14,2026-04-16 00:59:00,Renta,Renta,6741.0,EGRESO,APP_MOVIL,MXN
b03cb2a8-cc2b-4401-b30d-0eee8686304f,4f6ff8db-53cf-4464-883b-02373ed58457,13,2026-04-16 01:03:00,Andrea,Andrea,371.0,EGRESO,TRANSFERENCIA,MXN
de3471f9-8b60-4dd4-a601-7db0a384d79a,87a8bdbd-1d61-4275-b187-80f960bd7983,2,2026-04-16 01:44:00,Bus,Bus,15.0,EGRESO,APP_MOVIL,MXN
15631267-7a17-4789-a525-d291b65f16fb,d94896e7-da2e-4ebf-8861-0ed51d327133,8,2026-04-16 02:24:00,Herramientas,Herramientas,1867.0,EGRESO,EFECTIVO,MXN
7051aedc-c4e7-4dcf-aa22-33d754414c89,d7073699-b1fd-4984-8380-c897f19b37c2,1,2026-04-16 02:44:00,Nomina,Nomina,17377.29,INGRESO,TRANSFERENCIA,MXN
ebf94861-dc8b-411d-8b26-dd5935ca11e2,007759d6-7e92-4216-8b0d-24e4b3bdc25c,28,2026-04-16 03:45:00,Innvictus,Innvictus,681.0,EGRESO,TRANSFERENCIA,MXN
59609276-80bf-4007-a8c5-f8a7fe6f0c10,87a8bdbd-1d61-4275-b187-80f960bd7983,22,2026-04-16 04:10:00,Mobil,Mobil,1208.0,EGRESO,EFECTIVO,MXN
e3c69e92-317d-4918-a276-62682e5bed1d,287b9cdc-edd5-4342-a5fb-5148aeea5b6c,1,2026-04-16 05:01:00,Transferencia Recibida,Transferencia Recibida,4342.0,INGRESO,TRANSFERENCIA,MXN
ce502f30-e8fa-4534-84e9-6955d86ff20e,088735e5-4d0d-4706-a911-442edac351c2,11,2026-04-16 05:09:00,Metro,Metro,100.0,EGRESO,TRANSFERENCIA,MXN
032b596b-7e63-4ece-b99a-d8d67e2d8f84,d94896e7-da2e-4ebf-8861-0ed51d327133,1,2026-04-16 08:21:00,Transferencia Recibida,Transferencia Recibida,4083.0,INGRESO,TRANSFERENCIA,MXN
ef856683-6357-4586-9168-ae003ef75898,74a2259c-8ee4-4064-89cc-8a49fd390792,26,2026-04-16 09:58:00,Farmacias del Ahorro,Farmacias del Ahorro,842.0,EGRESO,APP_MOVIL,MXN
c989e3e3-6550-4d9c-82be-18febcf5d67b,2f5e4265-1e5f-4813-839b-50bf4accbd7e,27,2026-04-16 10:10:00,Gas,Gas,344.0,EGRESO,APP_MOVIL,MXN
3688318b-5425-4c14-97bb-6a9c0433dc4d,169f4be3-cc0f-4b41-8a79-77865835d095,31,2026-04-16 10:28:00,Mercado Libre,Mercado Libre,528.0,EGRESO,APP_MOVIL,MXN
8fad7e14-4e5c-4b2c-8980-0d38f9e0e256,b6ca9d87-476a-4c5d-83ca-7693a6527a9c,24,2026-04-16 10:34:00,Maybelline,Maybelline,645.0,EGRESO,EFECTIVO,MXN
3e1ce5e1-f097-495c-8815-8397ec1dea10,591ef66e-c411-40c1-95e6-b23f8169be61,27,2026-04-16 11:01:00,Gas,Gas,630.0,EGRESO,TRANSFERENCIA,MXN
87f85e3d-6f07-4955-8f21-14adeab99053,4c903803-6f89-4498-ac48-9cac84de61c7,10,2026-04-16 11:32:00,Compras Fisicas,Compras Fisicas,2133.0,EGRESO,APP_MOVIL,MXN
ab17d948-aa80-4f07-b526-520cbd094da8,71c16233-5b03-45a3-b9d9-75dfce80f8cd,15,2026-04-16 12:23:00,Multa de Transito,Multa de Transito,2855.0,EGRESO,TRANSFERENCIA,MXN
45c4a204-e0d9-4b87-8182-83a19adc58dc,4bb45633-ce6a-4e78-8b36-ab2143b9312a,26,2026-04-16 12:47:00,Farmacias Similares,Farmacias Similares,571.0,EGRESO,EFECTIVO,MXN
0c343522-9f0e-4ad7-a0e0-778e75030b74,950bb240-d014-403a-bd23-d2ae18663c05,22,2026-04-16 14:14:00,Oxxo Gas,Oxxo Gas,1048.0,EGRESO,APP_MOVIL,MXN
4ee48fcf-73a0-4db1-986d-1677209c383a,6b2251e4-b804-4f13-898b-216c0c5ba9cc,1,2026-04-16 14:37:00,Transferencia Recibida,Transferencia Recibida,3513.0,INGRESO,TRANSFERENCIA,MXN
8de61d63-4d52-426a-9f4a-504d02173036,36bb528a-43a8-4008-8557-d3e3a5c94a6c,10,2026-04-16 16:13:00,Compras Fisicas,Compras Fisicas,625.0,EGRESO,APP_MOVIL,MXN
03815b96-df09-4b7d-ad5d-6acd02738d9b,007759d6-7e92-4216-8b0d-24e4b3bdc25c,4,2026-04-16 16:49:00,Netflix,Netflix,299.0,EGRESO,APP_MOVIL,MXN
7474b59f-15b2-4c44-9dfd-b336b5eba516,6e3e2a99-1a3d-42fa-bfe5-52f057eccb2f,8,2026-04-16 18:31:00,Herramientas,Herramientas,410.0,EGRESO,APP_MOVIL,MXN
19c4ec54-62e2-4773-a714-46f57a17d0fb,87a8bdbd-1d61-4275-b187-80f960bd7983,1,2026-04-16 18:35:00,Nomina,Nomina,8751.14,INGRESO,TRANSFERENCIA,MXN
66306e93-a0be-49e3-bf70-d5f007200e9b,87a8bdbd-1d61-4275-b187-80f960bd7983,31,2026-04-16 19:09:00,Mercado Libre,Mercado Libre,694.0,EGRESO,APP_MOVIL,MXN
01e5278e-6ba3-4771-bb70-0db8dfc8d3fe,033eaacc-c1f9-412e-84cb-95b426d28b5c,17,2026-04-16 20:48:00,Colegiatura,Colegiatura,6928.0,EGRESO,APP_MOVIL,MXN
0be0c892-3ab2-46b3-b7ad-084917160344,1d7d3151-e6c5-479c-aa65-df54b837c324,18,2026-04-16 20:55:00,Infinitum,Infinitum,389.0,EGRESO,APP_MOVIL,MXN
40be544a-e2cd-4f93-ad74-b6383433805e,1d78859f-eed0-4406-a7a8-ac62bfe90145,34,2026-04-16 21:01:00,Steam,Steam,603.0,EGRESO,EFECTIVO,MXN
1e81a265-49a2-4f28-a611-f5e4050fa088,0aa2518e-377e-4305-9b5c-0f8e0f802f9e,2,2026-04-16 21:30:00,Bus,Bus,8.0,EGRESO,TRANSFERENCIA,MXN
b1ba04fe-665f-4f76-bb89-ff7a0f45997d,5057339d-f49e-4d1c-beae-6ced3a7c148f,24,2026-04-16 22:37:00,Maybelline,Maybelline,2056.0,EGRESO,TRANSFERENCIA,MXN
ca92a301-1d98-4af9-9f83-6bb8ee63c94b,8ae451d5-4e82-4ced-8bbc-cee19fedccda,21,2026-04-16 22:47:00,Metrobus,Metrobus,20.0,EGRESO,TRANSFERENCIA,MXN
4ced6315-b1b1-4df7-96ce-ce6790c91973,460819f1-3e7b-4a18-b9bb-4a991973ca55,24,2026-04-16 23:57:00,L'Oreal,L'Oreal,499.0,EGRESO,EFECTIVO,MXN
e8e458f4-0517-4d94-8e65-c853dc7ed101,4bb45633-ce6a-4e78-8b36-ab2143b9312a,3,2026-04-17 02:40:00,Bodega Aurrera,Bodega Aurrera,3454.0,EGRESO,TRANSFERENCIA,MXN
1291cde8-c4a4-4580-abe4-74f57a8faa27,5057339d-f49e-4d1c-beae-6ced3a7c148f,6,2026-04-17 02:57:00,Uber,Uber,119.0,EGRESO,EFECTIVO,MXN
534c930b-4b0f-460a-a411-72d27e0ff49c,e6f6e0cb-d25d-473f-9f7b-b942a476f005,18,2026-04-17 02:58:00,Totalplay,Totalplay,439.0,EGRESO,EFECTIVO,MXN
af0d7eea-fd09-4eaf-a02a-c318c7571fa2,74a2259c-8ee4-4064-89cc-8a49fd390792,14,2026-04-17 03:16:00,Renta,Renta,3963.0,EGRESO,TRANSFERENCIA,MXN
1ae07bac-c302-48f5-9928-c42f027768fe,2ca34b24-a26a-4698-a4c6-7593f66ced33,15,2026-04-17 03:18:00,Multa de Transito,Multa de Transito,1525.0,EGRESO,TRANSFERENCIA,MXN
b9236729-02ee-4a19-8fef-af5af86e4cfd,b1df054d-9d22-4d28-b46d-87390f12a902,10,2026-04-17 05:26:00,Compras Fisicas,Compras Fisicas,1956.0,EGRESO,EFECTIVO,MXN
0abe56f8-8e57-4f30-afa9-31cc80bc6ac8,4bb45633-ce6a-4e78-8b36-ab2143b9312a,1,2026-04-17 05:35:00,Nomina,Nomina,4502.38,INGRESO,TRANSFERENCIA,MXN
4a3cbecd-d5ed-4406-9c15-1dae94136028,cb4d084d-d246-4f2e-847a-1132c5e51dc6,25,2026-04-17 05:57:00,Liverpool,Liverpool,1892.0,EGRESO,TRANSFERENCIA,MXN
5f29a2c8-b595-47e6-8e52-48ec644d2506,481fe99e-04d7-42b3-b696-00ef02353148,26,2026-04-17 06:45:00,Farmacias del Ahorro,Farmacias del Ahorro,705.0,EGRESO,APP_MOVIL,MXN
36e13df2-8f16-4e78-8488-e997855581bc,a016e16f-7680-4d69-8958-9b2a62b35431,20,2026-04-17 08:06:00,Restaurante Local,Restaurante Local,1031.0,EGRESO,TRANSFERENCIA,MXN
80e99bb3-e48d-40e4-9a19-ea3d27c26614,367901a5-f293-400f-8969-224db4f3e99e,34,2026-04-17 08:52:00,Nintendo eShop,Nintendo eShop,758.0,EGRESO,EFECTIVO,MXN
c64f7a6f-173a-4695-a686-d09b947ee90c,7489af6c-154c-4eef-b7af-50397bd6b848,14,2026-04-17 09:17:00,Renta,Renta,4526.0,EGRESO,EFECTIVO,MXN
e6537302-2d59-4f78-a490-062ee4464b2b,e9f3e63d-6775-4b45-9daf-9722ec25fbe3,3,2026-04-17 10:37:00,Walmart,Walmart,2933.0,EGRESO,APP_MOVIL,MXN
cdb269ce-808a-466b-ab92-65ac2f73d736,57a16ad2-8282-4a67-91ec-ebc90dee810e,16,2026-04-17 12:20:00,Coach,Coach,2110.0,EGRESO,APP_MOVIL,MXN
a53ef4c1-ff26-4937-a014-06abb3c02521,7c5b5dce-0577-471c-acd8-1c6806bbd6d1,8,2026-04-17 12:42:00,Herramientas,Herramientas,1362.0,EGRESO,EFECTIVO,MXN
a7f2ae7c-f0c6-41d6-bab7-84b7f2033f91,ec1a1f42-1c5f-492f-919f-08cacfcb0039,21,2026-04-17 12:54:00,Metrobus,Metrobus,6.0,EGRESO,APP_MOVIL,MXN
6dd5bbf0-432c-4f8b-b6d6-5ae36d3d7d0c,c49c8bf6-2d71-40b9-8f87-363b870b0dfd,4,2026-04-17 15:09:00,Netflix,Netflix,219.0,EGRESO,APP_MOVIL,MXN
d5e54f42-dff6-4937-951e-aa59a549ed5f,8ae451d5-4e82-4ced-8bbc-cee19fedccda,2,2026-04-17 15:43:00,Bus,Bus,50.0,EGRESO,EFECTIVO,MXN
21bdf61c-ff25-4a31-a579-fd1058918594,36ee8608-fe5c-4530-b7cf-d13801c08072,30,2026-04-17 15:51:00,Salon de Belleza,Salon de Belleza,102.0,EGRESO,APP_MOVIL,MXN
ad07d051-c48c-4ad0-b11c-ce0680b6f4dc,2f5e4265-1e5f-4813-839b-50bf4accbd7e,6,2026-04-17 16:05:00,DiDi,DiDi,190.0,EGRESO,EFECTIVO,MXN
5b226c97-274d-436a-97be-4729adee1d69,6be93697-d5c5-49d1-8778-8abe58f5c5a3,23,2026-04-17 16:08:00,AXA Seguros,AXA Seguros,3331.0,EGRESO,APP_MOVIL,MXN
e36f9894-e9f9-4ff8-b9c4-59dc764e6b20,0aa2518e-377e-4305-9b5c-0f8e0f802f9e,1,2026-04-17 16:45:00,Nomina,Nomina,6005.58,INGRESO,TRANSFERENCIA,MXN
c343ad19-a065-4c80-8902-409a30e720ff,7c74290c-b207-43d8-bcd5-14f069783b3b,7,2026-04-17 17:42:00,Electricidad,Electricidad,1791.0,EGRESO,APP_MOVIL,MXN
b5a04025-ae72-4092-9f60-65e5f6f07364,edeb6414-0b55-4e0a-bed2-b73a88276387,12,2026-04-17 17:49:00,Barberia,Barberia,220.0,EGRESO,APP_MOVIL,MXN
04af05ff-9fb6-48fa-8d45-827cc52a06ac,2f5e4265-1e5f-4813-839b-50bf4accbd7e,10,2026-04-17 19:17:00,Compras Fisicas,Compras Fisicas,2493.0,EGRESO,APP_MOVIL,MXN
0fd2182f-2faa-4df3-b8e3-49c26f662cc6,d94896e7-da2e-4ebf-8861-0ed51d327133,22,2026-04-17 19:21:00,Mobil,Mobil,932.0,EGRESO,TRANSFERENCIA,MXN
a74de538-e423-427f-968b-131df50e0b73,2ca34b24-a26a-4698-a4c6-7593f66ced33,6,2026-04-17 21:13:00,Uber,Uber,94.0,EGRESO,TRANSFERENCIA,MXN
ca382931-ab7a-444e-843f-102025ae4031,a5264eb8-0d47-44e1-b1b3-6e0a2018f25f,11,2026-04-17 21:40:00,Metro,Metro,20.0,EGRESO,APP_MOVIL,MXN
0c284db8-8776-4d69-bc24-85d0d3b7ea38,9ebdcad6-2344-4fb6-873b-906defca570a,32,2026-04-17 22:47:00,Xbox Live,Xbox Live,,EGRESO,EFECTIVO,MXN
ae5dbc62-d3a2-471f-81bb-983387734fa4,0aa2518e-377e-4305-9b5c-0f8e0f802f9e,2,2026-04-17 22:53:00,Bus,Bus,9.5,EGRESO,EFECTIVO,MXN
d71d4d44-f1b0-4abf-9292-805325248289,8580b4dd-2321-42ff-8e88-0392056caa5c,1,2026-04-17 23:15:00,Nomina,Nomina,,INGRESO,TRANSFERENCIA,MXN
b41c5fbc-f444-4e5f-865a-352498966bdd,f30fbc40-9703-4c31-b9a5-ab557c4b82c8,1,2026-04-17 23:24:00,Transferencia Recibida,Transferencia Recibida,722.0,INGRESO,TRANSFERENCIA,MXN
a13d3437-1f74-469d-ba32-954d2be2fabe,9ebdcad6-2344-4fb6-873b-906defca570a,1,2026-04-17 23:56:00,Nomina,Nomina,32881.27,INGRESO,TRANSFERENCIA,MXN
1ad18c78-170b-4045-87fc-54a01c72ab00,282aba8c-1169-402d-adbd-8a41f6676432,1,2026-04-17 23:57:00,Nomina,Nomina,15987.97,INGRESO,TRANSFERENCIA,MXN
dd572c07-de1c-4070-b03a-63fea3674d6b,e77722c3-ca39-4480-832f-f90fbc2402a7,1,2026-04-18 00:40:00,Transferencia Recibida,Transferencia Recibida,1271.0,INGRESO,TRANSFERENCIA,MXN
49e06f4b-1842-4b2e-a99c-9212d2153610,4bb45633-ce6a-4e78-8b36-ab2143b9312a,8,2026-04-18 01:08:00,Herramientas,Herramientas,,EGRESO,EFECTIVO,MXN
d1ed712d-da01-4b13-b999-09cb1ea7f4fd,fe494458-2541-481f-bb69-2bcb8e182795,5,2026-04-18 01:29:00,Burger King,Burger King,,EGRESO,TRANSFERENCIA,MXN
fbbb05bd-5b08-480b-94a9-7e98ab3f6767,950bb240-d014-403a-bd23-d2ae18663c05,6,2026-04-18 01:57:00,Cabify,Cabify,181.0,EGRESO,EFECTIVO,MXN
04ab92f1-16a9-4a60-8f86-a11c9802774c,2ca34b24-a26a-4698-a4c6-7593f66ced33,21,2026-04-18 02:27:00,Metrobus,Metrobus,20.0,EGRESO,EFECTIVO,MXN
70ce89d8-aae3-444b-8818-a34d98b0eae2,c56eb014-1de6-4df3-9cc5-45132bbf6942,7,2026-04-18 04:23:00,Electricidad,Electricidad,1349.0,EGRESO,TRANSFERENCIA,MXN
6af6fe47-b5b9-4a7b-b857-c17fdfed2b9a,cc302a48-1c7f-4cd5-8095-557e5f3ee43f,5,2026-04-18 09:30:00,Little Caesars,Little Caesars,318.0,EGRESO,EFECTIVO,MXN
78453081-2a50-4cf9-9831-b9733e0de636,d1015873-9015-4bb6-ad9c-9c10c7fbccaa,1,2026-04-18 09:38:00,Nomina,Nomina,10018.75,INGRESO,TRANSFERENCIA,MXN
c9ddad1c-51a8-4a35-b68b-d761cee053d5,d94896e7-da2e-4ebf-8861-0ed51d327133,8,2026-04-18 10:45:00,Herramientas,Herramientas,602.0,EGRESO,EFECTIVO,MXN
20537b85-4bc8-49e7-937f-d15d52cfb112,0e2604b4-11e5-4452-8748-64aa92f9ca8f,18,2026-04-18 11:05:00,Totalplay,Totalplay,799.0,EGRESO,APP_MOVIL,MXN
b36a8bd2-1172-421f-9653-c6d2cbe7cb7c,7336ec17-03d6-4127-a085-cb3f799bd54e,15,2026-04-18 11:19:00,Multa de Transito,Multa de Transito,2095.0,EGRESO,EFECTIVO,MXN
6048b16c-e651-4e6d-8cff-4f89b4c729d2,f20e8816-f077-4abe-837b-b3e39ccf37eb,30,2026-04-18 11:38:00,Salon de Belleza,Salon de Belleza,450.0,EGRESO,TRANSFERENCIA,MXN
47267071-31cc-4882-8a70-6c35cf6802ae,e8dab777-b3e1-4c67-81e8-1bcf07a12eb6,17,2026-04-18 15:00:00,Colegiatura,Colegiatura,8097.0,EGRESO,APP_MOVIL,MXN
e57b016b-be5b-494d-8567-2dac6fb6ed77,c9e1bb7a-b4b0-4880-88f1-2b90da359497,22,2026-04-18 15:54:00,Oxxo Gas,Oxxo Gas,880.0,EGRESO,TRANSFERENCIA,MXN
bd29d69f-fc84-48d9-9126-c36deb585b97,591ef66e-c411-40c1-95e6-b23f8169be61,27,2026-04-18 16:33:00,Gas,Gas,219.0,EGRESO,TRANSFERENCIA,MXN
f8d4c84d-d7e9-4b85-a679-acf3104a1f04,49c19272-4521-43eb-a5ed-ba309950965f,12,2026-04-18 17:29:00,Barberia,Barberia,278.0,EGRESO,APP_MOVIL,MXN
b7060988-ef24-439d-9561-bdf504b7a26d,1d78859f-eed0-4406-a7a8-ac62bfe90145,9,2026-04-18 17:34:00,AT&T,AT&T,599.0,EGRESO,EFECTIVO,MXN
58d9c2a4-89e9-4217-b24c-74fafe816d95,57a16ad2-8282-4a67-91ec-ebc90dee810e,14,2026-04-18 18:15:00,Renta,Renta,11449.0,EGRESO,TRANSFERENCIA,MXN
a4c3b956-7cf3-497b-b170-0ced7fb9eb7f,e4814a6c-08b2-4b08-99dd-d9e29211ea72,27,2026-04-18 19:23:00,Gas,Gas,557.0,EGRESO,EFECTIVO,MXN
1b5928a9-2cce-4452-9389-b4d8be877c52,282aba8c-1169-402d-adbd-8a41f6676432,9,2026-04-18 20:02:00,AT&T,AT&T,150.0,EGRESO,APP_MOVIL,MXN
edebc009-d806-4224-81b5-6840c05a3259,654c4cb9-fb3b-421c-9e42-884531a72e4c,30,2026-04-18 20:21:00,Salon de Belleza,Salon de Belleza,,EGRESO,EFECTIVO,MXN
e9924df4-3665-493d-bdca-462e9eb4995a,8580b4dd-2321-42ff-8e88-0392056caa5c,1,2026-04-18 22:41:00,Nomina,Nomina,4916.3,INGRESO,TRANSFERENCIA,MXN
b2386435-f3ed-4e0a-97e5-72adedb67a46,d660ddf9-6ba0-4a64-88ea-5d41f61fcefb,6,2026-04-18 22:56:00,DiDi,DiDi,112.0,EGRESO,APP_MOVIL,MXN
4a169e65-3f63-4dc7-a37c-173c30e067de,c49c8bf6-2d71-40b9-8f87-363b870b0dfd,28,2026-04-19 00:35:00,Decathlon,Decathlon,156.0,EGRESO,TRANSFERENCIA,MXN
8c155bf9-9529-46ba-b80f-bdc77dd7ddaf,0aa2518e-377e-4305-9b5c-0f8e0f802f9e,14,2026-04-19 03:03:00,Renta,Renta,3890.0,EGRESO,EFECTIVO,MXN
513f29c1-32f3-4e36-8e90-6eab17637dce,ef403853-e247-49d9-9751-bf46943b3d76,4,2026-04-19 04:55:00,Max (HBO),Max (HBO),,EGRESO,TRANSFERENCIA,MXN
e31dac45-5885-4b65-8b25-ab900b18a51f,d94896e7-da2e-4ebf-8861-0ed51d327133,25,2026-04-19 05:20:00,Palacio de Hierro,Palacio de Hierro,1573.0,EGRESO,TRANSFERENCIA,MXN
0b5f34cb-f430-42fe-955d-c62b29243582,b1df054d-9d22-4d28-b46d-87390f12a902,12,2026-04-19 06:38:00,Barberia,Barberia,406.0,EGRESO,TRANSFERENCIA,MXN
e2d99ac8-3c6c-4a8c-93d7-a01809e810e0,b8a2aeb0-77bc-4f93-87a4-dbd5d9aae0e9,23,2026-04-19 06:43:00,AXA Seguros,AXA Seguros,2327.0,EGRESO,APP_MOVIL,MXN
b697da09-c953-4834-8673-24ba4d102f39,9ebdcad6-2344-4fb6-873b-906defca570a,25,2026-04-19 07:26:00,Palacio de Hierro,Palacio de Hierro,2170.0,EGRESO,APP_MOVIL,MXN
52f906a1-034f-415d-b0f3-311264ee2ee9,4c903803-6f89-4498-ac48-9cac84de61c7,4,2026-04-19 07:31:00,Max (HBO),Max (HBO),149.0,EGRESO,TRANSFERENCIA,MXN
50fdbb7b-46d6-4ba2-a53f-80c9b0848d36,27184bbc-330d-4cfd-a78f-c17d51279685,21,2026-04-19 07:38:00,Metrobus,Metrobus,100.0,EGRESO,TRANSFERENCIA,MXN
95f28b10-bb57-448e-b858-b7f4969d0846,8ae451d5-4e82-4ced-8bbc-cee19fedccda,27,2026-04-19 07:46:00,Gas,Gas,730.0,EGRESO,EFECTIVO,MXN
baae92cf-e7c8-4ab6-b760-5318a23c53cd,9ebdcad6-2344-4fb6-873b-906defca570a,14,2026-04-19 08:06:00,Renta,Renta,10681.0,EGRESO,TRANSFERENCIA,MXN
4002fce9-6a28-4860-bbce-f69fddb382cb,ec1a1f42-1c5f-492f-919f-08cacfcb0039,1,2026-04-19 10:15:00,Nomina,Nomina,6725.27,INGRESO,TRANSFERENCIA,MXN
ce1e7eb0-248e-42e9-808c-62f773789774,c49c8bf6-2d71-40b9-8f87-363b870b0dfd,3,2026-04-19 10:43:00,Soriana,Soriana,1819.0,EGRESO,APP_MOVIL,MXN
0d4177f3-ff4b-48f1-b2df-2ed3c09eb220,b5525d88-0da0-4036-a444-3e4f7a34128f,25,2026-04-19 11:10:00,Liverpool,Liverpool,1765.0,EGRESO,APP_MOVIL,MXN
6b980d88-4209-4b5d-a364-fe2be7213a22,bacb91fd-e8d8-4aab-86af-be8542045bfc,1,2026-04-19 11:43:00,Nomina,Nomina,9431.42,INGRESO,TRANSFERENCIA,MXN
8d2050f3-a0de-4918-9645-c3447b4a4018,367901a5-f293-400f-8969-224db4f3e99e,19,2026-04-19 11:46:00,Mantenimiento Automotriz,Mantenimiento Automotriz,2467.0,EGRESO,APP_MOVIL,MXN
86fa121e-7029-4171-b285-9d6b6c2e90c0,27184bbc-330d-4cfd-a78f-c17d51279685,22,2026-04-19 11:47:00,BP,BP,,EGRESO,EFECTIVO,MXN
9f91388c-823d-4ccf-ae39-fb0779db6a6f,4a021a05-bacc-4ded-98e4-6ba1343b83b4,1,2026-04-19 11:51:00,Nomina,Nomina,12342.83,INGRESO,TRANSFERENCIA,MXN
39c90c4f-af23-4de3-85cd-0c7699086a09,7c74290c-b207-43d8-bcd5-14f069783b3b,9,2026-04-19 12:16:00,AT&T,AT&T,100.0,EGRESO,EFECTIVO,MXN
7326db6d-3f0a-4cb9-bf3d-224ef5ecec74,9fa6af03-3f13-4285-852b-d389da76d928,27,2026-04-19 12:29:00,Gas,Gas,605.0,EGRESO,APP_MOVIL,MXN
7c81c033-7332-4b4d-8549-772f215d5092,698259d6-1dc2-4996-bae9-8219285ebc59,1,2026-04-19 13:46:00,Nomina,Nomina,20700.4,INGRESO,TRANSFERENCIA,MXN
93fb0258-4d47-4e92-b967-7ac38116940d,7489af6c-154c-4eef-b7af-50397bd6b848,2,2026-04-19 14:19:00,Bus,Bus,6.0,EGRESO,APP_MOVIL,MXN
6743bd52-1ec2-4e42-9f32-5f8a49031822,460819f1-3e7b-4a18-b9bb-4a991973ca55,3,2026-04-19 14:25:00,Bodega Aurrera,Bodega Aurrera,3577.0,EGRESO,TRANSFERENCIA,MXN
0d59c8c0-ea8c-422c-b084-37f35498195a,a016e16f-7680-4d69-8958-9b2a62b35431,5,2026-04-19 14:33:00,Burger King,Burger King,379.0,EGRESO,APP_MOVIL,MXN
e0cad3b2-6bab-4a0e-9759-41708f14b06d,7f2f8daa-dfc2-4ad0-9c49-d90ffa6ae04b,10,2026-04-19 14:35:00,Compras Fisicas,Compras Fisicas,1808.0,EGRESO,EFECTIVO,MXN
2253f116-8901-409a-9280-e79c1679dff1,e80f9cac-b03e-4fcb-a3f3-7f1c6286bc7b,1,2026-04-19 15:43:00,Transferencia Recibida,Transferencia Recibida,4825.0,INGRESO,TRANSFERENCIA,MXN
9eb60411-d759-4265-b977-468c43bc3bbf,2ca34b24-a26a-4698-a4c6-7593f66ced33,7,2026-04-19 16:17:00,Electricidad,Electricidad,706.0,EGRESO,APP_MOVIL,MXN
381a84df-5e7f-43d5-b8a8-5e0f2d35d7d5,ec1a1f42-1c5f-492f-919f-08cacfcb0039,30,2026-04-19 16:34:00,Salon de Belleza,Salon de Belleza,306.0,EGRESO,TRANSFERENCIA,MXN
ce6dd76f-efe4-470f-a959-dc992b4acbe6,460819f1-3e7b-4a18-b9bb-4a991973ca55,14,2026-04-19 18:53:00,Renta,Renta,11758.0,EGRESO,TRANSFERENCIA,MXN
42165a78-b1c3-4011-b20c-b1b730158003,7c74290c-b207-43d8-bcd5-14f069783b3b,16,2026-04-19 18:57:00,Michael Kors,Michael Kors,1253.0,EGRESO,EFECTIVO,MXN
450d9224-1d0f-4e37-848d-75d535b13c2b,0aa2518e-377e-4305-9b5c-0f8e0f802f9e,12,2026-04-19 21:07:00,Barberia,Barberia,294.0,EGRESO,EFECTIVO,MXN
6dca4d06-f7ba-4bd1-91ca-d03d154ee18a,334ac887-2c2e-43f0-ac7f-4e80e3f22173,17,2026-04-19 21:19:00,Colegiatura,Colegiatura,7282.0,EGRESO,EFECTIVO,MXN
a1df544d-2768-4f7c-8812-0c1a0672f3fb,8d64339b-b475-44e4-bf62-e45215d1ea8f,32,2026-04-19 21:36:00,Xbox Live,Xbox Live,1265.0,EGRESO,APP_MOVIL,MXN
370b3bed-d943-40cb-9450-226350dbf36c,2ca34b24-a26a-4698-a4c6-7593f66ced33,13,2026-04-19 21:54:00,Andrea,Andrea,1030.0,EGRESO,APP_MOVIL,MXN
30225dc9-bc1f-42c7-a0f6-430bb072f10a,af1d8cae-6064-4332-977d-e896264e20c2,24,2026-04-19 22:30:00,L'Oreal,L'Oreal,1148.0,EGRESO,APP_MOVIL,MXN
c955618b-0654-4441-9cd7-678c30c62089,4f6ff8db-53cf-4464-883b-02373ed58457,4,2026-04-19 22:45:00,Amazon Prime,Amazon Prime,99.0,EGRESO,EFECTIVO,MXN
f200a0a8-14a8-457d-b4f4-7f673514a99c,b6ca9d87-476a-4c5d-83ca-7693a6527a9c,25,2026-04-20 01:19:00,Palacio de Hierro,Palacio de Hierro,,EGRESO,APP_MOVIL,MXN
0cb35841-f974-4908-ac8a-02e55be33249,39f9edad-efb7-47c6-9841-c96e9b5d6e22,28,2026-04-20 01:55:00,Decathlon,Decathlon,609.0,EGRESO,APP_MOVIL,MXN
893032b7-fc7b-4fc5-806f-8df119a86149,7f2f8daa-dfc2-4ad0-9c49-d90ffa6ae04b,27,2026-04-20 02:48:00,Gas,Gas,639.0,EGRESO,TRANSFERENCIA,MXN
78136cd5-1a31-4862-ae3c-e407ed4f50c0,86d42cc6-6226-41a4-aa56-9a03fdc03387,8,2026-04-20 05:14:00,Herramientas,Herramientas,863.0,EGRESO,APP_MOVIL,MXN
c12f9ede-1572-48eb-884c-3ff5309d9410,033eaacc-c1f9-412e-84cb-95b426d28b5c,1,2026-04-20 05:57:00,Transferencia Recibida,Transferencia Recibida,2081.0,INGRESO,TRANSFERENCIA,MXN
b7f8ea37-a336-4ca3-9d55-36169fb013de,86d42cc6-6226-41a4-aa56-9a03fdc03387,14,2026-04-20 06:31:00,Renta,Renta,7696.0,EGRESO,APP_MOVIL,MXN
827260b8-91ce-4350-b5dd-ab25870f8aeb,b1df054d-9d22-4d28-b46d-87390f12a902,25,2026-04-20 07:50:00,Palacio de Hierro,Palacio de Hierro,380.0,EGRESO,APP_MOVIL,MXN
32f26d03-a5b8-45ef-9635-e3baf5c073b4,2d80c188-6489-4094-b09d-93b06a6b2935,6,2026-04-20 08:29:00,Uber,Uber,76.0,EGRESO,APP_MOVIL,MXN
c3b098e4-2e42-472b-adb2-71e103736cb3,460819f1-3e7b-4a18-b9bb-4a991973ca55,16,2026-04-20 09:29:00,Coach,Coach,1215.0,EGRESO,EFECTIVO,MXN
2a59d84f-3b2d-482b-9034-ceccdfafe1f9,f20e8816-f077-4abe-837b-b3e39ccf37eb,34,2026-04-20 09:33:00,Nintendo eShop,Nintendo eShop,1785.0,EGRESO,APP_MOVIL,MXN
19fcf51c-509b-477f-92d8-841c1913dc0d,334ac887-2c2e-43f0-ac7f-4e80e3f22173,1,2026-04-20 09:59:00,Nomina,Nomina,13413.98,INGRESO,TRANSFERENCIA,MXN
b67badd3-543d-4781-8ace-8761335d6ab4,367901a5-f293-400f-8969-224db4f3e99e,11,2026-04-20 10:01:00,Metro,Metro,100.0,EGRESO,EFECTIVO,MXN
0ec35ec8-a70c-4743-9681-0455f243a856,4a021a05-bacc-4ded-98e4-6ba1343b83b4,10,2026-04-20 10:03:00,Compras Fisicas,Compras Fisicas,753.0,EGRESO,APP_MOVIL,MXN
e8e1d880-5dc6-45de-9f6f-b83d5c8ac26a,0e2604b4-11e5-4452-8748-64aa92f9ca8f,10,2026-04-20 10:12:00,Compras Fisicas,Compras Fisicas,1948.0,EGRESO,APP_MOVIL,MXN
2804dd2c-dddb-4d3e-9ce1-9f2498fa1a10,2ca34b24-a26a-4698-a4c6-7593f66ced33,18,2026-04-20 11:03:00,Infinitum,Infinitum,499.0,EGRESO,APP_MOVIL,MXN
e9ef66d0-fb1d-480d-b354-ed4beacf32b9,088735e5-4d0d-4706-a911-442edac351c2,27,2026-04-20 11:30:00,Gas,Gas,528.0,EGRESO,APP_MOVIL,MXN
23363e7e-33ff-4d14-91d8-0daa3c5a0e2b,d83b0edd-72db-47f8-a768-7d03bc7fa190,1,2026-04-20 13:22:00,Nomina,Nomina,9011.15,INGRESO,TRANSFERENCIA,MXN
a0cb1142-af35-42cc-8c4a-4e2ec99e9020,b6ca9d87-476a-4c5d-83ca-7693a6527a9c,29,2026-04-20 13:36:00,Viajes,Viajes,6747.0,EGRESO,APP_MOVIL,MXN
b5a7d60c-c4a4-463e-b5b0-eab8fa5f7919,6b2251e4-b804-4f13-898b-216c0c5ba9cc,8,2026-04-20 13:47:00,Herramientas,Herramientas,2037.0,EGRESO,TRANSFERENCIA,MXN
0f02e426-5af0-4828-b001-436a104239f4,e6f6e0cb-d25d-473f-9f7b-b942a476f005,2,2026-04-20 14:59:00,Bus,Bus,9.5,EGRESO,APP_MOVIL,MXN
69d44942-be5f-4761-964d-d1679034464f,e4814a6c-08b2-4b08-99dd-d9e29211ea72,10,2026-04-20 15:45:00,Compras Fisicas,Compras Fisicas,,EGRESO,EFECTIVO,MXN
34c59e85-85a3-402d-8a37-0756e4734ccb,a016e16f-7680-4d69-8958-9b2a62b35431,21,2026-04-20 15:49:00,Metrobus,Metrobus,6.0,EGRESO,APP_MOVIL,MXN
090fc930-f996-4633-a8ca-5b6553314df5,033eaacc-c1f9-412e-84cb-95b426d28b5c,1,2026-04-20 16:15:00,Nomina,Nomina,24894.24,INGRESO,TRANSFERENCIA,MXN
8fefe970-1076-455b-b601-71ba06374d63,d7d4bd62-308e-4ac3-9ba9-582ec4beeeb0,33,2026-04-20 17:02:00,Agua,Agua,1129.0,EGRESO,TRANSFERENCIA,MXN
5e6933c5-e0f5-4f20-b1d3-3e989cc3d5f2,6be93697-d5c5-49d1-8778-8abe58f5c5a3,32,2026-04-20 17:14:00,PlayStation Network,PlayStation Network,1212.0,EGRESO,EFECTIVO,MXN
67f6ac49-f6ea-43c8-9827-e40fffd1a494,edeb6414-0b55-4e0a-bed2-b73a88276387,18,2026-04-20 17:45:00,Totalplay,Totalplay,999.0,EGRESO,TRANSFERENCIA,MXN
d327326a-c416-472c-9457-fa4e6af0e136,3e5b598d-bd6d-4076-8922-5940bc6d277c,15,2026-04-20 18:02:00,Multa de Transito,Multa de Transito,1279.0,EGRESO,TRANSFERENCIA,MXN
8730ce60-152c-43e3-b6df-f7e608784d62,e6f6e0cb-d25d-473f-9f7b-b942a476f005,14,2026-04-20 19:43:00,Renta,Renta,3805.0,EGRESO,EFECTIVO,MXN
f66b0c4b-f8bd-4360-8a6f-e3c572178bcb,c9e1bb7a-b4b0-4880-88f1-2b90da359497,24,2026-04-20 20:09:00,NYX Cosmetics,NYX Cosmetics,1282.0,EGRESO,TRANSFERENCIA,MXN
0e0d5c48-2fbd-4dd4-ad4a-3c971a149e5d,2d80c188-6489-4094-b09d-93b06a6b2935,1,2026-04-20 22:21:00,Transferencia Recibida,Transferencia Recibida,2252.0,INGRESO,TRANSFERENCIA,MXN
65b7169e-1bb2-4cb0-b8e7-aeda0d8daf6b,e80f9cac-b03e-4fcb-a3f3-7f1c6286bc7b,23,2026-04-21 00:42:00,Qualitas,Qualitas,515.0,EGRESO,EFECTIVO,MXN
384964b4-3676-4ca8-9ba9-ee77205262f8,e6f6e0cb-d25d-473f-9f7b-b942a476f005,20,2026-04-21 01:00:00,Cinemex,Cinemex,949.0,EGRESO,APP_MOVIL,MXN
55060e77-5041-4301-88ff-deb63d23c983,03e60ec2-d499-47cd-81fb-96e308403ecd,22,2026-04-21 01:05:00,Mobil,Mobil,849.0,EGRESO,APP_MOVIL,MXN
e22afd74-aac2-475b-afd0-f1f802d1c1db,6b2251e4-b804-4f13-898b-216c0c5ba9cc,32,2026-04-21 01:53:00,PlayStation Network,PlayStation Network,162.0,EGRESO,APP_MOVIL,MXN
c1238bbe-63d5-43f1-b7c5-635d0b9217b0,4a021a05-bacc-4ded-98e4-6ba1343b83b4,21,2026-04-21 02:03:00,Metrobus,Metrobus,20.0,EGRESO,APP_MOVIL,MXN
63a473b6-a03d-402c-9ea7-1884e6738084,088735e5-4d0d-4706-a911-442edac351c2,1,2026-04-21 02:39:00,Transferencia Recibida,Transferencia Recibida,1874.0,INGRESO,TRANSFERENCIA,MXN
b8a73e89-317c-43cd-9392-7bd25613548f,f30fbc40-9703-4c31-b9a5-ab557c4b82c8,25,2026-04-21 06:24:00,Liverpool,Liverpool,321.0,EGRESO,APP_MOVIL,MXN
e8a78854-8777-4e8c-b721-ac5f42b5ce3b,edeb6414-0b55-4e0a-bed2-b73a88276387,26,2026-04-21 06:46:00,Farmacias Guadalajara,Farmacias Guadalajara,785.0,EGRESO,APP_MOVIL,MXN
486648a6-6421-4b61-a420-841f7f69a485,39f9edad-efb7-47c6-9841-c96e9b5d6e22,23,2026-04-21 07:11:00,Qualitas,Qualitas,2723.0,EGRESO,APP_MOVIL,MXN
e63eb927-30a4-40db-b02c-a8230c8c7f45,39f9edad-efb7-47c6-9841-c96e9b5d6e22,1,2026-04-21 08:22:00,Transferencia Recibida,Transferencia Recibida,1310.0,INGRESO,TRANSFERENCIA,MXN
cb7967f2-cbb8-4cdf-b60b-9058785f8c10,5057339d-f49e-4d1c-beae-6ced3a7c148f,19,2026-04-21 08:52:00,Mantenimiento Automotriz,Mantenimiento Automotriz,3414.0,EGRESO,APP_MOVIL,MXN
b6e57975-eaff-4ebf-9ead-923030217a85,4f6ff8db-53cf-4464-883b-02373ed58457,21,2026-04-21 09:21:00,Metrobus,Metrobus,100.0,EGRESO,TRANSFERENCIA,MXN
39319185-fa13-4205-8cda-0843adc34828,d7b98250-11d8-4b40-a1fd-44ae5b3e0d2a,11,2026-04-21 11:08:00,Metro,Metro,20.0,EGRESO,TRANSFERENCIA,MXN
a7fa0745-8716-4d28-af82-03961ae58ee6,8ae451d5-4e82-4ced-8bbc-cee19fedccda,27,2026-04-21 11:08:00,Gas,Gas,239.0,EGRESO,APP_MOVIL,MXN
0a1821a5-dc64-41b7-a994-44e7ad86c57b,f20e8816-f077-4abe-837b-b3e39ccf37eb,24,2026-04-21 11:25:00,L'Oreal,L'Oreal,1677.0,EGRESO,APP_MOVIL,MXN
b88ef8c9-70f2-4941-b5d1-b7e244e98b31,0aa2518e-377e-4305-9b5c-0f8e0f802f9e,8,2026-04-21 11:31:00,Herramientas,Herramientas,1124.0,EGRESO,TRANSFERENCIA,MXN
fc96c862-2ac1-48a9-9c69-6204c92faf12,bacb91fd-e8d8-4aab-86af-be8542045bfc,34,2026-04-21 12:14:00,Epic Games Store,Epic Games Store,626.0,EGRESO,TRANSFERENCIA,MXN
1e0f184a-bbb2-48fa-87ba-b77a80c4988f,367901a5-f293-400f-8969-224db4f3e99e,6,2026-04-21 13:57:00,Cabify,Cabify,134.0,EGRESO,EFECTIVO,MXN
999d8c47-e043-460b-81ad-a77c7497e412,4c903803-6f89-4498-ac48-9cac84de61c7,10,2026-04-21 14:47:00,Compras Fisicas,Compras Fisicas,1150.0,EGRESO,APP_MOVIL,MXN
ea88f43b-bde0-46fb-8d3a-dbe0028c84d0,007759d6-7e92-4216-8b0d-24e4b3bdc25c,31,2026-04-21 15:27:00,Mercado Libre,Mercado Libre,1778.0,EGRESO,APP_MOVIL,MXN
f038892a-863f-4be3-ac53-d75c00aed430,6b2251e4-b804-4f13-898b-216c0c5ba9cc,1,2026-04-21 15:43:00,Nomina,Nomina,21008.87,INGRESO,TRANSFERENCIA,MXN
6e23490b-ed49-4a18-872d-819b3e4dbbed,b4991233-a822-49ca-a113-cbedbb85a741,6,2026-04-21 16:55:00,Uber,Uber,104.0,EGRESO,TRANSFERENCIA,MXN
1ca51bce-570b-4f98-916d-727f0d9de32f,007759d6-7e92-4216-8b0d-24e4b3bdc25c,1,2026-04-21 17:10:00,Transferencia Recibida,Transferencia Recibida,1219.0,INGRESO,TRANSFERENCIA,MXN
36cc5f9e-c2d5-4787-ace0-87c132dc3699,efb35f92-a96e-40cb-9ba4-a3d3670133ab,12,2026-04-21 17:11:00,Barberia,Barberia,417.0,EGRESO,EFECTIVO,MXN
226f889a-a9cc-4a5a-b2d6-80f18ca7dba6,1d78859f-eed0-4406-a7a8-ac62bfe90145,19,2026-04-21 18:08:00,Mantenimiento Automotriz,Mantenimiento Automotriz,3330.0,EGRESO,APP_MOVIL,MXN
5d511558-5fdd-447c-8b6d-c806fa2afec9,fe494458-2541-481f-bb69-2bcb8e182795,23,2026-04-21 19:59:00,GNP Seguros,GNP Seguros,1704.0,EGRESO,EFECTIVO,MXN
3f99ede8-fd4c-4542-b154-0ed8f26c7c49,e6f6e0cb-d25d-473f-9f7b-b942a476f005,10,2026-04-21 20:38:00,Compras Fisicas,Compras Fisicas,1507.0,EGRESO,TRANSFERENCIA,MXN
98e3fe5f-6b0e-44c7-8c91-4589396ee301,86ebabff-3329-403c-ae53-7102b0dc7831,2,2026-04-21 20:39:00,Bus,Bus,9.5,EGRESO,APP_MOVIL,MXN
989448ce-b05d-4e94-9853-1f217188f0db,6d2288f2-a9dc-4bbd-b86b-33d48f2390dd,8,2026-04-21 22:14:00,Herramientas,Herramientas,1556.0,EGRESO,APP_MOVIL,MXN
54ed6935-a587-4695-8fe2-f76af3d1584b,49c19272-4521-43eb-a5ed-ba309950965f,12,2026-04-21 22:32:00,Barberia,Barberia,86.0,EGRESO,TRANSFERENCIA,MXN
a820bcbb-edd7-4673-a0b5-9d861cf6df8e,cb4d084d-d246-4f2e-847a-1132c5e51dc6,10,2026-04-21 23:03:00,Compras Fisicas,Compras Fisicas,1011.0,EGRESO,TRANSFERENCIA,MXN
d47c1a38-b315-4c2a-9b4c-ee9ce96a0f7d,ec1a1f42-1c5f-492f-919f-08cacfcb0039,13,2026-04-21 23:32:00,Capa de Ozono,Capa de Ozono,2193.0,EGRESO,APP_MOVIL,MXN
b347de33-36ac-42ca-afc7-e2630466022d,27184bbc-330d-4cfd-a78f-c17d51279685,1,2026-04-21 23:37:00,Nomina,Nomina,14773.1,INGRESO,TRANSFERENCIA,MXN
281f7b27-b4eb-4244-8755-fd2f22e0d0bc,6e3e2a99-1a3d-42fa-bfe5-52f057eccb2f,31,2026-04-22 00:14:00,Mercado Libre,Mercado Libre,309.0,EGRESO,EFECTIVO,MXN
35b0b25a-c429-46e9-8d2a-689902b6c48b,b6ca9d87-476a-4c5d-83ca-7693a6527a9c,17,2026-04-22 01:23:00,Colegiatura,Colegiatura,3143.0,EGRESO,TRANSFERENCIA,MXN
0945a653-371e-4787-b20c-feae03cbf177,d83b0edd-72db-47f8-a768-7d03bc7fa190,34,2026-04-22 02:10:00,Nintendo eShop,Nintendo eShop,1117.0,EGRESO,TRANSFERENCIA,MXN
b2a48816-0dbf-439c-9a91-f4cff883fc45,b4991233-a822-49ca-a113-cbedbb85a741,2,2026-04-22 02:36:00,Bus,Bus,100.0,EGRESO,EFECTIVO,MXN
aa3718c4-5335-4610-9d43-5c1f6b229c4f,d7d4bd62-308e-4ac3-9ba9-582ec4beeeb0,1,2026-04-22 03:55:00,Nomina,Nomina,24156.88,INGRESO,TRANSFERENCIA,MXN
b4cae699-af9b-4b8b-89ef-77b2dbc61dc9,287b9cdc-edd5-4342-a5fb-5148aeea5b6c,7,2026-04-22 04:14:00,Electricidad,Electricidad,442.0,EGRESO,APP_MOVIL,MXN
953acc10-f5ba-4bb3-8c44-2d743e127370,cf376ebc-04ee-401c-98d2-d2ca7394def8,1,2026-04-22 06:32:00,Nomina,Nomina,5343.1,INGRESO,TRANSFERENCIA,MXN
c876c893-8e17-48c1-b92d-15baeddec5e8,1d78859f-eed0-4406-a7a8-ac62bfe90145,28,2026-04-22 07:35:00,Decathlon,Decathlon,851.0,EGRESO,APP_MOVIL,MXN
3dcb76d4-f820-493f-b8a8-f82eae446764,6b2251e4-b804-4f13-898b-216c0c5ba9cc,3,2026-04-22 10:41:00,Walmart,Walmart,1561.0,EGRESO,TRANSFERENCIA,MXN
b816bf33-8c4b-4d82-ac19-81b44b827ef9,bacb91fd-e8d8-4aab-86af-be8542045bfc,1,2026-04-22 10:53:00,Transferencia Recibida,Transferencia Recibida,439.0,INGRESO,TRANSFERENCIA,MXN
972a4ba0-9d45-416c-9b1f-7746b6a98a0c,fe494458-2541-481f-bb69-2bcb8e182795,17,2026-04-22 12:16:00,Colegiatura,Colegiatura,7704.0,EGRESO,EFECTIVO,MXN
52e1ef50-837f-4ac4-a67a-074b6a4354de,ef403853-e247-49d9-9751-bf46943b3d76,28,2026-04-22 13:11:00,Decathlon,Decathlon,,EGRESO,APP_MOVIL,MXN
8b7a1e51-73ba-475d-8259-b0e8c8d33d28,fe494458-2541-481f-bb69-2bcb8e182795,10,2026-04-22 13:31:00,Compras Fisicas,Compras Fisicas,1325.0,EGRESO,EFECTIVO,MXN
4664c1bb-ba73-4b27-83af-6f3ff7ad3090,cf376ebc-04ee-401c-98d2-d2ca7394def8,13,2026-04-22 14:15:00,Flexi,Flexi,1866.0,EGRESO,APP_MOVIL,MXN
fbca8a35-d80b-4b73-93a6-fbde2472c9af,062fd77f-ba97-4763-bff4-0bc64c0b9db9,27,2026-04-22 14:31:00,Gas,Gas,388.0,EGRESO,EFECTIVO,MXN
69480be2-3aa4-44ba-bca6-6b931a3b3142,87a8bdbd-1d61-4275-b187-80f960bd7983,18,2026-04-22 15:15:00,Izzi,Izzi,549.0,EGRESO,TRANSFERENCIA,MXN
7007e471-b3a2-4d50-bc70-a9ffc4d93cbf,460819f1-3e7b-4a18-b9bb-4a991973ca55,1,2026-04-22 15:50:00,Transferencia Recibida,Transferencia Recibida,2412.0,INGRESO,TRANSFERENCIA,MXN
3dcc8346-f41f-4c2a-ba16-ac75fc541f0c,a016e16f-7680-4d69-8958-9b2a62b35431,26,2026-04-22 15:56:00,Farmacias Guadalajara,Farmacias Guadalajara,377.0,EGRESO,APP_MOVIL,MXN
dc0277e3-7750-405f-b082-db48223a8d01,d94896e7-da2e-4ebf-8861-0ed51d327133,19,2026-04-22 16:12:00,Mantenimiento Automotriz,Mantenimiento Automotriz,1953.0,EGRESO,EFECTIVO,MXN
2c8237e9-5c8c-4c53-813a-9f83e2a0d81f,9ebdcad6-2344-4fb6-873b-906defca570a,31,2026-04-22 16:31:00,Mercado Libre,Mercado Libre,1321.0,EGRESO,EFECTIVO,MXN
0957b4a7-b6f1-4896-9eeb-f5edd9cb6177,36bb528a-43a8-4008-8557-d3e3a5c94a6c,6,2026-04-22 17:51:00,Uber,Uber,172.0,EGRESO,EFECTIVO,MXN
b13929c4-2811-48a9-99dd-0be50f2d04ee,d1015873-9015-4bb6-ad9c-9c10c7fbccaa,2,2026-04-22 18:01:00,Bus,Bus,100.0,EGRESO,EFECTIVO,MXN
a97c2c23-5b70-4542-8c6f-58a4d60a56a3,698259d6-1dc2-4996-bae9-8219285ebc59,34,2026-04-22 19:34:00,Epic Games Store,Epic Games Store,1728.0,EGRESO,TRANSFERENCIA,MXN
cb1792b3-356d-462f-9ca7-abbf833a7d38,481fe99e-04d7-42b3-b696-00ef02353148,6,2026-04-22 19:38:00,DiDi,DiDi,178.0,EGRESO,TRANSFERENCIA,MXN
2362a874-f68f-431b-9df0-e2eadb9ed050,b8a2aeb0-77bc-4f93-87a4-dbd5d9aae0e9,23,2026-04-22 20:15:00,AXA Seguros,AXA Seguros,3804.0,EGRESO,EFECTIVO,MXN
c8b7d125-b02b-4fa5-a54e-487e52cd18ad,c49c8bf6-2d71-40b9-8f87-363b870b0dfd,32,2026-04-22 20:15:00,PlayStation Network,PlayStation Network,511.0,EGRESO,EFECTIVO,MXN
3a41d77b-7616-4b91-a0e5-91a040936163,c9e1bb7a-b4b0-4880-88f1-2b90da359497,6,2026-04-22 23:13:00,Uber,Uber,104.0,EGRESO,EFECTIVO,MXN
1e4d8e40-d7fc-4f3a-9307-e3d6695db4a9,03e60ec2-d499-47cd-81fb-96e308403ecd,30,2026-04-23 00:31:00,Salon de Belleza,Salon de Belleza,392.0,EGRESO,APP_MOVIL,MXN
27d8aa44-1982-40a7-ad9e-58831cad2588,0aa2518e-377e-4305-9b5c-0f8e0f802f9e,29,2026-04-23 00:33:00,Viajes,Viajes,2161.0,EGRESO,EFECTIVO,MXN
41a9c764-99bc-4f37-9fcf-dd7b12c9a820,1d78859f-eed0-4406-a7a8-ac62bfe90145,12,2026-04-23 00:50:00,Barberia,Barberia,359.0,EGRESO,TRANSFERENCIA,MXN
ff4c397c-cb2c-4d23-8cfe-95e33875814e,088735e5-4d0d-4706-a911-442edac351c2,1,2026-04-23 00:53:00,Nomina,Nomina,9976.69,INGRESO,TRANSFERENCIA,MXN
1b5528b5-da10-4fcc-b6d7-af26a0467863,57a16ad2-8282-4a67-91ec-ebc90dee810e,24,2026-04-23 03:46:00,L'Oreal,L'Oreal,2342.0,EGRESO,TRANSFERENCIA,MXN
2c355595-4f3c-40df-b0c7-58aa376a044b,e6f6e0cb-d25d-473f-9f7b-b942a476f005,1,2026-04-23 03:50:00,Transferencia Recibida,Transferencia Recibida,2975.0,INGRESO,TRANSFERENCIA,MXN
6256fd19-76f8-4a83-a2c9-7ce392bdc8f7,287b9cdc-edd5-4342-a5fb-5148aeea5b6c,26,2026-04-23 05:45:00,Farmacias Similares,Farmacias Similares,586.0,EGRESO,TRANSFERENCIA,MXN
517caa03-0c87-49c2-ba6b-9b92dae6e90f,950bb240-d014-403a-bd23-d2ae18663c05,15,2026-04-23 06:28:00,Multa de Transito,Multa de Transito,2439.0,EGRESO,TRANSFERENCIA,MXN
9325c2d5-18fb-456f-a134-7e0e8c92b337,bacb91fd-e8d8-4aab-86af-be8542045bfc,28,2026-04-23 07:14:00,Decathlon,Decathlon,198.0,EGRESO,APP_MOVIL,MXN
9ddce368-d519-43f2-94fd-5f36c7af0b51,2d80c188-6489-4094-b09d-93b06a6b2935,23,2026-04-23 08:02:00,AXA Seguros,AXA Seguros,988.0,EGRESO,APP_MOVIL,MXN
24b2a6b6-43ee-42ab-8f59-8a85b6c8f982,ec1a1f42-1c5f-492f-919f-08cacfcb0039,30,2026-04-23 09:01:00,Salon de Belleza,Salon de Belleza,366.0,EGRESO,EFECTIVO,MXN
9ac2b0f9-5ee3-4ef9-8bf3-6004ad4aeb31,f2e52e1f-1d7b-4214-a1ee-83e8b98918f0,24,2026-04-23 09:19:00,Maybelline,Maybelline,1981.0,EGRESO,APP_MOVIL,MXN
83743a30-fb61-4353-9111-6c6bb9697c40,cb4d084d-d246-4f2e-847a-1132c5e51dc6,7,2026-04-23 09:43:00,Electricidad,Electricidad,1241.0,EGRESO,APP_MOVIL,MXN
4adf7362-42d2-482f-8355-df7fdd8fc603,e4814a6c-08b2-4b08-99dd-d9e29211ea72,21,2026-04-23 10:57:00,Metrobus,Metrobus,50.0,EGRESO,TRANSFERENCIA,MXN
a534df85-251b-45ad-9638-b16f1daf634e,74a2259c-8ee4-4064-89cc-8a49fd390792,31,2026-04-23 11:56:00,Mercado Libre,Mercado Libre,2182.0,EGRESO,EFECTIVO,MXN
008d01a2-5b2e-44ec-9538-2591a2f1cf53,ec1a1f42-1c5f-492f-919f-08cacfcb0039,1,2026-04-23 12:49:00,Nomina,Nomina,6725.27,INGRESO,TRANSFERENCIA,MXN
575b418f-98e3-4994-aa0d-0f63d2c27c5c,334ac887-2c2e-43f0-ac7f-4e80e3f22173,20,2026-04-23 13:14:00,Cinemex,Cinemex,1006.0,EGRESO,EFECTIVO,MXN
d9f1f4be-680f-4652-a82b-4a0c661e175e,3e5b598d-bd6d-4076-8922-5940bc6d277c,1,2026-04-23 14:02:00,Nomina,Nomina,24603.92,INGRESO,TRANSFERENCIA,MXN
9b425ece-9d40-462c-aac8-04f1387de77f,74a2259c-8ee4-4064-89cc-8a49fd390792,1,2026-04-23 14:18:00,Nomina,Nomina,32103.44,INGRESO,TRANSFERENCIA,MXN
cec4caa4-7e5c-4c2f-8304-25e6422ed889,d94896e7-da2e-4ebf-8861-0ed51d327133,7,2026-04-23 16:48:00,Electricidad,Electricidad,893.0,EGRESO,APP_MOVIL,MXN
872ccac5-07f0-4c35-a6c0-2497fd5ac457,2f5e4265-1e5f-4813-839b-50bf4accbd7e,25,2026-04-23 17:42:00,Palacio de Hierro,Palacio de Hierro,2176.0,EGRESO,TRANSFERENCIA,MXN
cdfea190-ab82-495c-b767-d5195b9573bf,4bb45633-ce6a-4e78-8b36-ab2143b9312a,29,2026-04-23 17:58:00,Viajes,Viajes,8178.0,EGRESO,TRANSFERENCIA,MXN
e00b16ed-bf40-4318-a9be-c311c81566ca,c9e1bb7a-b4b0-4880-88f1-2b90da359497,16,2026-04-23 19:15:00,Coach,Coach,1779.0,EGRESO,EFECTIVO,MXN
b94cc4e7-7a47-47c8-b4c3-d6be2ffcedca,d7d4bd62-308e-4ac3-9ba9-582ec4beeeb0,1,2026-04-23 21:44:00,Nomina,Nomina,24156.88,INGRESO,TRANSFERENCIA,MXN
b6d55b87-8dee-41f1-98f5-1dcc4ad984e9,b1df054d-9d22-4d28-b46d-87390f12a902,27,2026-04-23 22:18:00,Gas,Gas,399.0,EGRESO,APP_MOVIL,MXN
cf58f1a3-ade6-4970-869a-c099ebb6bb68,698259d6-1dc2-4996-bae9-8219285ebc59,1,2026-04-23 22:54:00,Nomina,Nomina,20700.4,INGRESO,TRANSFERENCIA,MXN
750bf5a3-70e4-4ba8-b267-a69115a3d7b5,3e5b598d-bd6d-4076-8922-5940bc6d277c,1,2026-04-23 22:56:00,Transferencia Recibida,Transferencia Recibida,4083.0,INGRESO,TRANSFERENCIA,MXN
f046eed6-bc1b-421f-98f3-0c41cf00bdf2,57a16ad2-8282-4a67-91ec-ebc90dee810e,20,2026-04-23 23:57:00,Restaurante Local,Restaurante Local,108.0,EGRESO,EFECTIVO,MXN
35faf390-15b4-47f1-ad35-686527984520,d1015873-9015-4bb6-ad9c-9c10c7fbccaa,4,2026-04-24 00:23:00,Max (HBO),Max (HBO),199.0,EGRESO,APP_MOVIL,MXN
490ccdf7-b342-44ed-9ef0-26eed5165e9d,3e5b598d-bd6d-4076-8922-5940bc6d277c,4,2026-04-24 03:53:00,Max (HBO),Max (HBO),149.0,EGRESO,APP_MOVIL,MXN
53530b53-675c-4afb-9c44-ab6f34014ed9,6e3e2a99-1a3d-42fa-bfe5-52f057eccb2f,1,2026-04-24 04:19:00,Nomina,Nomina,5628.95,INGRESO,TRANSFERENCIA,MXN
ed59f783-b988-436e-b538-15f6afde9b56,87a8bdbd-1d61-4275-b187-80f960bd7983,8,2026-04-24 04:51:00,Herramientas,Herramientas,1968.0,EGRESO,APP_MOVIL,MXN
e3847c68-0182-4266-83aa-88ea747c942c,f2e52e1f-1d7b-4214-a1ee-83e8b98918f0,24,2026-04-24 05:13:00,L'Oreal,L'Oreal,1302.0,EGRESO,APP_MOVIL,MXN
f0ffcac3-c7e0-4e30-9eff-d31685fe6bef,6b2251e4-b804-4f13-898b-216c0c5ba9cc,11,2026-04-24 05:23:00,Metro,Metro,20.0,EGRESO,TRANSFERENCIA,MXN
b6bceb4b-93cb-488e-aae6-d27f4d16e62c,e8dab777-b3e1-4c67-81e8-1bcf07a12eb6,3,2026-04-24 07:10:00,Chedraui,Chedraui,1742.0,EGRESO,EFECTIVO,MXN
3fccc50e-6fe1-4e72-9e4c-2b68cc610b5a,8ae451d5-4e82-4ced-8bbc-cee19fedccda,5,2026-04-24 08:42:00,Domino's,Domino's,410.0,EGRESO,APP_MOVIL,MXN
e56059a9-0529-4917-acfb-e798cc7eae7c,57a16ad2-8282-4a67-91ec-ebc90dee810e,31,2026-04-24 08:44:00,Mercado Libre,Mercado Libre,2292.0,EGRESO,APP_MOVIL,MXN
7450e76c-37ca-4194-a390-88d4aedbcd57,af1d8cae-6064-4332-977d-e896264e20c2,4,2026-04-24 09:18:00,Amazon Prime,Amazon Prime,99.0,EGRESO,EFECTIVO,MXN
0dc675b3-e7c4-4870-a535-3fd874056d7d,8d64339b-b475-44e4-bf62-e45215d1ea8f,12,2026-04-24 09:23:00,Barberia,Barberia,251.0,EGRESO,EFECTIVO,MXN
25ef7cca-cfb7-46b8-8f19-a0e708bc352c,334ac887-2c2e-43f0-ac7f-4e80e3f22173,3,2026-04-24 10:59:00,Chedraui,Chedraui,3326.0,EGRESO,APP_MOVIL,MXN
ac9a2b68-68c3-4b11-8316-19a9948c71f2,7f2f8daa-dfc2-4ad0-9c49-d90ffa6ae04b,27,2026-04-24 11:14:00,Gas,Gas,712.0,EGRESO,TRANSFERENCIA,MXN
283edfe6-945a-4925-b6eb-e70d8b349c01,1d78859f-eed0-4406-a7a8-ac62bfe90145,1,2026-04-24 14:38:00,Transferencia Recibida,Transferencia Recibida,2600.0,INGRESO,TRANSFERENCIA,MXN
b15bf996-88b3-4002-aa59-c72e57631ad7,d94896e7-da2e-4ebf-8861-0ed51d327133,26,2026-04-24 16:11:00,Farmacias Guadalajara,Farmacias Guadalajara,831.0,EGRESO,APP_MOVIL,MXN
46012b81-89ba-48a6-8120-f11f394f93e5,1d7d3151-e6c5-479c-aa65-df54b837c324,3,2026-04-24 17:15:00,Costco,Costco,1747.0,EGRESO,APP_MOVIL,MXN
e4fc3ef3-0802-4d50-bf27-48db434bc4e9,d660ddf9-6ba0-4a64-88ea-5d41f61fcefb,29,2026-04-24 17:24:00,Viajes,Viajes,,EGRESO,APP_MOVIL,MXN
7cc4c82d-2225-4258-b9a3-fbae391c49d6,7059c9c8-532b-4bfe-a72e-0c9aa55e75da,14,2026-04-24 17:54:00,Renta,Renta,9088.0,EGRESO,EFECTIVO,MXN
61fbacae-e19f-4aa9-8a9b-bab704fd4834,36ee8608-fe5c-4530-b7cf-d13801c08072,30,2026-04-24 19:46:00,Salon de Belleza,Salon de Belleza,100.0,EGRESO,APP_MOVIL,MXN
f0b27ee4-8d5a-4743-bb0b-2c97d39057df,6e3e2a99-1a3d-42fa-bfe5-52f057eccb2f,7,2026-04-24 21:09:00,Electricidad,Electricidad,455.0,EGRESO,EFECTIVO,MXN
d6dfe9ab-11ce-4f69-8988-1a6477a74604,36ee8608-fe5c-4530-b7cf-d13801c08072,30,2026-04-24 21:28:00,Salon de Belleza,Salon de Belleza,463.0,EGRESO,APP_MOVIL,MXN
6e968c01-a3b2-4f45-89df-e4b80a9e0d61,71c16233-5b03-45a3-b9d9-75dfce80f8cd,24,2026-04-24 21:51:00,NYX Cosmetics,NYX Cosmetics,935.0,EGRESO,TRANSFERENCIA,MXN
75df7e1c-26db-4d1e-8cef-ec1f1d2fddd5,c49c8bf6-2d71-40b9-8f87-363b870b0dfd,1,2026-04-24 22:15:00,Nomina,Nomina,10402.89,INGRESO,TRANSFERENCIA,MXN
0f84d6c2-3d6b-450b-8503-f1020740c218,b8a2aeb0-77bc-4f93-87a4-dbd5d9aae0e9,7,2026-04-24 22:29:00,Electricidad,Electricidad,1359.0,EGRESO,TRANSFERENCIA,MXN
fae22781-3931-41a9-be5b-623df22b6e0e,698259d6-1dc2-4996-bae9-8219285ebc59,27,2026-04-24 22:37:00,Gas,Gas,344.0,EGRESO,APP_MOVIL,MXN
3e32dfb9-e815-4726-a576-b4e96ddc6c8f,8d64339b-b475-44e4-bf62-e45215d1ea8f,17,2026-04-24 23:07:00,Colegiatura,Colegiatura,7542.0,EGRESO,APP_MOVIL,MXN
c01e0b0c-3b33-4b2d-be70-e368b18d8a76,ef403853-e247-49d9-9751-bf46943b3d76,9,2026-04-24 23:34:00,AT&T,AT&T,100.0,EGRESO,TRANSFERENCIA,MXN
72290334-4188-4c46-888c-5e581fbd5cd7,ef403853-e247-49d9-9751-bf46943b3d76,26,2026-04-25 00:20:00,Farmacias Similares,Farmacias Similares,786.0,EGRESO,APP_MOVIL,MXN
4a37f899-b3fc-430f-a8bd-d80e9c91d5f3,7f2f8daa-dfc2-4ad0-9c49-d90ffa6ae04b,30,2026-04-25 00:56:00,Salon de Belleza,Salon de Belleza,490.0,EGRESO,TRANSFERENCIA,MXN
3d206eff-294d-41ba-a1e4-9dddec76c0a2,e6f6e0cb-d25d-473f-9f7b-b942a476f005,24,2026-04-25 01:16:00,L'Oreal,L'Oreal,1376.0,EGRESO,APP_MOVIL,MXN
268ac918-d0b2-434e-9044-0de83871c28e,d1015873-9015-4bb6-ad9c-9c10c7fbccaa,21,2026-04-25 01:27:00,Metrobus,Metrobus,6.0,EGRESO,APP_MOVIL,MXN
0bd31b26-948c-40ce-a1f4-b6024c6ee9ea,71c16233-5b03-45a3-b9d9-75dfce80f8cd,1,2026-04-25 03:33:00,Nomina,Nomina,9928.76,INGRESO,TRANSFERENCIA,MXN
d94660a4-c8d3-4cc0-b2a3-a9f8837e3f0b,f2e52e1f-1d7b-4214-a1ee-83e8b98918f0,15,2026-04-25 03:40:00,Multa de Transito,Multa de Transito,2680.0,EGRESO,APP_MOVIL,MXN
43ff16a4-e61d-45f0-a884-ea8f1793d6ef,2d80c188-6489-4094-b09d-93b06a6b2935,8,2026-04-25 03:59:00,Herramientas,Herramientas,1801.0,EGRESO,APP_MOVIL,MXN
62c6dd2f-84e6-4c77-815b-c1295bd7305a,287b9cdc-edd5-4342-a5fb-5148aeea5b6c,5,2026-04-25 06:15:00,Little Caesars,Little Caesars,884.0,EGRESO,TRANSFERENCIA,MXN
63f8dd80-1774-4645-9056-26af22e67739,7f2f8daa-dfc2-4ad0-9c49-d90ffa6ae04b,31,2026-04-25 06:40:00,Mercado Libre,Mercado Libre,2328.0,EGRESO,APP_MOVIL,MXN
add2a02f-c7f4-4675-a6e9-7173e93b92cd,9ebdcad6-2344-4fb6-873b-906defca570a,2,2026-04-25 09:20:00,Bus,Bus,8.0,EGRESO,APP_MOVIL,MXN
162ec709-fd0a-4387-b938-afe21f25cac2,cb4d084d-d246-4f2e-847a-1132c5e51dc6,26,2026-04-25 10:18:00,Farmacias Guadalajara,Farmacias Guadalajara,196.0,EGRESO,APP_MOVIL,MXN
ce490557-8221-46c8-a2ea-76b28bff5090,2d45cb4c-8380-477e-93dc-7ad4055949fe,11,2026-04-25 10:33:00,Metro,Metro,5.0,EGRESO,APP_MOVIL,MXN
6460a63c-04b3-4c58-b552-d4960e9e1a49,2ca34b24-a26a-4698-a4c6-7593f66ced33,23,2026-04-25 11:01:00,AXA Seguros,AXA Seguros,3585.0,EGRESO,TRANSFERENCIA,MXN
dc3a8299-6869-47ce-901f-7391fe4557a1,4f6ff8db-53cf-4464-883b-02373ed58457,30,2026-04-25 11:43:00,Salon de Belleza,Salon de Belleza,119.0,EGRESO,TRANSFERENCIA,MXN
7db16ae0-7ed5-4f9e-9dd6-f1c811bbfbee,a016e16f-7680-4d69-8958-9b2a62b35431,12,2026-04-25 12:38:00,Barberia,Barberia,327.0,EGRESO,TRANSFERENCIA,MXN
2e0a3ad9-e730-42b4-81bf-6334eddd5c92,2d80c188-6489-4094-b09d-93b06a6b2935,34,2026-04-25 13:18:00,Nintendo eShop,Nintendo eShop,633.0,EGRESO,EFECTIVO,MXN
bcb1ecb2-f9eb-43e5-84db-31732eaa2d8b,2ca34b24-a26a-4698-a4c6-7593f66ced33,19,2026-04-25 13:33:00,Mantenimiento Automotriz,Mantenimiento Automotriz,3185.0,EGRESO,EFECTIVO,MXN
13768e1a-cd5c-4d15-b08b-b5832eec53c5,ef403853-e247-49d9-9751-bf46943b3d76,21,2026-04-25 14:36:00,Metrobus,Metrobus,30.0,EGRESO,EFECTIVO,MXN
c02a3dc0-e191-40ea-ac74-f6bbab351e19,b5525d88-0da0-4036-a444-3e4f7a34128f,34,2026-04-25 16:22:00,Nintendo eShop,Nintendo eShop,334.0,EGRESO,TRANSFERENCIA,MXN
e20ed65c-c721-4907-a742-299f6788567c,7336ec17-03d6-4127-a085-cb3f799bd54e,22,2026-04-25 17:05:00,Pemex,Pemex,1177.0,EGRESO,TRANSFERENCIA,MXN
d26260bc-9b0b-4450-a67d-3124964ab930,334ac887-2c2e-43f0-ac7f-4e80e3f22173,29,2026-04-25 17:12:00,Viajes,Viajes,8455.0,EGRESO,APP_MOVIL,MXN
06c64cd1-a22f-4fd0-8f33-0c04944f9b92,74a2259c-8ee4-4064-89cc-8a49fd390792,31,2026-04-25 18:11:00,Amazon,Amazon,1065.0,EGRESO,EFECTIVO,MXN
0c614540-f1de-4183-833a-941f29bd8391,033eaacc-c1f9-412e-84cb-95b426d28b5c,27,2026-04-25 18:37:00,Gas,Gas,342.0,EGRESO,APP_MOVIL,MXN
3a24fd82-c223-43bc-a620-da22a45b27ea,2ca34b24-a26a-4698-a4c6-7593f66ced33,24,2026-04-25 19:37:00,L'Oreal,L'Oreal,1488.0,EGRESO,TRANSFERENCIA,MXN
95b4d8f1-8246-4af4-9719-723a0d6d36bb,efb35f92-a96e-40cb-9ba4-a3d3670133ab,6,2026-04-25 20:57:00,DiDi,DiDi,163.0,EGRESO,EFECTIVO,MXN
3989b73d-6f2a-48f4-8fcb-d5f49d70ae7b,6be93697-d5c5-49d1-8778-8abe58f5c5a3,32,2026-04-25 20:58:00,PlayStation Network,PlayStation Network,880.0,EGRESO,TRANSFERENCIA,MXN
a391b73e-ef58-4a35-a9a2-62b7f9aae686,4a021a05-bacc-4ded-98e4-6ba1343b83b4,29,2026-04-25 21:03:00,Viajes,Viajes,1631.0,EGRESO,APP_MOVIL,MXN
65e3a7a7-f8ba-4410-afd5-985a460e4344,cc302a48-1c7f-4cd5-8095-557e5f3ee43f,19,2026-04-25 21:14:00,Mantenimiento Automotriz,Mantenimiento Automotriz,667.0,EGRESO,APP_MOVIL,MXN
eac5466b-48b2-41a2-a9c7-780e4a8e2969,ec1a1f42-1c5f-492f-919f-08cacfcb0039,16,2026-04-25 21:38:00,Michael Kors,Michael Kors,1486.0,EGRESO,TRANSFERENCIA,MXN
9e9d7e06-1318-4bef-bb8a-5e95ae796c92,460819f1-3e7b-4a18-b9bb-4a991973ca55,1,2026-04-25 21:56:00,Transferencia Recibida,Transferencia Recibida,2889.0,INGRESO,TRANSFERENCIA,MXN
dd562fbd-179e-4670-98ad-ffcb74a645e9,49c19272-4521-43eb-a5ed-ba309950965f,9,2026-04-25 22:31:00,AT&T,AT&T,499.0,EGRESO,APP_MOVIL,MXN
ce379c1d-fc01-47e9-9f81-f5e0753e8058,088735e5-4d0d-4706-a911-442edac351c2,1,2026-04-25 22:31:00,Nomina,Nomina,9976.69,INGRESO,TRANSFERENCIA,MXN
6c1e9333-f981-422b-91be-83640e8a351e,ec1a1f42-1c5f-492f-919f-08cacfcb0039,17,2026-04-25 22:42:00,Colegiatura,Colegiatura,5729.0,EGRESO,EFECTIVO,MXN
e2e1819c-c62e-4499-89ec-bd6d3cd2fbea,4f6ff8db-53cf-4464-883b-02373ed58457,15,2026-04-25 22:42:00,Multa de Transito,Multa de Transito,2787.0,EGRESO,TRANSFERENCIA,MXN
df8d1f88-1a7c-4906-b041-9b34bd770bac,169f4be3-cc0f-4b41-8a79-77865835d095,19,2026-04-25 23:00:00,Mantenimiento Automotriz,Mantenimiento Automotriz,1291.0,EGRESO,APP_MOVIL,MXN
d5fe7141-b354-4ccd-b233-f96eb7478a31,b6ca9d87-476a-4c5d-83ca-7693a6527a9c,13,2026-04-26 00:13:00,Capa de Ozono,Capa de Ozono,511.0,EGRESO,EFECTIVO,MXN
198b3d5e-7552-43ce-a843-efef63d08727,0e2604b4-11e5-4452-8748-64aa92f9ca8f,16,2026-04-26 01:29:00,Cloe,Cloe,1148.0,EGRESO,EFECTIVO,MXN
4317898b-4989-4376-a986-ee78186c736d,7f2f8daa-dfc2-4ad0-9c49-d90ffa6ae04b,4,2026-04-26 02:27:00,Amazon Prime,Amazon Prime,99.0,EGRESO,TRANSFERENCIA,MXN
bf7b9ccd-7f40-4cb2-82fe-7f94168d6fce,e8dab777-b3e1-4c67-81e8-1bcf07a12eb6,19,2026-04-26 02:57:00,Mantenimiento Automotriz,Mantenimiento Automotriz,984.0,EGRESO,APP_MOVIL,MXN
b63e5dcd-21ef-4ece-b838-1cb9ecf8f12b,d1015873-9015-4bb6-ad9c-9c10c7fbccaa,19,2026-04-26 04:22:00,Mantenimiento Automotriz,Mantenimiento Automotriz,3482.0,EGRESO,APP_MOVIL,MXN
fd4969cd-8ce2-48a9-bb33-6e56d9efbfd8,7c74290c-b207-43d8-bcd5-14f069783b3b,22,2026-04-26 04:33:00,Mobil,Mobil,567.0,EGRESO,TRANSFERENCIA,MXN
95b89949-8462-4d95-9a8c-5eba4d005205,7059c9c8-532b-4bfe-a72e-0c9aa55e75da,29,2026-04-26 05:14:00,Viajes,Viajes,2474.0,EGRESO,TRANSFERENCIA,MXN
4f7163d2-7e2b-4521-992e-4cf6c4fb782c,f20e8816-f077-4abe-837b-b3e39ccf37eb,15,2026-04-26 05:28:00,Multa de Transito,Multa de Transito,2652.0,EGRESO,APP_MOVIL,MXN
ad753398-c69b-4323-ad28-6e591d662d65,b1df054d-9d22-4d28-b46d-87390f12a902,27,2026-04-26 07:18:00,Gas,Gas,153.0,EGRESO,APP_MOVIL,MXN
4c72420a-486c-4126-a410-9346eefce0b5,8580b4dd-2321-42ff-8e88-0392056caa5c,16,2026-04-26 07:33:00,Michael Kors,Michael Kors,1686.0,EGRESO,TRANSFERENCIA,MXN
f9c10642-e6cb-430f-97bd-6e98eb585fa7,b4991233-a822-49ca-a113-cbedbb85a741,26,2026-04-26 08:56:00,Farmacias Similares,Farmacias Similares,358.0,EGRESO,EFECTIVO,MXN
3f05a63a-d4b6-4368-9dae-76861988ed18,7059c9c8-532b-4bfe-a72e-0c9aa55e75da,29,2026-04-26 09:27:00,Viajes,Viajes,5303.0,EGRESO,APP_MOVIL,MXN
641b57e0-fd5d-4323-bebb-e55070f9d8ce,d660ddf9-6ba0-4a64-88ea-5d41f61fcefb,2,2026-04-26 09:58:00,Bus,Bus,9.5,EGRESO,TRANSFERENCIA,MXN
dce6f4a8-3b5e-44f6-baf2-69446026713d,d94896e7-da2e-4ebf-8861-0ed51d327133,2,2026-04-26 11:01:00,Bus,Bus,9.5,EGRESO,APP_MOVIL,MXN
c55607fb-379c-4c94-baa6-8b628a7c1cba,3e5b598d-bd6d-4076-8922-5940bc6d277c,12,2026-04-26 11:31:00,Barberia,Barberia,329.0,EGRESO,APP_MOVIL,MXN
737922b4-6c55-4b18-89d4-d903e4687a99,86ebabff-3329-403c-ae53-7102b0dc7831,8,2026-04-26 12:08:00,Herramientas,Herramientas,897.0,EGRESO,TRANSFERENCIA,MXN
9510d121-86b1-497f-a06a-5b2afdc552d0,5057339d-f49e-4d1c-beae-6ced3a7c148f,22,2026-04-26 12:53:00,Mobil,Mobil,1069.0,EGRESO,APP_MOVIL,MXN
d23bc8ae-ee9c-4e9c-8223-3cf425703584,950bb240-d014-403a-bd23-d2ae18663c05,15,2026-04-26 12:58:00,Multa de Transito,Multa de Transito,1874.0,EGRESO,TRANSFERENCIA,MXN
7890c6a5-af8a-4b8b-97f7-3998dba712a4,b8a2aeb0-77bc-4f93-87a4-dbd5d9aae0e9,34,2026-04-26 14:25:00,Epic Games Store,Epic Games Store,792.0,EGRESO,TRANSFERENCIA,MXN
0ce468d0-6526-44a7-a15a-e56a4549a49a,e77722c3-ca39-4480-832f-f90fbc2402a7,1,2026-04-26 14:36:00,Nomina,Nomina,25427.58,INGRESO,TRANSFERENCIA,MXN
f567fc30-b739-4dcc-9483-64777720a37c,87a8bdbd-1d61-4275-b187-80f960bd7983,4,2026-04-26 16:12:00,Netflix,Netflix,139.0,EGRESO,TRANSFERENCIA,MXN
1671c5c1-265d-499f-9b8b-8859cb9ee89e,5057339d-f49e-4d1c-beae-6ced3a7c148f,30,2026-04-26 16:48:00,Salon de Belleza,Salon de Belleza,432.0,EGRESO,TRANSFERENCIA,MXN
8085c98e-e293-4c58-853b-dbafb7ab7110,1d78859f-eed0-4406-a7a8-ac62bfe90145,32,2026-04-26 17:32:00,Xbox Live,Xbox Live,1494.0,EGRESO,EFECTIVO,MXN
0f304b76-fb4e-4f8b-9f60-4d817bfd42e4,9fa6af03-3f13-4285-852b-d389da76d928,17,2026-04-26 18:04:00,Colegiatura,Colegiatura,7815.0,EGRESO,APP_MOVIL,MXN
4e423ece-33f6-435d-870d-fdd1ffc26e84,367901a5-f293-400f-8969-224db4f3e99e,30,2026-04-26 19:14:00,Salon de Belleza,Salon de Belleza,333.0,EGRESO,TRANSFERENCIA,MXN
d097e9f6-1469-404d-9135-f94965731dab,feb46172-c764-46f8-8955-33a46aebe6cc,11,2026-04-26 19:37:00,Metro,Metro,20.0,EGRESO,APP_MOVIL,MXN
e4a17acc-48f4-45a7-bbcf-367213302437,03e60ec2-d499-47cd-81fb-96e308403ecd,1,2026-04-26 20:43:00,Nomina,Nomina,6317.8,INGRESO,TRANSFERENCIA,MXN
563800c9-0024-4552-b9c6-e1c1515764fe,e8dab777-b3e1-4c67-81e8-1bcf07a12eb6,1,2026-04-26 20:45:00,Nomina,Nomina,19075.53,INGRESO,TRANSFERENCIA,MXN
728d5d7c-9f81-44dd-a5d7-b17ade5f03d8,698259d6-1dc2-4996-bae9-8219285ebc59,22,2026-04-26 20:56:00,BP,BP,326.0,EGRESO,APP_MOVIL,MXN
4eb136fc-95c2-4895-b035-d3271bbc481b,1d78859f-eed0-4406-a7a8-ac62bfe90145,15,2026-04-26 22:20:00,Multa de Transito,Multa de Transito,1348.0,EGRESO,TRANSFERENCIA,MXN
3deb075f-b5a7-493a-ae7b-0b0d4ecfd4cb,cc302a48-1c7f-4cd5-8095-557e5f3ee43f,9,2026-04-26 22:33:00,AT&T,AT&T,349.0,EGRESO,APP_MOVIL,MXN
05d99b6a-c919-4d66-aa1f-c42d225679af,8ae451d5-4e82-4ced-8bbc-cee19fedccda,1,2026-04-26 22:39:00,Transferencia Recibida,Transferencia Recibida,,INGRESO,TRANSFERENCIA,MXN
239825bc-e6db-4062-a0c5-2245112940c3,bacb91fd-e8d8-4aab-86af-be8542045bfc,33,2026-04-26 22:48:00,Agua,Agua,1323.0,EGRESO,TRANSFERENCIA,MXN
f0a0d4be-07eb-43bb-8c57-b2ebcbf36570,e80f9cac-b03e-4fcb-a3f3-7f1c6286bc7b,6,2026-04-26 23:02:00,DiDi,DiDi,70.0,EGRESO,APP_MOVIL,MXN
48c10abd-ef51-4535-86ce-ebac5d5c24ff,b6ca9d87-476a-4c5d-83ca-7693a6527a9c,1,2026-04-26 23:44:00,Transferencia Recibida,Transferencia Recibida,2248.0,INGRESO,TRANSFERENCIA,MXN
ded9ab21-ddfa-47fc-8452-2fe8b9d150f3,0d4d9d7a-2ce4-4002-abe0-031b288ff53c,13,2026-04-26 23:47:00,Capa de Ozono,Capa de Ozono,2132.0,EGRESO,EFECTIVO,MXN
33509bf3-df1a-4030-a2bb-fb814e235803,698259d6-1dc2-4996-bae9-8219285ebc59,24,2026-04-27 00:26:00,NYX Cosmetics,NYX Cosmetics,1551.0,EGRESO,APP_MOVIL,MXN
63d49917-3e80-458e-9890-f7397174c360,e77722c3-ca39-4480-832f-f90fbc2402a7,1,2026-04-27 00:53:00,Transferencia Recibida,Transferencia Recibida,1530.0,INGRESO,TRANSFERENCIA,MXN
fa49edec-7d22-4a07-8190-75cebefe7e82,4c903803-6f89-4498-ac48-9cac84de61c7,31,2026-04-27 00:56:00,Mercado Libre,Mercado Libre,1814.0,EGRESO,APP_MOVIL,MXN
a2916791-67d3-49ce-9c41-ab9b20724c0c,169f4be3-cc0f-4b41-8a79-77865835d095,13,2026-04-27 01:28:00,Andrea,Andrea,1354.0,EGRESO,APP_MOVIL,MXN
63aae3ab-bf92-406a-957d-f287c0009f3c,e4f9aabd-8595-4a2d-84b2-3d54a4541fdc,28,2026-04-27 01:53:00,Deportes Marti,Deportes Marti,459.0,EGRESO,APP_MOVIL,MXN
da446544-3c18-4837-a4a9-9ef51e0dd5c0,b1df054d-9d22-4d28-b46d-87390f12a902,25,2026-04-27 06:29:00,Liverpool,Liverpool,1384.0,EGRESO,EFECTIVO,MXN
98242581-2286-4f96-9b99-cbf9d75d7a28,367901a5-f293-400f-8969-224db4f3e99e,22,2026-04-27 06:48:00,BP,BP,529.0,EGRESO,EFECTIVO,MXN
5ef89384-6003-4f8d-ad11-fbb634c56232,ef403853-e247-49d9-9751-bf46943b3d76,15,2026-04-27 07:08:00,Multa de Transito,Multa de Transito,2740.0,EGRESO,APP_MOVIL,MXN
6655751f-ac13-4101-816e-058ccedaa4ee,282aba8c-1169-402d-adbd-8a41f6676432,21,2026-04-27 08:20:00,Metrobus,Metrobus,30.0,EGRESO,TRANSFERENCIA,MXN
9189f350-b576-405b-bc82-58034f02fb29,950bb240-d014-403a-bd23-d2ae18663c05,23,2026-04-27 08:53:00,GNP Seguros,GNP Seguros,3309.0,EGRESO,APP_MOVIL,MXN
16fbe998-82a2-4943-b028-32f5ef874214,2d80c188-6489-4094-b09d-93b06a6b2935,10,2026-04-27 09:55:00,Compras Fisicas,Compras Fisicas,2435.0,EGRESO,APP_MOVIL,MXN
15e0dd42-266e-4e44-a4b2-98442c5441fa,d7d4bd62-308e-4ac3-9ba9-582ec4beeeb0,34,2026-04-27 10:31:00,Steam,Steam,816.0,EGRESO,APP_MOVIL,MXN
eb25934e-9eeb-4678-9f53-8a48d528a753,86ebabff-3329-403c-ae53-7102b0dc7831,1,2026-04-27 10:33:00,Nomina,Nomina,9103.12,INGRESO,TRANSFERENCIA,MXN
584a2395-3a0f-4c17-97bc-b2e3487e8eec,460819f1-3e7b-4a18-b9bb-4a991973ca55,11,2026-04-27 11:14:00,Metro,Metro,50.0,EGRESO,APP_MOVIL,MXN
41048cf1-50bd-4920-a9db-3db521c3c9ea,e80f9cac-b03e-4fcb-a3f3-7f1c6286bc7b,27,2026-04-27 12:48:00,Gas,Gas,831.0,EGRESO,TRANSFERENCIA,MXN
6f344bac-a7e9-4ce6-b297-e39b2020a584,4c903803-6f89-4498-ac48-9cac84de61c7,12,2026-04-27 12:49:00,Barberia,Barberia,394.0,EGRESO,EFECTIVO,MXN
d76cfd0d-670a-45df-a436-3517f578933d,71c16233-5b03-45a3-b9d9-75dfce80f8cd,15,2026-04-27 13:13:00,Multa de Transito,Multa de Transito,2546.0,EGRESO,APP_MOVIL,MXN
86e11712-9a52-4ffe-b942-589099866765,2d80c188-6489-4094-b09d-93b06a6b2935,27,2026-04-27 13:19:00,Gas,Gas,417.0,EGRESO,EFECTIVO,MXN
761822a5-4c97-45f8-a8bd-8f79ba4c24fa,e8dab777-b3e1-4c67-81e8-1bcf07a12eb6,6,2026-04-27 15:04:00,Cabify,Cabify,178.0,EGRESO,APP_MOVIL,MXN
b8d94364-45b4-49d5-8ed9-3e93f3d702dc,088735e5-4d0d-4706-a911-442edac351c2,10,2026-04-27 16:27:00,Compras Fisicas,Compras Fisicas,1771.0,EGRESO,APP_MOVIL,MXN
a6f3c6f7-b91b-47a5-8109-908d6e5f9691,fe494458-2541-481f-bb69-2bcb8e182795,21,2026-04-27 17:31:00,Metrobus,Metrobus,50.0,EGRESO,TRANSFERENCIA,MXN
58c13312-e123-4f45-9d76-bd2c16cbcf06,86ebabff-3329-403c-ae53-7102b0dc7831,21,2026-04-27 18:51:00,Metrobus,Metrobus,20.0,EGRESO,APP_MOVIL,MXN
672c978f-b09f-4f1a-8b1e-5f51678a9551,2d45cb4c-8380-477e-93dc-7ad4055949fe,4,2026-04-27 19:44:00,Max (HBO),Max (HBO),199.0,EGRESO,EFECTIVO,MXN
1a36e96f-4870-478f-a940-bc64ae889918,6d2288f2-a9dc-4bbd-b86b-33d48f2390dd,26,2026-04-27 21:17:00,Farmacias Similares,Farmacias Similares,259.0,EGRESO,TRANSFERENCIA,MXN
3b97e0ca-74ce-4069-acce-e7c89b15f818,6b2251e4-b804-4f13-898b-216c0c5ba9cc,29,2026-04-27 21:35:00,Viajes,Viajes,3348.0,EGRESO,APP_MOVIL,MXN
9214a2aa-1009-4fbf-9551-f66743df34d3,ec1a1f42-1c5f-492f-919f-08cacfcb0039,24,2026-04-28 00:02:00,NYX Cosmetics,NYX Cosmetics,2067.0,EGRESO,EFECTIVO,MXN
d2a7ea87-a384-46ff-bb8a-cd383cb9e9d2,edeb6414-0b55-4e0a-bed2-b73a88276387,25,2026-04-28 00:21:00,Liverpool,Liverpool,953.0,EGRESO,APP_MOVIL,MXN
95494242-533e-480d-a284-ce7d3afd73c4,b5525d88-0da0-4036-a444-3e4f7a34128f,1,2026-04-28 01:02:00,Nomina,Nomina,12784.53,INGRESO,TRANSFERENCIA,MXN
98ee64de-74e1-4ba5-abdd-ef162d37b079,6d2288f2-a9dc-4bbd-b86b-33d48f2390dd,28,2026-04-28 01:27:00,Deportes Marti,Deportes Marti,333.0,EGRESO,APP_MOVIL,MXN
9eb92c78-c1ee-43e7-a564-0e79aca32028,ef403853-e247-49d9-9751-bf46943b3d76,1,2026-04-28 02:07:00,Nomina,Nomina,,INGRESO,TRANSFERENCIA,MXN
5211bf8d-6bc0-4efe-8929-277551997875,d1015873-9015-4bb6-ad9c-9c10c7fbccaa,1,2026-04-28 03:14:00,Nomina,Nomina,10018.75,INGRESO,TRANSFERENCIA,MXN
19c3f608-e572-4a94-b6a9-eeb7834ddaa6,9fa6af03-3f13-4285-852b-d389da76d928,25,2026-04-28 03:54:00,Liverpool,Liverpool,,EGRESO,APP_MOVIL,MXN
6744447d-26db-4e05-bb78-3dd10a212c06,2d45cb4c-8380-477e-93dc-7ad4055949fe,15,2026-04-28 03:59:00,Multa de Transito,Multa de Transito,660.0,EGRESO,APP_MOVIL,MXN
b2a716e9-cb1f-4445-9e56-bae6b414f45f,007759d6-7e92-4216-8b0d-24e4b3bdc25c,1,2026-04-28 04:18:00,Nomina,Nomina,9855.01,INGRESO,TRANSFERENCIA,MXN
8bbce51a-5fdb-460e-ae84-630541a7dfba,cb4d084d-d246-4f2e-847a-1132c5e51dc6,30,2026-04-28 04:36:00,Salon de Belleza,Salon de Belleza,245.0,EGRESO,APP_MOVIL,MXN
d85e49f3-bae1-4449-b6ae-b51b2b39a3c9,27184bbc-330d-4cfd-a78f-c17d51279685,19,2026-04-28 04:37:00,Mantenimiento Automotriz,Mantenimiento Automotriz,1120.0,EGRESO,APP_MOVIL,MXN
479c88de-b722-4ad0-8c87-424a3db841ac,7f2f8daa-dfc2-4ad0-9c49-d90ffa6ae04b,9,2026-04-28 04:54:00,Movistar,Movistar,249.0,EGRESO,EFECTIVO,MXN
84f6a417-a4b4-4ee4-a8b6-44f1e7238213,b1df054d-9d22-4d28-b46d-87390f12a902,12,2026-04-28 05:55:00,Barberia,Barberia,445.0,EGRESO,APP_MOVIL,MXN
2418b7ca-3dcd-4d8f-8431-717af58100e8,8580b4dd-2321-42ff-8e88-0392056caa5c,1,2026-04-28 07:11:00,Nomina,Nomina,4916.3,INGRESO,TRANSFERENCIA,MXN
05e815c5-bed5-47f4-966c-e562876e45c6,c49c8bf6-2d71-40b9-8f87-363b870b0dfd,29,2026-04-28 07:55:00,Viajes,Viajes,3621.0,EGRESO,TRANSFERENCIA,MXN
eba89d2f-15c6-47e5-b33a-55de8122e071,ec1a1f42-1c5f-492f-919f-08cacfcb0039,26,2026-04-28 08:27:00,Farmacias del Ahorro,Farmacias del Ahorro,683.0,EGRESO,EFECTIVO,MXN
bc2b3cd3-1737-4d16-9f7c-4bf39fd18f7f,a016e16f-7680-4d69-8958-9b2a62b35431,20,2026-04-28 10:00:00,Cinepolis,Cinepolis,716.0,EGRESO,TRANSFERENCIA,MXN
1d89d2e9-3956-4cce-986d-a85363b9824b,74a2259c-8ee4-4064-89cc-8a49fd390792,4,2026-04-28 11:17:00,Amazon Prime,Amazon Prime,99.0,EGRESO,TRANSFERENCIA,MXN
85eee42f-aee2-4333-816d-28e90b28a858,fe494458-2541-481f-bb69-2bcb8e182795,6,2026-04-28 11:23:00,Cabify,Cabify,76.0,EGRESO,APP_MOVIL,MXN
bda4d795-f1d2-49e1-bbd7-0f848c79f01f,e77722c3-ca39-4480-832f-f90fbc2402a7,16,2026-04-28 12:57:00,Coach,Coach,320.0,EGRESO,EFECTIVO,MXN
fc867761-0f2e-4004-8435-9af12f69b9d5,e80f9cac-b03e-4fcb-a3f3-7f1c6286bc7b,19,2026-04-28 13:10:00,Mantenimiento Automotriz,Mantenimiento Automotriz,1351.0,EGRESO,EFECTIVO,MXN
79a182ce-b6c2-4485-a832-324055696bc4,49c19272-4521-43eb-a5ed-ba309950965f,1,2026-04-28 13:40:00,Transferencia Recibida,Transferencia Recibida,1762.0,INGRESO,TRANSFERENCIA,MXN
6e296f4a-c3bf-4642-9b98-71b17386f92c,0e2604b4-11e5-4452-8748-64aa92f9ca8f,4,2026-04-28 14:01:00,Netflix,Netflix,219.0,EGRESO,EFECTIVO,MXN
aed2a1da-c703-4f1d-a389-3ab1ff08b2f3,7059c9c8-532b-4bfe-a72e-0c9aa55e75da,30,2026-04-28 14:57:00,Salon de Belleza,Salon de Belleza,263.0,EGRESO,TRANSFERENCIA,MXN
630a9e72-dfb4-439a-adf4-7fe78a239d86,7c5b5dce-0577-471c-acd8-1c6806bbd6d1,31,2026-04-28 15:07:00,Amazon,Amazon,1151.0,EGRESO,TRANSFERENCIA,MXN
6c9d8b44-0879-4401-afe0-729bc4446b12,b5525d88-0da0-4036-a444-3e4f7a34128f,10,2026-04-28 15:22:00,Compras Fisicas,Compras Fisicas,1507.0,EGRESO,TRANSFERENCIA,MXN
0f581024-9cc5-44ac-95d4-80a3ccf8b91c,efb35f92-a96e-40cb-9ba4-a3d3670133ab,6,2026-04-28 16:44:00,Uber,Uber,179.0,EGRESO,TRANSFERENCIA,MXN
02114471-75ee-4abc-b068-a68494616ed2,03e60ec2-d499-47cd-81fb-96e308403ecd,9,2026-04-28 17:00:00,Movistar,Movistar,249.0,EGRESO,APP_MOVIL,MXN
1695f900-d320-44e7-9d32-d970cd37890e,2f4e7259-c7d0-4f8e-b408-fbed59254881,15,2026-04-28 20:21:00,Multa de Transito,Multa de Transito,309.0,EGRESO,TRANSFERENCIA,MXN
ef96500f-2ed8-4947-8ec0-431415d10403,cb4d084d-d246-4f2e-847a-1132c5e51dc6,1,2026-04-28 20:39:00,Nomina,Nomina,8127.53,INGRESO,TRANSFERENCIA,MXN
075324d2-e881-4281-be32-3e5c4ccba70d,2f4e7259-c7d0-4f8e-b408-fbed59254881,2,2026-04-28 21:56:00,Bus,Bus,50.0,EGRESO,TRANSFERENCIA,MXN
367e1231-185a-4bb1-9b38-8e8671115036,f2e52e1f-1d7b-4214-a1ee-83e8b98918f0,1,2026-04-28 22:13:00,Nomina,Nomina,9561.1,INGRESO,TRANSFERENCIA,MXN
240414ca-52cd-48f3-8626-8ad7f8b66c0f,6e3e2a99-1a3d-42fa-bfe5-52f057eccb2f,8,2026-04-28 22:20:00,Herramientas,Herramientas,824.0,EGRESO,APP_MOVIL,MXN
c749490d-a88e-4bc6-a836-5ace6174e58e,b6ca9d87-476a-4c5d-83ca-7693a6527a9c,13,2026-04-29 00:22:00,Capa de Ozono,Capa de Ozono,2212.0,EGRESO,TRANSFERENCIA,MXN
b94dc713-2326-43bb-a91e-180331267f30,d83b0edd-72db-47f8-a768-7d03bc7fa190,1,2026-04-29 01:05:00,Nomina,Nomina,9011.15,INGRESO,TRANSFERENCIA,MXN
ebd933a2-339d-43aa-a90d-c68ec6335a89,062fd77f-ba97-4763-bff4-0bc64c0b9db9,20,2026-04-29 01:53:00,Cinemex,Cinemex,970.0,EGRESO,APP_MOVIL,MXN
9f345f20-f1f5-42b9-b5cf-c30c6e333bd7,7c5b5dce-0577-471c-acd8-1c6806bbd6d1,12,2026-04-29 02:29:00,Barberia,Barberia,308.0,EGRESO,EFECTIVO,MXN
4ee25c4b-a1f2-4683-b431-5ffcb8b2585f,2ca34b24-a26a-4698-a4c6-7593f66ced33,27,2026-04-29 02:42:00,Gas,Gas,381.0,EGRESO,TRANSFERENCIA,MXN
671383dd-0026-470b-9eb7-ab2f4cd50ead,4f6ff8db-53cf-4464-883b-02373ed58457,33,2026-04-29 02:49:00,Agua,Agua,679.0,EGRESO,EFECTIVO,MXN
035fdfd9-8f75-4212-8c53-5a19bf90fe8b,b8a2aeb0-77bc-4f93-87a4-dbd5d9aae0e9,29,2026-04-29 02:56:00,Viajes,Viajes,2132.0,EGRESO,EFECTIVO,MXN
cffa66b2-f89f-41c2-a2ce-f5b1fab6cbca,71c16233-5b03-45a3-b9d9-75dfce80f8cd,1,2026-04-29 04:18:00,Nomina,Nomina,9928.76,INGRESO,TRANSFERENCIA,MXN
ec5b3726-cc12-4a5a-a600-734a2d296f1a,49c19272-4521-43eb-a5ed-ba309950965f,31,2026-04-29 04:21:00,Mercado Libre,Mercado Libre,773.0,EGRESO,EFECTIVO,MXN
0113d846-ad92-46e3-87f7-8b94781f8e68,b4991233-a822-49ca-a113-cbedbb85a741,6,2026-04-29 04:21:00,Uber,Uber,73.0,EGRESO,EFECTIVO,MXN
8942b8b9-2868-4967-9a8d-b6a236fc9de2,169f4be3-cc0f-4b41-8a79-77865835d095,1,2026-04-29 05:34:00,Transferencia Recibida,Transferencia Recibida,778.0,INGRESO,TRANSFERENCIA,MXN
1511b74d-ea74-4a2b-8a1c-e83290017965,0e2604b4-11e5-4452-8748-64aa92f9ca8f,19,2026-04-29 07:30:00,Mantenimiento Automotriz,Mantenimiento Automotriz,1664.0,EGRESO,APP_MOVIL,MXN
627c1f5a-7cc6-4c29-867b-877a53a0daa8,efb35f92-a96e-40cb-9ba4-a3d3670133ab,7,2026-04-29 10:34:00,Electricidad,Electricidad,1616.0,EGRESO,APP_MOVIL,MXN
cfc8933e-e84c-456a-9b96-f03ccdd5f0b5,39f9edad-efb7-47c6-9841-c96e9b5d6e22,20,2026-04-29 10:43:00,Cinepolis,Cinepolis,702.0,EGRESO,EFECTIVO,MXN
1dc385e4-26c2-4222-8e05-6e1244d0ff81,e6f6e0cb-d25d-473f-9f7b-b942a476f005,24,2026-04-29 11:09:00,NYX Cosmetics,NYX Cosmetics,567.0,EGRESO,APP_MOVIL,MXN
ee696e12-b04a-4d47-856a-ee4731501147,d94896e7-da2e-4ebf-8861-0ed51d327133,11,2026-04-29 11:37:00,Metro,Metro,50.0,EGRESO,APP_MOVIL,MXN
3d93ac8f-ded1-421d-90e5-80324b485d3d,062fd77f-ba97-4763-bff4-0bc64c0b9db9,11,2026-04-29 13:32:00,Metro,Metro,20.0,EGRESO,TRANSFERENCIA,MXN
f1294362-8d14-4d75-bc31-54332fa93332,2ca34b24-a26a-4698-a4c6-7593f66ced33,30,2026-04-29 14:30:00,Salon de Belleza,Salon de Belleza,341.0,EGRESO,APP_MOVIL,MXN
eb1f1bae-f4a1-4132-aff9-added3ec3b84,2f5e4265-1e5f-4813-839b-50bf4accbd7e,31,2026-04-29 18:46:00,Mercado Libre,Mercado Libre,1710.0,EGRESO,APP_MOVIL,MXN
1e18c421-086a-4787-bb85-bb0e6d77ac2c,f20e8816-f077-4abe-837b-b3e39ccf37eb,23,2026-04-29 20:36:00,AXA Seguros,AXA Seguros,1331.0,EGRESO,TRANSFERENCIA,MXN
7be6681b-cfbd-4dee-8c25-77966b04b6e0,1d78859f-eed0-4406-a7a8-ac62bfe90145,28,2026-04-29 20:54:00,Innvictus,Innvictus,1013.0,EGRESO,EFECTIVO,MXN
6bdf7873-8ffa-4509-b1dc-d57a4b6deecb,f2e52e1f-1d7b-4214-a1ee-83e8b98918f0,1,2026-04-29 21:25:00,Nomina,Nomina,9561.1,INGRESO,TRANSFERENCIA,MXN
c9eefcdf-ada3-4382-8d81-15455c3c5202,af1d8cae-6064-4332-977d-e896264e20c2,30,2026-04-29 21:41:00,Salon de Belleza,Salon de Belleza,,EGRESO,TRANSFERENCIA,MXN
e11b8325-9da3-4da9-a770-720337e2cba0,b8a2aeb0-77bc-4f93-87a4-dbd5d9aae0e9,32,2026-04-29 23:08:00,PlayStation Network,PlayStation Network,1743.0,EGRESO,APP_MOVIL,MXN
2e35c3ab-c8cb-49c7-98cc-8527820f278c,87a8bdbd-1d61-4275-b187-80f960bd7983,1,2026-04-29 23:52:00,Nomina,Nomina,8751.14,INGRESO,TRANSFERENCIA,MXN
020ae3f1-5b87-43e4-a768-d8a71b47adc7,367901a5-f293-400f-8969-224db4f3e99e,1,2026-04-30 00:16:00,Transferencia Recibida,Transferencia Recibida,3401.0,INGRESO,TRANSFERENCIA,MXN
2c69928e-10f0-44a7-a393-a1eff0039e24,4bb45633-ce6a-4e78-8b36-ab2143b9312a,11,2026-04-30 01:13:00,Metro,Metro,5.0,EGRESO,EFECTIVO,MXN
a0fd8dc6-252c-4bed-9537-9104c251fc7c,334ac887-2c2e-43f0-ac7f-4e80e3f22173,1,2026-04-30 02:14:00,Nomina,Nomina,13413.98,INGRESO,TRANSFERENCIA,MXN
f17a4bd3-35fa-4960-9073-5c9ccc75a5e1,6e3e2a99-1a3d-42fa-bfe5-52f057eccb2f,33,2026-04-30 03:10:00,Agua,Agua,221.0,EGRESO,EFECTIVO,MXN
ef55d22a-ed1b-48cb-bf43-7f47f0ce982f,698259d6-1dc2-4996-bae9-8219285ebc59,17,2026-04-30 03:32:00,Colegiatura,Colegiatura,4717.0,EGRESO,EFECTIVO,MXN
3ebb434d-90e7-4bf9-b53a-3ae4456a48e8,654c4cb9-fb3b-421c-9e42-884531a72e4c,31,2026-04-30 04:03:00,Amazon,Amazon,2007.0,EGRESO,EFECTIVO,MXN
58057cd7-2eee-4455-91d0-c833bcd601d1,0e2604b4-11e5-4452-8748-64aa92f9ca8f,19,2026-04-30 05:07:00,Mantenimiento Automotriz,Mantenimiento Automotriz,300.0,EGRESO,APP_MOVIL,MXN
cb31fd19-31de-4e73-85c6-83c56232e36f,088735e5-4d0d-4706-a911-442edac351c2,31,2026-04-30 05:48:00,Mercado Libre,Mercado Libre,979.0,EGRESO,APP_MOVIL,MXN
662fd369-1705-4b5e-be80-1cb85b1e3926,0aa2518e-377e-4305-9b5c-0f8e0f802f9e,8,2026-04-30 07:23:00,Herramientas,Herramientas,491.0,EGRESO,EFECTIVO,MXN
5f0c3845-7b5c-4e9b-a410-b0ed20efe3b3,9fa6af03-3f13-4285-852b-d389da76d928,29,2026-04-30 07:28:00,Viajes,Viajes,,EGRESO,APP_MOVIL,MXN
4598866b-cf96-43ec-a54b-b0ee989f4ec2,d7073699-b1fd-4984-8380-c897f19b37c2,8,2026-04-30 07:57:00,Herramientas,Herramientas,1033.0,EGRESO,TRANSFERENCIA,MXN
6aea5df6-b538-4c0b-867a-143999ce1a5c,86ebabff-3329-403c-ae53-7102b0dc7831,28,2026-04-30 08:26:00,Decathlon,Decathlon,926.0,EGRESO,EFECTIVO,MXN
b5015d04-8535-4c23-a66e-adf57d6b744d,71c16233-5b03-45a3-b9d9-75dfce80f8cd,1,2026-04-30 08:43:00,Transferencia Recibida,Transferencia Recibida,1856.0,INGRESO,TRANSFERENCIA,MXN
e9b8b8bc-ffc1-4779-b52f-5a824072f7bb,27184bbc-330d-4cfd-a78f-c17d51279685,23,2026-04-30 13:27:00,GNP Seguros,GNP Seguros,439.0,EGRESO,EFECTIVO,MXN
daa3fbab-0c1b-4331-ae22-d5f68cbe4ddf,5057339d-f49e-4d1c-beae-6ced3a7c148f,16,2026-04-30 13:40:00,Cloe,Cloe,1797.0,EGRESO,APP_MOVIL,MXN
ffcc4520-1730-482a-8162-9aaa001176cb,37060ad3-4bfd-4b62-86a5-6c3b7241f7b3,3,2026-04-30 15:54:00,Bodega Aurrera,Bodega Aurrera,2602.0,EGRESO,APP_MOVIL,MXN
414905be-3e47-439d-93df-8869dbee5402,3e5b598d-bd6d-4076-8922-5940bc6d277c,15,2026-04-30 16:16:00,Multa de Transito,Multa de Transito,2710.0,EGRESO,APP_MOVIL,MXN
846763d3-3cfb-4dc9-9d29-efe0de1f1614,36ee8608-fe5c-4530-b7cf-d13801c08072,31,2026-04-30 16:22:00,Amazon,Amazon,1598.0,EGRESO,APP_MOVIL,MXN
8a2ece07-ddf1-4215-90fc-a47ba777e36d,2ca34b24-a26a-4698-a4c6-7593f66ced33,25,2026-04-30 16:23:00,Palacio de Hierro,Palacio de Hierro,758.0,EGRESO,TRANSFERENCIA,MXN
ffad3af6-d27d-47f4-a5b2-b70e6a031f93,9ebdcad6-2344-4fb6-873b-906defca570a,19,2026-04-30 18:06:00,Mantenimiento Automotriz,Mantenimiento Automotriz,1426.0,EGRESO,APP_MOVIL,MXN
79e91494-eebe-441b-9d1b-40197ecd43d7,8580b4dd-2321-42ff-8e88-0392056caa5c,24,2026-04-30 20:17:00,NYX Cosmetics,NYX Cosmetics,1163.0,EGRESO,APP_MOVIL,MXN
dc444bc4-0841-4c49-a48b-1a2b7ec5d78b,d1015873-9015-4bb6-ad9c-9c10c7fbccaa,1,2026-04-30 20:42:00,Nomina,Nomina,,INGRESO,TRANSFERENCIA,MXN
c3d7c798-6b2f-4605-9013-0fe0c9273d0c,b4991233-a822-49ca-a113-cbedbb85a741,24,2026-04-30 22:09:00,L'Oreal,L'Oreal,484.0,EGRESO,APP_MOVIL,MXN
20ebe20e-dcba-443b-9278-39297ec96359,2f5e4265-1e5f-4813-839b-50bf4accbd7e,11,2026-05-01 00:08:00,Metro,Metro,5.0,EGRESO,APP_MOVIL,MXN
e9558280-3e18-4574-a875-6d344d2bdabd,460819f1-3e7b-4a18-b9bb-4a991973ca55,26,2026-05-01 00:22:00,Farmacias del Ahorro,Farmacias del Ahorro,312.0,EGRESO,APP_MOVIL,MXN
34c3a0ad-e009-40ee-b602-2f255d1fc3f8,ef403853-e247-49d9-9751-bf46943b3d76,3,2026-05-01 00:34:00,Chedraui,Chedraui,1041.0,EGRESO,APP_MOVIL,MXN
89cbcee8-2882-4b94-b1e4-737e8be50c7b,36ee8608-fe5c-4530-b7cf-d13801c08072,20,2026-05-01 04:22:00,Starbucks,Starbucks,225.0,EGRESO,APP_MOVIL,MXN
707aff84-e424-4968-b81c-580e09d2605b,a016e16f-7680-4d69-8958-9b2a62b35431,15,2026-05-01 05:43:00,Multa de Transito,Multa de Transito,2656.0,EGRESO,TRANSFERENCIA,MXN
97e010d0-b3f3-4af7-97ec-9d9d05608508,36ee8608-fe5c-4530-b7cf-d13801c08072,13,2026-05-01 07:52:00,Capa de Ozono,Capa de Ozono,1992.0,EGRESO,APP_MOVIL,MXN
06ff05a8-6ed4-4d74-92b6-f4d978d6352d,2d45cb4c-8380-477e-93dc-7ad4055949fe,1,2026-05-01 08:12:00,Nomina,Nomina,8570.1,INGRESO,TRANSFERENCIA,MXN
1f86763e-eee6-47f6-a025-90cac0ae0d6a,c49c8bf6-2d71-40b9-8f87-363b870b0dfd,1,2026-05-01 08:44:00,Transferencia Recibida,Transferencia Recibida,2369.0,INGRESO,TRANSFERENCIA,MXN
abbaef2e-f36b-4b1a-98a7-9b250682404d,fe494458-2541-481f-bb69-2bcb8e182795,12,2026-05-01 08:52:00,Barberia,Barberia,196.0,EGRESO,TRANSFERENCIA,MXN
056fb012-581c-4a63-958f-5d64ac1c6a72,feb46172-c764-46f8-8955-33a46aebe6cc,22,2026-05-01 10:02:00,BP,BP,818.0,EGRESO,EFECTIVO,MXN
ea44acef-0742-4510-abd8-db1274d4c6db,b4991233-a822-49ca-a113-cbedbb85a741,15,2026-05-01 10:17:00,Multa de Transito,Multa de Transito,2198.0,EGRESO,EFECTIVO,MXN
c71fc873-6d3e-40f6-b3bb-14e7c559af1a,7f2f8daa-dfc2-4ad0-9c49-d90ffa6ae04b,33,2026-05-01 10:56:00,Agua,Agua,607.0,EGRESO,APP_MOVIL,MXN
63f0b9a8-bf2c-4abc-b47c-766ceaf4b818,37060ad3-4bfd-4b62-86a5-6c3b7241f7b3,1,2026-05-01 11:03:00,Nomina,Nomina,8203.8,INGRESO,TRANSFERENCIA,MXN
0a2efe12-26fb-4221-b347-c92b02dd9969,af1d8cae-6064-4332-977d-e896264e20c2,5,2026-05-01 11:14:00,Burger King,Burger King,674.0,EGRESO,APP_MOVIL,MXN
94f967b6-faa3-4a03-865d-40a461425358,062fd77f-ba97-4763-bff4-0bc64c0b9db9,2,2026-05-01 11:27:00,Bus,Bus,8.0,EGRESO,APP_MOVIL,MXN
90d7f721-3ccf-4ee3-bc26-61afe263a6f2,b1df054d-9d22-4d28-b46d-87390f12a902,32,2026-05-01 13:23:00,Xbox Live,Xbox Live,632.0,EGRESO,APP_MOVIL,MXN
3e913309-c963-43b4-96fa-77b8b120a55e,bacb91fd-e8d8-4aab-86af-be8542045bfc,33,2026-05-01 13:23:00,Agua,Agua,1174.0,EGRESO,EFECTIVO,MXN
6d0118f1-671d-4ac3-a9f1-ecabd6155329,4f6ff8db-53cf-4464-883b-02373ed58457,23,2026-05-01 14:25:00,AXA Seguros,AXA Seguros,1358.0,EGRESO,EFECTIVO,MXN
04a9a4c8-5c1d-4c47-b7ce-b235f377ebb2,8580b4dd-2321-42ff-8e88-0392056caa5c,14,2026-05-01 15:01:00,Renta,Renta,9413.0,EGRESO,APP_MOVIL,MXN
98135264-f530-4e56-a218-f5a5ccbd6086,654c4cb9-fb3b-421c-9e42-884531a72e4c,23,2026-05-01 17:04:00,GNP Seguros,GNP Seguros,3817.0,EGRESO,TRANSFERENCIA,MXN
a568b45f-7126-4207-b2ab-9c2f13d93dda,8ae451d5-4e82-4ced-8bbc-cee19fedccda,26,2026-05-01 18:05:00,Farmacias Guadalajara,Farmacias Guadalajara,346.0,EGRESO,TRANSFERENCIA,MXN
cb777876-1515-40c8-8483-6d0869a71281,654c4cb9-fb3b-421c-9e42-884531a72e4c,13,2026-05-01 19:50:00,Andrea,Andrea,892.0,EGRESO,TRANSFERENCIA,MXN
162f5385-a207-46aa-98e9-5e5d9609c37c,7c74290c-b207-43d8-bcd5-14f069783b3b,18,2026-05-01 20:09:00,Izzi,Izzi,999.0,EGRESO,APP_MOVIL,MXN
7f0e69aa-5a30-4477-ae4c-cfe06995fdf1,d7d4bd62-308e-4ac3-9ba9-582ec4beeeb0,22,2026-05-01 20:10:00,Oxxo Gas,Oxxo Gas,924.0,EGRESO,TRANSFERENCIA,MXN
74413fd5-c39f-4869-9c46-5b64aa1c199c,4bb45633-ce6a-4e78-8b36-ab2143b9312a,1,2026-05-01 20:11:00,Nomina,Nomina,4502.38,INGRESO,TRANSFERENCIA,MXN
e6f6bf49-01fa-4863-ab89-33ad92f196ab,74a2259c-8ee4-4064-89cc-8a49fd390792,30,2026-05-01 21:12:00,Salon de Belleza,Salon de Belleza,230.0,EGRESO,APP_MOVIL,MXN
b8540e23-3bd2-4d0e-9e10-43819267c28b,4f6ff8db-53cf-4464-883b-02373ed58457,14,2026-05-01 21:12:00,Renta,Renta,3995.0,EGRESO,APP_MOVIL,MXN
e32aacc3-ff5c-4991-85bf-301f44e5c773,e4f9aabd-8595-4a2d-84b2-3d54a4541fdc,33,2026-05-01 22:39:00,Agua,Agua,1269.0,EGRESO,APP_MOVIL,MXN
a59b83b2-09a4-44de-b25a-5d5e732d2479,4bb45633-ce6a-4e78-8b36-ab2143b9312a,4,2026-05-01 22:47:00,Apple TV+,Apple TV+,129.0,EGRESO,TRANSFERENCIA,MXN
c1a6e089-8850-40e2-9263-8534b1eff35c,2d80c188-6489-4094-b09d-93b06a6b2935,5,2026-05-01 23:01:00,Little Caesars,Little Caesars,369.0,EGRESO,APP_MOVIL,MXN
01167874-8d81-4ba7-90ae-34a92e69fbb6,2d80c188-6489-4094-b09d-93b06a6b2935,34,2026-05-01 23:29:00,Epic Games Store,Epic Games Store,339.0,EGRESO,TRANSFERENCIA,MXN
914d60cf-8f60-435b-b9da-57ee12279435,2f5e4265-1e5f-4813-839b-50bf4accbd7e,32,2026-05-02 03:18:00,PlayStation Network,PlayStation Network,1490.0,EGRESO,TRANSFERENCIA,MXN
dd9ec587-71b5-4c98-b67e-04f59b9ba4de,b4991233-a822-49ca-a113-cbedbb85a741,1,2026-05-02 03:48:00,Transferencia Recibida,Transferencia Recibida,1954.0,INGRESO,TRANSFERENCIA,MXN
76bb7ee5-e59e-4cfc-bd33-87988bb59b96,088735e5-4d0d-4706-a911-442edac351c2,9,2026-05-02 03:48:00,AT&T,AT&T,200.0,EGRESO,EFECTIVO,MXN
4d2bac18-bc7e-4c34-ba23-0c25d9478454,7f2f8daa-dfc2-4ad0-9c49-d90ffa6ae04b,9,2026-05-02 04:28:00,Movistar,Movistar,200.0,EGRESO,EFECTIVO,MXN
984172a7-1b2c-4c92-a3b8-5ef7b4206998,d94896e7-da2e-4ebf-8861-0ed51d327133,17,2026-05-02 05:25:00,Colegiatura,Colegiatura,6755.0,EGRESO,EFECTIVO,MXN
bc05ebb1-0e09-4808-a951-f1b604d11696,c9e1bb7a-b4b0-4880-88f1-2b90da359497,1,2026-05-02 06:22:00,Nomina,Nomina,7268.77,INGRESO,TRANSFERENCIA,MXN
6f288345-9a81-41b1-835e-119d7ff24708,cb4d084d-d246-4f2e-847a-1132c5e51dc6,16,2026-05-02 06:27:00,Cloe,Cloe,843.0,EGRESO,EFECTIVO,MXN
19647c97-41de-4c7e-ac5b-6a5d31286c18,7c5b5dce-0577-471c-acd8-1c6806bbd6d1,3,2026-05-02 06:52:00,Soriana,Soriana,3225.0,EGRESO,TRANSFERENCIA,MXN
50e25290-b34a-4914-b5d7-f35873567efe,7059c9c8-532b-4bfe-a72e-0c9aa55e75da,11,2026-05-02 07:09:00,Metro,Metro,5.0,EGRESO,TRANSFERENCIA,MXN
95c26990-24b5-4d00-b2b8-4b6fb8a15685,b8a2aeb0-77bc-4f93-87a4-dbd5d9aae0e9,9,2026-05-02 07:55:00,Telcel,Telcel,100.0,EGRESO,APP_MOVIL,MXN
11f676cd-c9bc-4736-8686-9735be45afb1,c9e1bb7a-b4b0-4880-88f1-2b90da359497,21,2026-05-02 08:36:00,Metrobus,Metrobus,50.0,EGRESO,TRANSFERENCIA,MXN
e99cedc9-4726-47e0-b99b-dc91ce398285,c9e1bb7a-b4b0-4880-88f1-2b90da359497,19,2026-05-02 09:59:00,Mantenimiento Automotriz,Mantenimiento Automotriz,1578.0,EGRESO,APP_MOVIL,MXN
b9ae3069-7939-4c8c-a85f-d504342d21b7,4f6ff8db-53cf-4464-883b-02373ed58457,19,2026-05-02 11:35:00,Mantenimiento Automotriz,Mantenimiento Automotriz,3795.0,EGRESO,APP_MOVIL,MXN
92c98472-f38f-4276-92af-8fea40f21350,8711e8ab-3016-4507-8ecf-8798f901a525,20,2026-05-02 12:33:00,Cinemex,Cinemex,991.0,EGRESO,APP_MOVIL,MXN
98bf3461-d620-4bc6-9414-d30049119bd2,b6ca9d87-476a-4c5d-83ca-7693a6527a9c,1,2026-05-02 12:47:00,Nomina,Nomina,12637.37,INGRESO,TRANSFERENCIA,MXN
fd1651eb-0ea2-4f57-862a-953869a6d7e0,9fa6af03-3f13-4285-852b-d389da76d928,1,2026-05-02 13:10:00,Transferencia Recibida,Transferencia Recibida,913.0,INGRESO,TRANSFERENCIA,MXN
8baf5fd1-838c-49eb-85fc-15289f4a999e,062fd77f-ba97-4763-bff4-0bc64c0b9db9,12,2026-05-02 13:16:00,Barberia,Barberia,193.0,EGRESO,EFECTIVO,MXN
df4a5bd1-d907-451d-9ec3-2887ea15ba7c,b4991233-a822-49ca-a113-cbedbb85a741,14,2026-05-02 13:37:00,Renta,Renta,7933.0,EGRESO,APP_MOVIL,MXN
ac6ee3dd-12d0-4fbf-91ee-4625c6221166,033eaacc-c1f9-412e-84cb-95b426d28b5c,20,2026-05-02 15:25:00,Cinepolis,Cinepolis,716.0,EGRESO,APP_MOVIL,MXN
fcea97bf-8ca0-431a-9179-52be5126986d,1d78859f-eed0-4406-a7a8-ac62bfe90145,20,2026-05-02 15:43:00,Cinemex,Cinemex,462.0,EGRESO,TRANSFERENCIA,MXN
105ebc81-30dd-45bc-a2ca-603b28d27b2d,cc302a48-1c7f-4cd5-8095-557e5f3ee43f,10,2026-05-02 15:56:00,Compras Fisicas,Compras Fisicas,642.0,EGRESO,APP_MOVIL,MXN
5b11b9f6-2717-4654-b20c-a3b28f2eb3c8,6be93697-d5c5-49d1-8778-8abe58f5c5a3,12,2026-05-02 15:56:00,Barberia,Barberia,84.0,EGRESO,APP_MOVIL,MXN
119ae5f6-e1e0-4a76-b706-a931b9eaea77,007759d6-7e92-4216-8b0d-24e4b3bdc25c,28,2026-05-02 16:05:00,Decathlon,Decathlon,,EGRESO,APP_MOVIL,MXN
93035c95-7df8-4708-b10f-8039129d681b,2ca34b24-a26a-4698-a4c6-7593f66ced33,9,2026-05-02 16:31:00,AT&T,AT&T,499.0,EGRESO,APP_MOVIL,MXN
86ae30ee-9908-4f69-907b-f942d30ae46c,ec1a1f42-1c5f-492f-919f-08cacfcb0039,16,2026-05-02 17:23:00,Cloe,Cloe,2158.0,EGRESO,APP_MOVIL,MXN
48009ae7-7948-42f9-a48b-5978093c0d67,af1d8cae-6064-4332-977d-e896264e20c2,22,2026-05-02 18:51:00,Mobil,Mobil,1013.0,EGRESO,TRANSFERENCIA,MXN
034165d6-9020-48e9-9f8c-6e5c0ab439b0,287b9cdc-edd5-4342-a5fb-5148aeea5b6c,1,2026-05-02 19:47:00,Nomina,Nomina,5392.11,INGRESO,TRANSFERENCIA,MXN
c8f82ffe-9dd5-4579-8d29-ab0e28a8cc70,ef403853-e247-49d9-9751-bf46943b3d76,3,2026-05-02 21:09:00,Costco,Costco,2020.0,EGRESO,TRANSFERENCIA,MXN
17a8ba94-6779-4d6f-a858-33dfa713f3f1,2d80c188-6489-4094-b09d-93b06a6b2935,14,2026-05-02 22:54:00,Renta,Renta,,EGRESO,EFECTIVO,MXN
906eb97b-b229-48fc-b34a-063cd88e006c,e9f3e63d-6775-4b45-9daf-9722ec25fbe3,34,2026-05-02 22:57:00,Nintendo eShop,Nintendo eShop,387.0,EGRESO,APP_MOVIL,MXN
030c64aa-f510-4bde-8a75-e98b23abd05a,033eaacc-c1f9-412e-84cb-95b426d28b5c,1,2026-05-02 22:58:00,Nomina,Nomina,24894.24,INGRESO,TRANSFERENCIA,MXN
329fffc5-536e-4777-a26e-84c518de19d0,86d42cc6-6226-41a4-aa56-9a03fdc03387,31,2026-05-02 23:00:00,Mercado Libre,Mercado Libre,1024.0,EGRESO,EFECTIVO,MXN
e74a0c7b-d028-45b5-8cd9-fc5a343aa2fb,8580b4dd-2321-42ff-8e88-0392056caa5c,24,2026-05-02 23:17:00,Maybelline,Maybelline,1099.0,EGRESO,APP_MOVIL,MXN
c5fe8977-036a-4246-9ea4-b1967057f4b6,7489af6c-154c-4eef-b7af-50397bd6b848,22,2026-05-03 00:36:00,BP,BP,,EGRESO,EFECTIVO,MXN
b4bdb81a-ef12-4936-9d0d-dd06f8cbfac0,1d7d3151-e6c5-479c-aa65-df54b837c324,33,2026-05-03 02:07:00,Agua,Agua,1351.0,EGRESO,APP_MOVIL,MXN
b37e06f3-10e9-4718-889f-8f98a668ce93,0aa2518e-377e-4305-9b5c-0f8e0f802f9e,10,2026-05-03 02:27:00,Compras Fisicas,Compras Fisicas,681.0,EGRESO,TRANSFERENCIA,MXN
572ca93f-7d36-4831-aa45-041d4894fefa,af1d8cae-6064-4332-977d-e896264e20c2,3,2026-05-03 03:03:00,Walmart,Walmart,2214.0,EGRESO,APP_MOVIL,MXN
964a7e0a-5426-4c1c-92bf-715073fed7ba,78415f42-edd9-4039-abee-f38499ffc380,9,2026-05-03 03:09:00,Telcel,Telcel,,EGRESO,TRANSFERENCIA,MXN
b4246c83-0d46-4862-97b0-f27e736efc61,3e5b598d-bd6d-4076-8922-5940bc6d277c,11,2026-05-03 03:44:00,Metro,Metro,5.0,EGRESO,APP_MOVIL,MXN
cfa771bf-6945-4a0b-9923-cc3bc5e16b83,ef403853-e247-49d9-9751-bf46943b3d76,1,2026-05-03 03:50:00,Nomina,Nomina,8343.41,INGRESO,TRANSFERENCIA,MXN
a2f7109b-d0f3-4a30-ae5b-41c0ae477dda,088735e5-4d0d-4706-a911-442edac351c2,17,2026-05-03 03:54:00,Colegiatura,Colegiatura,7438.0,EGRESO,TRANSFERENCIA,MXN
e063db45-124e-4a49-a751-4a2cd5628e3b,cb4d084d-d246-4f2e-847a-1132c5e51dc6,11,2026-05-03 04:09:00,Metro,Metro,5.0,EGRESO,APP_MOVIL,MXN
ed336e90-6bb6-4c84-b161-91bbc0d5874d,e4814a6c-08b2-4b08-99dd-d9e29211ea72,13,2026-05-03 05:28:00,Andrea,Andrea,1610.0,EGRESO,EFECTIVO,MXN
89109931-7516-463a-a504-75da449b5a1c,8711e8ab-3016-4507-8ecf-8798f901a525,19,2026-05-03 06:24:00,Mantenimiento Automotriz,Mantenimiento Automotriz,2894.0,EGRESO,TRANSFERENCIA,MXN
14dee732-955d-4913-a157-f75563d434f4,b1df054d-9d22-4d28-b46d-87390f12a902,6,2026-05-03 07:24:00,DiDi,DiDi,185.0,EGRESO,EFECTIVO,MXN
71fc910b-e1b1-4a5d-8d23-577a711b4244,2ca34b24-a26a-4698-a4c6-7593f66ced33,17,2026-05-03 08:02:00,Colegiatura,Colegiatura,7139.0,EGRESO,APP_MOVIL,MXN
989b8b17-80f7-4d9d-9131-a7a10b8589ce,9ebdcad6-2344-4fb6-873b-906defca570a,6,2026-05-03 09:04:00,Uber,Uber,125.0,EGRESO,TRANSFERENCIA,MXN
69953489-5037-45b1-825d-93707c95e97d,591ef66e-c411-40c1-95e6-b23f8169be61,12,2026-05-03 09:32:00,Barberia,Barberia,369.0,EGRESO,APP_MOVIL,MXN
c1958e66-b0ad-43bc-86ec-09b487669570,cb4d084d-d246-4f2e-847a-1132c5e51dc6,1,2026-05-03 09:52:00,Nomina,Nomina,8127.53,INGRESO,TRANSFERENCIA,MXN
c554203c-3831-4465-849a-4a8c9cf122c3,f30fbc40-9703-4c31-b9a5-ab557c4b82c8,27,2026-05-03 10:07:00,Gas,Gas,796.0,EGRESO,TRANSFERENCIA,MXN
4698d27c-804a-4582-9488-17735335cdd7,1d78859f-eed0-4406-a7a8-ac62bfe90145,3,2026-05-03 11:22:00,Walmart,Walmart,3748.0,EGRESO,TRANSFERENCIA,MXN
792a0019-24cb-4997-bf5c-b59a8d582921,efb35f92-a96e-40cb-9ba4-a3d3670133ab,26,2026-05-03 12:15:00,Farmacias del Ahorro,Farmacias del Ahorro,311.0,EGRESO,APP_MOVIL,MXN
f9efc3d8-04c7-4af5-9c07-7f9aee6ba86d,49c19272-4521-43eb-a5ed-ba309950965f,7,2026-05-03 12:37:00,Electricidad,Electricidad,376.0,EGRESO,APP_MOVIL,MXN
619fd8a4-22ed-46a9-8ccb-d2243bdc0824,7c5b5dce-0577-471c-acd8-1c6806bbd6d1,33,2026-05-03 13:58:00,Agua,Agua,1078.0,EGRESO,APP_MOVIL,MXN
6dedd86f-986b-4c0a-852b-fb82ec7e4467,cf376ebc-04ee-401c-98d2-d2ca7394def8,13,2026-05-03 14:02:00,Flexi,Flexi,284.0,EGRESO,APP_MOVIL,MXN
91e8a548-568c-4687-891a-ab38493f6868,feb46172-c764-46f8-8955-33a46aebe6cc,22,2026-05-03 16:54:00,Mobil,Mobil,,EGRESO,APP_MOVIL,MXN
03efa318-16fc-47b2-8488-b3e69c9476d8,7c74290c-b207-43d8-bcd5-14f069783b3b,20,2026-05-03 18:03:00,Cinemex,Cinemex,386.0,EGRESO,APP_MOVIL,MXN
d539118c-9964-4cd9-a7b0-10dfe7af6c2b,87a8bdbd-1d61-4275-b187-80f960bd7983,8,2026-05-03 18:19:00,Herramientas,Herramientas,735.0,EGRESO,EFECTIVO,MXN
dfba33a4-9d0a-4855-9eaa-82acb7813365,87a8bdbd-1d61-4275-b187-80f960bd7983,32,2026-05-03 18:41:00,PlayStation Network,PlayStation Network,237.0,EGRESO,EFECTIVO,MXN
b7c493b5-1633-4e9f-9f03-6c35b3831bb5,74a2259c-8ee4-4064-89cc-8a49fd390792,17,2026-05-03 19:28:00,Colegiatura,Colegiatura,2481.0,EGRESO,APP_MOVIL,MXN
a07614f8-4ac6-4e33-bcaa-33d430a1a66b,af1d8cae-6064-4332-977d-e896264e20c2,2,2026-05-03 19:35:00,Bus,Bus,12.0,EGRESO,EFECTIVO,MXN
512ec471-663a-4cb6-bd9b-e0159ee2238f,cb4d084d-d246-4f2e-847a-1132c5e51dc6,1,2026-05-03 19:55:00,Transferencia Recibida,Transferencia Recibida,1331.0,INGRESO,TRANSFERENCIA,MXN
3be41b88-498a-4bb3-a226-d78ed75e90f0,c9e1bb7a-b4b0-4880-88f1-2b90da359497,10,2026-05-03 19:57:00,Compras Fisicas,Compras Fisicas,2393.0,EGRESO,APP_MOVIL,MXN
13985279-7967-4231-8bb2-a0613a2c37eb,1d78859f-eed0-4406-a7a8-ac62bfe90145,6,2026-05-03 21:46:00,DiDi,DiDi,92.0,EGRESO,EFECTIVO,MXN
6b6510b7-d323-486e-ba56-17e70c12fc58,d7b98250-11d8-4b40-a1fd-44ae5b3e0d2a,1,2026-05-03 23:37:00,Nomina,Nomina,7380.06,INGRESO,TRANSFERENCIA,MXN
c196f6b3-a8f9-4747-87ae-54b99f96e46b,a016e16f-7680-4d69-8958-9b2a62b35431,1,2026-05-04 00:23:00,Nomina,Nomina,12456.57,INGRESO,TRANSFERENCIA,MXN
06fe4e45-3f1e-4824-a308-5289b3f8857d,481fe99e-04d7-42b3-b696-00ef02353148,26,2026-05-04 01:32:00,Farmacias Similares,Farmacias Similares,340.0,EGRESO,EFECTIVO,MXN
158066b0-5f4d-4018-b907-9a4b13a63a8f,2ca34b24-a26a-4698-a4c6-7593f66ced33,9,2026-05-04 02:38:00,Telcel,Telcel,100.0,EGRESO,APP_MOVIL,MXN
ecf42b26-1171-4145-877d-98d456f9e749,f20e8816-f077-4abe-837b-b3e39ccf37eb,21,2026-05-04 03:22:00,Metrobus,Metrobus,6.0,EGRESO,APP_MOVIL,MXN
8b93cbc5-73d1-4ab0-9339-5afd101ee070,950bb240-d014-403a-bd23-d2ae18663c05,7,2026-05-04 03:46:00,Electricidad,Electricidad,1214.0,EGRESO,TRANSFERENCIA,MXN
2252cd47-8196-4765-966b-bcba206a8bc2,334ac887-2c2e-43f0-ac7f-4e80e3f22173,26,2026-05-04 04:02:00,Farmacias del Ahorro,Farmacias del Ahorro,638.0,EGRESO,APP_MOVIL,MXN
89516afa-4e0f-464d-ac5a-9184f0d8498c,654c4cb9-fb3b-421c-9e42-884531a72e4c,25,2026-05-04 04:47:00,Palacio de Hierro,Palacio de Hierro,1460.0,EGRESO,TRANSFERENCIA,MXN
fa3b0c62-433c-41ed-9054-3d2fec1fd91e,36bb528a-43a8-4008-8557-d3e3a5c94a6c,17,2026-05-04 05:29:00,Colegiatura,Colegiatura,,EGRESO,APP_MOVIL,MXN
9968cc8c-7b18-4987-9ffb-74ce77519572,654c4cb9-fb3b-421c-9e42-884531a72e4c,11,2026-05-04 05:38:00,Metro,Metro,5.0,EGRESO,TRANSFERENCIA,MXN
6aee4feb-c62d-4fef-b9fd-4f3f84d665f9,9fa6af03-3f13-4285-852b-d389da76d928,1,2026-05-04 06:13:00,Nomina,Nomina,20039.9,INGRESO,TRANSFERENCIA,MXN
d56e7e18-5999-49ce-8344-a9ff84519702,d7b98250-11d8-4b40-a1fd-44ae5b3e0d2a,1,2026-05-04 06:26:00,Nomina,Nomina,7380.06,INGRESO,TRANSFERENCIA,MXN
3935ffaa-7691-40a9-a790-f69016850448,2d45cb4c-8380-477e-93dc-7ad4055949fe,34,2026-05-04 07:12:00,Nintendo eShop,Nintendo eShop,1627.0,EGRESO,APP_MOVIL,MXN
bb4a571e-e728-4a68-aeb0-a807cc705230,86d42cc6-6226-41a4-aa56-9a03fdc03387,1,2026-05-04 08:30:00,Transferencia Recibida,Transferencia Recibida,3176.0,INGRESO,TRANSFERENCIA,MXN
e669170a-04c3-42fa-b889-6dec95dc512b,4a021a05-bacc-4ded-98e4-6ba1343b83b4,34,2026-05-04 10:38:00,Steam,Steam,1677.0,EGRESO,APP_MOVIL,MXN
b657e881-8638-4863-a4a9-172ef9a01428,6e3e2a99-1a3d-42fa-bfe5-52f057eccb2f,20,2026-05-04 11:12:00,Restaurante Local,Restaurante Local,352.0,EGRESO,EFECTIVO,MXN
91bd8dd3-f0b4-488e-b896-4f1081387ea3,033eaacc-c1f9-412e-84cb-95b426d28b5c,33,2026-05-04 11:55:00,Agua,Agua,348.0,EGRESO,TRANSFERENCIA,MXN
0fa6ba25-d933-4902-a98f-97a0dc6f8c2a,b5525d88-0da0-4036-a444-3e4f7a34128f,3,2026-05-04 12:13:00,Walmart,Walmart,1799.0,EGRESO,EFECTIVO,MXN
ac7c880f-b5df-4108-ab6e-d7b825986b00,088735e5-4d0d-4706-a911-442edac351c2,17,2026-05-04 12:30:00,Colegiatura,Colegiatura,4414.0,EGRESO,EFECTIVO,MXN
439b54b3-f2b4-4c73-a354-eb14dac5f965,7c5b5dce-0577-471c-acd8-1c6806bbd6d1,8,2026-05-04 14:25:00,Herramientas,Herramientas,1367.0,EGRESO,APP_MOVIL,MXN
231240f9-46b9-4c75-9876-6f04af18e2d2,2f4e7259-c7d0-4f8e-b408-fbed59254881,1,2026-05-04 14:57:00,Nomina,Nomina,11814.53,INGRESO,TRANSFERENCIA,MXN
c2cfc6c3-223f-40fc-b2b9-33f047e65579,282aba8c-1169-402d-adbd-8a41f6676432,27,2026-05-04 15:14:00,Gas,Gas,819.0,EGRESO,TRANSFERENCIA,MXN
42ac5fd9-17fc-4cc4-960c-2977b81d72b5,6e3e2a99-1a3d-42fa-bfe5-52f057eccb2f,12,2026-05-04 16:34:00,Barberia,Barberia,104.0,EGRESO,TRANSFERENCIA,MXN
1ad7320d-eb7b-4a29-aab9-7d45f34f04cb,c56eb014-1de6-4df3-9cc5-45132bbf6942,33,2026-05-04 19:36:00,Agua,Agua,597.0,EGRESO,EFECTIVO,MXN
d974ce5c-c7b3-419f-896a-3114cc5c9197,654c4cb9-fb3b-421c-9e42-884531a72e4c,24,2026-05-04 20:47:00,NYX Cosmetics,NYX Cosmetics,1905.0,EGRESO,APP_MOVIL,MXN
6abe6f47-0238-430b-a8a3-9e3716d1f03f,f30fbc40-9703-4c31-b9a5-ab557c4b82c8,1,2026-05-04 21:24:00,Nomina,Nomina,25189.14,INGRESO,TRANSFERENCIA,MXN
08cad88b-aabe-4bd4-9d1a-a56b2caabf4c,8ae451d5-4e82-4ced-8bbc-cee19fedccda,9,2026-05-04 21:28:00,AT&T,AT&T,249.0,EGRESO,TRANSFERENCIA,MXN
3087bbd3-f6a5-4abc-ad68-a3549051d3c2,1d7d3151-e6c5-479c-aa65-df54b837c324,25,2026-05-04 22:19:00,Liverpool,Liverpool,1899.0,EGRESO,TRANSFERENCIA,MXN
f4e4249f-28b7-4770-9142-0835ebc02747,ef403853-e247-49d9-9751-bf46943b3d76,8,2026-05-04 23:40:00,Herramientas,Herramientas,1246.0,EGRESO,APP_MOVIL,MXN
060a2a65-d11d-4142-ad9e-f625c628bcc6,c49c8bf6-2d71-40b9-8f87-363b870b0dfd,7,2026-05-05 00:03:00,Electricidad,Electricidad,888.0,EGRESO,APP_MOVIL,MXN
be23163f-c578-4a4b-a0bc-243ca20a532c,af1d8cae-6064-4332-977d-e896264e20c2,1,2026-05-05 00:27:00,Transferencia Recibida,Transferencia Recibida,4158.0,INGRESO,TRANSFERENCIA,MXN
a388c89f-f2ca-4106-8cfb-fbf8d91617e4,d94896e7-da2e-4ebf-8861-0ed51d327133,8,2026-05-05 00:45:00,Herramientas,Herramientas,1165.0,EGRESO,EFECTIVO,MXN
c41f9f77-92d8-483a-a733-321bc9e02807,e4f9aabd-8595-4a2d-84b2-3d54a4541fdc,33,2026-05-05 01:44:00,Agua,Agua,331.0,EGRESO,EFECTIVO,MXN
cab0fe90-5a07-4530-b749-e9b5106af91c,7f2f8daa-dfc2-4ad0-9c49-d90ffa6ae04b,16,2026-05-05 02:12:00,Michael Kors,Michael Kors,511.0,EGRESO,APP_MOVIL,MXN
e5a162fd-294c-4236-ab4f-8c6162480d93,d660ddf9-6ba0-4a64-88ea-5d41f61fcefb,1,2026-05-05 02:20:00,Nomina,Nomina,7645.89,INGRESO,TRANSFERENCIA,MXN
c7876c17-0ed5-4e5a-bff3-c68ecbea4131,27184bbc-330d-4cfd-a78f-c17d51279685,1,2026-05-05 03:47:00,Nomina,Nomina,14773.1,INGRESO,TRANSFERENCIA,MXN
1a294568-d026-46d9-ad3e-5584a1747538,950bb240-d014-403a-bd23-d2ae18663c05,31,2026-05-05 03:58:00,Amazon,Amazon,342.0,EGRESO,TRANSFERENCIA,MXN
e52ab3db-3a5b-451b-a97c-bfe0e0ef5d13,7c74290c-b207-43d8-bcd5-14f069783b3b,20,2026-05-05 05:07:00,Restaurante Local,Restaurante Local,165.0,EGRESO,APP_MOVIL,MXN
271e09f4-995f-426a-9577-112347c087f0,c0c2ffc0-3d5f-4e4f-99f2-884a8a2621f5,26,2026-05-05 05:09:00,Farmacias Guadalajara,Farmacias Guadalajara,671.0,EGRESO,EFECTIVO,MXN
a27256f0-5f55-40f0-9781-0f92b2caaf92,169f4be3-cc0f-4b41-8a79-77865835d095,23,2026-05-05 06:32:00,GNP Seguros,GNP Seguros,1193.0,EGRESO,EFECTIVO,MXN
833294f1-79a6-45cc-ba30-6872067f9072,007759d6-7e92-4216-8b0d-24e4b3bdc25c,31,2026-05-05 06:54:00,Amazon,Amazon,934.0,EGRESO,TRANSFERENCIA,MXN
6854cfde-23b8-4a17-8a20-c635e8fc77aa,c9e1bb7a-b4b0-4880-88f1-2b90da359497,27,2026-05-05 08:20:00,Gas,Gas,753.0,EGRESO,TRANSFERENCIA,MXN
8ba13d49-2161-4352-b9af-c31a55f82248,287b9cdc-edd5-4342-a5fb-5148aeea5b6c,5,2026-05-05 09:59:00,Burger King,Burger King,1115.0,EGRESO,APP_MOVIL,MXN
0b1de385-b3f7-4c57-aac0-8b48bc7a0e64,7489af6c-154c-4eef-b7af-50397bd6b848,26,2026-05-05 10:59:00,Farmacias Guadalajara,Farmacias Guadalajara,842.0,EGRESO,EFECTIVO,MXN
4aa90102-52c3-4ff5-86c9-a166c28caf04,7489af6c-154c-4eef-b7af-50397bd6b848,16,2026-05-05 11:18:00,Coach,Coach,2017.0,EGRESO,TRANSFERENCIA,MXN
5ac5e111-3218-4001-a81b-dfb5c63174fa,8ae451d5-4e82-4ced-8bbc-cee19fedccda,9,2026-05-05 11:49:00,Movistar,Movistar,100.0,EGRESO,APP_MOVIL,MXN
09218f55-a3fc-4a60-ab8c-246ecbd9d6a6,2d80c188-6489-4094-b09d-93b06a6b2935,20,2026-05-05 12:52:00,Restaurante Local,Restaurante Local,156.0,EGRESO,EFECTIVO,MXN
d8f1d8e7-49c5-4521-a526-1de5ee5a63c6,cc302a48-1c7f-4cd5-8095-557e5f3ee43f,8,2026-05-05 13:07:00,Herramientas,Herramientas,1494.0,EGRESO,EFECTIVO,MXN
4442a1a2-009d-47ad-80b6-bf5f0d22d602,cb4d084d-d246-4f2e-847a-1132c5e51dc6,25,2026-05-05 14:42:00,Palacio de Hierro,Palacio de Hierro,696.0,EGRESO,APP_MOVIL,MXN
d006f544-3717-41c8-adcf-6fc901e6dc93,8ae451d5-4e82-4ced-8bbc-cee19fedccda,22,2026-05-05 15:15:00,Oxxo Gas,Oxxo Gas,591.0,EGRESO,TRANSFERENCIA,MXN
05b8c3e9-28c4-4652-b0de-e0807bde46f9,e4f9aabd-8595-4a2d-84b2-3d54a4541fdc,33,2026-05-05 16:14:00,Agua,Agua,1168.0,EGRESO,TRANSFERENCIA,MXN
292ffef1-1c5d-4118-8382-253b258ab11d,950bb240-d014-403a-bd23-d2ae18663c05,1,2026-05-05 16:37:00,Nomina,Nomina,12394.73,INGRESO,TRANSFERENCIA,MXN
b27308b7-fa44-4b87-b284-816196f6e0f5,6be93697-d5c5-49d1-8778-8abe58f5c5a3,1,2026-05-05 18:06:00,Transferencia Recibida,Transferencia Recibida,1772.0,INGRESO,TRANSFERENCIA,MXN
2eb0ee9f-1b04-4f8a-bd56-bc5fcfe4554a,4bb45633-ce6a-4e78-8b36-ab2143b9312a,14,2026-05-05 18:10:00,Renta,Renta,6067.0,EGRESO,APP_MOVIL,MXN
1b370270-9eca-47f7-8522-d1fd3ac6d3e2,282aba8c-1169-402d-adbd-8a41f6676432,1,2026-05-05 19:13:00,Nomina,Nomina,15987.97,INGRESO,TRANSFERENCIA,MXN
60bcf00d-5f54-4fcb-b7e0-a1e045856769,e4814a6c-08b2-4b08-99dd-d9e29211ea72,30,2026-05-05 20:23:00,Salon de Belleza,Salon de Belleza,295.0,EGRESO,EFECTIVO,MXN
bac7549a-4bea-4e72-8419-e3351504afb7,033eaacc-c1f9-412e-84cb-95b426d28b5c,1,2026-05-05 20:51:00,Nomina,Nomina,24894.24,INGRESO,TRANSFERENCIA,MXN
0216e4ee-b63f-4309-ae53-00c978b587d3,6e3e2a99-1a3d-42fa-bfe5-52f057eccb2f,34,2026-05-05 21:39:00,Nintendo eShop,Nintendo eShop,332.0,EGRESO,EFECTIVO,MXN
3837c86f-0e66-4194-a215-3b3d88b781f9,7489af6c-154c-4eef-b7af-50397bd6b848,20,2026-05-05 23:31:00,Cinemex,Cinemex,627.0,EGRESO,TRANSFERENCIA,MXN
9debc5e3-00bf-4709-9ba4-f98334126c02,2f4e7259-c7d0-4f8e-b408-fbed59254881,28,2026-05-06 01:43:00,Deportes Marti,Deportes Marti,845.0,EGRESO,EFECTIVO,MXN
db8acc2a-12ef-49c9-8225-caf3a53ca2fb,8ae451d5-4e82-4ced-8bbc-cee19fedccda,23,2026-05-06 06:52:00,Qualitas,Qualitas,2509.0,EGRESO,TRANSFERENCIA,MXN
7e10022b-2c7a-49f6-a84d-58e915d0bac9,49c19272-4521-43eb-a5ed-ba309950965f,6,2026-05-06 08:31:00,DiDi,DiDi,112.0,EGRESO,APP_MOVIL,MXN
2d27ab30-63a3-4faf-96d3-45d4bfd562b3,e6f6e0cb-d25d-473f-9f7b-b942a476f005,23,2026-05-06 09:03:00,AXA Seguros,AXA Seguros,3485.0,EGRESO,TRANSFERENCIA,MXN
6bd58cf5-8930-4c49-8b1c-18f203aefd7a,e8dab777-b3e1-4c67-81e8-1bcf07a12eb6,28,2026-05-06 10:48:00,Decathlon,Decathlon,1029.0,EGRESO,APP_MOVIL,MXN
57a7003c-8af3-4932-8f1d-8ff4bd5df701,7489af6c-154c-4eef-b7af-50397bd6b848,31,2026-05-06 11:24:00,Mercado Libre,Mercado Libre,611.0,EGRESO,APP_MOVIL,MXN
0d99ca29-d42c-4680-872d-b67c88bf1a49,f2e52e1f-1d7b-4214-a1ee-83e8b98918f0,11,2026-05-06 12:44:00,Metro,Metro,5.0,EGRESO,TRANSFERENCIA,MXN
bb1362af-0d5a-416c-8070-d0e1167ee080,edeb6414-0b55-4e0a-bed2-b73a88276387,33,2026-05-06 13:06:00,Agua,Agua,354.0,EGRESO,EFECTIVO,MXN
66e7fa93-d8cb-482f-8ef7-920e3bb1b9d6,0aa2518e-377e-4305-9b5c-0f8e0f802f9e,11,2026-05-06 14:05:00,Metro,Metro,5.0,EGRESO,TRANSFERENCIA,MXN
74e77bc4-cd43-4792-b4fd-45796c3f4000,b8a2aeb0-77bc-4f93-87a4-dbd5d9aae0e9,12,2026-05-06 14:19:00,Barberia,Barberia,411.0,EGRESO,APP_MOVIL,MXN
da6b5d7a-dacd-4cbd-a6d3-1a452283ff58,cc302a48-1c7f-4cd5-8095-557e5f3ee43f,34,2026-05-06 14:30:00,Steam,Steam,1782.0,EGRESO,EFECTIVO,MXN
4573b941-d994-4fb2-a147-6e43a5f1502b,367901a5-f293-400f-8969-224db4f3e99e,29,2026-05-06 14:36:00,Viajes,Viajes,2489.0,EGRESO,APP_MOVIL,MXN
747bdfd6-3257-4847-a806-ee2c77c34730,b6ca9d87-476a-4c5d-83ca-7693a6527a9c,23,2026-05-06 15:04:00,GNP Seguros,GNP Seguros,1994.0,EGRESO,APP_MOVIL,MXN
c53caefe-c349-440f-aa94-99a684f57ed1,d94896e7-da2e-4ebf-8861-0ed51d327133,12,2026-05-06 15:18:00,Barberia,Barberia,95.0,EGRESO,EFECTIVO,MXN
8d113aaf-0c94-42e1-b67b-553b9fc82c0e,591ef66e-c411-40c1-95e6-b23f8169be61,26,2026-05-06 15:36:00,Farmacias Similares,Farmacias Similares,226.0,EGRESO,EFECTIVO,MXN
fffdac87-4583-4154-ac8f-2a125cd1ecf6,4bb45633-ce6a-4e78-8b36-ab2143b9312a,32,2026-05-06 15:43:00,PlayStation Network,PlayStation Network,306.0,EGRESO,TRANSFERENCIA,MXN
836095e9-8cd4-41ea-aadf-e6638618bf79,007759d6-7e92-4216-8b0d-24e4b3bdc25c,33,2026-05-06 15:44:00,Agua,Agua,,EGRESO,APP_MOVIL,MXN
e424fa71-9693-406b-8ab6-930bb93dfb33,4bb45633-ce6a-4e78-8b36-ab2143b9312a,1,2026-05-06 16:04:00,Transferencia Recibida,Transferencia Recibida,2902.0,INGRESO,TRANSFERENCIA,MXN
6d5e3af2-0d4f-4890-8583-b2db132bc194,654c4cb9-fb3b-421c-9e42-884531a72e4c,1,2026-05-06 16:20:00,Transferencia Recibida,Transferencia Recibida,2545.0,INGRESO,TRANSFERENCIA,MXN
a3fb9637-6c33-4afd-96e6-efbe5886962d,481fe99e-04d7-42b3-b696-00ef02353148,13,2026-05-06 16:21:00,Andrea,Andrea,1757.0,EGRESO,APP_MOVIL,MXN
edaef453-4ad8-406a-841f-a29cd2f8c39e,3e5b598d-bd6d-4076-8922-5940bc6d277c,12,2026-05-06 17:05:00,Barberia,Barberia,154.0,EGRESO,TRANSFERENCIA,MXN
02eca216-8148-4d74-8b4a-63ec3fe27d28,7c74290c-b207-43d8-bcd5-14f069783b3b,5,2026-05-06 18:42:00,McDonald's,McDonald's,900.0,EGRESO,TRANSFERENCIA,MXN
d37664f1-9320-48ff-b357-15aaf6487932,287b9cdc-edd5-4342-a5fb-5148aeea5b6c,7,2026-05-06 20:05:00,Electricidad,Electricidad,1395.0,EGRESO,APP_MOVIL,MXN
67bdb47d-1d85-4bc6-abaf-f5b3df29f5b0,654c4cb9-fb3b-421c-9e42-884531a72e4c,7,2026-05-06 21:15:00,Electricidad,Electricidad,1703.0,EGRESO,EFECTIVO,MXN
a5010119-4281-4938-94ff-cbbee6b48648,7059c9c8-532b-4bfe-a72e-0c9aa55e75da,30,2026-05-06 21:48:00,Salon de Belleza,Salon de Belleza,280.0,EGRESO,TRANSFERENCIA,MXN
c2e430a3-0edd-414d-b1b2-a619b2621d10,71c16233-5b03-45a3-b9d9-75dfce80f8cd,27,2026-05-06 22:26:00,Gas,Gas,347.0,EGRESO,APP_MOVIL,MXN
951d2de2-bcbf-446e-91b2-cc895bc040d9,367901a5-f293-400f-8969-224db4f3e99e,13,2026-05-06 22:49:00,Flexi,Flexi,1873.0,EGRESO,EFECTIVO,MXN
dd4d255c-996b-4689-bea9-3e8c5ed8e73b,03e60ec2-d499-47cd-81fb-96e308403ecd,1,2026-05-07 01:06:00,Nomina,Nomina,6317.8,INGRESO,TRANSFERENCIA,MXN
09ee1ea2-a7e2-4fdc-91b1-2b0a2120f922,d7d4bd62-308e-4ac3-9ba9-582ec4beeeb0,29,2026-05-07 02:36:00,Viajes,Viajes,6633.0,EGRESO,APP_MOVIL,MXN
6d05c105-1d12-4d01-8a1c-bfc071288400,36bb528a-43a8-4008-8557-d3e3a5c94a6c,25,2026-05-07 03:39:00,Liverpool,Liverpool,795.0,EGRESO,EFECTIVO,MXN
5f34ab69-0f91-47e9-a5dc-304e1a211aa8,460819f1-3e7b-4a18-b9bb-4a991973ca55,1,2026-05-07 04:17:00,Nomina,Nomina,11667.38,INGRESO,TRANSFERENCIA,MXN
81fa8aba-15d0-4f1f-8bfd-6bc9612a0efb,f20e8816-f077-4abe-837b-b3e39ccf37eb,33,2026-05-07 06:05:00,Agua,Agua,264.0,EGRESO,TRANSFERENCIA,MXN
1008a735-8470-4c0e-8c7b-a973e6104f77,f2e52e1f-1d7b-4214-a1ee-83e8b98918f0,1,2026-05-07 07:32:00,Nomina,Nomina,9561.1,INGRESO,TRANSFERENCIA,MXN
1e399f46-754f-4334-a08a-68fe5461ab29,e4814a6c-08b2-4b08-99dd-d9e29211ea72,1,2026-05-07 08:04:00,Nomina,Nomina,34361.9,INGRESO,TRANSFERENCIA,MXN
290c1724-cf90-4f03-963d-3193757c610c,c56eb014-1de6-4df3-9cc5-45132bbf6942,3,2026-05-07 08:07:00,Bodega Aurrera,Bodega Aurrera,3312.0,EGRESO,TRANSFERENCIA,MXN
0731e3e8-53ac-4eab-a38f-50adeea67026,062fd77f-ba97-4763-bff4-0bc64c0b9db9,29,2026-05-07 10:20:00,Viajes,Viajes,4195.0,EGRESO,APP_MOVIL,MXN
fe2250c6-9c43-4bdd-be2b-27c8e812177a,033eaacc-c1f9-412e-84cb-95b426d28b5c,9,2026-05-07 11:09:00,Telcel,Telcel,100.0,EGRESO,EFECTIVO,MXN
138542dc-326a-4dfc-80e6-84ac63398a36,6b2251e4-b804-4f13-898b-216c0c5ba9cc,19,2026-05-07 12:34:00,Mantenimiento Automotriz,Mantenimiento Automotriz,1273.0,EGRESO,APP_MOVIL,MXN
f4dc422b-685d-4fc0-b4dd-6f97fc7c7eae,86d42cc6-6226-41a4-aa56-9a03fdc03387,6,2026-05-07 12:34:00,Cabify,Cabify,181.0,EGRESO,TRANSFERENCIA,MXN
09a3f78a-c25c-4ffc-98a8-1585ce249146,7059c9c8-532b-4bfe-a72e-0c9aa55e75da,16,2026-05-07 14:12:00,Michael Kors,Michael Kors,2353.0,EGRESO,APP_MOVIL,MXN
12e99368-987e-4a73-bdbb-0baffaeea592,feb46172-c764-46f8-8955-33a46aebe6cc,13,2026-05-07 15:53:00,Capa de Ozono,Capa de Ozono,2288.0,EGRESO,EFECTIVO,MXN
7d9747ca-00f2-4aaf-9326-3e7cd786e5b5,367901a5-f293-400f-8969-224db4f3e99e,29,2026-05-07 17:23:00,Viajes,Viajes,10005.0,EGRESO,APP_MOVIL,MXN
6e68a5f5-678f-4e24-b295-af44e91595f8,8ae451d5-4e82-4ced-8bbc-cee19fedccda,33,2026-05-07 18:35:00,Agua,Agua,851.0,EGRESO,TRANSFERENCIA,MXN
bd26d140-42e3-4cda-86fd-7e74e9629c96,2f5e4265-1e5f-4813-839b-50bf4accbd7e,2,2026-05-07 20:23:00,Bus,Bus,8.0,EGRESO,EFECTIVO,MXN
48f54951-4169-408d-b51c-1e9219e15bb6,282aba8c-1169-402d-adbd-8a41f6676432,27,2026-05-07 20:40:00,Gas,Gas,444.0,EGRESO,APP_MOVIL,MXN
608f9378-a4a2-4026-951f-f39daba99c25,86d42cc6-6226-41a4-aa56-9a03fdc03387,22,2026-05-08 00:44:00,Oxxo Gas,Oxxo Gas,598.0,EGRESO,APP_MOVIL,MXN
c497dc85-70c3-4d27-abe9-c7e3816bd13b,ef403853-e247-49d9-9751-bf46943b3d76,21,2026-05-08 03:05:00,Metrobus,Metrobus,100.0,EGRESO,APP_MOVIL,MXN
deadc72c-1e62-48c6-b768-d178a6116e0b,4f6ff8db-53cf-4464-883b-02373ed58457,16,2026-05-08 04:26:00,Coach,Coach,1530.0,EGRESO,APP_MOVIL,MXN
fc05e4eb-2e5d-4fb8-8c2e-fcf6c0a479fe,feb46172-c764-46f8-8955-33a46aebe6cc,17,2026-05-08 04:57:00,Colegiatura,Colegiatura,3953.0,EGRESO,TRANSFERENCIA,MXN
dacdcbad-81e0-42bb-909e-d78b5c9ed14e,27184bbc-330d-4cfd-a78f-c17d51279685,8,2026-05-08 05:01:00,Herramientas,Herramientas,2431.0,EGRESO,TRANSFERENCIA,MXN
3c1123a0-8433-4c72-9a19-b37f38b36a1d,1d7d3151-e6c5-479c-aa65-df54b837c324,29,2026-05-08 06:47:00,Viajes,Viajes,6607.0,EGRESO,EFECTIVO,MXN
6a70aa54-6cbf-4f97-9b77-aaa591ee0dd8,7059c9c8-532b-4bfe-a72e-0c9aa55e75da,11,2026-05-08 07:57:00,Metro,Metro,5.0,EGRESO,APP_MOVIL,MXN
771ad1bc-46f0-425f-bc79-8a383673237f,2d80c188-6489-4094-b09d-93b06a6b2935,3,2026-05-08 08:00:00,Soriana,Soriana,3575.0,EGRESO,EFECTIVO,MXN
04911a58-b463-4706-ae66-a830ff20b884,efb35f92-a96e-40cb-9ba4-a3d3670133ab,1,2026-05-08 08:03:00,Nomina,Nomina,7257.87,INGRESO,TRANSFERENCIA,MXN
db9c0909-5f3c-48d2-b588-0cf9c193536a,4a021a05-bacc-4ded-98e4-6ba1343b83b4,21,2026-05-08 08:26:00,Metrobus,Metrobus,6.0,EGRESO,TRANSFERENCIA,MXN
29b38e8f-2811-4a93-92e2-fd8a0a015eb2,f20e8816-f077-4abe-837b-b3e39ccf37eb,34,2026-05-08 09:53:00,Epic Games Store,Epic Games Store,1404.0,EGRESO,APP_MOVIL,MXN
a9638db9-f413-4cc2-a931-cc66d572c0a5,e6f6e0cb-d25d-473f-9f7b-b942a476f005,20,2026-05-08 10:16:00,Cinepolis,Cinepolis,303.0,EGRESO,TRANSFERENCIA,MXN
6c0d0245-5cf0-4914-8be8-2ed7b29b3949,d7b98250-11d8-4b40-a1fd-44ae5b3e0d2a,17,2026-05-08 10:19:00,Colegiatura,Colegiatura,6398.0,EGRESO,TRANSFERENCIA,MXN
b11885b8-1447-4861-940a-a33d15219fb9,282aba8c-1169-402d-adbd-8a41f6676432,25,2026-05-08 11:14:00,Palacio de Hierro,Palacio de Hierro,321.0,EGRESO,APP_MOVIL,MXN
b8762b9b-2be0-45e0-ba27-cbc29592dd2a,efb35f92-a96e-40cb-9ba4-a3d3670133ab,2,2026-05-08 11:32:00,Bus,Bus,8.0,EGRESO,APP_MOVIL,MXN
0825c828-ba75-4975-9e48-f881090a4362,f2e52e1f-1d7b-4214-a1ee-83e8b98918f0,25,2026-05-08 12:30:00,Palacio de Hierro,Palacio de Hierro,,EGRESO,APP_MOVIL,MXN
d41e68d4-fa27-4600-88f7-84f1a2bbfef1,b1df054d-9d22-4d28-b46d-87390f12a902,20,2026-05-08 13:36:00,Restaurante Local,Restaurante Local,121.0,EGRESO,APP_MOVIL,MXN
734e0f5f-ac2f-4c1f-8d7c-c49bfa7cb519,a5264eb8-0d47-44e1-b1b3-6e0a2018f25f,23,2026-05-08 14:38:00,GNP Seguros,GNP Seguros,3650.0,EGRESO,APP_MOVIL,MXN
35546f01-341c-4866-bba8-f83ad8d452c1,b5525d88-0da0-4036-a444-3e4f7a34128f,16,2026-05-08 15:05:00,Coach,Coach,1173.0,EGRESO,APP_MOVIL,MXN
ef54d7d5-77e9-4ee0-b716-4445a126536a,6e3e2a99-1a3d-42fa-bfe5-52f057eccb2f,12,2026-05-08 16:42:00,Barberia,Barberia,180.0,EGRESO,TRANSFERENCIA,MXN
4a4dab59-8547-4549-9b0c-f6c029c062d5,950bb240-d014-403a-bd23-d2ae18663c05,8,2026-05-08 19:51:00,Herramientas,Herramientas,2020.0,EGRESO,EFECTIVO,MXN
27b37210-3d87-4965-b058-7c176452ec30,460819f1-3e7b-4a18-b9bb-4a991973ca55,21,2026-05-08 20:20:00,Metrobus,Metrobus,50.0,EGRESO,APP_MOVIL,MXN
da012144-a706-47a4-bfb1-82c9e0b7d2dd,e4814a6c-08b2-4b08-99dd-d9e29211ea72,22,2026-05-08 20:25:00,Mobil,Mobil,407.0,EGRESO,EFECTIVO,MXN
425f6020-3004-4804-9349-abea8f601b60,f30fbc40-9703-4c31-b9a5-ab557c4b82c8,7,2026-05-08 20:34:00,Electricidad,Electricidad,1089.0,EGRESO,APP_MOVIL,MXN
53b09368-98da-413e-8228-18f95d81304a,edeb6414-0b55-4e0a-bed2-b73a88276387,1,2026-05-08 20:58:00,Nomina,Nomina,15554.08,INGRESO,TRANSFERENCIA,MXN
c6b95d15-f7b3-40f2-b604-34199bcbfb30,e8dab777-b3e1-4c67-81e8-1bcf07a12eb6,1,2026-05-08 22:13:00,Nomina,Nomina,19075.53,INGRESO,TRANSFERENCIA,MXN
ae9b8355-412b-4c03-9775-6785b44647b7,b1df054d-9d22-4d28-b46d-87390f12a902,7,2026-05-08 22:15:00,Electricidad,Electricidad,639.0,EGRESO,EFECTIVO,MXN
47fd7b2c-ac57-4a3c-8baf-1dbda9086148,698259d6-1dc2-4996-bae9-8219285ebc59,27,2026-05-08 23:37:00,Gas,Gas,569.0,EGRESO,EFECTIVO,MXN
d5d52e0a-cd70-452c-a6a1-66485400b757,feb46172-c764-46f8-8955-33a46aebe6cc,14,2026-05-09 02:52:00,Renta,Renta,10734.0,EGRESO,APP_MOVIL,MXN
a6b46379-0e32-4a1e-98ff-d02629f646ee,d7073699-b1fd-4984-8380-c897f19b37c2,12,2026-05-09 03:08:00,Barberia,Barberia,220.0,EGRESO,APP_MOVIL,MXN
d0cbae92-9e2c-40bf-9613-d4aadb9db54c,7c74290c-b207-43d8-bcd5-14f069783b3b,1,2026-05-09 03:29:00,Transferencia Recibida,Transferencia Recibida,3294.0,INGRESO,TRANSFERENCIA,MXN
b701ae04-c1ae-43af-b3de-52fb450aa63d,c9e1bb7a-b4b0-4880-88f1-2b90da359497,17,2026-05-09 05:20:00,Colegiatura,Colegiatura,6072.0,EGRESO,EFECTIVO,MXN
9f112e83-fad6-41c1-ba1a-67d3fa6c9360,6e3e2a99-1a3d-42fa-bfe5-52f057eccb2f,1,2026-05-09 06:33:00,Nomina,Nomina,5628.95,INGRESO,TRANSFERENCIA,MXN
09652834-d4ee-4118-bc08-a02b9f875809,033eaacc-c1f9-412e-84cb-95b426d28b5c,1,2026-05-09 10:01:00,Nomina,Nomina,24894.24,INGRESO,TRANSFERENCIA,MXN
6aadfe69-efbd-4a8d-82c9-ede8a5d88468,481fe99e-04d7-42b3-b696-00ef02353148,33,2026-05-09 10:37:00,Agua,Agua,389.0,EGRESO,APP_MOVIL,MXN
bcba0308-cfeb-4946-b64c-423d8c86b2e5,af1d8cae-6064-4332-977d-e896264e20c2,1,2026-05-09 11:04:00,Nomina,Nomina,9911.92,INGRESO,TRANSFERENCIA,MXN
8d5d3e1e-e7e4-4c57-ba3e-2cb77ab110a6,2f5e4265-1e5f-4813-839b-50bf4accbd7e,2,2026-05-09 11:23:00,Bus,Bus,6.0,EGRESO,EFECTIVO,MXN
57565776-354a-48be-ad04-844525db3be6,bacb91fd-e8d8-4aab-86af-be8542045bfc,14,2026-05-09 14:10:00,Renta,Renta,3921.0,EGRESO,TRANSFERENCIA,MXN
5bc76927-1886-4e69-8258-1b6ac634fc94,4bb45633-ce6a-4e78-8b36-ab2143b9312a,20,2026-05-09 14:17:00,Cinemex,Cinemex,849.0,EGRESO,APP_MOVIL,MXN
6db0d669-9392-4489-b780-bb81a1cee88c,d1015873-9015-4bb6-ad9c-9c10c7fbccaa,4,2026-05-09 14:31:00,Max (HBO),Max (HBO),199.0,EGRESO,APP_MOVIL,MXN
e1d1188d-05a5-4620-9538-8d6391d86e04,460819f1-3e7b-4a18-b9bb-4a991973ca55,21,2026-05-09 16:01:00,Metrobus,Metrobus,6.0,EGRESO,TRANSFERENCIA,MXN
e993309b-d3c0-4853-bf90-c4830637169c,36ee8608-fe5c-4530-b7cf-d13801c08072,34,2026-05-09 16:24:00,Nintendo eShop,Nintendo eShop,590.0,EGRESO,TRANSFERENCIA,MXN
e0b3cca6-4b96-4f10-b7c7-e1b1f630fa8f,007759d6-7e92-4216-8b0d-24e4b3bdc25c,22,2026-05-09 16:53:00,BP,BP,1033.0,EGRESO,TRANSFERENCIA,MXN
5acecedd-8d1a-4780-90bf-ab9c222fc4de,d7073699-b1fd-4984-8380-c897f19b37c2,8,2026-05-09 17:11:00,Herramientas,Herramientas,1446.0,EGRESO,APP_MOVIL,MXN
ef75dbf3-5fcb-4413-aec6-a950d1389452,8ae451d5-4e82-4ced-8bbc-cee19fedccda,13,2026-05-09 17:27:00,Capa de Ozono,Capa de Ozono,1012.0,EGRESO,EFECTIVO,MXN
f1dc2062-9cee-48c6-83b1-b49035ff764f,b1df054d-9d22-4d28-b46d-87390f12a902,17,2026-05-09 18:51:00,Colegiatura,Colegiatura,2112.0,EGRESO,APP_MOVIL,MXN
8be50584-7d0e-4c7f-9855-f98ef131af3c,169f4be3-cc0f-4b41-8a79-77865835d095,1,2026-05-09 19:54:00,Transferencia Recibida,Transferencia Recibida,1174.0,INGRESO,TRANSFERENCIA,MXN
c3502739-9edf-4f44-9917-c9cf25cdf7b0,d660ddf9-6ba0-4a64-88ea-5d41f61fcefb,34,2026-05-09 20:53:00,Epic Games Store,Epic Games Store,366.0,EGRESO,EFECTIVO,MXN
b133d2d2-b37b-4851-b2f1-efb7182c9ad6,edeb6414-0b55-4e0a-bed2-b73a88276387,6,2026-05-09 21:24:00,Cabify,Cabify,104.0,EGRESO,APP_MOVIL,MXN
614b6f87-d109-4360-b371-8a873b070bb0,950bb240-d014-403a-bd23-d2ae18663c05,34,2026-05-09 22:07:00,Epic Games Store,Epic Games Store,761.0,EGRESO,TRANSFERENCIA,MXN
cdd3bb92-d998-4a08-930e-4606893bba9b,ef403853-e247-49d9-9751-bf46943b3d76,34,2026-05-09 23:09:00,Epic Games Store,Epic Games Store,1402.0,EGRESO,TRANSFERENCIA,MXN
746f772a-a9a6-4142-8752-8e8bf2fe464e,088735e5-4d0d-4706-a911-442edac351c2,2,2026-05-10 01:48:00,Bus,Bus,8.0,EGRESO,TRANSFERENCIA,MXN
b2acb33a-8171-4e0c-9c7c-2588717e3fca,e8dab777-b3e1-4c67-81e8-1bcf07a12eb6,21,2026-05-10 03:20:00,Metrobus,Metrobus,100.0,EGRESO,APP_MOVIL,MXN
50aedeec-c478-4c1c-b0fb-4401dbb5fe4e,f20e8816-f077-4abe-837b-b3e39ccf37eb,1,2026-05-10 03:28:00,Nomina,Nomina,4980.31,INGRESO,TRANSFERENCIA,MXN
a3e200ce-6824-479c-874f-8004e7837166,0d4d9d7a-2ce4-4002-abe0-031b288ff53c,4,2026-05-10 04:54:00,Max (HBO),Max (HBO),199.0,EGRESO,APP_MOVIL,MXN
7a38d0f5-dac1-4928-9185-b0fab4b8a0ec,e80f9cac-b03e-4fcb-a3f3-7f1c6286bc7b,11,2026-05-10 06:32:00,Metro,Metro,5.0,EGRESO,APP_MOVIL,MXN
00540e62-67b2-4ce0-8218-662bb1b00629,4c903803-6f89-4498-ac48-9cac84de61c7,12,2026-05-10 07:44:00,Barberia,Barberia,486.0,EGRESO,APP_MOVIL,MXN
25a929b7-e8ed-40b7-917c-f9979f390e9e,f30fbc40-9703-4c31-b9a5-ab557c4b82c8,21,2026-05-10 08:36:00,Metrobus,Metrobus,100.0,EGRESO,APP_MOVIL,MXN
912ce75a-0257-479d-a9b5-fcab935efa89,36bb528a-43a8-4008-8557-d3e3a5c94a6c,32,2026-05-10 08:43:00,PlayStation Network,PlayStation Network,699.0,EGRESO,EFECTIVO,MXN
7616764d-8269-4980-8a5c-2b001804bf40,8ae451d5-4e82-4ced-8bbc-cee19fedccda,5,2026-05-10 08:53:00,Burger King,Burger King,745.0,EGRESO,EFECTIVO,MXN
fee380cf-3eb1-4fd3-971b-4fa5d2457335,ef403853-e247-49d9-9751-bf46943b3d76,19,2026-05-10 09:18:00,Mantenimiento Automotriz,Mantenimiento Automotriz,450.0,EGRESO,EFECTIVO,MXN
4637d8e0-511c-482f-bc45-ba7db9b9ae35,950bb240-d014-403a-bd23-d2ae18663c05,6,2026-05-10 09:21:00,Cabify,Cabify,110.0,EGRESO,TRANSFERENCIA,MXN
8ab78d0f-b68f-4a60-a48a-cd0b4230e3ac,334ac887-2c2e-43f0-ac7f-4e80e3f22173,33,2026-05-10 09:23:00,Agua,Agua,997.0,EGRESO,EFECTIVO,MXN
34953b3e-9c94-43ef-aa88-adea74a58061,36ee8608-fe5c-4530-b7cf-d13801c08072,13,2026-05-10 10:07:00,Andrea,Andrea,1927.0,EGRESO,TRANSFERENCIA,MXN
67f7e52b-06a5-4f38-ae89-9e138578b88b,c56eb014-1de6-4df3-9cc5-45132bbf6942,28,2026-05-10 10:32:00,Innvictus,Innvictus,431.0,EGRESO,APP_MOVIL,MXN
7895a9d3-aab5-4822-9243-04b6ff431566,b8a2aeb0-77bc-4f93-87a4-dbd5d9aae0e9,2,2026-05-10 11:20:00,Bus,Bus,9.5,EGRESO,APP_MOVIL,MXN
e388374c-4cec-4c22-a355-690f01003bf8,a016e16f-7680-4d69-8958-9b2a62b35431,1,2026-05-10 11:34:00,Transferencia Recibida,Transferencia Recibida,2357.0,INGRESO,TRANSFERENCIA,MXN
26d941f2-a9fa-4cd3-b25a-99b6ddee92a8,57a16ad2-8282-4a67-91ec-ebc90dee810e,3,2026-05-10 12:33:00,Chedraui,Chedraui,1141.0,EGRESO,EFECTIVO,MXN
cd031008-3beb-4880-94ee-befeff281aa4,9ebdcad6-2344-4fb6-873b-906defca570a,4,2026-05-10 14:29:00,Apple TV+,Apple TV+,129.0,EGRESO,APP_MOVIL,MXN
0a9d0732-cbe1-4f1f-9d42-a6b8ff569b73,b5525d88-0da0-4036-a444-3e4f7a34128f,18,2026-05-10 14:45:00,Izzi,Izzi,389.0,EGRESO,TRANSFERENCIA,MXN
8daf59dc-1623-44f6-91cc-e40b1c836e99,7489af6c-154c-4eef-b7af-50397bd6b848,1,2026-05-10 16:21:00,Nomina,Nomina,7457.35,INGRESO,TRANSFERENCIA,MXN
f2147719-c352-42c8-8e00-0396d3f5cccd,39f9edad-efb7-47c6-9841-c96e9b5d6e22,28,2026-05-10 18:15:00,Decathlon,Decathlon,417.0,EGRESO,APP_MOVIL,MXN
68c6c85c-8d61-40c2-a2f8-9fb24c5da1fb,6d2288f2-a9dc-4bbd-b86b-33d48f2390dd,32,2026-05-10 18:22:00,Xbox Live,Xbox Live,156.0,EGRESO,EFECTIVO,MXN
d5c1118f-c2cc-4188-8ac1-bc45f0aab2e5,b1df054d-9d22-4d28-b46d-87390f12a902,29,2026-05-10 18:28:00,Viajes,Viajes,9148.0,EGRESO,APP_MOVIL,MXN
57d7ad02-b22e-438e-b09d-5295b9e203e8,57a16ad2-8282-4a67-91ec-ebc90dee810e,27,2026-05-10 20:03:00,Gas,Gas,491.0,EGRESO,TRANSFERENCIA,MXN
3977472a-8f14-4aca-acd4-534b1126cc7d,27184bbc-330d-4cfd-a78f-c17d51279685,2,2026-05-10 20:15:00,Bus,Bus,6.0,EGRESO,TRANSFERENCIA,MXN
a4121668-d0b8-4266-bae9-d2596e243bea,7f2f8daa-dfc2-4ad0-9c49-d90ffa6ae04b,10,2026-05-10 23:34:00,Compras Fisicas,Compras Fisicas,1605.0,EGRESO,TRANSFERENCIA,MXN
8f050c45-f506-4c37-ad8f-e170e587a247,8ae451d5-4e82-4ced-8bbc-cee19fedccda,13,2026-05-10 23:50:00,Andrea,Andrea,2067.0,EGRESO,EFECTIVO,MXN
b26394c9-c929-48d0-8a77-6648b8e84db2,ef403853-e247-49d9-9751-bf46943b3d76,6,2026-05-11 00:25:00,Cabify,Cabify,175.0,EGRESO,APP_MOVIL,MXN
e4f84b61-c603-4ed7-b535-eebc685f2cf7,b1df054d-9d22-4d28-b46d-87390f12a902,20,2026-05-11 01:32:00,Cinemex,Cinemex,687.0,EGRESO,TRANSFERENCIA,MXN
59683de2-b984-41bf-b8fd-3b67581f37bc,87a8bdbd-1d61-4275-b187-80f960bd7983,4,2026-05-11 03:26:00,Max (HBO),Max (HBO),149.0,EGRESO,APP_MOVIL,MXN
aac73ae8-1c32-4975-8114-3b2b64114417,d83b0edd-72db-47f8-a768-7d03bc7fa190,6,2026-05-11 04:36:00,Cabify,Cabify,158.0,EGRESO,TRANSFERENCIA,MXN
3a396d85-e87d-4b29-ae0a-8b16c3bcdb81,b4991233-a822-49ca-a113-cbedbb85a741,13,2026-05-11 04:44:00,Flexi,Flexi,,EGRESO,APP_MOVIL,MXN
39074412-4493-4935-a0cc-e66df45e4852,af1d8cae-6064-4332-977d-e896264e20c2,1,2026-05-11 05:36:00,Nomina,Nomina,9911.92,INGRESO,TRANSFERENCIA,MXN
2560803f-7a75-46ce-82bd-7b79de4168ac,e6f6e0cb-d25d-473f-9f7b-b942a476f005,1,2026-05-11 06:38:00,Nomina,Nomina,8515.98,INGRESO,TRANSFERENCIA,MXN
3d93fbe4-d5f9-4ed9-b89b-4458072cd523,654c4cb9-fb3b-421c-9e42-884531a72e4c,31,2026-05-11 07:04:00,Amazon,Amazon,1459.0,EGRESO,APP_MOVIL,MXN
edc512fb-0bbc-4014-8d25-69c30a9adb55,591ef66e-c411-40c1-95e6-b23f8169be61,19,2026-05-11 09:20:00,Mantenimiento Automotriz,Mantenimiento Automotriz,1476.0,EGRESO,TRANSFERENCIA,MXN
0502d7f0-2fd1-45b6-b8e2-d9eb34582f72,feb46172-c764-46f8-8955-33a46aebe6cc,18,2026-05-11 09:50:00,Totalplay,Totalplay,999.0,EGRESO,TRANSFERENCIA,MXN
c6f5f9a9-c776-4348-ae6e-e3631ebe734c,d7b98250-11d8-4b40-a1fd-44ae5b3e0d2a,27,2026-05-11 11:26:00,Gas,Gas,721.0,EGRESO,APP_MOVIL,MXN
ff9c48ee-b516-4fe7-a002-ea7db9771de6,367901a5-f293-400f-8969-224db4f3e99e,34,2026-05-11 11:27:00,Steam,Steam,304.0,EGRESO,APP_MOVIL,MXN
ee67c39e-6577-4bf3-a302-906c3bd80495,591ef66e-c411-40c1-95e6-b23f8169be61,29,2026-05-11 12:16:00,Viajes,Viajes,2946.0,EGRESO,APP_MOVIL,MXN
a23cea03-9024-4248-a590-5e5d63ef91f2,7c74290c-b207-43d8-bcd5-14f069783b3b,4,2026-05-11 12:23:00,Netflix,Netflix,219.0,EGRESO,APP_MOVIL,MXN
5789b129-5dd1-4e52-990f-c3216bd5a8b5,cf376ebc-04ee-401c-98d2-d2ca7394def8,31,2026-05-11 14:26:00,Mercado Libre,Mercado Libre,1692.0,EGRESO,TRANSFERENCIA,MXN
4d360bab-80c6-41e5-b6c1-da84b21a4a30,b1df054d-9d22-4d28-b46d-87390f12a902,21,2026-05-11 16:20:00,Metrobus,Metrobus,30.0,EGRESO,APP_MOVIL,MXN
d5e60085-411b-441f-bc61-ba703d2675af,4a021a05-bacc-4ded-98e4-6ba1343b83b4,28,2026-05-11 16:20:00,Decathlon,Decathlon,131.0,EGRESO,EFECTIVO,MXN
b4fe20d0-d2cb-460e-a66f-540530170a01,bacb91fd-e8d8-4aab-86af-be8542045bfc,32,2026-05-11 18:40:00,Xbox Live,Xbox Live,1720.0,EGRESO,EFECTIVO,MXN
20bd5541-bdfd-45c2-8a14-b337fc98e705,8d64339b-b475-44e4-bf62-e45215d1ea8f,21,2026-05-11 18:49:00,Metrobus,Metrobus,20.0,EGRESO,APP_MOVIL,MXN
78206264-f37f-419b-a219-7e5651da5388,74a2259c-8ee4-4064-89cc-8a49fd390792,11,2026-05-11 20:25:00,Metro,Metro,20.0,EGRESO,APP_MOVIL,MXN
915805b0-8b48-4cc8-bf17-39383f4910cc,c56eb014-1de6-4df3-9cc5-45132bbf6942,33,2026-05-11 21:01:00,Agua,Agua,598.0,EGRESO,EFECTIVO,MXN
577bfa2e-b8fa-4bc0-adea-212aaa6b4e63,4a021a05-bacc-4ded-98e4-6ba1343b83b4,1,2026-05-11 22:07:00,Nomina,Nomina,12342.83,INGRESO,TRANSFERENCIA,MXN
2f347805-754b-4ac6-9a5a-b63ac65e8de2,950bb240-d014-403a-bd23-d2ae18663c05,26,2026-05-11 23:14:00,Farmacias Guadalajara,Farmacias Guadalajara,440.0,EGRESO,EFECTIVO,MXN
c19e4666-0f52-4e9c-a838-97b66a8edbca,b4991233-a822-49ca-a113-cbedbb85a741,27,2026-05-12 00:53:00,Gas,Gas,612.0,EGRESO,TRANSFERENCIA,MXN
3e6e3c7d-ce88-4e4a-88ad-4bf157eae712,cc302a48-1c7f-4cd5-8095-557e5f3ee43f,27,2026-05-12 01:13:00,Gas,Gas,727.0,EGRESO,EFECTIVO,MXN
7743f0c7-b4db-4a06-93b4-287e7b718fb9,e8dab777-b3e1-4c67-81e8-1bcf07a12eb6,11,2026-05-12 03:16:00,Metro,Metro,20.0,EGRESO,TRANSFERENCIA,MXN
4719dec8-e761-4e1e-941e-9e569deb7209,2d80c188-6489-4094-b09d-93b06a6b2935,1,2026-05-12 03:36:00,Nomina,Nomina,29146.29,INGRESO,TRANSFERENCIA,MXN
6ae657d6-44e4-4754-a608-fe8310413f4a,cb4d084d-d246-4f2e-847a-1132c5e51dc6,1,2026-05-12 03:53:00,Nomina,Nomina,8127.53,INGRESO,TRANSFERENCIA,MXN
18faf689-1b99-4ae0-baa9-bfd85743c18c,fe494458-2541-481f-bb69-2bcb8e182795,6,2026-05-12 05:57:00,Uber,Uber,75.0,EGRESO,TRANSFERENCIA,MXN
2b5018e9-afb7-4db5-b66e-a55130965592,8ae451d5-4e82-4ced-8bbc-cee19fedccda,23,2026-05-12 07:34:00,Qualitas,Qualitas,3862.0,EGRESO,APP_MOVIL,MXN
a7b9e9c3-2d65-4661-a629-9f8c7c89fb3e,f20e8816-f077-4abe-837b-b3e39ccf37eb,31,2026-05-12 07:58:00,Amazon,Amazon,2115.0,EGRESO,EFECTIVO,MXN
2a3dc095-fe98-4e20-a04a-e237f6fb3440,57a16ad2-8282-4a67-91ec-ebc90dee810e,23,2026-05-12 08:25:00,AXA Seguros,AXA Seguros,2452.0,EGRESO,APP_MOVIL,MXN
1702a404-a02f-4094-a0de-5d90c28d9337,86d42cc6-6226-41a4-aa56-9a03fdc03387,26,2026-05-12 09:32:00,Farmacias Guadalajara,Farmacias Guadalajara,375.0,EGRESO,APP_MOVIL,MXN
7fe0b622-bbdd-4c21-ad5a-78a081fdc3be,c0c2ffc0-3d5f-4e4f-99f2-884a8a2621f5,19,2026-05-12 09:51:00,Mantenimiento Automotriz,Mantenimiento Automotriz,3920.0,EGRESO,TRANSFERENCIA,MXN
0057e12e-86e2-4799-8377-42a6b0d3e4d5,b6ca9d87-476a-4c5d-83ca-7693a6527a9c,30,2026-05-12 11:00:00,Salon de Belleza,Salon de Belleza,285.0,EGRESO,APP_MOVIL,MXN
fa6270fc-e8ec-4cee-93e5-538056edd472,03e60ec2-d499-47cd-81fb-96e308403ecd,1,2026-05-12 11:16:00,Nomina,Nomina,6317.8,INGRESO,TRANSFERENCIA,MXN
f6dd2343-e7bf-4dec-a023-c3ab22f04836,0aa2518e-377e-4305-9b5c-0f8e0f802f9e,20,2026-05-12 11:57:00,Restaurante Local,Restaurante Local,509.0,EGRESO,TRANSFERENCIA,MXN
2fe719fd-01fc-4f50-b46c-7077ef1061fc,d660ddf9-6ba0-4a64-88ea-5d41f61fcefb,26,2026-05-12 12:39:00,Farmacias Similares,Farmacias Similares,749.0,EGRESO,APP_MOVIL,MXN
86618d7c-de58-498d-b0ff-973b5728ba2f,0e2604b4-11e5-4452-8748-64aa92f9ca8f,1,2026-05-12 12:57:00,Nomina,Nomina,4848.27,INGRESO,TRANSFERENCIA,MXN
9922d34f-ac27-4362-874d-51a8442a4020,9ebdcad6-2344-4fb6-873b-906defca570a,3,2026-05-12 13:27:00,Bodega Aurrera,Bodega Aurrera,521.0,EGRESO,APP_MOVIL,MXN
51c4c436-d149-46cf-9e90-d6f675b5bca8,74a2259c-8ee4-4064-89cc-8a49fd390792,31,2026-05-12 15:13:00,Amazon,Amazon,2465.0,EGRESO,APP_MOVIL,MXN
f4502e53-ef1e-440d-8ef8-2b10446060c5,cc302a48-1c7f-4cd5-8095-557e5f3ee43f,1,2026-05-12 17:58:00,Nomina,Nomina,22170.53,INGRESO,TRANSFERENCIA,MXN
34f146aa-090a-4289-8566-6a157168a23c,e4f9aabd-8595-4a2d-84b2-3d54a4541fdc,27,2026-05-12 18:30:00,Gas,Gas,652.0,EGRESO,APP_MOVIL,MXN
78b8970f-2cda-47bb-a702-adca94245cf0,efb35f92-a96e-40cb-9ba4-a3d3670133ab,6,2026-05-12 19:09:00,Uber,Uber,,EGRESO,APP_MOVIL,MXN
0ea4df5d-0cc2-4aa7-ab76-d59f0cca0b4a,b5525d88-0da0-4036-a444-3e4f7a34128f,25,2026-05-12 19:09:00,Liverpool,Liverpool,1938.0,EGRESO,TRANSFERENCIA,MXN
70c55268-c8e4-4704-8f96-fbd353471f94,334ac887-2c2e-43f0-ac7f-4e80e3f22173,29,2026-05-12 19:30:00,Viajes,Viajes,8155.0,EGRESO,APP_MOVIL,MXN
02631be7-8c14-4577-9857-52397e6c3531,cc302a48-1c7f-4cd5-8095-557e5f3ee43f,20,2026-05-12 20:38:00,Starbucks,Starbucks,362.0,EGRESO,APP_MOVIL,MXN
7f4cb72f-0267-49a4-ae38-baed5676b857,cf376ebc-04ee-401c-98d2-d2ca7394def8,29,2026-05-12 21:16:00,Viajes,Viajes,3133.0,EGRESO,EFECTIVO,MXN
f8775b9b-f006-4aa2-a2e1-f550fb5cb8a0,cb4d084d-d246-4f2e-847a-1132c5e51dc6,30,2026-05-12 21:49:00,Salon de Belleza,Salon de Belleza,440.0,EGRESO,APP_MOVIL,MXN
3716a5fa-206d-48e9-99da-52f5192429d9,cf376ebc-04ee-401c-98d2-d2ca7394def8,9,2026-05-13 03:09:00,AT&T,AT&T,299.0,EGRESO,APP_MOVIL,MXN
aaaa46e3-ae77-4b85-a0fb-a454e3db1b0d,36bb528a-43a8-4008-8557-d3e3a5c94a6c,29,2026-05-13 03:11:00,Viajes,Viajes,3165.0,EGRESO,EFECTIVO,MXN
c690c2a2-35b2-4b6d-b221-37de073c5bda,4c903803-6f89-4498-ac48-9cac84de61c7,34,2026-05-13 04:13:00,Epic Games Store,Epic Games Store,1276.0,EGRESO,APP_MOVIL,MXN
5993a7de-8795-46e6-b13e-99ef109fa563,d660ddf9-6ba0-4a64-88ea-5d41f61fcefb,22,2026-05-13 06:21:00,Mobil,Mobil,1216.0,EGRESO,APP_MOVIL,MXN
32627063-7eab-457c-bb03-ff7fa4b16e7d,e77722c3-ca39-4480-832f-f90fbc2402a7,1,2026-05-13 06:56:00,Transferencia Recibida,Transferencia Recibida,2781.0,INGRESO,TRANSFERENCIA,MXN
cb29439d-1bc9-4897-bfc6-22d5fbe8b325,b8a2aeb0-77bc-4f93-87a4-dbd5d9aae0e9,32,2026-05-13 07:13:00,Xbox Live,Xbox Live,454.0,EGRESO,EFECTIVO,MXN
6dd988a1-3d0d-4e48-8c0c-a44632101aa9,8580b4dd-2321-42ff-8e88-0392056caa5c,30,2026-05-13 07:17:00,Salon de Belleza,Salon de Belleza,243.0,EGRESO,EFECTIVO,MXN
d73cfd4b-4b44-44e5-ade7-841990f4d780,8d64339b-b475-44e4-bf62-e45215d1ea8f,7,2026-05-13 08:33:00,Electricidad,Electricidad,1641.0,EGRESO,APP_MOVIL,MXN
4756fa9f-2c79-4485-bb14-4b449a61ab9b,b1df054d-9d22-4d28-b46d-87390f12a902,15,2026-05-13 09:06:00,Multa de Transito,Multa de Transito,1381.0,EGRESO,EFECTIVO,MXN
a58ae5b5-957a-4175-a8d6-281c8826ccf3,654c4cb9-fb3b-421c-9e42-884531a72e4c,11,2026-05-13 11:28:00,Metro,Metro,5.0,EGRESO,TRANSFERENCIA,MXN
42429b19-c91f-4090-ad17-83019fb1ddd9,86ebabff-3329-403c-ae53-7102b0dc7831,1,2026-05-13 11:41:00,Nomina,Nomina,9103.12,INGRESO,TRANSFERENCIA,MXN
f22f2cfb-8d22-424d-b571-347bec6e9220,2d80c188-6489-4094-b09d-93b06a6b2935,8,2026-05-13 12:01:00,Herramientas,Herramientas,1788.0,EGRESO,EFECTIVO,MXN
cd29c633-1dfd-4170-8e4d-3ff57e8fa335,b1df054d-9d22-4d28-b46d-87390f12a902,20,2026-05-13 12:10:00,Restaurante Local,Restaurante Local,803.0,EGRESO,EFECTIVO,MXN
8ef71700-00f5-42e1-963b-f1cf27b831d6,d7b98250-11d8-4b40-a1fd-44ae5b3e0d2a,7,2026-05-13 15:11:00,Electricidad,Electricidad,,EGRESO,EFECTIVO,MXN
05de1e77-6a9c-4fa4-a837-c96fa89bbd8b,ec1a1f42-1c5f-492f-919f-08cacfcb0039,1,2026-05-13 15:14:00,Transferencia Recibida,Transferencia Recibida,2982.0,INGRESO,TRANSFERENCIA,MXN
bf77b63d-24ab-4d8f-9f75-75f1db516b3c,4c903803-6f89-4498-ac48-9cac84de61c7,11,2026-05-13 15:25:00,Metro,Metro,50.0,EGRESO,APP_MOVIL,MXN
d64bbba5-e9dd-4d19-aa7f-39a2b203570f,4bb45633-ce6a-4e78-8b36-ab2143b9312a,4,2026-05-13 17:41:00,Max (HBO),Max (HBO),149.0,EGRESO,TRANSFERENCIA,MXN
927dcb22-9b09-4630-917f-4771ce4d0de0,edeb6414-0b55-4e0a-bed2-b73a88276387,23,2026-05-13 17:54:00,AXA Seguros,AXA Seguros,1107.0,EGRESO,EFECTIVO,MXN
d4fbf0e4-defc-442a-9417-00b8de3e1db5,f2e52e1f-1d7b-4214-a1ee-83e8b98918f0,33,2026-05-13 17:59:00,Agua,Agua,333.0,EGRESO,EFECTIVO,MXN
53c52c3c-80eb-4689-99fc-9d8e32264599,282aba8c-1169-402d-adbd-8a41f6676432,2,2026-05-13 18:20:00,Bus,Bus,15.0,EGRESO,EFECTIVO,MXN
b0a153eb-cf0b-412c-a4c1-2cb0033cad90,a5264eb8-0d47-44e1-b1b3-6e0a2018f25f,16,2026-05-13 18:37:00,Cloe,Cloe,2418.0,EGRESO,TRANSFERENCIA,MXN
d49f5152-3a77-4aee-87ae-26cd172e2e10,6be93697-d5c5-49d1-8778-8abe58f5c5a3,19,2026-05-13 19:13:00,Mantenimiento Automotriz,Mantenimiento Automotriz,2744.0,EGRESO,TRANSFERENCIA,MXN
f8a31a1d-7133-4b5c-b8df-91e34e5a9285,86d42cc6-6226-41a4-aa56-9a03fdc03387,4,2026-05-13 19:53:00,Netflix,Netflix,139.0,EGRESO,APP_MOVIL,MXN
8c16a675-c508-4e6e-8e93-6b85d63033e7,bacb91fd-e8d8-4aab-86af-be8542045bfc,7,2026-05-13 21:10:00,Electricidad,Electricidad,1319.0,EGRESO,TRANSFERENCIA,MXN
3277ca81-68cc-41b1-b024-dab18c810165,4bb45633-ce6a-4e78-8b36-ab2143b9312a,18,2026-05-13 22:24:00,Totalplay,Totalplay,549.0,EGRESO,APP_MOVIL,MXN
647fa563-4904-493f-b0bc-c3fad0a4ab28,0d4d9d7a-2ce4-4002-abe0-031b288ff53c,10,2026-05-13 22:40:00,Compras Fisicas,Compras Fisicas,576.0,EGRESO,EFECTIVO,MXN
aff50cd5-d43d-46fb-9d94-c5658eab4b83,78415f42-edd9-4039-abee-f38499ffc380,10,2026-05-13 23:14:00,Compras Fisicas,Compras Fisicas,794.0,EGRESO,TRANSFERENCIA,MXN
99f0c7ab-6b3d-43ee-80dc-5066df0206d4,cb4d084d-d246-4f2e-847a-1132c5e51dc6,24,2026-05-13 23:33:00,L'Oreal,L'Oreal,1603.0,EGRESO,TRANSFERENCIA,MXN
09c95fc9-f9a4-4ca0-b0e3-6bee5001fa13,e4814a6c-08b2-4b08-99dd-d9e29211ea72,30,2026-05-14 01:14:00,Salon de Belleza,Salon de Belleza,328.0,EGRESO,APP_MOVIL,MXN
07145a1d-6ec5-4548-9e28-42b417011af9,0d4d9d7a-2ce4-4002-abe0-031b288ff53c,33,2026-05-14 01:55:00,Agua,Agua,409.0,EGRESO,APP_MOVIL,MXN
4a426fa6-c7e0-4156-90aa-0cee21c37913,e4814a6c-08b2-4b08-99dd-d9e29211ea72,4,2026-05-14 03:24:00,Max (HBO),Max (HBO),199.0,EGRESO,TRANSFERENCIA,MXN
32e2255d-883a-46d4-a4bf-80148b7c8fa1,cf376ebc-04ee-401c-98d2-d2ca7394def8,13,2026-05-14 05:00:00,Flexi,Flexi,815.0,EGRESO,APP_MOVIL,MXN
73436b8c-98f5-4842-aac2-f9ccc3c9dc31,7489af6c-154c-4eef-b7af-50397bd6b848,29,2026-05-14 05:27:00,Viajes,Viajes,11749.0,EGRESO,APP_MOVIL,MXN
11baf5a5-4589-47c1-adf0-eccf923685d6,8d64339b-b475-44e4-bf62-e45215d1ea8f,2,2026-05-14 07:12:00,Bus,Bus,9.5,EGRESO,APP_MOVIL,MXN
f6c51ebb-8c0a-4cf3-b0d6-22df7670f60d,3e5b598d-bd6d-4076-8922-5940bc6d277c,27,2026-05-14 08:52:00,Gas,Gas,445.0,EGRESO,APP_MOVIL,MXN
0d69f80b-f439-487a-9659-1aed661a26e4,460819f1-3e7b-4a18-b9bb-4a991973ca55,1,2026-05-14 11:24:00,Nomina,Nomina,11667.38,INGRESO,TRANSFERENCIA,MXN
d2c48b6d-c280-4378-b1c7-7f4449867008,feb46172-c764-46f8-8955-33a46aebe6cc,16,2026-05-14 11:58:00,Cloe,Cloe,1218.0,EGRESO,EFECTIVO,MXN
f65b6c52-7801-4679-b1fd-a29f67a6f39a,e4f9aabd-8595-4a2d-84b2-3d54a4541fdc,28,2026-05-14 12:35:00,Decathlon,Decathlon,222.0,EGRESO,TRANSFERENCIA,MXN
d3253519-b8d1-408a-b237-597a0c16d237,d7d4bd62-308e-4ac3-9ba9-582ec4beeeb0,24,2026-05-14 12:52:00,L'Oreal,L'Oreal,1213.0,EGRESO,EFECTIVO,MXN
88048a4d-93f8-4174-bd7d-b55785034a82,1d7d3151-e6c5-479c-aa65-df54b837c324,1,2026-05-14 13:16:00,Nomina,Nomina,12892.03,INGRESO,TRANSFERENCIA,MXN
9961ad86-9b76-4416-9abf-1e333d5e484f,8580b4dd-2321-42ff-8e88-0392056caa5c,1,2026-05-14 13:26:00,Transferencia Recibida,Transferencia Recibida,3692.0,INGRESO,TRANSFERENCIA,MXN
e307f7d5-64a8-4529-bca4-7f182aef2065,e9f3e63d-6775-4b45-9daf-9722ec25fbe3,12,2026-05-14 13:57:00,Barberia,Barberia,183.0,EGRESO,TRANSFERENCIA,MXN
fea12d29-686b-4222-89de-c373910bb64f,27184bbc-330d-4cfd-a78f-c17d51279685,18,2026-05-14 14:28:00,Izzi,Izzi,799.0,EGRESO,APP_MOVIL,MXN
d164593a-a562-4dce-ae5e-0e765f905e3b,d660ddf9-6ba0-4a64-88ea-5d41f61fcefb,1,2026-05-14 14:42:00,Transferencia Recibida,Transferencia Recibida,4258.0,INGRESO,TRANSFERENCIA,MXN
6739b913-a9b9-4421-85b6-ac5a84416cdf,36ee8608-fe5c-4530-b7cf-d13801c08072,30,2026-05-14 16:04:00,Salon de Belleza,Salon de Belleza,256.0,EGRESO,EFECTIVO,MXN
f263c241-c873-46db-a1bc-9ba3f350f94f,0d4d9d7a-2ce4-4002-abe0-031b288ff53c,4,2026-05-14 16:08:00,Netflix,Netflix,219.0,EGRESO,APP_MOVIL,MXN
7434b92d-101a-4094-b6f1-19ec5e0a3998,9fa6af03-3f13-4285-852b-d389da76d928,8,2026-05-14 17:18:00,Herramientas,Herramientas,487.0,EGRESO,EFECTIVO,MXN
23a57630-af45-40b2-ae1d-6bb5d7071aab,4a021a05-bacc-4ded-98e4-6ba1343b83b4,1,2026-05-14 17:43:00,Transferencia Recibida,Transferencia Recibida,636.0,INGRESO,TRANSFERENCIA,MXN
c79f8ba8-2db0-4436-a1b0-23330ef39218,0e2604b4-11e5-4452-8748-64aa92f9ca8f,14,2026-05-14 17:44:00,Renta,Renta,11082.0,EGRESO,APP_MOVIL,MXN
77836a09-a7d4-4243-adcb-2df2f81db3ed,0e2604b4-11e5-4452-8748-64aa92f9ca8f,1,2026-05-14 18:29:00,Nomina,Nomina,4848.27,INGRESO,TRANSFERENCIA,MXN
ce5a7e54-af22-4d00-aacb-282f935994f1,efb35f92-a96e-40cb-9ba4-a3d3670133ab,32,2026-05-14 18:57:00,Xbox Live,Xbox Live,757.0,EGRESO,EFECTIVO,MXN
da03a1d9-4931-4ac8-854d-2fa49ca28304,367901a5-f293-400f-8969-224db4f3e99e,27,2026-05-14 19:10:00,Gas,Gas,162.0,EGRESO,TRANSFERENCIA,MXN
617a3f70-3f4a-4ab0-a5c2-2d0258f42604,007759d6-7e92-4216-8b0d-24e4b3bdc25c,22,2026-05-14 19:14:00,BP,BP,964.0,EGRESO,APP_MOVIL,MXN
7bca189f-21ea-4a31-a735-7037733b40af,e9f3e63d-6775-4b45-9daf-9722ec25fbe3,6,2026-05-14 19:20:00,Uber,Uber,105.0,EGRESO,EFECTIVO,MXN
093eb78f-4942-49b9-9b70-b2a292b023c8,b4991233-a822-49ca-a113-cbedbb85a741,2,2026-05-14 20:16:00,Bus,Bus,9.5,EGRESO,APP_MOVIL,MXN
8d9ecf3c-3e6e-4f37-9f8d-44659d59ff2b,0e2604b4-11e5-4452-8748-64aa92f9ca8f,1,2026-05-14 20:32:00,Transferencia Recibida,Transferencia Recibida,2668.0,INGRESO,TRANSFERENCIA,MXN
58f8b9c9-2b25-4602-a022-2f30c4e8d36d,c9e1bb7a-b4b0-4880-88f1-2b90da359497,16,2026-05-14 20:33:00,Michael Kors,Michael Kors,419.0,EGRESO,APP_MOVIL,MXN
23557adc-a704-45bc-a015-5a8a57bc1a5d,950bb240-d014-403a-bd23-d2ae18663c05,17,2026-05-14 21:49:00,Colegiatura,Colegiatura,6917.0,EGRESO,TRANSFERENCIA,MXN
c4b70619-320b-42bc-bda7-36b784ce1b82,3e5b598d-bd6d-4076-8922-5940bc6d277c,23,2026-05-14 22:04:00,AXA Seguros,AXA Seguros,569.0,EGRESO,EFECTIVO,MXN
7c499a42-a2a6-440a-abc8-c6ed7d38163e,007759d6-7e92-4216-8b0d-24e4b3bdc25c,28,2026-05-14 22:58:00,Decathlon,Decathlon,649.0,EGRESO,APP_MOVIL,MXN
014164bf-bd2c-4d21-806b-a883aa79a9f8,4c903803-6f89-4498-ac48-9cac84de61c7,2,2026-05-14 23:05:00,Bus,Bus,9.5,EGRESO,APP_MOVIL,MXN
aa4e60ab-fcfe-440f-a43a-bb1b3c825295,71c16233-5b03-45a3-b9d9-75dfce80f8cd,24,2026-05-14 23:41:00,L'Oreal,L'Oreal,2379.0,EGRESO,TRANSFERENCIA,MXN
1e53213f-ba1a-424c-9fdb-bcb0b9de4d6f,86d42cc6-6226-41a4-aa56-9a03fdc03387,18,2026-05-14 23:50:00,Izzi,Izzi,439.0,EGRESO,TRANSFERENCIA,MXN
9689c0ed-b264-4527-9321-36e8a1f11b60,b8a2aeb0-77bc-4f93-87a4-dbd5d9aae0e9,26,2026-05-15 01:31:00,Farmacias Guadalajara,Farmacias Guadalajara,355.0,EGRESO,EFECTIVO,MXN
51c62476-41e6-4eb0-82ef-4b570f685643,481fe99e-04d7-42b3-b696-00ef02353148,4,2026-05-15 02:19:00,Max (HBO),Max (HBO),249.0,EGRESO,APP_MOVIL,MXN
2bb4ed4c-7a0f-4170-88d1-06ee908458bd,4f6ff8db-53cf-4464-883b-02373ed58457,33,2026-05-15 02:36:00,Agua,Agua,,EGRESO,TRANSFERENCIA,MXN
65b041a0-2378-49d7-bf23-1cdda7962886,0e2604b4-11e5-4452-8748-64aa92f9ca8f,24,2026-05-15 03:26:00,Maybelline,Maybelline,361.0,EGRESO,EFECTIVO,MXN
25a82778-df52-496c-858a-3d8ace4654e0,6d2288f2-a9dc-4bbd-b86b-33d48f2390dd,14,2026-05-15 04:00:00,Renta,Renta,10165.0,EGRESO,APP_MOVIL,MXN
d1f3ab78-5a8e-43d5-86a1-12a70d5c2b79,7489af6c-154c-4eef-b7af-50397bd6b848,9,2026-05-15 05:05:00,Telcel,Telcel,349.0,EGRESO,APP_MOVIL,MXN
9abdbc0e-5a41-4a2a-9cb2-bda226380579,4f6ff8db-53cf-4464-883b-02373ed58457,20,2026-05-15 05:44:00,Cinemex,Cinemex,324.0,EGRESO,TRANSFERENCIA,MXN
4b712ba7-42a3-43ed-bfbc-2ea7c16befec,460819f1-3e7b-4a18-b9bb-4a991973ca55,25,2026-05-15 06:30:00,Liverpool,Liverpool,903.0,EGRESO,EFECTIVO,MXN
359b045e-dd6f-4dbd-87a3-47ad28a6956e,1d78859f-eed0-4406-a7a8-ac62bfe90145,3,2026-05-15 07:21:00,Bodega Aurrera,Bodega Aurrera,1676.0,EGRESO,APP_MOVIL,MXN
2bba312d-6fd7-4d73-b8c3-eaec927a3b10,481fe99e-04d7-42b3-b696-00ef02353148,7,2026-05-15 08:00:00,Electricidad,Electricidad,667.0,EGRESO,TRANSFERENCIA,MXN
aa4f5ebd-afe9-4a1b-a1eb-38428a4ae9ea,0aa2518e-377e-4305-9b5c-0f8e0f802f9e,26,2026-05-15 09:12:00,Farmacias Guadalajara,Farmacias Guadalajara,653.0,EGRESO,APP_MOVIL,MXN
5f31ec08-f094-4b18-bcff-70f1c291b7bb,8580b4dd-2321-42ff-8e88-0392056caa5c,3,2026-05-15 10:59:00,Costco,Costco,629.0,EGRESO,TRANSFERENCIA,MXN
8e75a742-cd9d-432c-92fb-95ab9d80e467,74a2259c-8ee4-4064-89cc-8a49fd390792,21,2026-05-15 11:12:00,Metrobus,Metrobus,50.0,EGRESO,APP_MOVIL,MXN
55011578-3474-4fd7-a151-482085b11e55,6d2288f2-a9dc-4bbd-b86b-33d48f2390dd,26,2026-05-15 11:54:00,Farmacias del Ahorro,Farmacias del Ahorro,568.0,EGRESO,EFECTIVO,MXN
6d46577d-f6ce-4702-9e9e-f235216e09b9,950bb240-d014-403a-bd23-d2ae18663c05,1,2026-05-15 12:12:00,Nomina,Nomina,12394.73,INGRESO,TRANSFERENCIA,MXN
f45352c5-c57b-4d13-b8d8-f9fb2ecaf6f9,feb46172-c764-46f8-8955-33a46aebe6cc,13,2026-05-15 12:21:00,Flexi,Flexi,959.0,EGRESO,APP_MOVIL,MXN
7d39945e-d5f8-4a38-adff-d99b4d39908b,2f4e7259-c7d0-4f8e-b408-fbed59254881,32,2026-05-15 14:22:00,PlayStation Network,PlayStation Network,1649.0,EGRESO,EFECTIVO,MXN
9adc686e-8822-455d-b0f5-a2644fed18e9,bacb91fd-e8d8-4aab-86af-be8542045bfc,20,2026-05-15 14:47:00,Restaurante Local,Restaurante Local,958.0,EGRESO,EFECTIVO,MXN
1e71bee2-5182-4193-842f-7f3c09866a9e,0aa2518e-377e-4305-9b5c-0f8e0f802f9e,10,2026-05-15 15:22:00,Compras Fisicas,Compras Fisicas,1076.0,EGRESO,APP_MOVIL,MXN
fe71d7c3-627f-4016-a302-a9b9ef481cea,654c4cb9-fb3b-421c-9e42-884531a72e4c,27,2026-05-15 15:31:00,Gas,Gas,772.0,EGRESO,EFECTIVO,MXN
c46f9fb9-18c0-424f-9f62-2eca67728fec,2f5e4265-1e5f-4813-839b-50bf4accbd7e,31,2026-05-15 16:54:00,Amazon,Amazon,1756.0,EGRESO,APP_MOVIL,MXN
9082a246-74b2-44ff-9874-8608598e731a,1d7d3151-e6c5-479c-aa65-df54b837c324,18,2026-05-15 17:30:00,Izzi,Izzi,999.0,EGRESO,APP_MOVIL,MXN
2fb41bdb-fa64-4d19-b613-aa03caa27cb0,481fe99e-04d7-42b3-b696-00ef02353148,29,2026-05-15 18:06:00,Viajes,Viajes,9616.0,EGRESO,APP_MOVIL,MXN
ea246265-9783-45ef-9191-52b10b8a4922,d7d4bd62-308e-4ac3-9ba9-582ec4beeeb0,16,2026-05-15 18:23:00,Michael Kors,Michael Kors,693.0,EGRESO,TRANSFERENCIA,MXN
db5e3228-a4b1-4edc-bef9-70d653f9403f,cc302a48-1c7f-4cd5-8095-557e5f3ee43f,2,2026-05-15 20:19:00,Bus,Bus,12.0,EGRESO,APP_MOVIL,MXN
e819f7b4-63f2-4522-9a8e-69d3dfdfb26b,2f4e7259-c7d0-4f8e-b408-fbed59254881,4,2026-05-15 21:09:00,Apple TV+,Apple TV+,129.0,EGRESO,TRANSFERENCIA,MXN
20b82fd8-6c04-4a63-aa19-3a3ebb8cdc12,74a2259c-8ee4-4064-89cc-8a49fd390792,1,2026-05-15 21:57:00,Nomina,Nomina,32103.44,INGRESO,TRANSFERENCIA,MXN
c9194066-9016-48eb-84ac-deaff9618b1a,74a2259c-8ee4-4064-89cc-8a49fd390792,1,2026-05-15 22:03:00,Nomina,Nomina,32103.44,INGRESO,TRANSFERENCIA,MXN
ccfc6ac9-327e-4875-94ff-b99373a876d4,fe494458-2541-481f-bb69-2bcb8e182795,20,2026-05-15 23:47:00,Starbucks,Starbucks,473.0,EGRESO,EFECTIVO,MXN
a795492f-f26c-4ec0-9df1-7a7b007ef0d6,36ee8608-fe5c-4530-b7cf-d13801c08072,17,2026-05-16 00:04:00,Colegiatura,Colegiatura,3578.0,EGRESO,APP_MOVIL,MXN
50fa159f-6fbb-4b66-94cf-24807b2a367c,6d2288f2-a9dc-4bbd-b86b-33d48f2390dd,2,2026-05-16 01:39:00,Bus,Bus,8.0,EGRESO,EFECTIVO,MXN
c59f3595-6294-4e32-872d-6e5cb0ab723a,e6f6e0cb-d25d-473f-9f7b-b942a476f005,7,2026-05-16 02:53:00,Electricidad,Electricidad,665.0,EGRESO,APP_MOVIL,MXN
0a2d1fa9-3ba4-4250-a462-69f7a4d9814e,36ee8608-fe5c-4530-b7cf-d13801c08072,21,2026-05-16 05:12:00,Metrobus,Metrobus,100.0,EGRESO,APP_MOVIL,MXN
6f967029-b7a2-4b5b-8d07-9a3a3dd26f31,334ac887-2c2e-43f0-ac7f-4e80e3f22173,12,2026-05-16 05:34:00,Barberia,Barberia,247.0,EGRESO,TRANSFERENCIA,MXN
c335465a-930f-453e-8a07-13d83ae2893e,7489af6c-154c-4eef-b7af-50397bd6b848,21,2026-05-16 05:54:00,Metrobus,Metrobus,20.0,EGRESO,TRANSFERENCIA,MXN
63d83483-42e7-4838-ac2d-267d4ec0bb93,334ac887-2c2e-43f0-ac7f-4e80e3f22173,25,2026-05-16 07:43:00,Liverpool,Liverpool,1344.0,EGRESO,EFECTIVO,MXN
ff4e9ed0-4ac3-4430-a987-db7b1b8385cc,7489af6c-154c-4eef-b7af-50397bd6b848,26,2026-05-16 08:33:00,Farmacias Guadalajara,Farmacias Guadalajara,216.0,EGRESO,EFECTIVO,MXN
3faf552d-f7b4-4893-b50d-fdcfe6c96789,74a2259c-8ee4-4064-89cc-8a49fd390792,5,2026-05-16 09:11:00,Domino's,Domino's,135.0,EGRESO,APP_MOVIL,MXN
c265c775-47ac-4108-adbc-e6825a3ee2e2,e4814a6c-08b2-4b08-99dd-d9e29211ea72,19,2026-05-16 09:15:00,Mantenimiento Automotriz,Mantenimiento Automotriz,1112.0,EGRESO,APP_MOVIL,MXN
f1b8faba-d3c3-46e3-9c98-be6b4a186781,1d7d3151-e6c5-479c-aa65-df54b837c324,17,2026-05-16 11:34:00,Colegiatura,Colegiatura,4887.0,EGRESO,EFECTIVO,MXN
a4923f67-af4d-4d95-b228-606004f2406f,169f4be3-cc0f-4b41-8a79-77865835d095,30,2026-05-16 12:18:00,Salon de Belleza,Salon de Belleza,172.0,EGRESO,EFECTIVO,MXN
4dd80ceb-952e-4f76-bc01-3b7cbad65568,b6ca9d87-476a-4c5d-83ca-7693a6527a9c,31,2026-05-16 13:01:00,Amazon,Amazon,,EGRESO,TRANSFERENCIA,MXN
f61163f4-1792-4d3c-8284-d0742c80f0d3,460819f1-3e7b-4a18-b9bb-4a991973ca55,14,2026-05-16 13:50:00,Renta,Renta,7604.0,EGRESO,EFECTIVO,MXN
bb0412d8-89b9-4c19-9c50-9c2173b8135c,e4f9aabd-8595-4a2d-84b2-3d54a4541fdc,15,2026-05-16 15:49:00,Multa de Transito,Multa de Transito,2832.0,EGRESO,TRANSFERENCIA,MXN
087b7ca3-1ced-4eec-9768-46d5c0556e2f,ef403853-e247-49d9-9751-bf46943b3d76,1,2026-05-16 17:03:00,Nomina,Nomina,8343.41,INGRESO,TRANSFERENCIA,MXN
9871ca07-7518-409b-8861-f7eea12e47d2,d7073699-b1fd-4984-8380-c897f19b37c2,1,2026-05-16 17:56:00,Transferencia Recibida,Transferencia Recibida,324.0,INGRESO,TRANSFERENCIA,MXN
ba255ee4-bf60-4701-8419-b396dcd5012c,6b2251e4-b804-4f13-898b-216c0c5ba9cc,7,2026-05-16 21:29:00,Electricidad,Electricidad,439.0,EGRESO,TRANSFERENCIA,MXN
62eb49cf-080a-477c-9849-ef95c940d530,71c16233-5b03-45a3-b9d9-75dfce80f8cd,1,2026-05-16 22:23:00,Nomina,Nomina,9928.76,INGRESO,TRANSFERENCIA,MXN
b5fb699a-bee2-4f33-a365-a44bda06d7b0,d94896e7-da2e-4ebf-8861-0ed51d327133,1,2026-05-16 23:19:00,Nomina,Nomina,26746.7,INGRESO,TRANSFERENCIA,MXN
7e06de5a-7268-4965-9e55-afc90ce7b8a7,6b2251e4-b804-4f13-898b-216c0c5ba9cc,20,2026-05-16 23:59:00,Cinepolis,Cinepolis,736.0,EGRESO,TRANSFERENCIA,MXN
11f6e729-3351-4bff-b2c4-1f0ef6fbcbaa,d660ddf9-6ba0-4a64-88ea-5d41f61fcefb,14,2026-05-17 01:13:00,Renta,Renta,7723.0,EGRESO,TRANSFERENCIA,MXN
0837b320-c93d-49b8-a2f6-5041a75b5ac5,2d45cb4c-8380-477e-93dc-7ad4055949fe,1,2026-05-17 01:31:00,Nomina,Nomina,8570.1,INGRESO,TRANSFERENCIA,MXN
b1ff7260-4977-4855-8af4-2c22d047588e,bacb91fd-e8d8-4aab-86af-be8542045bfc,1,2026-05-17 02:06:00,Nomina,Nomina,9431.42,INGRESO,TRANSFERENCIA,MXN
735820b5-7670-4397-8070-6b3de41e4dc7,3e5b598d-bd6d-4076-8922-5940bc6d277c,9,2026-05-17 02:13:00,Telcel,Telcel,249.0,EGRESO,APP_MOVIL,MXN
1df40462-17dc-48cf-8646-c17ae044111a,7f2f8daa-dfc2-4ad0-9c49-d90ffa6ae04b,4,2026-05-17 02:15:00,Apple TV+,Apple TV+,129.0,EGRESO,APP_MOVIL,MXN
b475adb0-50e1-4015-b2d1-90cdd9739c39,57a16ad2-8282-4a67-91ec-ebc90dee810e,2,2026-05-17 03:28:00,Bus,Bus,8.0,EGRESO,EFECTIVO,MXN
70c15237-eed4-4f48-9503-8d326e291df9,e4f9aabd-8595-4a2d-84b2-3d54a4541fdc,1,2026-05-17 05:44:00,Transferencia Recibida,Transferencia Recibida,2293.0,INGRESO,TRANSFERENCIA,MXN
3273c253-f029-4191-9832-6bbcd755de8a,481fe99e-04d7-42b3-b696-00ef02353148,14,2026-05-17 06:34:00,Renta,Renta,11780.0,EGRESO,APP_MOVIL,MXN
398ad52a-4bb5-48cf-9048-297a03eba19b,5057339d-f49e-4d1c-beae-6ced3a7c148f,24,2026-05-17 07:31:00,NYX Cosmetics,NYX Cosmetics,1063.0,EGRESO,TRANSFERENCIA,MXN
9b908c51-c08f-4c3a-a2fa-325a6785ce6a,8711e8ab-3016-4507-8ecf-8798f901a525,26,2026-05-17 09:04:00,Farmacias Similares,Farmacias Similares,693.0,EGRESO,APP_MOVIL,MXN
b6291cda-928d-4232-abc4-3a02f385ff86,9ebdcad6-2344-4fb6-873b-906defca570a,1,2026-05-17 09:30:00,Nomina,Nomina,32881.27,INGRESO,TRANSFERENCIA,MXN
9f6accd4-015f-49df-a4dd-7619a434e7e7,78415f42-edd9-4039-abee-f38499ffc380,23,2026-05-17 10:36:00,AXA Seguros,AXA Seguros,3091.0,EGRESO,EFECTIVO,MXN
380ce963-9be2-45a7-9797-cf9e9fbd2ec9,282aba8c-1169-402d-adbd-8a41f6676432,16,2026-05-17 12:18:00,Cloe,Cloe,1756.0,EGRESO,TRANSFERENCIA,MXN
3783179f-11ca-435c-a09a-61b4e55aeee5,57a16ad2-8282-4a67-91ec-ebc90dee810e,5,2026-05-17 12:57:00,McDonald's,McDonald's,450.0,EGRESO,APP_MOVIL,MXN
b74ff99c-83e4-4625-b583-686a01058728,b8a2aeb0-77bc-4f93-87a4-dbd5d9aae0e9,32,2026-05-17 13:18:00,Xbox Live,Xbox Live,1454.0,EGRESO,APP_MOVIL,MXN
06353502-f0e9-461c-804a-c1d3be1f5efa,4bb45633-ce6a-4e78-8b36-ab2143b9312a,21,2026-05-17 13:35:00,Metrobus,Metrobus,100.0,EGRESO,APP_MOVIL,MXN
29319a68-4a1d-4e63-a75a-34b8c0371089,b4991233-a822-49ca-a113-cbedbb85a741,9,2026-05-17 15:04:00,Telcel,Telcel,150.0,EGRESO,EFECTIVO,MXN
d04cac97-17bb-413b-a138-f4db9c5eb6c2,74a2259c-8ee4-4064-89cc-8a49fd390792,16,2026-05-17 16:14:00,Coach,Coach,,EGRESO,EFECTIVO,MXN
ff349f3f-52c5-4894-beb3-a6de7c88552d,39f9edad-efb7-47c6-9841-c96e9b5d6e22,19,2026-05-17 18:38:00,Mantenimiento Automotriz,Mantenimiento Automotriz,1640.0,EGRESO,TRANSFERENCIA,MXN
f730aecd-d0b7-4454-8687-5aab242cde4c,a016e16f-7680-4d69-8958-9b2a62b35431,17,2026-05-17 19:30:00,Colegiatura,Colegiatura,6174.0,EGRESO,EFECTIVO,MXN
b951c016-8252-43bd-a840-853bb56f4525,591ef66e-c411-40c1-95e6-b23f8169be61,8,2026-05-17 19:37:00,Herramientas,Herramientas,1736.0,EGRESO,TRANSFERENCIA,MXN
2f60b4b9-7ec8-4bcf-aff8-104adc7c6c64,f20e8816-f077-4abe-837b-b3e39ccf37eb,13,2026-05-17 19:53:00,Capa de Ozono,Capa de Ozono,775.0,EGRESO,APP_MOVIL,MXN
2e03c21d-8b68-45f3-82cf-c3784e29e132,4a021a05-bacc-4ded-98e4-6ba1343b83b4,14,2026-05-17 21:34:00,Renta,Renta,12303.0,EGRESO,EFECTIVO,MXN
bb36c11c-c0d1-4ec1-9ed4-0a9bd896462c,efb35f92-a96e-40cb-9ba4-a3d3670133ab,7,2026-05-17 22:04:00,Electricidad,Electricidad,1504.0,EGRESO,APP_MOVIL,MXN
3f1d1b5b-f2b7-4de2-b8b8-a4bb4e7ffd94,460819f1-3e7b-4a18-b9bb-4a991973ca55,7,2026-05-17 22:46:00,Electricidad,Electricidad,860.0,EGRESO,EFECTIVO,MXN
7803c1e1-76fb-43fe-b9b6-773ca06252a6,062fd77f-ba97-4763-bff4-0bc64c0b9db9,26,2026-05-17 22:47:00,Farmacias Guadalajara,Farmacias Guadalajara,729.0,EGRESO,EFECTIVO,MXN
ddfe7e91-8128-45c1-880b-eb22450798a6,cf376ebc-04ee-401c-98d2-d2ca7394def8,9,2026-05-17 23:04:00,Telcel,Telcel,200.0,EGRESO,EFECTIVO,MXN
7f863ffc-94e4-4c74-8025-362e0aceb89b,87a8bdbd-1d61-4275-b187-80f960bd7983,19,2026-05-18 02:20:00,Mantenimiento Automotriz,Mantenimiento Automotriz,811.0,EGRESO,APP_MOVIL,MXN
3b109d8c-b5e9-472d-b43a-b1059c5a96aa,d7b98250-11d8-4b40-a1fd-44ae5b3e0d2a,32,2026-05-18 03:54:00,Xbox Live,Xbox Live,746.0,EGRESO,APP_MOVIL,MXN
01166a00-f333-43ec-8a6d-4a54171fd4a7,27184bbc-330d-4cfd-a78f-c17d51279685,1,2026-05-18 04:09:00,Nomina,Nomina,14773.1,INGRESO,TRANSFERENCIA,MXN
b9b9b323-3232-43f8-9d72-c6900c6982a9,86ebabff-3329-403c-ae53-7102b0dc7831,20,2026-05-18 04:18:00,Cinepolis,Cinepolis,180.0,EGRESO,TRANSFERENCIA,MXN
0eab97bd-628e-47ef-bf79-5e096500b4d9,e4f9aabd-8595-4a2d-84b2-3d54a4541fdc,18,2026-05-18 04:51:00,Izzi,Izzi,999.0,EGRESO,TRANSFERENCIA,MXN
128d5fd5-a1b7-4ed3-9f05-95df8861325b,d7b98250-11d8-4b40-a1fd-44ae5b3e0d2a,22,2026-05-18 06:03:00,BP,BP,530.0,EGRESO,EFECTIVO,MXN
f048e074-3afe-48e9-a594-da575532957b,cc302a48-1c7f-4cd5-8095-557e5f3ee43f,12,2026-05-18 06:45:00,Barberia,Barberia,346.0,EGRESO,TRANSFERENCIA,MXN
cfdc9eaf-c5a6-4ae6-b00b-fb3684f3f43c,334ac887-2c2e-43f0-ac7f-4e80e3f22173,25,2026-05-18 06:46:00,Liverpool,Liverpool,2384.0,EGRESO,APP_MOVIL,MXN
868a6b5c-da4e-4b04-967a-1304af5ecd57,2d80c188-6489-4094-b09d-93b06a6b2935,1,2026-05-18 08:03:00,Transferencia Recibida,Transferencia Recibida,2015.0,INGRESO,TRANSFERENCIA,MXN
7bddcba5-b9ab-48e1-a277-a880557e0cb7,a016e16f-7680-4d69-8958-9b2a62b35431,1,2026-05-18 08:09:00,Transferencia Recibida,Transferencia Recibida,3459.0,INGRESO,TRANSFERENCIA,MXN
457851a8-2f0f-47ba-bd48-ad85c06063e5,088735e5-4d0d-4706-a911-442edac351c2,32,2026-05-18 11:20:00,Xbox Live,Xbox Live,,EGRESO,APP_MOVIL,MXN
768d8670-d728-49dc-b04b-6fdfdf62aaf9,460819f1-3e7b-4a18-b9bb-4a991973ca55,24,2026-05-18 11:50:00,NYX Cosmetics,NYX Cosmetics,2216.0,EGRESO,APP_MOVIL,MXN
623f34a5-6af8-4cd6-b9a9-21f7b717cf2e,334ac887-2c2e-43f0-ac7f-4e80e3f22173,12,2026-05-18 11:57:00,Barberia,Barberia,232.0,EGRESO,APP_MOVIL,MXN
8960bd2a-65bd-4f8a-b283-5b08eeda059f,4c903803-6f89-4498-ac48-9cac84de61c7,3,2026-05-18 13:36:00,Walmart,Walmart,2485.0,EGRESO,TRANSFERENCIA,MXN
f406e72f-82e0-4561-88d9-ef4b5973e636,efb35f92-a96e-40cb-9ba4-a3d3670133ab,14,2026-05-18 14:10:00,Renta,Renta,6011.0,EGRESO,APP_MOVIL,MXN
60d33b35-4fd9-42cb-8189-b68acac8b4df,39f9edad-efb7-47c6-9841-c96e9b5d6e22,4,2026-05-18 17:12:00,Netflix,Netflix,139.0,EGRESO,TRANSFERENCIA,MXN
760f9192-0c1b-4b20-942c-b84dbe26a717,2d80c188-6489-4094-b09d-93b06a6b2935,17,2026-05-18 17:14:00,Colegiatura,Colegiatura,4879.0,EGRESO,APP_MOVIL,MXN
bdde09f5-0db1-40f1-b51f-0cfa6d04685c,033eaacc-c1f9-412e-84cb-95b426d28b5c,4,2026-05-18 18:12:00,Max (HBO),Max (HBO),199.0,EGRESO,APP_MOVIL,MXN
a7c7aca2-ec6b-4bbf-a3f2-5ba31103bea6,0aa2518e-377e-4305-9b5c-0f8e0f802f9e,3,2026-05-18 19:28:00,Bodega Aurrera,Bodega Aurrera,2772.0,EGRESO,TRANSFERENCIA,MXN
c471c02a-e0ce-42b4-86c9-cfece4415495,74a2259c-8ee4-4064-89cc-8a49fd390792,5,2026-05-18 21:05:00,McDonald's,McDonald's,,EGRESO,TRANSFERENCIA,MXN
fb5509ee-41f3-4c92-96b1-6f764a3032b1,9ebdcad6-2344-4fb6-873b-906defca570a,22,2026-05-18 21:07:00,BP,BP,791.0,EGRESO,APP_MOVIL,MXN
953c981d-49a5-45f6-a498-46f17edb6aaf,0aa2518e-377e-4305-9b5c-0f8e0f802f9e,23,2026-05-18 21:53:00,AXA Seguros,AXA Seguros,2479.0,EGRESO,APP_MOVIL,MXN
bc145199-9f1e-485b-a9d3-2df25f06e6e1,bacb91fd-e8d8-4aab-86af-be8542045bfc,17,2026-05-18 22:50:00,Colegiatura,Colegiatura,3977.0,EGRESO,APP_MOVIL,MXN
6c1fa173-1514-4d16-bdac-83e37575e828,6e3e2a99-1a3d-42fa-bfe5-52f057eccb2f,22,2026-05-18 23:17:00,Oxxo Gas,Oxxo Gas,823.0,EGRESO,APP_MOVIL,MXN
c45d38c5-9bc7-4024-990c-60cd7cf37da4,6b2251e4-b804-4f13-898b-216c0c5ba9cc,9,2026-05-18 23:38:00,Movistar,Movistar,200.0,EGRESO,EFECTIVO,MXN
8cee7d6a-1243-4cd5-9da8-ffa13eabeff1,1d78859f-eed0-4406-a7a8-ac62bfe90145,9,2026-05-18 23:59:00,Telcel,Telcel,249.0,EGRESO,EFECTIVO,MXN
c65363eb-da31-4f07-b16e-43d56510b8d2,e8dab777-b3e1-4c67-81e8-1bcf07a12eb6,8,2026-05-19 00:38:00,Herramientas,Herramientas,493.0,EGRESO,APP_MOVIL,MXN
8e7a12d8-6ae8-4278-a975-9d604abdc6eb,c9e1bb7a-b4b0-4880-88f1-2b90da359497,1,2026-05-19 02:04:00,Nomina,Nomina,7268.77,INGRESO,TRANSFERENCIA,MXN
00c034b2-c4f8-4bfc-ab83-b65d0dc42b28,27184bbc-330d-4cfd-a78f-c17d51279685,32,2026-05-19 02:16:00,Xbox Live,Xbox Live,439.0,EGRESO,EFECTIVO,MXN
7ec973b2-f5d2-4a80-b4dc-ba14e69d496f,282aba8c-1169-402d-adbd-8a41f6676432,22,2026-05-19 02:26:00,Pemex,Pemex,463.0,EGRESO,APP_MOVIL,MXN
1a9ba764-d9c0-4d90-9a89-3fbfa0ee3b50,71c16233-5b03-45a3-b9d9-75dfce80f8cd,10,2026-05-19 03:46:00,Compras Fisicas,Compras Fisicas,781.0,EGRESO,TRANSFERENCIA,MXN
55479e86-d193-4ec8-bddf-b088b2c06a3a,49c19272-4521-43eb-a5ed-ba309950965f,34,2026-05-19 04:49:00,Epic Games Store,Epic Games Store,168.0,EGRESO,EFECTIVO,MXN
b415c565-7a9d-4bbd-ba82-408737a20169,2d45cb4c-8380-477e-93dc-7ad4055949fe,17,2026-05-19 05:17:00,Colegiatura,Colegiatura,5787.0,EGRESO,TRANSFERENCIA,MXN
a539ece7-4cf0-4f7b-9887-329b45b3fb64,86d42cc6-6226-41a4-aa56-9a03fdc03387,32,2026-05-19 07:59:00,Xbox Live,Xbox Live,,EGRESO,TRANSFERENCIA,MXN
943618f7-6ed7-42a1-9692-c04fb57ade6a,6b2251e4-b804-4f13-898b-216c0c5ba9cc,3,2026-05-19 08:42:00,Chedraui,Chedraui,972.0,EGRESO,EFECTIVO,MXN
b266c7f9-c3e2-4be7-9080-f878e5c350ed,27184bbc-330d-4cfd-a78f-c17d51279685,27,2026-05-19 09:16:00,Gas,Gas,337.0,EGRESO,EFECTIVO,MXN
5fd0ea31-3330-47d1-9f22-ab443e961c4f,8711e8ab-3016-4507-8ecf-8798f901a525,28,2026-05-19 09:28:00,Deportes Marti,Deportes Marti,736.0,EGRESO,TRANSFERENCIA,MXN
9ac34e22-a384-41ff-8373-fe8a177b35d0,49c19272-4521-43eb-a5ed-ba309950965f,12,2026-05-19 10:22:00,Barberia,Barberia,125.0,EGRESO,TRANSFERENCIA,MXN
cccc3cc9-a00c-4520-888f-ea043e8d3013,7f2f8daa-dfc2-4ad0-9c49-d90ffa6ae04b,14,2026-05-19 11:57:00,Renta,Renta,10752.0,EGRESO,EFECTIVO,MXN
ccbc2b43-5f36-43a7-b35e-18b82270a5e6,4bb45633-ce6a-4e78-8b36-ab2143b9312a,22,2026-05-19 12:03:00,Oxxo Gas,Oxxo Gas,1074.0,EGRESO,APP_MOVIL,MXN
a6266586-d927-49d0-96bc-48e66de6b01b,cb4d084d-d246-4f2e-847a-1132c5e51dc6,16,2026-05-19 12:16:00,Michael Kors,Michael Kors,1593.0,EGRESO,APP_MOVIL,MXN
d59e4b97-534b-4459-be61-55aa9f88e751,2ca34b24-a26a-4698-a4c6-7593f66ced33,10,2026-05-19 14:44:00,Compras Fisicas,Compras Fisicas,1679.0,EGRESO,APP_MOVIL,MXN
e87d05ad-eac8-4ece-860d-4ba42b3e0b68,86ebabff-3329-403c-ae53-7102b0dc7831,1,2026-05-19 16:34:00,Nomina,Nomina,9103.12,INGRESO,TRANSFERENCIA,MXN
85c6d55e-5cda-4925-b671-2df3504404ff,36ee8608-fe5c-4530-b7cf-d13801c08072,1,2026-05-19 21:20:00,Nomina,Nomina,15866.33,INGRESO,TRANSFERENCIA,MXN
f20f5638-0d73-4a59-a7dd-d85450c39808,2f4e7259-c7d0-4f8e-b408-fbed59254881,33,2026-05-19 22:01:00,Agua,Agua,226.0,EGRESO,APP_MOVIL,MXN
7d30ef30-6fad-4cd2-979d-4dc18b9c3b83,d7b98250-11d8-4b40-a1fd-44ae5b3e0d2a,32,2026-05-19 22:02:00,PlayStation Network,PlayStation Network,1147.0,EGRESO,TRANSFERENCIA,MXN
499fe80d-6602-4538-95f7-1b26f536c7fc,d7b98250-11d8-4b40-a1fd-44ae5b3e0d2a,32,2026-05-19 23:34:00,Xbox Live,Xbox Live,1761.0,EGRESO,APP_MOVIL,MXN
1b7f0c31-0936-4c4b-b75f-b4989d9f9ae1,c49c8bf6-2d71-40b9-8f87-363b870b0dfd,9,2026-05-19 23:37:00,Telcel,Telcel,349.0,EGRESO,EFECTIVO,MXN
b3c9d3e7-6e2b-4430-92e1-eb431cfa2d2f,78415f42-edd9-4039-abee-f38499ffc380,10,2026-05-19 23:49:00,Compras Fisicas,Compras Fisicas,993.0,EGRESO,TRANSFERENCIA,MXN
1602316e-621a-40c3-9f6c-e58786117fcf,2f4e7259-c7d0-4f8e-b408-fbed59254881,12,2026-05-20 00:17:00,Barberia,Barberia,131.0,EGRESO,EFECTIVO,MXN
4c7b990a-f5b1-41e7-b1cc-dce8baa4de35,a5264eb8-0d47-44e1-b1b3-6e0a2018f25f,10,2026-05-20 02:06:00,Compras Fisicas,Compras Fisicas,1127.0,EGRESO,APP_MOVIL,MXN
2bb0894e-6fbe-4b2c-9da8-889a144b4557,b5525d88-0da0-4036-a444-3e4f7a34128f,2,2026-05-20 03:41:00,Bus,Bus,8.0,EGRESO,EFECTIVO,MXN
cbbe1b6f-e0dc-41c7-aa66-b22344555f12,e8dab777-b3e1-4c67-81e8-1bcf07a12eb6,17,2026-05-20 04:47:00,Colegiatura,Colegiatura,8191.0,EGRESO,APP_MOVIL,MXN
e5ca8c29-d003-4085-8d25-c2af48087b96,8711e8ab-3016-4507-8ecf-8798f901a525,6,2026-05-20 06:13:00,DiDi,DiDi,115.0,EGRESO,APP_MOVIL,MXN
a9f148d2-032e-4ba1-bc81-d6fc3a303afe,7c74290c-b207-43d8-bcd5-14f069783b3b,4,2026-05-20 06:17:00,Apple TV+,Apple TV+,129.0,EGRESO,APP_MOVIL,MXN
c4ab77a5-c918-4a9d-95be-c7195fab8e04,a5264eb8-0d47-44e1-b1b3-6e0a2018f25f,1,2026-05-20 06:58:00,Nomina,Nomina,11248.14,INGRESO,TRANSFERENCIA,MXN
810a0ecd-0b62-4e18-93e4-37e14bbee097,b5525d88-0da0-4036-a444-3e4f7a34128f,27,2026-05-20 07:01:00,Gas,Gas,500.0,EGRESO,TRANSFERENCIA,MXN
7e390898-9f6e-4e82-9943-8cc7bb3f29f0,d660ddf9-6ba0-4a64-88ea-5d41f61fcefb,18,2026-05-20 08:15:00,Izzi,Izzi,999.0,EGRESO,EFECTIVO,MXN
6b54a196-0072-407e-8afb-61ac409bdb9a,6b2251e4-b804-4f13-898b-216c0c5ba9cc,6,2026-05-20 08:24:00,DiDi,DiDi,190.0,EGRESO,TRANSFERENCIA,MXN
624b8b8f-d5c7-4004-8f52-1672eda9d1f9,edeb6414-0b55-4e0a-bed2-b73a88276387,1,2026-05-20 08:42:00,Nomina,Nomina,15554.08,INGRESO,TRANSFERENCIA,MXN
46851c46-eb37-41ec-ae86-e583886ac52d,e9f3e63d-6775-4b45-9daf-9722ec25fbe3,11,2026-05-20 09:18:00,Metro,Metro,100.0,EGRESO,APP_MOVIL,MXN
c885a82c-294f-4efb-ae18-2b10241ee9c9,7489af6c-154c-4eef-b7af-50397bd6b848,14,2026-05-20 10:17:00,Renta,Renta,10768.0,EGRESO,TRANSFERENCIA,MXN
2307d423-6d4d-4819-93c7-ce1ee215f361,87a8bdbd-1d61-4275-b187-80f960bd7983,25,2026-05-20 12:20:00,Liverpool,Liverpool,1814.0,EGRESO,EFECTIVO,MXN
1f66894d-1bc3-48cc-ae99-e3e185e06975,460819f1-3e7b-4a18-b9bb-4a991973ca55,24,2026-05-20 12:46:00,NYX Cosmetics,NYX Cosmetics,2392.0,EGRESO,APP_MOVIL,MXN
a1ac702e-7928-45ae-bf9a-8d0145a0bb6d,e9f3e63d-6775-4b45-9daf-9722ec25fbe3,19,2026-05-20 12:48:00,Mantenimiento Automotriz,Mantenimiento Automotriz,3451.0,EGRESO,TRANSFERENCIA,MXN
1604c049-0adc-434f-9d63-9f5e4d7b76ab,088735e5-4d0d-4706-a911-442edac351c2,9,2026-05-20 13:49:00,Telcel,Telcel,299.0,EGRESO,EFECTIVO,MXN
a850e8a9-7e5c-4625-83fc-73526e056054,7059c9c8-532b-4bfe-a72e-0c9aa55e75da,7,2026-05-20 15:00:00,Electricidad,Electricidad,601.0,EGRESO,EFECTIVO,MXN
4acefb73-2bec-4830-ac33-4df91f97ed9c,481fe99e-04d7-42b3-b696-00ef02353148,23,2026-05-20 15:30:00,GNP Seguros,GNP Seguros,2807.0,EGRESO,EFECTIVO,MXN
8bc770af-c4c3-42aa-9bf1-747bbefd3eb3,2f4e7259-c7d0-4f8e-b408-fbed59254881,8,2026-05-20 16:06:00,Herramientas,Herramientas,981.0,EGRESO,TRANSFERENCIA,MXN
edb26083-e010-4f32-9483-e414256279dc,86ebabff-3329-403c-ae53-7102b0dc7831,28,2026-05-20 16:20:00,Decathlon,Decathlon,162.0,EGRESO,TRANSFERENCIA,MXN
04fb3462-1c91-4854-800c-95c1420cb182,af1d8cae-6064-4332-977d-e896264e20c2,15,2026-05-20 16:21:00,Multa de Transito,Multa de Transito,3082.0,EGRESO,APP_MOVIL,MXN
d61893e6-2ca0-458b-94a6-c9905e55e3e7,6be93697-d5c5-49d1-8778-8abe58f5c5a3,21,2026-05-20 16:47:00,Metrobus,Metrobus,20.0,EGRESO,EFECTIVO,MXN
e4b4d9cb-2e55-436b-9adb-b73022ee37ef,78415f42-edd9-4039-abee-f38499ffc380,28,2026-05-20 16:57:00,Innvictus,Innvictus,124.0,EGRESO,EFECTIVO,MXN
cb78253f-05dd-4538-bbc0-4092b02181eb,7f2f8daa-dfc2-4ad0-9c49-d90ffa6ae04b,33,2026-05-20 17:34:00,Agua,Agua,875.0,EGRESO,EFECTIVO,MXN
997b0868-3eb0-4279-a92d-9d55c5b22018,654c4cb9-fb3b-421c-9e42-884531a72e4c,31,2026-05-20 18:47:00,Amazon,Amazon,1325.0,EGRESO,EFECTIVO,MXN
dbb25049-8cbd-40d0-8e95-93e429d894c4,b4991233-a822-49ca-a113-cbedbb85a741,1,2026-05-20 20:38:00,Nomina,Nomina,16018.99,INGRESO,TRANSFERENCIA,MXN
c6fea975-a6da-4ad2-bcd6-88ec9d875764,c9e1bb7a-b4b0-4880-88f1-2b90da359497,25,2026-05-20 21:40:00,Liverpool,Liverpool,1181.0,EGRESO,APP_MOVIL,MXN
83fb1bc8-ff34-439e-89e1-478751b38e71,86ebabff-3329-403c-ae53-7102b0dc7831,31,2026-05-20 23:26:00,Mercado Libre,Mercado Libre,2037.0,EGRESO,APP_MOVIL,MXN
df8f3fc2-de9b-4a67-b429-4b4a29585c07,5057339d-f49e-4d1c-beae-6ced3a7c148f,2,2026-05-20 23:59:00,Bus,Bus,12.0,EGRESO,APP_MOVIL,MXN
4effd1c1-684c-4521-a429-95a4572b8662,d7b98250-11d8-4b40-a1fd-44ae5b3e0d2a,1,2026-05-21 00:54:00,Nomina,Nomina,7380.06,INGRESO,TRANSFERENCIA,MXN
52ee1444-f0e4-4c7e-8888-7d0a492905bf,cc302a48-1c7f-4cd5-8095-557e5f3ee43f,12,2026-05-21 01:35:00,Barberia,Barberia,453.0,EGRESO,APP_MOVIL,MXN
2989a403-97c0-4b47-a223-ef2c81dac70c,57a16ad2-8282-4a67-91ec-ebc90dee810e,22,2026-05-21 02:03:00,Pemex,Pemex,735.0,EGRESO,APP_MOVIL,MXN
959cac01-980f-4ec3-92fe-42af3c226afd,7c5b5dce-0577-471c-acd8-1c6806bbd6d1,8,2026-05-21 02:48:00,Herramientas,Herramientas,1831.0,EGRESO,TRANSFERENCIA,MXN
1d1c9a44-f0ab-4247-b5f7-b11d6c046514,6b2251e4-b804-4f13-898b-216c0c5ba9cc,23,2026-05-21 03:02:00,AXA Seguros,AXA Seguros,2579.0,EGRESO,APP_MOVIL,MXN
30701933-486f-4946-906c-cc33d103dc7f,033eaacc-c1f9-412e-84cb-95b426d28b5c,34,2026-05-21 03:19:00,Epic Games Store,Epic Games Store,226.0,EGRESO,EFECTIVO,MXN
fa30ecd3-c295-47cb-b654-a806e8a90376,2f4e7259-c7d0-4f8e-b408-fbed59254881,15,2026-05-21 03:30:00,Multa de Transito,Multa de Transito,3537.0,EGRESO,APP_MOVIL,MXN
b34edb53-f441-4891-915f-cc6496232aaf,49c19272-4521-43eb-a5ed-ba309950965f,27,2026-05-21 03:31:00,Gas,Gas,804.0,EGRESO,APP_MOVIL,MXN
4962e77a-5eab-40ef-9001-5583bd6ccbdc,088735e5-4d0d-4706-a911-442edac351c2,29,2026-05-21 04:09:00,Viajes,Viajes,4965.0,EGRESO,APP_MOVIL,MXN
fba211fc-4725-4aa4-aa23-a08e994a125d,57a16ad2-8282-4a67-91ec-ebc90dee810e,11,2026-05-21 04:24:00,Metro,Metro,50.0,EGRESO,APP_MOVIL,MXN
de834d53-2ce3-427d-8567-4057e725939f,57a16ad2-8282-4a67-91ec-ebc90dee810e,3,2026-05-21 05:08:00,Chedraui,Chedraui,1182.0,EGRESO,EFECTIVO,MXN
08554f6c-c41e-4ae7-99ee-898130d9a9d9,8580b4dd-2321-42ff-8e88-0392056caa5c,9,2026-05-21 05:13:00,Movistar,Movistar,150.0,EGRESO,EFECTIVO,MXN
9506bc32-607c-42a8-9a6f-ca43a9024c47,2d45cb4c-8380-477e-93dc-7ad4055949fe,22,2026-05-21 06:21:00,Mobil,Mobil,884.0,EGRESO,APP_MOVIL,MXN
acef7931-d1a5-43ef-9773-b5b2c31527e7,c49c8bf6-2d71-40b9-8f87-363b870b0dfd,26,2026-05-21 07:05:00,Farmacias del Ahorro,Farmacias del Ahorro,235.0,EGRESO,EFECTIVO,MXN
41773f71-2f00-4544-ab52-2a52168bf823,287b9cdc-edd5-4342-a5fb-5148aeea5b6c,32,2026-05-21 08:15:00,Xbox Live,Xbox Live,329.0,EGRESO,TRANSFERENCIA,MXN
883dd7e0-4697-4a9c-8edb-4a37bd84f415,6e3e2a99-1a3d-42fa-bfe5-52f057eccb2f,33,2026-05-21 08:16:00,Agua,Agua,1343.0,EGRESO,APP_MOVIL,MXN
24e75c8f-0a40-4259-87fa-1a0a5d62cf56,ec1a1f42-1c5f-492f-919f-08cacfcb0039,1,2026-05-21 09:43:00,Nomina,Nomina,6725.27,INGRESO,TRANSFERENCIA,MXN
1e135551-3a2e-4da9-a937-a01eed423395,591ef66e-c411-40c1-95e6-b23f8169be61,34,2026-05-21 09:43:00,Epic Games Store,Epic Games Store,727.0,EGRESO,EFECTIVO,MXN
c6c37c7e-da09-49f3-a033-ede6ef34d300,d660ddf9-6ba0-4a64-88ea-5d41f61fcefb,1,2026-05-21 10:13:00,Transferencia Recibida,Transferencia Recibida,2345.0,INGRESO,TRANSFERENCIA,MXN
951e4f9c-d999-416d-bc44-931253c3a235,f30fbc40-9703-4c31-b9a5-ab557c4b82c8,17,2026-05-21 11:08:00,Colegiatura,Colegiatura,7363.0,EGRESO,TRANSFERENCIA,MXN
7de429d3-94ea-4b98-9284-cea37490c471,287b9cdc-edd5-4342-a5fb-5148aeea5b6c,10,2026-05-21 11:36:00,Compras Fisicas,Compras Fisicas,912.0,EGRESO,EFECTIVO,MXN
4aaaf28b-80ec-4131-b497-dfb6bc3a10c7,654c4cb9-fb3b-421c-9e42-884531a72e4c,18,2026-05-21 12:09:00,Infinitum,Infinitum,999.0,EGRESO,TRANSFERENCIA,MXN
02969a11-65fb-48d1-91e8-d70f094aff12,57a16ad2-8282-4a67-91ec-ebc90dee810e,22,2026-05-21 12:29:00,BP,BP,721.0,EGRESO,EFECTIVO,MXN
0b2ebaaf-df14-4799-af37-de99e106f1bd,d660ddf9-6ba0-4a64-88ea-5d41f61fcefb,7,2026-05-21 12:59:00,Electricidad,Electricidad,1026.0,EGRESO,EFECTIVO,MXN
e92e225f-6c7c-4266-b115-4e0ac1c24af0,74a2259c-8ee4-4064-89cc-8a49fd390792,6,2026-05-21 13:10:00,DiDi,DiDi,157.0,EGRESO,APP_MOVIL,MXN
6cb180fd-bc26-492f-beaa-a56858be48e4,d660ddf9-6ba0-4a64-88ea-5d41f61fcefb,34,2026-05-21 13:31:00,Steam,Steam,205.0,EGRESO,EFECTIVO,MXN
bd28ee6d-51e1-407e-9c6b-9b98ee091c53,e4f9aabd-8595-4a2d-84b2-3d54a4541fdc,3,2026-05-21 13:47:00,Walmart,Walmart,1475.0,EGRESO,APP_MOVIL,MXN
c544ad44-b0c1-4e75-b5f7-54b030ac9a94,37060ad3-4bfd-4b62-86a5-6c3b7241f7b3,10,2026-05-21 13:48:00,Compras Fisicas,Compras Fisicas,2394.0,EGRESO,APP_MOVIL,MXN
74674f78-49f1-4bcd-97d8-b449d3e3439c,6b2251e4-b804-4f13-898b-216c0c5ba9cc,31,2026-05-21 14:48:00,Mercado Libre,Mercado Libre,348.0,EGRESO,EFECTIVO,MXN
e10896f1-083c-4c66-a448-8e36f0efe04a,cf376ebc-04ee-401c-98d2-d2ca7394def8,30,2026-05-21 15:02:00,Salon de Belleza,Salon de Belleza,104.0,EGRESO,APP_MOVIL,MXN
f6e7fb96-6235-4618-94e3-9d1f78af3a6a,7c5b5dce-0577-471c-acd8-1c6806bbd6d1,7,2026-05-21 16:03:00,Electricidad,Electricidad,162.0,EGRESO,TRANSFERENCIA,MXN
899ce35a-abc2-4571-ab1d-939498b8a3bf,74a2259c-8ee4-4064-89cc-8a49fd390792,29,2026-05-21 16:37:00,Viajes,Viajes,4321.0,EGRESO,APP_MOVIL,MXN
afedcd87-e0dd-4281-a444-033fe99d7da8,d7d4bd62-308e-4ac3-9ba9-582ec4beeeb0,5,2026-05-21 17:17:00,Little Caesars,Little Caesars,358.0,EGRESO,EFECTIVO,MXN
9b4ea128-0d02-47bc-a097-caaa62c7c84b,367901a5-f293-400f-8969-224db4f3e99e,24,2026-05-21 18:06:00,Maybelline,Maybelline,865.0,EGRESO,APP_MOVIL,MXN
bb9fdf51-cbae-4ac6-88dd-becda7697f6e,e80f9cac-b03e-4fcb-a3f3-7f1c6286bc7b,22,2026-05-21 18:41:00,Pemex,Pemex,598.0,EGRESO,EFECTIVO,MXN
7814f4cb-76fe-4f37-b401-0a08b8eac32b,6e3e2a99-1a3d-42fa-bfe5-52f057eccb2f,5,2026-05-21 19:58:00,Burger King,Burger King,140.0,EGRESO,TRANSFERENCIA,MXN
f5e4abd6-273d-4c18-ab0c-b5f30413465b,4c903803-6f89-4498-ac48-9cac84de61c7,9,2026-05-21 20:10:00,Telcel,Telcel,100.0,EGRESO,APP_MOVIL,MXN
01eaa2af-6c20-47d6-8893-ce0d760c93f0,e8dab777-b3e1-4c67-81e8-1bcf07a12eb6,21,2026-05-21 21:03:00,Metrobus,Metrobus,6.0,EGRESO,APP_MOVIL,MXN
c040b091-179d-4314-80a8-c501657fd108,fe494458-2541-481f-bb69-2bcb8e182795,15,2026-05-21 21:13:00,Multa de Transito,Multa de Transito,2592.0,EGRESO,APP_MOVIL,MXN
7d50018f-6f8c-4066-865a-ba78f3c2b658,481fe99e-04d7-42b3-b696-00ef02353148,31,2026-05-21 21:25:00,Amazon,Amazon,2315.0,EGRESO,APP_MOVIL,MXN
5a9092a3-49fd-40cb-a104-c65e86bafd9b,7336ec17-03d6-4127-a085-cb3f799bd54e,22,2026-05-21 22:18:00,Pemex,Pemex,1188.0,EGRESO,TRANSFERENCIA,MXN
7e8f8f94-04b7-4099-96f4-25ded3429f07,af1d8cae-6064-4332-977d-e896264e20c2,11,2026-05-21 22:57:00,Metro,Metro,5.0,EGRESO,APP_MOVIL,MXN
b3959266-40ce-4fe1-ade7-01dee0c59cfd,edeb6414-0b55-4e0a-bed2-b73a88276387,33,2026-05-21 23:36:00,Agua,Agua,1166.0,EGRESO,APP_MOVIL,MXN
01afd010-ee2f-40e9-8d89-12e1bd8a0dce,7489af6c-154c-4eef-b7af-50397bd6b848,18,2026-05-21 23:37:00,Totalplay,Totalplay,499.0,EGRESO,APP_MOVIL,MXN
82188b03-de69-48c6-ace8-258a2013be0a,0d4d9d7a-2ce4-4002-abe0-031b288ff53c,24,2026-05-22 00:26:00,Maybelline,Maybelline,1062.0,EGRESO,APP_MOVIL,MXN
4796f84f-9b46-4fb9-b92a-505a4f915211,6be93697-d5c5-49d1-8778-8abe58f5c5a3,8,2026-05-22 00:27:00,Herramientas,Herramientas,1540.0,EGRESO,APP_MOVIL,MXN
4ceb6907-44b9-482c-909e-c177fab35132,cb4d084d-d246-4f2e-847a-1132c5e51dc6,16,2026-05-22 00:34:00,Michael Kors,Michael Kors,2253.0,EGRESO,EFECTIVO,MXN
59b8c299-d410-48de-a248-1b5f939940c4,cf376ebc-04ee-401c-98d2-d2ca7394def8,14,2026-05-22 00:41:00,Renta,Renta,7944.0,EGRESO,EFECTIVO,MXN
27c8beeb-64f6-48f3-a6c9-28c79b7c24fb,0d4d9d7a-2ce4-4002-abe0-031b288ff53c,5,2026-05-22 03:23:00,Domino's,Domino's,638.0,EGRESO,APP_MOVIL,MXN
8ae61c4a-574d-41ad-8cca-a0c87ee33238,e4f9aabd-8595-4a2d-84b2-3d54a4541fdc,6,2026-05-22 03:44:00,DiDi,DiDi,72.0,EGRESO,TRANSFERENCIA,MXN
d10d1a4c-46a6-4409-a161-bf55e999b39d,f20e8816-f077-4abe-837b-b3e39ccf37eb,30,2026-05-22 04:24:00,Salon de Belleza,Salon de Belleza,408.0,EGRESO,EFECTIVO,MXN
8341fd5e-4c24-4bf1-81fa-4361f9d57190,af1d8cae-6064-4332-977d-e896264e20c2,24,2026-05-22 06:14:00,Maybelline,Maybelline,2060.0,EGRESO,EFECTIVO,MXN
552ff0f4-2b84-4914-a391-8c31a0c8bbe4,d94896e7-da2e-4ebf-8861-0ed51d327133,12,2026-05-22 06:21:00,Barberia,Barberia,355.0,EGRESO,TRANSFERENCIA,MXN
aec48e82-b492-403b-8cfb-53cc8352053f,e77722c3-ca39-4480-832f-f90fbc2402a7,5,2026-05-22 06:32:00,Little Caesars,Little Caesars,613.0,EGRESO,EFECTIVO,MXN
3db661f9-a2fa-494a-ae07-cc82dc739b47,bacb91fd-e8d8-4aab-86af-be8542045bfc,22,2026-05-22 07:42:00,Pemex,Pemex,512.0,EGRESO,APP_MOVIL,MXN
ba511810-3e26-4e3c-867b-a60b1b9685b4,b8a2aeb0-77bc-4f93-87a4-dbd5d9aae0e9,28,2026-05-22 08:35:00,Deportes Marti,Deportes Marti,291.0,EGRESO,APP_MOVIL,MXN
8fe478eb-3a3a-47be-a41b-8dac927a8283,033eaacc-c1f9-412e-84cb-95b426d28b5c,1,2026-05-22 08:37:00,Nomina,Nomina,24894.24,INGRESO,TRANSFERENCIA,MXN
0c37dbf0-a13a-4a17-b672-3076654897fa,4c903803-6f89-4498-ac48-9cac84de61c7,4,2026-05-22 10:10:00,Netflix,Netflix,139.0,EGRESO,APP_MOVIL,MXN
86616b1b-24d7-4206-91a7-b5a529820c52,fe494458-2541-481f-bb69-2bcb8e182795,1,2026-05-22 11:29:00,Nomina,Nomina,19294.84,INGRESO,TRANSFERENCIA,MXN
a0f35b17-e874-4766-87b3-4a3c3c09145a,b6ca9d87-476a-4c5d-83ca-7693a6527a9c,14,2026-05-22 11:54:00,Renta,Renta,12923.0,EGRESO,APP_MOVIL,MXN
929c71ce-b1e1-4600-a43e-7f761a511d7c,c56eb014-1de6-4df3-9cc5-45132bbf6942,22,2026-05-22 12:10:00,Pemex,Pemex,528.0,EGRESO,APP_MOVIL,MXN
b173d3eb-1c84-47ca-96e7-877fa6fdd0d8,d7073699-b1fd-4984-8380-c897f19b37c2,1,2026-05-22 13:52:00,Nomina,Nomina,17377.29,INGRESO,TRANSFERENCIA,MXN
708432ca-c847-4da7-89b1-4c5309734eff,282aba8c-1169-402d-adbd-8a41f6676432,16,2026-05-22 14:08:00,Cloe,Cloe,1112.0,EGRESO,EFECTIVO,MXN
6daf6128-943b-4823-a0c8-155c52cb0a2d,4f6ff8db-53cf-4464-883b-02373ed58457,23,2026-05-22 14:29:00,AXA Seguros,AXA Seguros,530.0,EGRESO,TRANSFERENCIA,MXN
0fd16b40-e903-4b29-b850-3d54fe5c6005,74a2259c-8ee4-4064-89cc-8a49fd390792,17,2026-05-22 17:16:00,Colegiatura,Colegiatura,3460.0,EGRESO,TRANSFERENCIA,MXN
bbef4af3-fdcf-4350-8d63-69d52810295c,f30fbc40-9703-4c31-b9a5-ab557c4b82c8,22,2026-05-22 18:23:00,Pemex,Pemex,899.0,EGRESO,APP_MOVIL,MXN
c356f8fe-412d-43a7-8cb3-8b463cfb1c9e,088735e5-4d0d-4706-a911-442edac351c2,1,2026-05-22 18:47:00,Nomina,Nomina,9976.69,INGRESO,TRANSFERENCIA,MXN
3dcc8ec6-84bc-4822-8489-96117c4e157f,1d78859f-eed0-4406-a7a8-ac62bfe90145,19,2026-05-22 19:24:00,Mantenimiento Automotriz,Mantenimiento Automotriz,2265.0,EGRESO,TRANSFERENCIA,MXN
f2e6f7fe-168b-4a6e-b0cd-2272eab2d91e,74a2259c-8ee4-4064-89cc-8a49fd390792,22,2026-05-22 19:29:00,Pemex,Pemex,788.0,EGRESO,TRANSFERENCIA,MXN
bdf85cb9-7227-4693-8c42-b9f4b5776516,27184bbc-330d-4cfd-a78f-c17d51279685,3,2026-05-22 20:47:00,Bodega Aurrera,Bodega Aurrera,1103.0,EGRESO,EFECTIVO,MXN
0d56030e-2920-4979-bfc6-b5b9541a5be6,7336ec17-03d6-4127-a085-cb3f799bd54e,32,2026-05-22 20:55:00,PlayStation Network,PlayStation Network,190.0,EGRESO,TRANSFERENCIA,MXN
017856eb-933c-471c-80e5-4b3d87e90523,74a2259c-8ee4-4064-89cc-8a49fd390792,31,2026-05-22 21:15:00,Mercado Libre,Mercado Libre,1645.0,EGRESO,EFECTIVO,MXN
f5ad04fb-94c9-4428-abd8-058afeaacae9,6b2251e4-b804-4f13-898b-216c0c5ba9cc,12,2026-05-22 21:15:00,Barberia,Barberia,79.0,EGRESO,APP_MOVIL,MXN
41fc516d-274a-49e0-b4c7-359123ccb2c4,d1015873-9015-4bb6-ad9c-9c10c7fbccaa,1,2026-05-22 23:43:00,Nomina,Nomina,10018.75,INGRESO,TRANSFERENCIA,MXN
a901f1d1-854f-4fba-b149-0cde17d303be,bacb91fd-e8d8-4aab-86af-be8542045bfc,12,2026-05-23 01:41:00,Barberia,Barberia,386.0,EGRESO,TRANSFERENCIA,MXN
c3487161-479c-4448-8ffd-1f75cadcfbce,edeb6414-0b55-4e0a-bed2-b73a88276387,17,2026-05-23 02:22:00,Colegiatura,Colegiatura,2294.0,EGRESO,TRANSFERENCIA,MXN
2ea54129-242f-49fe-a4af-52f995ba2a40,c0c2ffc0-3d5f-4e4f-99f2-884a8a2621f5,4,2026-05-23 02:39:00,Disney+,Disney+,139.0,EGRESO,EFECTIVO,MXN
91bf8092-1b96-4de3-9038-7decb557f651,37060ad3-4bfd-4b62-86a5-6c3b7241f7b3,1,2026-05-23 03:10:00,Nomina,Nomina,8203.8,INGRESO,TRANSFERENCIA,MXN
8fa09678-d7e3-4608-9936-a5617b8d576a,8d64339b-b475-44e4-bf62-e45215d1ea8f,2,2026-05-23 03:25:00,Bus,Bus,12.0,EGRESO,EFECTIVO,MXN
3ff85247-2f13-4ec0-81e5-f834719d3dea,4a021a05-bacc-4ded-98e4-6ba1343b83b4,1,2026-05-23 04:57:00,Transferencia Recibida,Transferencia Recibida,453.0,INGRESO,TRANSFERENCIA,MXN
6ec3f0b8-fe6f-4e35-8282-bed93fbfc799,e4814a6c-08b2-4b08-99dd-d9e29211ea72,1,2026-05-23 05:13:00,Nomina,Nomina,34361.9,INGRESO,TRANSFERENCIA,MXN
c26e6d98-1580-4563-a230-843da3a2127c,334ac887-2c2e-43f0-ac7f-4e80e3f22173,32,2026-05-23 05:49:00,PlayStation Network,PlayStation Network,812.0,EGRESO,TRANSFERENCIA,MXN
ee1855f3-e8dc-41f4-acf9-db9cb1515413,36ee8608-fe5c-4530-b7cf-d13801c08072,1,2026-05-23 06:14:00,Transferencia Recibida,Transferencia Recibida,438.0,INGRESO,TRANSFERENCIA,MXN
84a0190c-9010-4fa3-a730-2aaea9b09918,287b9cdc-edd5-4342-a5fb-5148aeea5b6c,8,2026-05-23 07:14:00,Herramientas,Herramientas,1986.0,EGRESO,TRANSFERENCIA,MXN
fd59ddc0-eca9-4f13-8081-12936c2a7d39,062fd77f-ba97-4763-bff4-0bc64c0b9db9,7,2026-05-23 08:55:00,Electricidad,Electricidad,1220.0,EGRESO,APP_MOVIL,MXN
0d33c6a2-ba2c-41e5-a0dd-4630c48cbd97,e4f9aabd-8595-4a2d-84b2-3d54a4541fdc,31,2026-05-23 10:46:00,Amazon,Amazon,2429.0,EGRESO,APP_MOVIL,MXN
fe8ffd3d-e1bf-45b5-aeab-4127b5c9c749,654c4cb9-fb3b-421c-9e42-884531a72e4c,33,2026-05-23 11:26:00,Agua,Agua,954.0,EGRESO,APP_MOVIL,MXN
97598249-d55f-45e9-80cb-b0ee82c3991e,f30fbc40-9703-4c31-b9a5-ab557c4b82c8,1,2026-05-23 12:23:00,Nomina,Nomina,25189.14,INGRESO,TRANSFERENCIA,MXN
72a0e907-71c2-44af-87cc-a71f29bd8b0e,f2e52e1f-1d7b-4214-a1ee-83e8b98918f0,15,2026-05-23 12:27:00,Multa de Transito,Multa de Transito,2560.0,EGRESO,TRANSFERENCIA,MXN
86a5db82-4d53-4a4f-bbf8-b82791599bd1,2d80c188-6489-4094-b09d-93b06a6b2935,18,2026-05-23 13:14:00,Izzi,Izzi,439.0,EGRESO,TRANSFERENCIA,MXN
cc56f4e9-b0b4-460d-8482-0eaa29ff7582,e4f9aabd-8595-4a2d-84b2-3d54a4541fdc,12,2026-05-23 14:37:00,Barberia,Barberia,280.0,EGRESO,APP_MOVIL,MXN
7a10bff4-4eac-4a8c-a682-ce602a400344,8d64339b-b475-44e4-bf62-e45215d1ea8f,22,2026-05-23 15:00:00,Mobil,Mobil,1176.0,EGRESO,EFECTIVO,MXN
eb672e1d-d443-43a9-96f6-95e544804eee,d660ddf9-6ba0-4a64-88ea-5d41f61fcefb,3,2026-05-23 16:08:00,Bodega Aurrera,Bodega Aurrera,,EGRESO,EFECTIVO,MXN
08e15c76-8eaa-4e89-9d7a-0feaab8f3718,d83b0edd-72db-47f8-a768-7d03bc7fa190,34,2026-05-23 16:22:00,Epic Games Store,Epic Games Store,1699.0,EGRESO,EFECTIVO,MXN
a4bae50b-0c7c-46a2-9c6d-17daa08395f2,3e5b598d-bd6d-4076-8922-5940bc6d277c,19,2026-05-23 16:56:00,Mantenimiento Automotriz,Mantenimiento Automotriz,2493.0,EGRESO,EFECTIVO,MXN
15a88ba9-7f10-49d3-9688-62f8ce1c07de,03e60ec2-d499-47cd-81fb-96e308403ecd,3,2026-05-23 17:01:00,Soriana,Soriana,3248.0,EGRESO,EFECTIVO,MXN
599e1d19-6c5b-4800-aaeb-b183eb7426bf,6b2251e4-b804-4f13-898b-216c0c5ba9cc,27,2026-05-23 17:09:00,Gas,Gas,692.0,EGRESO,TRANSFERENCIA,MXN
f4de2772-9640-4648-8766-6c79bebbe77c,9ebdcad6-2344-4fb6-873b-906defca570a,17,2026-05-23 17:37:00,Colegiatura,Colegiatura,6335.0,EGRESO,APP_MOVIL,MXN
ea201d6c-2863-40c1-b970-eb88e3a8aeca,e6f6e0cb-d25d-473f-9f7b-b942a476f005,13,2026-05-23 17:51:00,Andrea,Andrea,1641.0,EGRESO,APP_MOVIL,MXN
8cb5be0e-9405-431f-af25-8de173af6949,2d45cb4c-8380-477e-93dc-7ad4055949fe,24,2026-05-23 18:27:00,L'Oreal,L'Oreal,295.0,EGRESO,TRANSFERENCIA,MXN
4bb84f51-5024-4010-a7c1-7b6b537f0e34,481fe99e-04d7-42b3-b696-00ef02353148,1,2026-05-23 19:40:00,Nomina,Nomina,6227.44,INGRESO,TRANSFERENCIA,MXN
1e73b515-8e81-4e1d-ba72-dc2ee6cf014f,950bb240-d014-403a-bd23-d2ae18663c05,1,2026-05-23 19:52:00,Nomina,Nomina,12394.73,INGRESO,TRANSFERENCIA,MXN
84f4aafb-1ed4-4b76-bcc4-512c71d72890,7f2f8daa-dfc2-4ad0-9c49-d90ffa6ae04b,16,2026-05-23 20:29:00,Michael Kors,Michael Kors,1822.0,EGRESO,APP_MOVIL,MXN
cd241f51-33d1-4dd7-9212-71eb1eac0c5f,088735e5-4d0d-4706-a911-442edac351c2,28,2026-05-23 21:52:00,Innvictus,Innvictus,961.0,EGRESO,EFECTIVO,MXN
63c1029a-3d6e-41f5-b3dd-650605d600b9,b4991233-a822-49ca-a113-cbedbb85a741,4,2026-05-23 23:55:00,Apple TV+,Apple TV+,129.0,EGRESO,EFECTIVO,MXN
dcb484d5-d648-45d6-9061-fffca518a7b6,007759d6-7e92-4216-8b0d-24e4b3bdc25c,25,2026-05-24 00:09:00,Palacio de Hierro,Palacio de Hierro,1949.0,EGRESO,EFECTIVO,MXN
0fa7e5a7-a7db-48f7-8751-43d4eaa0c603,87a8bdbd-1d61-4275-b187-80f960bd7983,1,2026-05-24 00:57:00,Transferencia Recibida,Transferencia Recibida,3696.0,INGRESO,TRANSFERENCIA,MXN
5e1f429f-106a-4be9-9386-19bad40b0c27,cb4d084d-d246-4f2e-847a-1132c5e51dc6,18,2026-05-24 01:12:00,Izzi,Izzi,499.0,EGRESO,EFECTIVO,MXN
bb327901-8940-48f7-9ba2-8bccf166ea68,6be93697-d5c5-49d1-8778-8abe58f5c5a3,26,2026-05-24 01:41:00,Farmacias Similares,Farmacias Similares,319.0,EGRESO,APP_MOVIL,MXN
368d3309-300c-4772-9652-f7a23bf12f9e,a016e16f-7680-4d69-8958-9b2a62b35431,14,2026-05-24 03:11:00,Renta,Renta,9360.0,EGRESO,EFECTIVO,MXN
e6f1d45c-18f1-4897-beba-41e6f2a39087,2f5e4265-1e5f-4813-839b-50bf4accbd7e,8,2026-05-24 03:25:00,Herramientas,Herramientas,2486.0,EGRESO,APP_MOVIL,MXN
a1621258-a2f7-49b7-af07-d9758dc6f0b9,033eaacc-c1f9-412e-84cb-95b426d28b5c,14,2026-05-24 03:34:00,Renta,Renta,12597.0,EGRESO,APP_MOVIL,MXN
686a28a0-d114-4985-adb6-a2e3d88467e2,c56eb014-1de6-4df3-9cc5-45132bbf6942,7,2026-05-24 04:41:00,Electricidad,Electricidad,457.0,EGRESO,APP_MOVIL,MXN
1c7f57c2-725f-4373-a68c-7936dbf7c60c,e8dab777-b3e1-4c67-81e8-1bcf07a12eb6,4,2026-05-24 05:26:00,Max (HBO),Max (HBO),199.0,EGRESO,APP_MOVIL,MXN
93d5b143-7fde-4090-be72-9f67e576b047,088735e5-4d0d-4706-a911-442edac351c2,4,2026-05-24 06:13:00,Max (HBO),Max (HBO),249.0,EGRESO,EFECTIVO,MXN
145a3749-ff5e-414c-945f-5ea68c161a2d,e8dab777-b3e1-4c67-81e8-1bcf07a12eb6,20,2026-05-24 06:38:00,Restaurante Local,Restaurante Local,1100.0,EGRESO,APP_MOVIL,MXN
1d4cce32-87ae-46f7-bdf3-d5ab1c427eea,e4814a6c-08b2-4b08-99dd-d9e29211ea72,1,2026-05-24 07:24:00,Transferencia Recibida,Transferencia Recibida,3003.0,INGRESO,TRANSFERENCIA,MXN
d793c125-0b8f-46b1-9af6-ceef955ed003,334ac887-2c2e-43f0-ac7f-4e80e3f22173,32,2026-05-24 07:53:00,Xbox Live,Xbox Live,534.0,EGRESO,TRANSFERENCIA,MXN
36192083-d556-4c1e-8530-d188e9b0a4e7,e6f6e0cb-d25d-473f-9f7b-b942a476f005,30,2026-05-24 08:12:00,Salon de Belleza,Salon de Belleza,107.0,EGRESO,APP_MOVIL,MXN
264cba5a-1b35-4287-8c43-799a09edc1f6,f2e52e1f-1d7b-4214-a1ee-83e8b98918f0,25,2026-05-24 08:16:00,Liverpool,Liverpool,520.0,EGRESO,EFECTIVO,MXN
f54437bf-1e36-4aca-9349-081959af59dc,287b9cdc-edd5-4342-a5fb-5148aeea5b6c,3,2026-05-24 09:35:00,Bodega Aurrera,Bodega Aurrera,3036.0,EGRESO,APP_MOVIL,MXN
30e37f54-486e-46ea-9ba3-60a904840d92,1d7d3151-e6c5-479c-aa65-df54b837c324,29,2026-05-24 09:48:00,Viajes,Viajes,9704.0,EGRESO,TRANSFERENCIA,MXN
0db69283-f864-48a5-8392-66a5d0be054d,d7d4bd62-308e-4ac3-9ba9-582ec4beeeb0,27,2026-05-24 10:09:00,Gas,Gas,376.0,EGRESO,APP_MOVIL,MXN
4d7385c6-7ef1-461f-a2fd-93538d9e0b6c,37060ad3-4bfd-4b62-86a5-6c3b7241f7b3,17,2026-05-24 10:24:00,Colegiatura,Colegiatura,5570.0,EGRESO,APP_MOVIL,MXN
2e163637-e2c1-4e4c-9dfc-6eb72578e917,169f4be3-cc0f-4b41-8a79-77865835d095,16,2026-05-24 10:46:00,Cloe,Cloe,1047.0,EGRESO,APP_MOVIL,MXN
4acb214f-4d19-414e-9589-f1633d7cf5d5,591ef66e-c411-40c1-95e6-b23f8169be61,1,2026-05-24 11:15:00,Transferencia Recibida,Transferencia Recibida,483.0,INGRESO,TRANSFERENCIA,MXN
78db98be-4a3e-45de-bbbd-62227e673550,f30fbc40-9703-4c31-b9a5-ab557c4b82c8,14,2026-05-24 12:06:00,Renta,Renta,9860.0,EGRESO,TRANSFERENCIA,MXN
8ce27eee-40ad-44e7-89ed-52608033f025,2d45cb4c-8380-477e-93dc-7ad4055949fe,1,2026-05-24 13:15:00,Transferencia Recibida,Transferencia Recibida,4708.0,INGRESO,TRANSFERENCIA,MXN
bd7d9db1-7995-4611-ac49-cd349cbd3c69,f30fbc40-9703-4c31-b9a5-ab557c4b82c8,28,2026-05-24 13:35:00,Deportes Marti,Deportes Marti,868.0,EGRESO,APP_MOVIL,MXN
340c344e-b201-49df-bfc8-e49c63cac5b1,367901a5-f293-400f-8969-224db4f3e99e,30,2026-05-24 15:45:00,Salon de Belleza,Salon de Belleza,157.0,EGRESO,EFECTIVO,MXN
2ad038ca-24f8-47e0-b183-16b367c3e97d,bacb91fd-e8d8-4aab-86af-be8542045bfc,9,2026-05-24 16:23:00,Telcel,Telcel,499.0,EGRESO,APP_MOVIL,MXN
9b620651-8178-490c-a69e-799f0ce8a8bd,a5264eb8-0d47-44e1-b1b3-6e0a2018f25f,30,2026-05-24 17:12:00,Salon de Belleza,Salon de Belleza,464.0,EGRESO,APP_MOVIL,MXN
9297a263-5810-4da3-85b1-eb57ed3c9b32,39f9edad-efb7-47c6-9841-c96e9b5d6e22,6,2026-05-24 18:59:00,Uber,Uber,158.0,EGRESO,EFECTIVO,MXN
3c13b31a-f91d-48d1-8fac-1a825fb14c33,282aba8c-1169-402d-adbd-8a41f6676432,18,2026-05-24 21:11:00,Totalplay,Totalplay,549.0,EGRESO,APP_MOVIL,MXN
b079056b-18f8-4c46-a8ad-c8cfb69cb18f,f20e8816-f077-4abe-837b-b3e39ccf37eb,30,2026-05-24 21:52:00,Salon de Belleza,Salon de Belleza,136.0,EGRESO,EFECTIVO,MXN
3a3f2c7e-b24b-4d58-b3df-74f2ebfbee53,4bb45633-ce6a-4e78-8b36-ab2143b9312a,2,2026-05-24 22:09:00,Bus,Bus,50.0,EGRESO,EFECTIVO,MXN
df313467-6fbf-4b01-8fb3-e8b4d7796385,f30fbc40-9703-4c31-b9a5-ab557c4b82c8,10,2026-05-24 22:38:00,Compras Fisicas,Compras Fisicas,2182.0,EGRESO,TRANSFERENCIA,MXN
586391f5-a30d-4b79-ab37-df9449869ad1,5057339d-f49e-4d1c-beae-6ced3a7c148f,19,2026-05-24 22:59:00,Mantenimiento Automotriz,Mantenimiento Automotriz,1453.0,EGRESO,EFECTIVO,MXN
cb7c2c0a-dca8-4964-8639-d987dc237d8a,a016e16f-7680-4d69-8958-9b2a62b35431,17,2026-05-24 23:04:00,Colegiatura,Colegiatura,4372.0,EGRESO,TRANSFERENCIA,MXN
6974ac45-2861-4ddc-9c86-b89a7348a63b,e6f6e0cb-d25d-473f-9f7b-b942a476f005,11,2026-05-24 23:43:00,Metro,Metro,5.0,EGRESO,APP_MOVIL,MXN
3e02db9c-09be-47d7-9bfc-6b2265c311e3,698259d6-1dc2-4996-bae9-8219285ebc59,34,2026-05-24 23:47:00,Nintendo eShop,Nintendo eShop,781.0,EGRESO,EFECTIVO,MXN
46f34afe-a2e8-40c0-81c2-cc2b1c341095,ec1a1f42-1c5f-492f-919f-08cacfcb0039,30,2026-05-25 01:34:00,Salon de Belleza,Salon de Belleza,316.0,EGRESO,APP_MOVIL,MXN
a6bf9cb9-5c71-456c-bc99-7cc469c16fc8,03e60ec2-d499-47cd-81fb-96e308403ecd,19,2026-05-25 03:11:00,Mantenimiento Automotriz,Mantenimiento Automotriz,3855.0,EGRESO,TRANSFERENCIA,MXN
7ab0bb60-e03f-4d88-8f19-db92f18094bf,3e5b598d-bd6d-4076-8922-5940bc6d277c,26,2026-05-25 04:05:00,Farmacias del Ahorro,Farmacias del Ahorro,476.0,EGRESO,APP_MOVIL,MXN
c63f965e-d969-4d6c-9a6c-d84347773d59,e80f9cac-b03e-4fcb-a3f3-7f1c6286bc7b,33,2026-05-25 04:50:00,Agua,Agua,1250.0,EGRESO,EFECTIVO,MXN
6f666a50-32d7-4bd9-bb4e-e8af0b991fe0,7f2f8daa-dfc2-4ad0-9c49-d90ffa6ae04b,20,2026-05-25 05:16:00,Cinemex,Cinemex,1184.0,EGRESO,APP_MOVIL,MXN
0dcf5ee7-4e0e-4b85-a532-736a1f80ecc5,033eaacc-c1f9-412e-84cb-95b426d28b5c,2,2026-05-25 06:12:00,Bus,Bus,8.0,EGRESO,APP_MOVIL,MXN
9d8cf934-0fd6-4966-bc77-33c2925d74c9,d7b98250-11d8-4b40-a1fd-44ae5b3e0d2a,14,2026-05-25 07:46:00,Renta,Renta,7940.0,EGRESO,EFECTIVO,MXN
61b62e1c-515d-4b9b-99c6-4d8e6b3c2ecc,334ac887-2c2e-43f0-ac7f-4e80e3f22173,27,2026-05-25 08:29:00,Gas,Gas,202.0,EGRESO,TRANSFERENCIA,MXN
32051365-6aa3-405c-90e1-096409277044,fe494458-2541-481f-bb69-2bcb8e182795,1,2026-05-25 08:30:00,Nomina,Nomina,19294.84,INGRESO,TRANSFERENCIA,MXN
dff7e821-7bba-43a7-a9e0-af496a331438,5057339d-f49e-4d1c-beae-6ced3a7c148f,5,2026-05-25 10:58:00,McDonald's,McDonald's,481.0,EGRESO,APP_MOVIL,MXN
99283ea1-6e29-40f2-a41f-b1f6bd3eab3e,cf376ebc-04ee-401c-98d2-d2ca7394def8,30,2026-05-25 11:44:00,Salon de Belleza,Salon de Belleza,140.0,EGRESO,APP_MOVIL,MXN
b1d0e251-a929-4133-9b8b-28a3ac1619a3,39f9edad-efb7-47c6-9841-c96e9b5d6e22,1,2026-05-25 11:58:00,Nomina,Nomina,23382.91,INGRESO,TRANSFERENCIA,MXN
2c44e01a-0aac-4acb-b1a9-c3c6a8dd2565,d83b0edd-72db-47f8-a768-7d03bc7fa190,6,2026-05-25 12:38:00,Uber,Uber,134.0,EGRESO,APP_MOVIL,MXN
82493646-2a4a-4ccd-a7a2-5ae629481c55,36ee8608-fe5c-4530-b7cf-d13801c08072,13,2026-05-25 13:24:00,Capa de Ozono,Capa de Ozono,1290.0,EGRESO,TRANSFERENCIA,MXN
f9cee9b4-a00d-434f-a3bc-c885fe3d6d67,9ebdcad6-2344-4fb6-873b-906defca570a,10,2026-05-25 13:33:00,Compras Fisicas,Compras Fisicas,1650.0,EGRESO,APP_MOVIL,MXN
36a3e535-0aaf-4141-8392-eb07ab222e4e,c49c8bf6-2d71-40b9-8f87-363b870b0dfd,28,2026-05-25 14:23:00,Innvictus,Innvictus,864.0,EGRESO,APP_MOVIL,MXN
85ec09f6-bcac-42c6-b40d-20999d363e76,8580b4dd-2321-42ff-8e88-0392056caa5c,17,2026-05-25 16:20:00,Colegiatura,Colegiatura,7658.0,EGRESO,EFECTIVO,MXN
231ad663-c594-4dea-a61c-f6fe0ee5ba96,481fe99e-04d7-42b3-b696-00ef02353148,17,2026-05-25 16:48:00,Colegiatura,Colegiatura,6261.0,EGRESO,TRANSFERENCIA,MXN
a12e0bea-cf36-447d-b422-1a6003f1adde,d1015873-9015-4bb6-ad9c-9c10c7fbccaa,7,2026-05-25 17:06:00,Electricidad,Electricidad,224.0,EGRESO,EFECTIVO,MXN
0ffae793-d7fb-4db9-bdd6-536d6bd98d34,efb35f92-a96e-40cb-9ba4-a3d3670133ab,25,2026-05-25 17:25:00,Palacio de Hierro,Palacio de Hierro,1428.0,EGRESO,EFECTIVO,MXN
f990d41c-2882-41c5-93b9-2934013ad06c,b4991233-a822-49ca-a113-cbedbb85a741,31,2026-05-25 18:02:00,Mercado Libre,Mercado Libre,874.0,EGRESO,EFECTIVO,MXN
124c63fe-32af-46ff-ad3d-f85f9f4407ac,b5525d88-0da0-4036-a444-3e4f7a34128f,11,2026-05-25 18:10:00,Metro,Metro,5.0,EGRESO,TRANSFERENCIA,MXN
7248d765-a7b6-49e7-863b-dc5abed005a4,c0c2ffc0-3d5f-4e4f-99f2-884a8a2621f5,18,2026-05-25 18:36:00,Izzi,Izzi,389.0,EGRESO,EFECTIVO,MXN
a4d7dc46-3b19-4fed-a6e4-0ab9fc5b9d88,9ebdcad6-2344-4fb6-873b-906defca570a,4,2026-05-25 18:48:00,Amazon Prime,Amazon Prime,,EGRESO,APP_MOVIL,MXN
4ec27586-cb20-4851-9a7b-e146f1ec47a7,cf376ebc-04ee-401c-98d2-d2ca7394def8,31,2026-05-25 19:56:00,Amazon,Amazon,488.0,EGRESO,EFECTIVO,MXN
70d4e6db-322f-4ff2-928c-0bc56be8a68b,86ebabff-3329-403c-ae53-7102b0dc7831,12,2026-05-25 21:20:00,Barberia,Barberia,354.0,EGRESO,TRANSFERENCIA,MXN
a481b620-7258-4ba5-b996-fd0db441f00c,8580b4dd-2321-42ff-8e88-0392056caa5c,34,2026-05-25 22:33:00,Steam,Steam,1360.0,EGRESO,APP_MOVIL,MXN
25008474-d246-4529-89e1-2ca590d444fb,7336ec17-03d6-4127-a085-cb3f799bd54e,1,2026-05-26 00:07:00,Nomina,Nomina,5238.49,INGRESO,TRANSFERENCIA,MXN
dea9d832-ea68-462d-bafb-2415967dbf4a,6e3e2a99-1a3d-42fa-bfe5-52f057eccb2f,33,2026-05-26 01:39:00,Agua,Agua,1373.0,EGRESO,TRANSFERENCIA,MXN
b81d0a66-7a1e-40c5-b467-71403b597411,7336ec17-03d6-4127-a085-cb3f799bd54e,22,2026-05-26 02:41:00,Pemex,Pemex,658.0,EGRESO,APP_MOVIL,MXN
dc22706b-c845-48e7-9097-abde2cf20f68,b6ca9d87-476a-4c5d-83ca-7693a6527a9c,23,2026-05-26 03:39:00,GNP Seguros,GNP Seguros,2699.0,EGRESO,TRANSFERENCIA,MXN
e316f74b-7da2-4f61-aea1-2e82bf6c4e19,e6f6e0cb-d25d-473f-9f7b-b942a476f005,27,2026-05-26 04:16:00,Gas,Gas,464.0,EGRESO,APP_MOVIL,MXN
f499f072-008a-492f-8e5b-902ea08d33d1,0d4d9d7a-2ce4-4002-abe0-031b288ff53c,9,2026-05-26 05:08:00,Movistar,Movistar,599.0,EGRESO,APP_MOVIL,MXN
92b2391b-ede7-400e-9911-429837986468,cf376ebc-04ee-401c-98d2-d2ca7394def8,30,2026-05-26 05:22:00,Salon de Belleza,Salon de Belleza,364.0,EGRESO,TRANSFERENCIA,MXN
22516dbc-e83b-4d98-84b7-43abe36f4d45,fe494458-2541-481f-bb69-2bcb8e182795,7,2026-05-26 05:25:00,Electricidad,Electricidad,810.0,EGRESO,APP_MOVIL,MXN
602982fd-6476-47d1-b6be-a9eb194d5b40,e9f3e63d-6775-4b45-9daf-9722ec25fbe3,28,2026-05-26 07:31:00,Decathlon,Decathlon,778.0,EGRESO,TRANSFERENCIA,MXN
bf8f1107-701c-4528-9b2f-34614677b52e,edeb6414-0b55-4e0a-bed2-b73a88276387,31,2026-05-26 07:48:00,Mercado Libre,Mercado Libre,275.0,EGRESO,EFECTIVO,MXN
6ae00c30-797f-4a32-a913-71d1ab4ba985,36bb528a-43a8-4008-8557-d3e3a5c94a6c,6,2026-05-26 09:28:00,DiDi,DiDi,166.0,EGRESO,TRANSFERENCIA,MXN
8a7c377b-2786-455b-8cbd-135ef3fc5654,e80f9cac-b03e-4fcb-a3f3-7f1c6286bc7b,10,2026-05-26 09:35:00,Compras Fisicas,Compras Fisicas,322.0,EGRESO,EFECTIVO,MXN
b0be5c95-5999-4576-ad8f-b56fdf947955,03e60ec2-d499-47cd-81fb-96e308403ecd,7,2026-05-26 10:58:00,Electricidad,Electricidad,290.0,EGRESO,APP_MOVIL,MXN
5680b6b1-a749-4ec4-89dc-cacb122264aa,8ae451d5-4e82-4ced-8bbc-cee19fedccda,27,2026-05-26 11:30:00,Gas,Gas,691.0,EGRESO,EFECTIVO,MXN
5460806f-1c82-4533-b4db-25cd3075ec12,007759d6-7e92-4216-8b0d-24e4b3bdc25c,33,2026-05-26 12:23:00,Agua,Agua,799.0,EGRESO,EFECTIVO,MXN
8bd5999e-a559-404e-a70b-e7dd286b0c59,287b9cdc-edd5-4342-a5fb-5148aeea5b6c,12,2026-05-26 13:36:00,Barberia,Barberia,301.0,EGRESO,EFECTIVO,MXN
4d9b49d7-0024-4c31-8435-a3f26ba60adf,74a2259c-8ee4-4064-89cc-8a49fd390792,6,2026-05-26 14:54:00,Uber,Uber,49.0,EGRESO,EFECTIVO,MXN
3f62b3c7-209a-4558-a015-6b09149498df,c9e1bb7a-b4b0-4880-88f1-2b90da359497,1,2026-05-26 15:31:00,Nomina,Nomina,7268.77,INGRESO,TRANSFERENCIA,MXN
0d7af8fe-d639-41e3-8c89-690a63d0a641,c49c8bf6-2d71-40b9-8f87-363b870b0dfd,27,2026-05-26 16:56:00,Gas,Gas,553.0,EGRESO,TRANSFERENCIA,MXN
d4a98f17-6253-4a21-b2c0-43ba892d5d26,f30fbc40-9703-4c31-b9a5-ab557c4b82c8,1,2026-05-26 17:04:00,Nomina,Nomina,25189.14,INGRESO,TRANSFERENCIA,MXN
003267b7-beb7-4c43-b232-b0e24244ab2e,f2e52e1f-1d7b-4214-a1ee-83e8b98918f0,13,2026-05-26 19:20:00,Andrea,Andrea,2380.0,EGRESO,APP_MOVIL,MXN
ffed9de5-aee5-434f-a24e-9dc89c1964fe,0d4d9d7a-2ce4-4002-abe0-031b288ff53c,15,2026-05-26 19:45:00,Multa de Transito,Multa de Transito,2684.0,EGRESO,APP_MOVIL,MXN
7a267a0f-104d-46bd-8df0-2ba4b372c379,8580b4dd-2321-42ff-8e88-0392056caa5c,30,2026-05-26 19:45:00,Salon de Belleza,Salon de Belleza,260.0,EGRESO,APP_MOVIL,MXN
5e2be32e-52ec-40cc-b6c1-32486b033952,8d64339b-b475-44e4-bf62-e45215d1ea8f,7,2026-05-26 21:11:00,Electricidad,Electricidad,515.0,EGRESO,TRANSFERENCIA,MXN
be00ef55-98bc-4a26-8ef2-9f98686a8840,1d7d3151-e6c5-479c-aa65-df54b837c324,30,2026-05-26 21:14:00,Salon de Belleza,Salon de Belleza,210.0,EGRESO,APP_MOVIL,MXN
72901b91-cf48-4ab7-a891-5dd8b82abb48,0aa2518e-377e-4305-9b5c-0f8e0f802f9e,7,2026-05-26 22:31:00,Electricidad,Electricidad,1090.0,EGRESO,TRANSFERENCIA,MXN
9ca18230-f1c2-4207-a08d-534d1c3db1b7,d1015873-9015-4bb6-ad9c-9c10c7fbccaa,9,2026-05-26 22:53:00,Movistar,Movistar,299.0,EGRESO,TRANSFERENCIA,MXN
690b0214-09db-426b-8577-4fb16fc54038,37060ad3-4bfd-4b62-86a5-6c3b7241f7b3,15,2026-05-27 02:01:00,Multa de Transito,Multa de Transito,,EGRESO,APP_MOVIL,MXN
509b1b36-c275-48c9-aa43-4533b8d0b6c0,74a2259c-8ee4-4064-89cc-8a49fd390792,18,2026-05-27 03:28:00,Infinitum,Infinitum,439.0,EGRESO,APP_MOVIL,MXN
2f27af54-5baf-4146-8cb5-667d92423aa9,1d78859f-eed0-4406-a7a8-ac62bfe90145,4,2026-05-27 04:21:00,Amazon Prime,Amazon Prime,99.0,EGRESO,EFECTIVO,MXN
e84606b9-dc03-42e0-be1a-61b4d166c124,287b9cdc-edd5-4342-a5fb-5148aeea5b6c,1,2026-05-27 04:22:00,Transferencia Recibida,Transferencia Recibida,532.0,INGRESO,TRANSFERENCIA,MXN
65b90302-cb6e-4a44-b699-7896e51c7598,af1d8cae-6064-4332-977d-e896264e20c2,1,2026-05-27 05:05:00,Nomina,Nomina,9911.92,INGRESO,TRANSFERENCIA,MXN
2e93c8f3-afa9-421d-91d5-5f2e74cf7581,d1015873-9015-4bb6-ad9c-9c10c7fbccaa,7,2026-05-27 06:23:00,Electricidad,Electricidad,1536.0,EGRESO,EFECTIVO,MXN
0fcff4ae-b841-4886-a413-218a422acd2b,cb4d084d-d246-4f2e-847a-1132c5e51dc6,16,2026-05-27 07:01:00,Cloe,Cloe,1199.0,EGRESO,EFECTIVO,MXN
98f29c5f-f100-48d5-9d72-4f89e1ab0d4e,062fd77f-ba97-4763-bff4-0bc64c0b9db9,10,2026-05-27 07:44:00,Compras Fisicas,Compras Fisicas,2145.0,EGRESO,TRANSFERENCIA,MXN
8d80a5e9-ec58-44a1-ba00-46340c4413b2,a5264eb8-0d47-44e1-b1b3-6e0a2018f25f,15,2026-05-27 10:14:00,Multa de Transito,Multa de Transito,767.0,EGRESO,APP_MOVIL,MXN
e5dde062-b81b-4bf3-bca7-b200c215b7af,03e60ec2-d499-47cd-81fb-96e308403ecd,11,2026-05-27 14:48:00,Metro,Metro,20.0,EGRESO,APP_MOVIL,MXN
ccf1e876-2534-4090-ba8c-fe02093dea02,2f5e4265-1e5f-4813-839b-50bf4accbd7e,34,2026-05-27 15:20:00,Epic Games Store,Epic Games Store,1379.0,EGRESO,APP_MOVIL,MXN
6e7546ae-819b-4068-a7d3-11466ed55256,c9e1bb7a-b4b0-4880-88f1-2b90da359497,18,2026-05-27 17:55:00,Izzi,Izzi,389.0,EGRESO,EFECTIVO,MXN
c9b6b47d-1405-435c-ad23-b31d73294466,698259d6-1dc2-4996-bae9-8219285ebc59,18,2026-05-27 18:18:00,Infinitum,Infinitum,649.0,EGRESO,TRANSFERENCIA,MXN
163ae5d7-e616-4df8-becd-b4348572e81a,7c74290c-b207-43d8-bcd5-14f069783b3b,9,2026-05-27 18:19:00,Movistar,Movistar,299.0,EGRESO,TRANSFERENCIA,MXN
35e24c01-31fa-4bcd-81d0-abe0d3ab23db,d7b98250-11d8-4b40-a1fd-44ae5b3e0d2a,19,2026-05-27 18:44:00,Mantenimiento Automotriz,Mantenimiento Automotriz,1174.0,EGRESO,TRANSFERENCIA,MXN
c481fe0f-cc37-46d4-9562-0e596fb3e6a3,334ac887-2c2e-43f0-ac7f-4e80e3f22173,3,2026-05-27 19:41:00,Soriana,Soriana,2771.0,EGRESO,APP_MOVIL,MXN
565bd551-3d0d-40a1-85fe-ac8545c7f1bb,b6ca9d87-476a-4c5d-83ca-7693a6527a9c,10,2026-05-27 20:31:00,Compras Fisicas,Compras Fisicas,2126.0,EGRESO,TRANSFERENCIA,MXN
01fdfcf2-a7c5-4078-a950-86a153552ae8,f2e52e1f-1d7b-4214-a1ee-83e8b98918f0,34,2026-05-27 20:54:00,Nintendo eShop,Nintendo eShop,315.0,EGRESO,APP_MOVIL,MXN
76c9d9a4-afa4-468e-b72f-da70ce43e61f,feb46172-c764-46f8-8955-33a46aebe6cc,30,2026-05-27 20:57:00,Salon de Belleza,Salon de Belleza,395.0,EGRESO,TRANSFERENCIA,MXN
660b0bf2-2ec2-4c56-a9de-4213ea4dd2d1,7489af6c-154c-4eef-b7af-50397bd6b848,5,2026-05-27 20:58:00,Burger King,Burger King,438.0,EGRESO,EFECTIVO,MXN
c73b2ca5-d22a-406a-8163-95cf7b3c978d,d1015873-9015-4bb6-ad9c-9c10c7fbccaa,32,2026-05-27 21:00:00,PlayStation Network,PlayStation Network,910.0,EGRESO,EFECTIVO,MXN
fe572836-a646-461a-a352-a29976b02b3c,1d7d3151-e6c5-479c-aa65-df54b837c324,4,2026-05-27 21:03:00,Disney+,Disney+,299.0,EGRESO,APP_MOVIL,MXN
eda70fb8-263f-47b8-b0e7-b7c79dbbadc1,37060ad3-4bfd-4b62-86a5-6c3b7241f7b3,31,2026-05-27 21:14:00,Mercado Libre,Mercado Libre,1782.0,EGRESO,TRANSFERENCIA,MXN
e2b2dd07-3879-4287-a41f-db26d8654db1,3e5b598d-bd6d-4076-8922-5940bc6d277c,1,2026-05-27 21:27:00,Nomina,Nomina,24603.92,INGRESO,TRANSFERENCIA,MXN
5ed8c616-5486-4609-8eeb-2cc05803a713,4bb45633-ce6a-4e78-8b36-ab2143b9312a,18,2026-05-27 22:18:00,Infinitum,Infinitum,389.0,EGRESO,TRANSFERENCIA,MXN
776ad2a2-e2f9-4380-8006-9260919b409c,007759d6-7e92-4216-8b0d-24e4b3bdc25c,34,2026-05-27 22:35:00,Steam,Steam,296.0,EGRESO,APP_MOVIL,MXN
6ac91b10-39f7-425f-8eb6-60fa9692d06f,a016e16f-7680-4d69-8958-9b2a62b35431,5,2026-05-27 22:44:00,Burger King,Burger King,143.0,EGRESO,TRANSFERENCIA,MXN
ca9f3b02-b8f6-4a7d-8501-4a07d7831f07,698259d6-1dc2-4996-bae9-8219285ebc59,13,2026-05-27 23:19:00,Flexi,Flexi,2386.0,EGRESO,APP_MOVIL,MXN
eab12342-3f86-4944-98a6-663d4c5aac6e,8d64339b-b475-44e4-bf62-e45215d1ea8f,27,2026-05-27 23:31:00,Gas,Gas,261.0,EGRESO,EFECTIVO,MXN
0e222a10-0ea9-4a26-93a2-403623c4af01,4bb45633-ce6a-4e78-8b36-ab2143b9312a,32,2026-05-28 00:05:00,PlayStation Network,PlayStation Network,954.0,EGRESO,EFECTIVO,MXN
cfb24ea6-1657-4635-bbf2-5e0d0d03261b,287b9cdc-edd5-4342-a5fb-5148aeea5b6c,28,2026-05-28 00:07:00,Decathlon,Decathlon,615.0,EGRESO,EFECTIVO,MXN
e85a294d-3e72-43d0-82fd-d44c19e0524e,6b2251e4-b804-4f13-898b-216c0c5ba9cc,1,2026-05-28 00:39:00,Nomina,Nomina,21008.87,INGRESO,TRANSFERENCIA,MXN
811228d0-facb-4f08-86e8-d610bf18a3d8,7f2f8daa-dfc2-4ad0-9c49-d90ffa6ae04b,21,2026-05-28 01:08:00,Metrobus,Metrobus,6.0,EGRESO,EFECTIVO,MXN
eda6a3af-ff0a-4f7d-83a7-7e8133a8348d,d7b98250-11d8-4b40-a1fd-44ae5b3e0d2a,12,2026-05-28 01:27:00,Barberia,Barberia,483.0,EGRESO,EFECTIVO,MXN
9ef78393-5b92-4fd9-aaff-54da4b1da1bc,8d64339b-b475-44e4-bf62-e45215d1ea8f,1,2026-05-28 02:58:00,Nomina,Nomina,9243.75,INGRESO,TRANSFERENCIA,MXN
dbef9c1c-39b0-406d-963b-f1d0bd66ce06,6d2288f2-a9dc-4bbd-b86b-33d48f2390dd,6,2026-05-28 03:23:00,Cabify,Cabify,193.0,EGRESO,TRANSFERENCIA,MXN
097a1426-6e5e-47ba-a4dd-552800fb5740,fe494458-2541-481f-bb69-2bcb8e182795,5,2026-05-28 04:17:00,Burger King,Burger King,1158.0,EGRESO,TRANSFERENCIA,MXN
45c62f9b-99f5-4fa8-92df-a2ba8d7bdd1b,2d80c188-6489-4094-b09d-93b06a6b2935,22,2026-05-28 05:06:00,Mobil,Mobil,454.0,EGRESO,EFECTIVO,MXN
8bf8b098-9b9f-4138-a8ee-a8222c87516e,6e3e2a99-1a3d-42fa-bfe5-52f057eccb2f,33,2026-05-28 05:07:00,Agua,Agua,203.0,EGRESO,TRANSFERENCIA,MXN
78e6d39d-2446-4b4c-815e-339e88174b83,591ef66e-c411-40c1-95e6-b23f8169be61,21,2026-05-28 07:24:00,Metrobus,Metrobus,20.0,EGRESO,APP_MOVIL,MXN
8fc28fd5-e05a-42f7-8a1f-aa7d113051a3,7336ec17-03d6-4127-a085-cb3f799bd54e,17,2026-05-28 08:40:00,Colegiatura,Colegiatura,7168.0,EGRESO,APP_MOVIL,MXN
09aca6ae-d0d0-4a84-bcf3-a13b11e9d1cb,36ee8608-fe5c-4530-b7cf-d13801c08072,20,2026-05-28 10:14:00,Restaurante Local,Restaurante Local,1071.0,EGRESO,APP_MOVIL,MXN
9cab01e1-f69b-4d9e-8c4e-5f11c9d43134,c56eb014-1de6-4df3-9cc5-45132bbf6942,34,2026-05-28 10:30:00,Epic Games Store,Epic Games Store,368.0,EGRESO,TRANSFERENCIA,MXN
ac70628d-1276-4ada-9d56-8b49c9e7b764,03e60ec2-d499-47cd-81fb-96e308403ecd,25,2026-05-28 10:49:00,Liverpool,Liverpool,2266.0,EGRESO,EFECTIVO,MXN
45205bd0-a938-41d7-be50-432ccb087369,d660ddf9-6ba0-4a64-88ea-5d41f61fcefb,4,2026-05-28 11:18:00,Amazon Prime,Amazon Prime,99.0,EGRESO,APP_MOVIL,MXN
d35aad1b-fb0e-408c-a2c0-3d4591694f02,c9e1bb7a-b4b0-4880-88f1-2b90da359497,11,2026-05-28 11:35:00,Metro,Metro,20.0,EGRESO,APP_MOVIL,MXN
2d0c8a7c-b418-46b6-894f-2f9742cd798f,87a8bdbd-1d61-4275-b187-80f960bd7983,28,2026-05-28 12:34:00,Deportes Marti,Deportes Marti,151.0,EGRESO,APP_MOVIL,MXN
7858a834-115e-4c05-ac7c-d535ae618cb7,f30fbc40-9703-4c31-b9a5-ab557c4b82c8,1,2026-05-28 13:30:00,Transferencia Recibida,Transferencia Recibida,1655.0,INGRESO,TRANSFERENCIA,MXN
144e2f74-abe3-4ac6-b1b6-fe1bdfdc1bdb,6d2288f2-a9dc-4bbd-b86b-33d48f2390dd,1,2026-05-28 13:43:00,Nomina,Nomina,7603.11,INGRESO,TRANSFERENCIA,MXN
a12af449-9bc3-41a4-93de-b299062f5e4c,78415f42-edd9-4039-abee-f38499ffc380,19,2026-05-28 15:02:00,Mantenimiento Automotriz,Mantenimiento Automotriz,2116.0,EGRESO,TRANSFERENCIA,MXN
9d6c20a3-1b1c-4fe2-bf45-0acab7e515d6,d1015873-9015-4bb6-ad9c-9c10c7fbccaa,8,2026-05-28 15:04:00,Herramientas,Herramientas,2290.0,EGRESO,TRANSFERENCIA,MXN
0f287351-6d2f-4400-8144-292c4bffefb3,7336ec17-03d6-4127-a085-cb3f799bd54e,8,2026-05-28 15:21:00,Herramientas,Herramientas,2395.0,EGRESO,TRANSFERENCIA,MXN
19fc5f7b-6c0d-40e4-bfe6-367ca88dc57f,cc302a48-1c7f-4cd5-8095-557e5f3ee43f,1,2026-05-28 17:02:00,Nomina,Nomina,22170.53,INGRESO,TRANSFERENCIA,MXN
64618c09-03e5-4582-aecb-ade6fa355152,460819f1-3e7b-4a18-b9bb-4a991973ca55,26,2026-05-28 19:22:00,Farmacias Guadalajara,Farmacias Guadalajara,254.0,EGRESO,APP_MOVIL,MXN
9261fde2-8fe8-4fc4-89e4-061095532df9,c0c2ffc0-3d5f-4e4f-99f2-884a8a2621f5,18,2026-05-28 21:06:00,Izzi,Izzi,999.0,EGRESO,APP_MOVIL,MXN
8415be6d-e986-45c1-b6c7-38e196b5af3a,37060ad3-4bfd-4b62-86a5-6c3b7241f7b3,23,2026-05-28 22:01:00,GNP Seguros,GNP Seguros,1877.0,EGRESO,TRANSFERENCIA,MXN
f0420d77-54ac-4335-95c4-6b2fb88013fa,c49c8bf6-2d71-40b9-8f87-363b870b0dfd,14,2026-05-28 22:20:00,Renta,Renta,6975.0,EGRESO,APP_MOVIL,MXN
92ea0f65-f30b-4d82-9c76-3e89d8daa271,e6f6e0cb-d25d-473f-9f7b-b942a476f005,24,2026-05-28 23:51:00,L'Oreal,L'Oreal,343.0,EGRESO,TRANSFERENCIA,MXN
534219f1-f17d-4e70-8393-fd4ffe8017bb,cf376ebc-04ee-401c-98d2-d2ca7394def8,30,2026-05-29 00:05:00,Salon de Belleza,Salon de Belleza,337.0,EGRESO,TRANSFERENCIA,MXN
d2eb6c43-c9a4-423f-b305-be3070d3e8f2,39f9edad-efb7-47c6-9841-c96e9b5d6e22,19,2026-05-29 01:21:00,Mantenimiento Automotriz,Mantenimiento Automotriz,3691.0,EGRESO,TRANSFERENCIA,MXN
0fc7f1bf-f1aa-4963-b5c6-ed92807fef3c,7f2f8daa-dfc2-4ad0-9c49-d90ffa6ae04b,31,2026-05-29 01:25:00,Mercado Libre,Mercado Libre,259.0,EGRESO,TRANSFERENCIA,MXN
069f5456-fd5c-40d7-a23f-33bba6181ed5,57a16ad2-8282-4a67-91ec-ebc90dee810e,9,2026-05-29 02:23:00,Telcel,Telcel,100.0,EGRESO,TRANSFERENCIA,MXN
574665e3-4d23-4728-8f48-20344c1fc5e3,481fe99e-04d7-42b3-b696-00ef02353148,1,2026-05-29 03:00:00,Nomina,Nomina,6227.44,INGRESO,TRANSFERENCIA,MXN
c1218dda-7f53-48da-b22f-f8b6ee1db894,d83b0edd-72db-47f8-a768-7d03bc7fa190,5,2026-05-29 03:56:00,McDonald's,McDonald's,1176.0,EGRESO,APP_MOVIL,MXN
b3ef1bc0-0403-4266-9547-16d3f6a22f17,0d4d9d7a-2ce4-4002-abe0-031b288ff53c,2,2026-05-29 05:19:00,Bus,Bus,12.0,EGRESO,EFECTIVO,MXN
9a679c96-0a5e-442e-9f52-b9452b44204d,2d80c188-6489-4094-b09d-93b06a6b2935,27,2026-05-29 07:29:00,Gas,Gas,680.0,EGRESO,APP_MOVIL,MXN
a031bd82-7fcd-4515-8fa7-17595fae2808,169f4be3-cc0f-4b41-8a79-77865835d095,9,2026-05-29 09:29:00,Movistar,Movistar,499.0,EGRESO,TRANSFERENCIA,MXN
f2b8b761-c0c3-422a-9fc2-5a2f51ee4997,78415f42-edd9-4039-abee-f38499ffc380,28,2026-05-29 10:41:00,Innvictus,Innvictus,574.0,EGRESO,APP_MOVIL,MXN
fce8be82-0e6f-45b6-a476-d809d03ff3d6,57a16ad2-8282-4a67-91ec-ebc90dee810e,13,2026-05-29 11:36:00,Flexi,Flexi,1326.0,EGRESO,EFECTIVO,MXN
4debd497-7826-4b57-abee-9fb43e232624,033eaacc-c1f9-412e-84cb-95b426d28b5c,21,2026-05-29 12:46:00,Metrobus,Metrobus,6.0,EGRESO,APP_MOVIL,MXN
b367ec9f-85df-4d82-b3e5-aacde0741a30,2f5e4265-1e5f-4813-839b-50bf4accbd7e,8,2026-05-29 12:58:00,Herramientas,Herramientas,2186.0,EGRESO,APP_MOVIL,MXN
1f44c33d-2708-43bf-a95e-8b63168b462f,0aa2518e-377e-4305-9b5c-0f8e0f802f9e,28,2026-05-29 13:24:00,Innvictus,Innvictus,919.0,EGRESO,EFECTIVO,MXN
b9d6197b-66e8-4ff5-8143-93378ec99b69,edeb6414-0b55-4e0a-bed2-b73a88276387,28,2026-05-29 14:04:00,Decathlon,Decathlon,872.0,EGRESO,EFECTIVO,MXN
3199f755-272a-49ea-850f-a68464652a9f,007759d6-7e92-4216-8b0d-24e4b3bdc25c,21,2026-05-29 14:34:00,Metrobus,Metrobus,6.0,EGRESO,TRANSFERENCIA,MXN
796af927-40a4-45bb-ac92-42f17d40ab25,2ca34b24-a26a-4698-a4c6-7593f66ced33,29,2026-05-29 14:55:00,Viajes,Viajes,,EGRESO,EFECTIVO,MXN
fdfeca62-0ea7-4b72-af59-b996310baf3e,8ae451d5-4e82-4ced-8bbc-cee19fedccda,6,2026-05-29 16:11:00,Cabify,Cabify,87.0,EGRESO,APP_MOVIL,MXN
8b61fa22-a78a-4214-8a49-95cb8cf7954a,1d7d3151-e6c5-479c-aa65-df54b837c324,24,2026-05-29 16:29:00,L'Oreal,L'Oreal,1644.0,EGRESO,TRANSFERENCIA,MXN
9203714a-b1d5-4149-b214-93a1b95ba59c,4bb45633-ce6a-4e78-8b36-ab2143b9312a,32,2026-05-29 16:32:00,PlayStation Network,PlayStation Network,204.0,EGRESO,TRANSFERENCIA,MXN
8fac6ff2-b573-4b7e-b22e-8983202be55d,e4814a6c-08b2-4b08-99dd-d9e29211ea72,1,2026-05-29 16:35:00,Nomina,Nomina,34361.9,INGRESO,TRANSFERENCIA,MXN
030d457a-8e7e-4441-bd42-8ca54b0b07dc,2f4e7259-c7d0-4f8e-b408-fbed59254881,11,2026-05-29 17:39:00,Metro,Metro,5.0,EGRESO,APP_MOVIL,MXN
9f1ccbe3-4606-4282-b606-30ccd3eadfbf,6b2251e4-b804-4f13-898b-216c0c5ba9cc,33,2026-05-29 18:01:00,Agua,Agua,847.0,EGRESO,EFECTIVO,MXN
f9bf25eb-2fba-426a-93c4-69be9486c479,4f6ff8db-53cf-4464-883b-02373ed58457,18,2026-05-29 18:19:00,Izzi,Izzi,499.0,EGRESO,APP_MOVIL,MXN
7f7d9516-4d82-4ec1-bd1a-37744fdfa913,6e3e2a99-1a3d-42fa-bfe5-52f057eccb2f,1,2026-05-29 18:30:00,Nomina,Nomina,5628.95,INGRESO,TRANSFERENCIA,MXN
b4ab6ca2-1ef1-4473-bc89-19fc1051af80,7336ec17-03d6-4127-a085-cb3f799bd54e,1,2026-05-29 18:53:00,Nomina,Nomina,5238.49,INGRESO,TRANSFERENCIA,MXN
488751b8-7ab8-4916-a9fa-386b445a3952,03e60ec2-d499-47cd-81fb-96e308403ecd,7,2026-05-29 23:12:00,Electricidad,Electricidad,1598.0,EGRESO,EFECTIVO,MXN
019d34c1-27cd-4bd4-ae3d-a07831e26645,57a16ad2-8282-4a67-91ec-ebc90dee810e,30,2026-05-29 23:47:00,Salon de Belleza,Salon de Belleza,132.0,EGRESO,APP_MOVIL,MXN
590737cc-e33a-4042-889f-dc32ae6f0bd8,0aa2518e-377e-4305-9b5c-0f8e0f802f9e,14,2026-05-30 00:00:00,Renta,Renta,4628.0,EGRESO,EFECTIVO,MXN
4b535b18-8dcc-4e12-a524-52fba230fe61,b4991233-a822-49ca-a113-cbedbb85a741,1,2026-05-30 00:36:00,Nomina,Nomina,16018.99,INGRESO,TRANSFERENCIA,MXN
a6728dc4-91f7-497e-b64d-681c824f6308,062fd77f-ba97-4763-bff4-0bc64c0b9db9,12,2026-05-30 03:08:00,Barberia,Barberia,322.0,EGRESO,EFECTIVO,MXN
17c346b5-1ba4-4728-8be1-82315042691b,4f6ff8db-53cf-4464-883b-02373ed58457,11,2026-05-30 03:12:00,Metro,Metro,,EGRESO,TRANSFERENCIA,MXN
244901b4-b95a-4989-977f-6e38626db213,9fa6af03-3f13-4285-852b-d389da76d928,22,2026-05-30 03:26:00,Pemex,Pemex,1077.0,EGRESO,EFECTIVO,MXN
bccb89f4-c36a-45ce-af3f-0e9d6f7aa86c,654c4cb9-fb3b-421c-9e42-884531a72e4c,24,2026-05-30 03:29:00,Maybelline,Maybelline,,EGRESO,TRANSFERENCIA,MXN
c994f0e2-ca63-46b7-ad7b-080080e53487,654c4cb9-fb3b-421c-9e42-884531a72e4c,2,2026-05-30 03:40:00,Bus,Bus,6.0,EGRESO,TRANSFERENCIA,MXN
91b444f8-1abf-4a9c-a584-bf5afd6d51c6,37060ad3-4bfd-4b62-86a5-6c3b7241f7b3,4,2026-05-30 04:14:00,Netflix,Netflix,299.0,EGRESO,EFECTIVO,MXN
58e541f6-7b84-4a2a-800c-5ab03c655a83,481fe99e-04d7-42b3-b696-00ef02353148,26,2026-05-30 04:38:00,Farmacias Guadalajara,Farmacias Guadalajara,354.0,EGRESO,EFECTIVO,MXN
1c96ff00-2d27-4010-a3bc-d32bf74ff82a,4f6ff8db-53cf-4464-883b-02373ed58457,15,2026-05-30 04:43:00,Multa de Transito,Multa de Transito,1428.0,EGRESO,APP_MOVIL,MXN
7a01f0d0-9877-4027-9dc1-311035692ee4,cb4d084d-d246-4f2e-847a-1132c5e51dc6,22,2026-05-30 06:03:00,BP,BP,269.0,EGRESO,TRANSFERENCIA,MXN
18c4070f-5341-48e4-bb2a-00396bffe77c,2ca34b24-a26a-4698-a4c6-7593f66ced33,30,2026-05-30 07:31:00,Salon de Belleza,Salon de Belleza,343.0,EGRESO,APP_MOVIL,MXN
1d592a35-79e0-4827-a209-13dcbbbed646,ef403853-e247-49d9-9751-bf46943b3d76,3,2026-05-30 08:55:00,Soriana,Soriana,1517.0,EGRESO,APP_MOVIL,MXN
bc932732-2dcd-4c71-8e4d-9f16e02b0405,282aba8c-1169-402d-adbd-8a41f6676432,1,2026-05-30 09:20:00,Nomina,Nomina,15987.97,INGRESO,TRANSFERENCIA,MXN
a98cc5b4-94a3-4a05-8520-88d035da6bc4,7336ec17-03d6-4127-a085-cb3f799bd54e,12,2026-05-30 10:03:00,Barberia,Barberia,382.0,EGRESO,APP_MOVIL,MXN
b87fc16e-6526-472c-96d5-abaa3fd0768e,0d4d9d7a-2ce4-4002-abe0-031b288ff53c,18,2026-05-30 13:11:00,Infinitum,Infinitum,549.0,EGRESO,APP_MOVIL,MXN
c2c2485d-1a74-48a6-b994-8dae981c6741,87a8bdbd-1d61-4275-b187-80f960bd7983,3,2026-05-30 13:12:00,Walmart,Walmart,1488.0,EGRESO,APP_MOVIL,MXN
9b276466-e4d1-4369-844a-aeffc2e6541b,b5525d88-0da0-4036-a444-3e4f7a34128f,30,2026-05-30 15:16:00,Salon de Belleza,Salon de Belleza,109.0,EGRESO,TRANSFERENCIA,MXN
c90bc1e5-89b6-4e12-8d9b-f9be0824459a,af1d8cae-6064-4332-977d-e896264e20c2,23,2026-05-30 15:26:00,Qualitas,Qualitas,2378.0,EGRESO,APP_MOVIL,MXN
c353c820-f81a-4165-8baa-e0b61e5308f2,8580b4dd-2321-42ff-8e88-0392056caa5c,3,2026-05-30 15:45:00,Soriana,Soriana,3273.0,EGRESO,APP_MOVIL,MXN
f1e45fbb-8b3f-4c80-8e64-16da269a888a,654c4cb9-fb3b-421c-9e42-884531a72e4c,29,2026-05-30 15:50:00,Viajes,Viajes,10901.0,EGRESO,EFECTIVO,MXN
dbec8441-e8ad-4311-a7b7-2e06e886e21e,088735e5-4d0d-4706-a911-442edac351c2,17,2026-05-30 16:26:00,Colegiatura,Colegiatura,4841.0,EGRESO,TRANSFERENCIA,MXN
501fc5c2-8e4b-4391-a122-adbac49bdc61,950bb240-d014-403a-bd23-d2ae18663c05,1,2026-05-30 17:20:00,Nomina,Nomina,12394.73,INGRESO,TRANSFERENCIA,MXN
9c20493e-b224-417e-bdf4-83ee98e25001,c0c2ffc0-3d5f-4e4f-99f2-884a8a2621f5,19,2026-05-30 17:44:00,Mantenimiento Automotriz,Mantenimiento Automotriz,3253.0,EGRESO,TRANSFERENCIA,MXN
789ae419-b08a-4599-a3ab-9e448202cba8,86ebabff-3329-403c-ae53-7102b0dc7831,2,2026-05-30 18:00:00,Bus,Bus,6.0,EGRESO,APP_MOVIL,MXN
c6dcb825-f392-4545-80ad-4de64cb24934,03e60ec2-d499-47cd-81fb-96e308403ecd,10,2026-05-30 18:09:00,Compras Fisicas,Compras Fisicas,582.0,EGRESO,APP_MOVIL,MXN
64718e88-8324-4d99-8a98-c73c2a9d1190,e77722c3-ca39-4480-832f-f90fbc2402a7,3,2026-05-30 20:18:00,Chedraui,Chedraui,3414.0,EGRESO,EFECTIVO,MXN
6b665ad8-8995-4bce-8241-11121cad5830,2f5e4265-1e5f-4813-839b-50bf4accbd7e,22,2026-05-30 20:42:00,Oxxo Gas,Oxxo Gas,442.0,EGRESO,EFECTIVO,MXN
9d2273b4-3791-4de7-a734-d658fbbf9fbb,78415f42-edd9-4039-abee-f38499ffc380,32,2026-05-30 22:04:00,PlayStation Network,PlayStation Network,742.0,EGRESO,APP_MOVIL,MXN
775723ad-cb04-4ea9-a05d-224679c91545,8580b4dd-2321-42ff-8e88-0392056caa5c,11,2026-05-30 22:43:00,Metro,Metro,20.0,EGRESO,APP_MOVIL,MXN
3d5dc47a-b39e-4118-ad50-862f3acf73b4,7059c9c8-532b-4bfe-a72e-0c9aa55e75da,10,2026-05-30 23:01:00,Compras Fisicas,Compras Fisicas,1290.0,EGRESO,APP_MOVIL,MXN
3522b32f-595d-45ae-be00-2bc3b38dfbf7,feb46172-c764-46f8-8955-33a46aebe6cc,20,2026-05-30 23:08:00,Cinemex,Cinemex,613.0,EGRESO,EFECTIVO,MXN
3f6dd246-243d-451b-94ec-64d167e9e6dd,37060ad3-4bfd-4b62-86a5-6c3b7241f7b3,1,2026-05-30 23:33:00,Nomina,Nomina,8203.8,INGRESO,TRANSFERENCIA,MXN
e5992c5c-b936-4dac-8c8d-2e45b6ca6540,feb46172-c764-46f8-8955-33a46aebe6cc,11,2026-05-31 00:30:00,Metro,Metro,5.0,EGRESO,APP_MOVIL,MXN
2ebb821d-3705-4b9e-a1de-ac2005e5dc05,0d4d9d7a-2ce4-4002-abe0-031b288ff53c,22,2026-05-31 01:54:00,Oxxo Gas,Oxxo Gas,464.0,EGRESO,APP_MOVIL,MXN
f5ddc5ee-aaac-4cbb-8ca1-65bfd2e723e6,7489af6c-154c-4eef-b7af-50397bd6b848,34,2026-05-31 01:59:00,Nintendo eShop,Nintendo eShop,516.0,EGRESO,EFECTIVO,MXN
c5d4abae-beab-4f28-b6bf-c66d6d851375,9ebdcad6-2344-4fb6-873b-906defca570a,19,2026-05-31 03:04:00,Mantenimiento Automotriz,Mantenimiento Automotriz,1622.0,EGRESO,EFECTIVO,MXN
aca2be03-5946-4c52-91a3-b1ab60c94836,f20e8816-f077-4abe-837b-b3e39ccf37eb,17,2026-05-31 03:06:00,Colegiatura,Colegiatura,2829.0,EGRESO,APP_MOVIL,MXN
c7a29565-af1b-4acb-8887-c0f11a7d4ca7,37060ad3-4bfd-4b62-86a5-6c3b7241f7b3,4,2026-05-31 03:20:00,Max (HBO),Max (HBO),249.0,EGRESO,APP_MOVIL,MXN
889788b9-1548-47d2-ad62-b4c46b84d7ec,088735e5-4d0d-4706-a911-442edac351c2,27,2026-05-31 03:20:00,Gas,Gas,190.0,EGRESO,APP_MOVIL,MXN
c384abb2-cc98-48b8-a11a-9fdcf631f19c,8580b4dd-2321-42ff-8e88-0392056caa5c,23,2026-05-31 03:42:00,GNP Seguros,GNP Seguros,2697.0,EGRESO,APP_MOVIL,MXN
0b62bc62-12f4-49a4-b6ea-6cbdf3f8b884,d1015873-9015-4bb6-ad9c-9c10c7fbccaa,12,2026-05-31 04:40:00,Barberia,Barberia,480.0,EGRESO,EFECTIVO,MXN
fe023a67-0c55-4610-a1fc-396de19dc02e,d1015873-9015-4bb6-ad9c-9c10c7fbccaa,12,2026-05-31 04:53:00,Barberia,Barberia,337.0,EGRESO,EFECTIVO,MXN
a1f173ea-ef19-4555-b369-5ee6faf42f48,2d45cb4c-8380-477e-93dc-7ad4055949fe,22,2026-05-31 06:35:00,Mobil,Mobil,801.0,EGRESO,APP_MOVIL,MXN
4bf83adb-62a4-493a-82a0-a42b502e1ec2,cf376ebc-04ee-401c-98d2-d2ca7394def8,17,2026-05-31 06:42:00,Colegiatura,Colegiatura,4724.0,EGRESO,TRANSFERENCIA,MXN
debe9c6b-f5f7-4808-bbed-11db07dcaf17,b8a2aeb0-77bc-4f93-87a4-dbd5d9aae0e9,32,2026-05-31 06:45:00,Xbox Live,Xbox Live,669.0,EGRESO,APP_MOVIL,MXN
6557543f-51ab-48c9-a062-72680f71ed80,591ef66e-c411-40c1-95e6-b23f8169be61,9,2026-05-31 07:01:00,Movistar,Movistar,100.0,EGRESO,EFECTIVO,MXN
f33a56ef-7844-4c7a-b721-4ac0a618f629,feb46172-c764-46f8-8955-33a46aebe6cc,26,2026-05-31 09:21:00,Farmacias Guadalajara,Farmacias Guadalajara,303.0,EGRESO,TRANSFERENCIA,MXN
48b742fd-b337-4806-8be7-669e6353e5f8,5057339d-f49e-4d1c-beae-6ced3a7c148f,25,2026-05-31 09:48:00,Liverpool,Liverpool,1418.0,EGRESO,TRANSFERENCIA,MXN
7d169c37-a40b-4a73-9676-94e4036beaaa,d7073699-b1fd-4984-8380-c897f19b37c2,15,2026-05-31 11:03:00,Multa de Transito,Multa de Transito,1785.0,EGRESO,APP_MOVIL,MXN
66b2b474-292e-4947-b580-cde552b3df6a,4bb45633-ce6a-4e78-8b36-ab2143b9312a,4,2026-05-31 11:53:00,Apple TV+,Apple TV+,129.0,EGRESO,TRANSFERENCIA,MXN
8131a894-0a13-4fc3-9cb3-d5fd216bcf38,c9e1bb7a-b4b0-4880-88f1-2b90da359497,24,2026-05-31 12:58:00,Maybelline,Maybelline,,EGRESO,TRANSFERENCIA,MXN
1dd7239e-ba9d-4522-8bb1-1735a90902be,bacb91fd-e8d8-4aab-86af-be8542045bfc,23,2026-05-31 13:11:00,Qualitas,Qualitas,1296.0,EGRESO,EFECTIVO,MXN
a57e3e17-a315-4864-9760-04e52cb2caff,86d42cc6-6226-41a4-aa56-9a03fdc03387,29,2026-05-31 13:11:00,Viajes,Viajes,6232.0,EGRESO,EFECTIVO,MXN
cd1b3838-d213-4231-a231-ced98303668e,27184bbc-330d-4cfd-a78f-c17d51279685,1,2026-05-31 14:31:00,Nomina,Nomina,14773.1,INGRESO,TRANSFERENCIA,MXN
3cee2bf7-46f7-4de5-b5fc-21249c35735e,6d2288f2-a9dc-4bbd-b86b-33d48f2390dd,12,2026-05-31 15:06:00,Barberia,Barberia,282.0,EGRESO,APP_MOVIL,MXN
73972bc7-c09e-4a03-8700-1a5696c3a369,d660ddf9-6ba0-4a64-88ea-5d41f61fcefb,2,2026-05-31 15:29:00,Bus,Bus,9.5,EGRESO,TRANSFERENCIA,MXN
430ccd16-947e-40ce-862b-a88c4f89f3c1,b5525d88-0da0-4036-a444-3e4f7a34128f,1,2026-05-31 17:22:00,Transferencia Recibida,Transferencia Recibida,4667.0,INGRESO,TRANSFERENCIA,MXN
e248f89e-0e70-402e-a3d5-3abc08d10754,d7d4bd62-308e-4ac3-9ba9-582ec4beeeb0,23,2026-05-31 17:45:00,Qualitas,Qualitas,468.0,EGRESO,APP_MOVIL,MXN
1577387b-dbfc-4e2e-9c4f-1ce326af0940,ef403853-e247-49d9-9751-bf46943b3d76,1,2026-05-31 19:10:00,Nomina,Nomina,8343.41,INGRESO,TRANSFERENCIA,MXN
802315a5-c64b-41fe-a841-da491cc01beb,0e2604b4-11e5-4452-8748-64aa92f9ca8f,1,2026-05-31 20:01:00,Nomina,Nomina,4848.27,INGRESO,TRANSFERENCIA,MXN
88295174-82f3-43bd-8f18-886793d1a6f0,4a021a05-bacc-4ded-98e4-6ba1343b83b4,1,2026-05-31 20:25:00,Nomina,Nomina,12342.83,INGRESO,TRANSFERENCIA,MXN
04f9f2b6-0ff6-4a91-8f39-5772c5ae6918,654c4cb9-fb3b-421c-9e42-884531a72e4c,5,2026-05-31 21:01:00,Burger King,Burger King,745.0,EGRESO,APP_MOVIL,MXN
a7d51428-9a8b-48a3-89b1-0b13142724f4,a016e16f-7680-4d69-8958-9b2a62b35431,1,2026-05-31 21:03:00,Nomina,Nomina,12456.57,INGRESO,TRANSFERENCIA,MXN
96760af7-b637-4205-8ec8-59eb887eb907,8580b4dd-2321-42ff-8e88-0392056caa5c,17,2026-05-31 21:56:00,Colegiatura,Colegiatura,2451.0,EGRESO,TRANSFERENCIA,MXN
67f7391f-a273-41f7-b1ce-79e1d36abde2,5057339d-f49e-4d1c-beae-6ced3a7c148f,26,2026-05-31 23:43:00,Farmacias Similares,Farmacias Similares,502.0,EGRESO,APP_MOVIL,MXN
798bcceb-22aa-4dc2-a9ec-be93d72522e5,062fd77f-ba97-4763-bff4-0bc64c0b9db9,3,2026-06-01 01:42:00,Costco,Costco,2719.0,EGRESO,EFECTIVO,MXN
8d1fd9c5-f252-47e2-9461-ee703b8f73b4,9fa6af03-3f13-4285-852b-d389da76d928,5,2026-06-01 02:47:00,Little Caesars,Little Caesars,701.0,EGRESO,APP_MOVIL,MXN
7122d32e-1216-4db2-a242-4a952c24a4b0,d7d4bd62-308e-4ac3-9ba9-582ec4beeeb0,34,2026-06-01 08:12:00,Nintendo eShop,Nintendo eShop,1193.0,EGRESO,TRANSFERENCIA,MXN
1a2971e4-9c4d-4c79-b263-c5dcb0e8ad05,c49c8bf6-2d71-40b9-8f87-363b870b0dfd,15,2026-06-01 09:03:00,Multa de Transito,Multa de Transito,1053.0,EGRESO,EFECTIVO,MXN
976e9487-675e-4b7f-8c44-f67584d0f76d,282aba8c-1169-402d-adbd-8a41f6676432,29,2026-06-01 09:53:00,Viajes,Viajes,1598.0,EGRESO,EFECTIVO,MXN
179ce897-caf8-4a15-8406-6ba099aeb091,088735e5-4d0d-4706-a911-442edac351c2,1,2026-06-01 09:54:00,Nomina,Nomina,9976.69,INGRESO,TRANSFERENCIA,MXN
40740c08-2378-45cc-b7bc-5b2403d4cb6f,39f9edad-efb7-47c6-9841-c96e9b5d6e22,32,2026-06-01 12:20:00,PlayStation Network,PlayStation Network,295.0,EGRESO,APP_MOVIL,MXN
98c7c0c6-7f22-40d1-8d0b-569c4caec006,2f5e4265-1e5f-4813-839b-50bf4accbd7e,10,2026-06-01 13:04:00,Compras Fisicas,Compras Fisicas,1029.0,EGRESO,EFECTIVO,MXN
0a44df15-8f55-42a5-9501-63077979f65a,c49c8bf6-2d71-40b9-8f87-363b870b0dfd,10,2026-06-01 16:04:00,Compras Fisicas,Compras Fisicas,604.0,EGRESO,TRANSFERENCIA,MXN
a9bdd108-240b-47a6-b87f-0fbf0582aae2,71c16233-5b03-45a3-b9d9-75dfce80f8cd,34,2026-06-01 16:17:00,Nintendo eShop,Nintendo eShop,822.0,EGRESO,TRANSFERENCIA,MXN
392f3614-3888-4bf6-8754-ade74ed71db3,37060ad3-4bfd-4b62-86a5-6c3b7241f7b3,12,2026-06-01 17:03:00,Barberia,Barberia,123.0,EGRESO,APP_MOVIL,MXN
196fca13-847f-4f18-a6c3-75d660205af8,8ae451d5-4e82-4ced-8bbc-cee19fedccda,30,2026-06-01 17:26:00,Salon de Belleza,Salon de Belleza,215.0,EGRESO,TRANSFERENCIA,MXN
6be153cd-4702-4f01-b0f0-babe62443d88,1d78859f-eed0-4406-a7a8-ac62bfe90145,4,2026-06-01 17:49:00,Amazon Prime,Amazon Prime,99.0,EGRESO,APP_MOVIL,MXN
57a33b67-1e5c-4d7f-b347-eea0c52d68d8,f20e8816-f077-4abe-837b-b3e39ccf37eb,27,2026-06-01 18:09:00,Gas,Gas,219.0,EGRESO,TRANSFERENCIA,MXN
952e3855-a21c-4814-aeb1-35e7b2f1d72a,e4814a6c-08b2-4b08-99dd-d9e29211ea72,15,2026-06-01 18:14:00,Multa de Transito,Multa de Transito,2576.0,EGRESO,EFECTIVO,MXN
a6a8f4b2-5c7e-4f88-8c5e-dec9421f893c,8711e8ab-3016-4507-8ecf-8798f901a525,19,2026-06-01 18:36:00,Mantenimiento Automotriz,Mantenimiento Automotriz,2864.0,EGRESO,TRANSFERENCIA,MXN
217ec066-5438-4e5c-b3b3-30cc2ec14f0a,0d4d9d7a-2ce4-4002-abe0-031b288ff53c,19,2026-06-01 18:40:00,Mantenimiento Automotriz,Mantenimiento Automotriz,3677.0,EGRESO,EFECTIVO,MXN
86af898c-b415-49d5-b2cb-693ac9897be5,36ee8608-fe5c-4530-b7cf-d13801c08072,24,2026-06-01 18:57:00,Maybelline,Maybelline,527.0,EGRESO,TRANSFERENCIA,MXN
2edc0286-25d8-42ac-8508-eb2b53975375,088735e5-4d0d-4706-a911-442edac351c2,23,2026-06-01 19:14:00,Qualitas,Qualitas,,EGRESO,TRANSFERENCIA,MXN
ca5a2488-e884-4ecf-90bb-1bf681601c8e,6e3e2a99-1a3d-42fa-bfe5-52f057eccb2f,10,2026-06-01 20:09:00,Compras Fisicas,Compras Fisicas,962.0,EGRESO,EFECTIVO,MXN
0bd52e5e-7f67-41d5-905f-f1f109aefe1c,d83b0edd-72db-47f8-a768-7d03bc7fa190,13,2026-06-01 21:14:00,Flexi,Flexi,1009.0,EGRESO,APP_MOVIL,MXN
b12344de-604e-436e-aa2d-6014ef8cf002,f20e8816-f077-4abe-837b-b3e39ccf37eb,10,2026-06-01 21:26:00,Compras Fisicas,Compras Fisicas,776.0,EGRESO,APP_MOVIL,MXN
a3ac882d-b72f-4163-ada2-fca61055c99d,6d2288f2-a9dc-4bbd-b86b-33d48f2390dd,26,2026-06-01 22:52:00,Farmacias Similares,Farmacias Similares,828.0,EGRESO,TRANSFERENCIA,MXN
e74917df-800c-49eb-9d2d-d3bd0ca73194,d1015873-9015-4bb6-ad9c-9c10c7fbccaa,33,2026-06-01 23:53:00,Agua,Agua,1280.0,EGRESO,TRANSFERENCIA,MXN
9aecc54a-8f5e-4344-9e02-63d9c3a56527,367901a5-f293-400f-8969-224db4f3e99e,9,2026-06-02 00:26:00,Telcel,Telcel,100.0,EGRESO,APP_MOVIL,MXN
96837ffc-d8ea-4489-8a69-83e1ead770b2,c9e1bb7a-b4b0-4880-88f1-2b90da359497,33,2026-06-02 00:51:00,Agua,Agua,948.0,EGRESO,APP_MOVIL,MXN
aa693e64-e8f3-4c92-968b-fb7df750c21a,ef403853-e247-49d9-9751-bf46943b3d76,7,2026-06-02 00:54:00,Electricidad,Electricidad,161.0,EGRESO,APP_MOVIL,MXN
7c89e75b-d8e2-40cf-abce-bc3c21588626,033eaacc-c1f9-412e-84cb-95b426d28b5c,13,2026-06-02 00:59:00,Andrea,Andrea,292.0,EGRESO,TRANSFERENCIA,MXN
f496d92e-da11-4201-8bd4-c92c517b9611,4f6ff8db-53cf-4464-883b-02373ed58457,15,2026-06-02 01:15:00,Multa de Transito,Multa de Transito,3392.0,EGRESO,EFECTIVO,MXN
0216caeb-cff6-49fb-ae17-824a6b0cb10d,6d2288f2-a9dc-4bbd-b86b-33d48f2390dd,14,2026-06-02 02:46:00,Renta,Renta,8479.0,EGRESO,APP_MOVIL,MXN
6e183801-fd1d-4a3a-95ff-49d578458192,f30fbc40-9703-4c31-b9a5-ab557c4b82c8,28,2026-06-02 04:11:00,Deportes Marti,Deportes Marti,1040.0,EGRESO,EFECTIVO,MXN
7f4dae42-e5dc-4382-a277-988eb559a920,654c4cb9-fb3b-421c-9e42-884531a72e4c,1,2026-06-02 05:13:00,Nomina,Nomina,5460.51,INGRESO,TRANSFERENCIA,MXN
e0ca53d0-7d9a-42cf-85c5-1abdd499c8d9,8d64339b-b475-44e4-bf62-e45215d1ea8f,8,2026-06-02 05:37:00,Herramientas,Herramientas,557.0,EGRESO,APP_MOVIL,MXN
0cf78d08-fc0c-489d-8608-bb4b177618b3,6be93697-d5c5-49d1-8778-8abe58f5c5a3,27,2026-06-02 06:09:00,Gas,Gas,305.0,EGRESO,APP_MOVIL,MXN
822135b2-9168-4a39-8482-e81de0d2d16c,af1d8cae-6064-4332-977d-e896264e20c2,26,2026-06-02 07:12:00,Farmacias del Ahorro,Farmacias del Ahorro,,EGRESO,APP_MOVIL,MXN
d40e5f47-67d9-4242-a72d-04f7d4c23065,37060ad3-4bfd-4b62-86a5-6c3b7241f7b3,17,2026-06-02 08:02:00,Colegiatura,Colegiatura,4577.0,EGRESO,APP_MOVIL,MXN
0fbd1a58-4a69-404e-9839-b2a186c8eb67,7336ec17-03d6-4127-a085-cb3f799bd54e,14,2026-06-02 08:51:00,Renta,Renta,7137.0,EGRESO,APP_MOVIL,MXN
8ea20bf7-64cf-496b-8751-eb01b2f6c23f,c49c8bf6-2d71-40b9-8f87-363b870b0dfd,12,2026-06-02 09:20:00,Barberia,Barberia,254.0,EGRESO,APP_MOVIL,MXN
fb279d60-f88f-45f2-a38b-8ab5038819c8,1d7d3151-e6c5-479c-aa65-df54b837c324,33,2026-06-02 10:04:00,Agua,Agua,1314.0,EGRESO,EFECTIVO,MXN
cb87c8c9-12e1-4f2a-b068-19e742a327c3,e9f3e63d-6775-4b45-9daf-9722ec25fbe3,1,2026-06-02 11:13:00,Transferencia Recibida,Transferencia Recibida,2943.0,INGRESO,TRANSFERENCIA,MXN
757b832b-9fcb-4dc7-a0a9-ac912a835232,282aba8c-1169-402d-adbd-8a41f6676432,1,2026-06-02 12:28:00,Nomina,Nomina,15987.97,INGRESO,TRANSFERENCIA,MXN
c2ecffd0-a19a-4d52-b5b2-7c2a98005e01,7059c9c8-532b-4bfe-a72e-0c9aa55e75da,1,2026-06-02 13:00:00,Nomina,Nomina,11183.2,INGRESO,TRANSFERENCIA,MXN
3ebac02b-5875-4059-8535-2e39db346c98,27184bbc-330d-4cfd-a78f-c17d51279685,27,2026-06-02 15:17:00,Gas,Gas,188.0,EGRESO,TRANSFERENCIA,MXN
f55f7f36-1839-443c-94f9-e7287a6ef2e1,8d64339b-b475-44e4-bf62-e45215d1ea8f,26,2026-06-02 16:38:00,Farmacias Similares,Farmacias Similares,572.0,EGRESO,EFECTIVO,MXN
8b15b401-27b7-4810-b1d8-43065edbc45f,2d80c188-6489-4094-b09d-93b06a6b2935,28,2026-06-02 19:51:00,Deportes Marti,Deportes Marti,1080.0,EGRESO,TRANSFERENCIA,MXN
5d9cb4af-ca0b-4187-ab4b-ec7d58cd6ae5,b5525d88-0da0-4036-a444-3e4f7a34128f,34,2026-06-02 19:56:00,Steam,Steam,560.0,EGRESO,EFECTIVO,MXN
e2abc329-7e5e-4379-a086-ce2b0424baa1,591ef66e-c411-40c1-95e6-b23f8169be61,32,2026-06-02 20:03:00,Xbox Live,Xbox Live,368.0,EGRESO,EFECTIVO,MXN
96060a65-be5b-4bbb-9f35-070db6d16e49,4bb45633-ce6a-4e78-8b36-ab2143b9312a,14,2026-06-02 20:15:00,Renta,Renta,10239.0,EGRESO,APP_MOVIL,MXN
2173a186-600d-44d6-a72d-313ee6c5776b,cf376ebc-04ee-401c-98d2-d2ca7394def8,1,2026-06-02 20:20:00,Nomina,Nomina,5343.1,INGRESO,TRANSFERENCIA,MXN
cc6b6387-0298-449b-9290-279bc2210799,f30fbc40-9703-4c31-b9a5-ab557c4b82c8,27,2026-06-02 20:48:00,Gas,Gas,670.0,EGRESO,EFECTIVO,MXN
7b29aa5e-d56a-4bcf-9e74-8855361f8fd3,088735e5-4d0d-4706-a911-442edac351c2,7,2026-06-02 21:07:00,Electricidad,Electricidad,635.0,EGRESO,APP_MOVIL,MXN
93515d79-9a2d-45e3-8dcb-a2df1acec942,6e3e2a99-1a3d-42fa-bfe5-52f057eccb2f,1,2026-06-02 22:26:00,Nomina,Nomina,5628.95,INGRESO,TRANSFERENCIA,MXN
a1b6e8ba-4294-489e-a185-b765677b7120,9fa6af03-3f13-4285-852b-d389da76d928,18,2026-06-02 22:45:00,Totalplay,Totalplay,549.0,EGRESO,EFECTIVO,MXN
bf3ac063-ec56-4645-b914-ce588b887d6c,8711e8ab-3016-4507-8ecf-8798f901a525,8,2026-06-02 23:09:00,Herramientas,Herramientas,1436.0,EGRESO,TRANSFERENCIA,MXN
60d843f4-3df7-4cfc-a5f2-b45f4e92ee8c,7059c9c8-532b-4bfe-a72e-0c9aa55e75da,19,2026-06-03 01:25:00,Mantenimiento Automotriz,Mantenimiento Automotriz,1782.0,EGRESO,APP_MOVIL,MXN
834f5fce-8a87-4dbe-badd-cf1654d449fc,033eaacc-c1f9-412e-84cb-95b426d28b5c,13,2026-06-03 01:41:00,Andrea,Andrea,1815.0,EGRESO,APP_MOVIL,MXN
f902a4a1-fa88-4cda-9667-817fe38b7e42,b1df054d-9d22-4d28-b46d-87390f12a902,10,2026-06-03 02:10:00,Compras Fisicas,Compras Fisicas,610.0,EGRESO,APP_MOVIL,MXN
507071b6-f7b0-4c60-945c-f48868094d68,b6ca9d87-476a-4c5d-83ca-7693a6527a9c,10,2026-06-03 02:34:00,Compras Fisicas,Compras Fisicas,1664.0,EGRESO,TRANSFERENCIA,MXN
772349cf-73c6-4e0d-8a21-5bd8b2b0b105,cc302a48-1c7f-4cd5-8095-557e5f3ee43f,1,2026-06-03 02:49:00,Nomina,Nomina,22170.53,INGRESO,TRANSFERENCIA,MXN
05495aea-ed59-4599-96cf-dac74e49a867,7c74290c-b207-43d8-bcd5-14f069783b3b,31,2026-06-03 02:58:00,Mercado Libre,Mercado Libre,1007.0,EGRESO,EFECTIVO,MXN
9e60cab7-9eb1-4761-ae21-5670028a2d8e,bacb91fd-e8d8-4aab-86af-be8542045bfc,1,2026-06-03 03:25:00,Nomina,Nomina,9431.42,INGRESO,TRANSFERENCIA,MXN
ac78e469-ea0f-487d-81d7-2a781fdc8f2d,39f9edad-efb7-47c6-9841-c96e9b5d6e22,1,2026-06-03 04:15:00,Transferencia Recibida,Transferencia Recibida,3803.0,INGRESO,TRANSFERENCIA,MXN
6a49d821-f25c-4dac-b688-ce61a5c5f91d,74a2259c-8ee4-4064-89cc-8a49fd390792,33,2026-06-03 05:16:00,Agua,Agua,241.0,EGRESO,APP_MOVIL,MXN
e8f76276-a4d6-41c8-8760-87512d29e65e,4c903803-6f89-4498-ac48-9cac84de61c7,23,2026-06-03 06:44:00,Qualitas,Qualitas,1078.0,EGRESO,TRANSFERENCIA,MXN
be13394f-37ee-4dd2-ae5d-4b7ef65dc97b,36bb528a-43a8-4008-8557-d3e3a5c94a6c,28,2026-06-03 07:27:00,Deportes Marti,Deportes Marti,995.0,EGRESO,APP_MOVIL,MXN
38857bd8-ebf0-4fca-ac23-3b41fc91428b,007759d6-7e92-4216-8b0d-24e4b3bdc25c,7,2026-06-03 08:26:00,Electricidad,Electricidad,716.0,EGRESO,TRANSFERENCIA,MXN
294976f9-e023-4b3f-8f22-8b6010eec93a,b5525d88-0da0-4036-a444-3e4f7a34128f,29,2026-06-03 09:16:00,Viajes,Viajes,8141.0,EGRESO,APP_MOVIL,MXN
678ac5ad-7af5-4203-b36e-879a4582aa85,0aa2518e-377e-4305-9b5c-0f8e0f802f9e,18,2026-06-03 09:52:00,Izzi,Izzi,649.0,EGRESO,TRANSFERENCIA,MXN
0274197f-fdea-45b5-bafd-93e81a86139d,c56eb014-1de6-4df3-9cc5-45132bbf6942,26,2026-06-03 11:02:00,Farmacias del Ahorro,Farmacias del Ahorro,450.0,EGRESO,APP_MOVIL,MXN
7dd45ea4-2f44-43ad-98f6-507b73b782d0,b1df054d-9d22-4d28-b46d-87390f12a902,9,2026-06-03 11:11:00,Movistar,Movistar,249.0,EGRESO,TRANSFERENCIA,MXN
59eb30a1-aa3e-40a0-9688-cb7ca701422d,591ef66e-c411-40c1-95e6-b23f8169be61,1,2026-06-03 12:06:00,Transferencia Recibida,Transferencia Recibida,226.0,INGRESO,TRANSFERENCIA,MXN
b6b487a4-bedf-46eb-9051-fef92e2ecd35,367901a5-f293-400f-8969-224db4f3e99e,24,2026-06-03 12:47:00,Maybelline,Maybelline,2399.0,EGRESO,APP_MOVIL,MXN
a5594b55-0322-47c8-a231-bc363ef11c7f,287b9cdc-edd5-4342-a5fb-5148aeea5b6c,2,2026-06-03 13:23:00,Bus,Bus,9.5,EGRESO,EFECTIVO,MXN
c962e66c-d978-4208-a9c6-710c231451ef,062fd77f-ba97-4763-bff4-0bc64c0b9db9,1,2026-06-03 13:47:00,Nomina,Nomina,13016.61,INGRESO,TRANSFERENCIA,MXN
8b4c042a-2dad-4da2-b7f0-98e26bd2b5a3,d1015873-9015-4bb6-ad9c-9c10c7fbccaa,1,2026-06-03 13:53:00,Nomina,Nomina,10018.75,INGRESO,TRANSFERENCIA,MXN
fedf5317-6c23-4780-92e1-133fa5fa45b8,6e3e2a99-1a3d-42fa-bfe5-52f057eccb2f,12,2026-06-03 13:57:00,Barberia,Barberia,340.0,EGRESO,TRANSFERENCIA,MXN
95252988-da02-448f-8131-91aca67ee015,cb4d084d-d246-4f2e-847a-1132c5e51dc6,24,2026-06-03 14:06:00,NYX Cosmetics,NYX Cosmetics,2233.0,EGRESO,APP_MOVIL,MXN
a24f56ac-6014-4e3a-821d-337bb3ab7118,e80f9cac-b03e-4fcb-a3f3-7f1c6286bc7b,26,2026-06-03 14:38:00,Farmacias del Ahorro,Farmacias del Ahorro,767.0,EGRESO,APP_MOVIL,MXN
00052da3-c600-4342-ab89-ab64a613d2ad,af1d8cae-6064-4332-977d-e896264e20c2,30,2026-06-03 15:39:00,Salon de Belleza,Salon de Belleza,77.0,EGRESO,APP_MOVIL,MXN
ea365593-d10d-45c8-9426-10bb433be393,6b2251e4-b804-4f13-898b-216c0c5ba9cc,4,2026-06-03 17:03:00,Netflix,Netflix,219.0,EGRESO,EFECTIVO,MXN
8b2cf9a0-8658-4234-9356-d51f8eb422e6,1d7d3151-e6c5-479c-aa65-df54b837c324,13,2026-06-03 17:28:00,Capa de Ozono,Capa de Ozono,1179.0,EGRESO,APP_MOVIL,MXN
df1446a0-81d4-441c-a655-583acb610ca1,c49c8bf6-2d71-40b9-8f87-363b870b0dfd,32,2026-06-03 17:47:00,Xbox Live,Xbox Live,1579.0,EGRESO,APP_MOVIL,MXN
5fd879fa-65f8-4a6e-9524-3fafe1fe8952,6b2251e4-b804-4f13-898b-216c0c5ba9cc,31,2026-06-03 20:13:00,Amazon,Amazon,2328.0,EGRESO,APP_MOVIL,MXN
241c99e3-5a54-4c7b-8fd7-8016911bc9c1,654c4cb9-fb3b-421c-9e42-884531a72e4c,10,2026-06-03 20:16:00,Compras Fisicas,Compras Fisicas,1776.0,EGRESO,APP_MOVIL,MXN
be3495b0-3e0c-4c3c-b982-502ca54e68da,78415f42-edd9-4039-abee-f38499ffc380,9,2026-06-03 21:40:00,Telcel,Telcel,150.0,EGRESO,EFECTIVO,MXN
abe00370-a238-4361-ae54-93c4a44ac7b2,4a021a05-bacc-4ded-98e4-6ba1343b83b4,29,2026-06-03 21:44:00,Viajes,Viajes,9008.0,EGRESO,TRANSFERENCIA,MXN
27f6d5d8-2bc3-400c-bf13-54883d4c1dac,0aa2518e-377e-4305-9b5c-0f8e0f802f9e,17,2026-06-04 00:24:00,Colegiatura,Colegiatura,4067.0,EGRESO,EFECTIVO,MXN
d5a1273f-3bae-4879-bcc7-06bd7ce2496e,78415f42-edd9-4039-abee-f38499ffc380,2,2026-06-04 01:07:00,Bus,Bus,50.0,EGRESO,EFECTIVO,MXN
3073d30e-04e2-47a9-9bdb-0ae6cddfb3f4,6e3e2a99-1a3d-42fa-bfe5-52f057eccb2f,15,2026-06-04 01:40:00,Multa de Transito,Multa de Transito,3279.0,EGRESO,TRANSFERENCIA,MXN
43e7adf9-284f-49ae-8ad2-79dc0a72d401,033eaacc-c1f9-412e-84cb-95b426d28b5c,19,2026-06-04 01:56:00,Mantenimiento Automotriz,Mantenimiento Automotriz,756.0,EGRESO,APP_MOVIL,MXN
27b02d95-b0a1-47b7-bb13-258f01129479,cb4d084d-d246-4f2e-847a-1132c5e51dc6,20,2026-06-04 01:56:00,Starbucks,Starbucks,839.0,EGRESO,APP_MOVIL,MXN
bc48cc33-de89-4eff-8add-0aec580087d2,b6ca9d87-476a-4c5d-83ca-7693a6527a9c,3,2026-06-04 01:59:00,Soriana,Soriana,3572.0,EGRESO,EFECTIVO,MXN
21099092-45c7-4d59-9cfd-27af00205218,d7b98250-11d8-4b40-a1fd-44ae5b3e0d2a,12,2026-06-04 02:25:00,Barberia,Barberia,385.0,EGRESO,EFECTIVO,MXN
1889f08c-d14d-4421-81ed-f9eab4c54c1d,ec1a1f42-1c5f-492f-919f-08cacfcb0039,6,2026-06-04 03:40:00,DiDi,DiDi,100.0,EGRESO,EFECTIVO,MXN
c6007e68-1620-4b7d-839d-d87cd93b86ab,1d78859f-eed0-4406-a7a8-ac62bfe90145,15,2026-06-04 05:24:00,Multa de Transito,Multa de Transito,2522.0,EGRESO,EFECTIVO,MXN
eaeab4d3-1261-4ae9-b2a4-f29056a832e4,591ef66e-c411-40c1-95e6-b23f8169be61,29,2026-06-04 05:58:00,Viajes,Viajes,10341.0,EGRESO,TRANSFERENCIA,MXN
27e7ed70-65dc-4cab-a03e-0bf9fefa8763,7c74290c-b207-43d8-bcd5-14f069783b3b,1,2026-06-04 05:59:00,Transferencia Recibida,Transferencia Recibida,756.0,INGRESO,TRANSFERENCIA,MXN
ec70d19b-3996-4cb7-a73a-556f8fb1bdce,b1df054d-9d22-4d28-b46d-87390f12a902,5,2026-06-04 08:35:00,McDonald's,McDonald's,320.0,EGRESO,APP_MOVIL,MXN
5a299255-c63f-40e1-a4f5-e27f2b7b5740,e77722c3-ca39-4480-832f-f90fbc2402a7,6,2026-06-04 11:12:00,Cabify,Cabify,191.0,EGRESO,TRANSFERENCIA,MXN
19002df8-7194-4d4a-a8bc-fe4b8fa10685,7c74290c-b207-43d8-bcd5-14f069783b3b,20,2026-06-04 11:28:00,Cinemex,Cinemex,585.0,EGRESO,APP_MOVIL,MXN
9f2d919d-5d9f-4cf8-94bb-7e8967fb3731,698259d6-1dc2-4996-bae9-8219285ebc59,20,2026-06-04 12:22:00,Cinepolis,Cinepolis,,EGRESO,EFECTIVO,MXN
e42bd82f-94d9-406a-b3a8-d3602d3172bc,169f4be3-cc0f-4b41-8a79-77865835d095,1,2026-06-04 14:06:00,Transferencia Recibida,Transferencia Recibida,1527.0,INGRESO,TRANSFERENCIA,MXN
680e6e32-657f-4c3b-95b7-b7a603f94aad,57a16ad2-8282-4a67-91ec-ebc90dee810e,30,2026-06-04 14:27:00,Salon de Belleza,Salon de Belleza,95.0,EGRESO,APP_MOVIL,MXN
3effbad1-d23a-4a9f-b287-e7fd6092b544,4f6ff8db-53cf-4464-883b-02373ed58457,19,2026-06-04 14:49:00,Mantenimiento Automotriz,Mantenimiento Automotriz,2502.0,EGRESO,TRANSFERENCIA,MXN
3fe2b203-6e18-4cba-bf60-50f72887f1e7,e8dab777-b3e1-4c67-81e8-1bcf07a12eb6,15,2026-06-04 15:20:00,Multa de Transito,Multa de Transito,1962.0,EGRESO,EFECTIVO,MXN
9107502d-ae64-4820-ba1e-5f6e9f569b17,ef403853-e247-49d9-9751-bf46943b3d76,33,2026-06-04 15:45:00,Agua,Agua,632.0,EGRESO,APP_MOVIL,MXN
4710a6b0-3693-4a42-bbd7-3dfa0db6bec2,654c4cb9-fb3b-421c-9e42-884531a72e4c,4,2026-06-04 15:45:00,Max (HBO),Max (HBO),249.0,EGRESO,APP_MOVIL,MXN
5efa1cbd-52db-4fe2-8e19-cce87498bea7,57a16ad2-8282-4a67-91ec-ebc90dee810e,29,2026-06-04 17:29:00,Viajes,Viajes,4165.0,EGRESO,EFECTIVO,MXN
6bfc7c75-2e4e-413b-91a4-7d96f9a1fb3c,c49c8bf6-2d71-40b9-8f87-363b870b0dfd,5,2026-06-04 17:49:00,McDonald's,McDonald's,220.0,EGRESO,APP_MOVIL,MXN
70ae2a48-cabf-46b0-8cd8-19c598d5b57c,c49c8bf6-2d71-40b9-8f87-363b870b0dfd,1,2026-06-04 19:01:00,Nomina,Nomina,10402.89,INGRESO,TRANSFERENCIA,MXN
0313d487-4ed7-454b-9c30-b0701d1580e5,1d7d3151-e6c5-479c-aa65-df54b837c324,14,2026-06-04 20:40:00,Renta,Renta,8423.0,EGRESO,EFECTIVO,MXN
642c494a-7645-41bb-9f9d-0f4197706d8e,334ac887-2c2e-43f0-ac7f-4e80e3f22173,32,2026-06-04 20:59:00,PlayStation Network,PlayStation Network,1354.0,EGRESO,TRANSFERENCIA,MXN
9b6a0f77-8449-4e6b-8eb6-56a8de7f0892,03e60ec2-d499-47cd-81fb-96e308403ecd,30,2026-06-04 22:02:00,Salon de Belleza,Salon de Belleza,399.0,EGRESO,APP_MOVIL,MXN
eb5dd92e-d5b1-4daf-b180-7fa494f64e8e,af1d8cae-6064-4332-977d-e896264e20c2,27,2026-06-04 23:13:00,Gas,Gas,339.0,EGRESO,APP_MOVIL,MXN
e172de24-1800-4f87-b17f-1d87b4cc17bf,cc302a48-1c7f-4cd5-8095-557e5f3ee43f,12,2026-06-04 23:40:00,Barberia,Barberia,240.0,EGRESO,APP_MOVIL,MXN
f90a5b4b-178b-4379-89dd-4edf1f4a781c,460819f1-3e7b-4a18-b9bb-4a991973ca55,11,2026-06-05 00:43:00,Metro,Metro,5.0,EGRESO,APP_MOVIL,MXN
fda3e2d9-d489-4da7-aacc-216858737133,4bb45633-ce6a-4e78-8b36-ab2143b9312a,20,2026-06-05 01:42:00,Cinemex,Cinemex,1032.0,EGRESO,APP_MOVIL,MXN
eb5c3408-968f-4acc-a0c3-5445f03cf650,d83b0edd-72db-47f8-a768-7d03bc7fa190,26,2026-06-05 02:53:00,Farmacias Guadalajara,Farmacias Guadalajara,348.0,EGRESO,APP_MOVIL,MXN
10dacd63-2582-4cd6-aa45-efce6612382c,8580b4dd-2321-42ff-8e88-0392056caa5c,14,2026-06-05 03:27:00,Renta,Renta,4060.0,EGRESO,TRANSFERENCIA,MXN
10e85b62-0ca9-44f3-abab-ab821801522d,39f9edad-efb7-47c6-9841-c96e9b5d6e22,4,2026-06-05 04:02:00,Disney+,Disney+,299.0,EGRESO,APP_MOVIL,MXN
52b05faa-1053-4157-bd04-7d01b07ab2a3,9ebdcad6-2344-4fb6-873b-906defca570a,1,2026-06-05 04:24:00,Nomina,Nomina,32881.27,INGRESO,TRANSFERENCIA,MXN
ad1089a5-3418-449a-9f20-9a119a559160,e80f9cac-b03e-4fcb-a3f3-7f1c6286bc7b,4,2026-06-05 04:50:00,Amazon Prime,Amazon Prime,99.0,EGRESO,APP_MOVIL,MXN
24a18eef-d239-49f2-93d7-337afbba6531,6b2251e4-b804-4f13-898b-216c0c5ba9cc,9,2026-06-05 05:15:00,AT&T,AT&T,249.0,EGRESO,EFECTIVO,MXN
a9120458-ae26-4024-8dc6-5dea733f065d,e4814a6c-08b2-4b08-99dd-d9e29211ea72,5,2026-06-05 07:50:00,Burger King,Burger King,168.0,EGRESO,APP_MOVIL,MXN
8db07e3e-1635-46ee-84ab-9206b99ab294,e4f9aabd-8595-4a2d-84b2-3d54a4541fdc,34,2026-06-05 09:23:00,Steam,Steam,1749.0,EGRESO,APP_MOVIL,MXN
eafa4760-daba-4fa4-9cdd-97751e41178b,7489af6c-154c-4eef-b7af-50397bd6b848,16,2026-06-05 09:42:00,Michael Kors,Michael Kors,1193.0,EGRESO,EFECTIVO,MXN
5d8001a4-d9f4-4b24-a92d-7a0432897cae,87a8bdbd-1d61-4275-b187-80f960bd7983,9,2026-06-05 11:14:00,Movistar,Movistar,200.0,EGRESO,TRANSFERENCIA,MXN
03e15c2b-fca1-4a5b-839e-d70075fc1e25,37060ad3-4bfd-4b62-86a5-6c3b7241f7b3,18,2026-06-05 12:04:00,Infinitum,Infinitum,799.0,EGRESO,APP_MOVIL,MXN
f71d3c30-8aa3-4949-a0e9-d0bf1c0b8593,feb46172-c764-46f8-8955-33a46aebe6cc,4,2026-06-05 12:25:00,Max (HBO),Max (HBO),199.0,EGRESO,EFECTIVO,MXN
8c7cfcdc-7b61-4bd8-835b-d47f64c88b94,334ac887-2c2e-43f0-ac7f-4e80e3f22173,1,2026-06-05 12:36:00,Nomina,Nomina,13413.98,INGRESO,TRANSFERENCIA,MXN
8ceaabf9-d506-4a3f-9304-1a1572d4265f,0e2604b4-11e5-4452-8748-64aa92f9ca8f,15,2026-06-05 14:14:00,Multa de Transito,Multa de Transito,3262.0,EGRESO,EFECTIVO,MXN
420457a1-ebcb-41bf-a747-165fc786c2a6,71c16233-5b03-45a3-b9d9-75dfce80f8cd,1,2026-06-05 15:34:00,Transferencia Recibida,Transferencia Recibida,3302.0,INGRESO,TRANSFERENCIA,MXN
883a21e4-0b6a-445a-8463-a63b93bff5ec,cb4d084d-d246-4f2e-847a-1132c5e51dc6,1,2026-06-05 17:12:00,Nomina,Nomina,,INGRESO,TRANSFERENCIA,MXN
6dadca58-6e17-4176-8f0c-7f984587fe43,b6ca9d87-476a-4c5d-83ca-7693a6527a9c,15,2026-06-05 17:30:00,Multa de Transito,Multa de Transito,2496.0,EGRESO,APP_MOVIL,MXN
ffeb402d-88ba-44b7-b279-6630a76f9768,b4991233-a822-49ca-a113-cbedbb85a741,16,2026-06-05 17:54:00,Cloe,Cloe,1206.0,EGRESO,EFECTIVO,MXN
1a32abca-f504-4e64-b766-729e473adf93,bacb91fd-e8d8-4aab-86af-be8542045bfc,10,2026-06-05 18:26:00,Compras Fisicas,Compras Fisicas,684.0,EGRESO,EFECTIVO,MXN
7f9887e4-3145-4368-9fcd-4d60406745d2,6d2288f2-a9dc-4bbd-b86b-33d48f2390dd,32,2026-06-05 18:37:00,Xbox Live,Xbox Live,227.0,EGRESO,APP_MOVIL,MXN
d92db69c-9986-4e66-b48d-15dcb51f6974,a016e16f-7680-4d69-8958-9b2a62b35431,27,2026-06-05 18:48:00,Gas,Gas,175.0,EGRESO,APP_MOVIL,MXN
0fac8cd0-8e1f-43ec-bad2-5d0220bb0a99,033eaacc-c1f9-412e-84cb-95b426d28b5c,25,2026-06-05 19:00:00,Liverpool,Liverpool,655.0,EGRESO,EFECTIVO,MXN
c276897b-bb2e-4fa7-b965-6072ad05c3f5,088735e5-4d0d-4706-a911-442edac351c2,6,2026-06-05 19:14:00,Uber,Uber,106.0,EGRESO,APP_MOVIL,MXN
f6edaa22-b501-4b31-a035-6369268b7ee3,4f6ff8db-53cf-4464-883b-02373ed58457,14,2026-06-05 20:28:00,Renta,Renta,7899.0,EGRESO,APP_MOVIL,MXN
a4c02b40-215c-4b3a-aa67-dd9b996fd564,fe494458-2541-481f-bb69-2bcb8e182795,9,2026-06-05 22:33:00,AT&T,AT&T,249.0,EGRESO,TRANSFERENCIA,MXN
2c81b29b-feb6-4d6b-8468-a22309204406,5057339d-f49e-4d1c-beae-6ced3a7c148f,26,2026-06-05 23:50:00,Farmacias Similares,Farmacias Similares,241.0,EGRESO,APP_MOVIL,MXN
d608d2c0-0962-451d-abc2-653489fe783e,3e5b598d-bd6d-4076-8922-5940bc6d277c,8,2026-06-06 00:15:00,Herramientas,Herramientas,2147.0,EGRESO,EFECTIVO,MXN
401981f5-84fa-4e2b-b224-d66051a32d35,d94896e7-da2e-4ebf-8861-0ed51d327133,28,2026-06-06 00:45:00,Decathlon,Decathlon,694.0,EGRESO,TRANSFERENCIA,MXN
a9e412d2-88be-4de9-a9d3-ce730d2ac8f9,460819f1-3e7b-4a18-b9bb-4a991973ca55,30,2026-06-06 00:57:00,Salon de Belleza,Salon de Belleza,491.0,EGRESO,APP_MOVIL,MXN
0635a68e-10c2-4838-a8a2-889209512f95,c56eb014-1de6-4df3-9cc5-45132bbf6942,3,2026-06-06 01:25:00,Chedraui,Chedraui,1424.0,EGRESO,EFECTIVO,MXN
9cce451c-7353-48c6-8240-f94bac883af0,27184bbc-330d-4cfd-a78f-c17d51279685,1,2026-06-06 02:22:00,Transferencia Recibida,Transferencia Recibida,1020.0,INGRESO,TRANSFERENCIA,MXN
3acc7783-076d-469a-937f-574be728ca0c,9fa6af03-3f13-4285-852b-d389da76d928,12,2026-06-06 02:24:00,Barberia,Barberia,259.0,EGRESO,EFECTIVO,MXN
25ee63a2-4ff4-490c-b586-b070c2fbbe27,7f2f8daa-dfc2-4ad0-9c49-d90ffa6ae04b,33,2026-06-06 04:08:00,Agua,Agua,558.0,EGRESO,APP_MOVIL,MXN
7ff8edd4-f109-4862-a6e3-79b70e7df805,9ebdcad6-2344-4fb6-873b-906defca570a,31,2026-06-06 04:42:00,Amazon,Amazon,1541.0,EGRESO,EFECTIVO,MXN
2751a66a-e6a6-4eea-a8bf-56bd98cefd18,c49c8bf6-2d71-40b9-8f87-363b870b0dfd,4,2026-06-06 05:04:00,Netflix,Netflix,299.0,EGRESO,APP_MOVIL,MXN
985bad72-ae3f-4a6e-8e33-fc2d10352ba2,033eaacc-c1f9-412e-84cb-95b426d28b5c,15,2026-06-06 05:20:00,Multa de Transito,Multa de Transito,2992.0,EGRESO,TRANSFERENCIA,MXN
3d6ca38e-7e5a-49a1-ab0e-c3b11d026305,7059c9c8-532b-4bfe-a72e-0c9aa55e75da,16,2026-06-06 05:58:00,Coach,Coach,1144.0,EGRESO,EFECTIVO,MXN
e353806c-c42b-4391-b19a-c5d8fdd2781e,36bb528a-43a8-4008-8557-d3e3a5c94a6c,7,2026-06-06 05:59:00,Electricidad,Electricidad,1769.0,EGRESO,TRANSFERENCIA,MXN
05155d70-6553-4b41-8f6d-34631e23ea26,86ebabff-3329-403c-ae53-7102b0dc7831,25,2026-06-06 06:39:00,Liverpool,Liverpool,1455.0,EGRESO,APP_MOVIL,MXN
123f3387-d286-4541-bd97-0f77f49f10b7,edeb6414-0b55-4e0a-bed2-b73a88276387,1,2026-06-06 06:49:00,Transferencia Recibida,Transferencia Recibida,4937.0,INGRESO,TRANSFERENCIA,MXN
54493210-d9e0-4785-a896-26d7faadf6d5,efb35f92-a96e-40cb-9ba4-a3d3670133ab,27,2026-06-06 08:57:00,Gas,Gas,519.0,EGRESO,APP_MOVIL,MXN
ec8d5e00-fbb1-4bc7-b148-c0fd0c7864b3,7f2f8daa-dfc2-4ad0-9c49-d90ffa6ae04b,13,2026-06-06 09:25:00,Flexi,Flexi,562.0,EGRESO,APP_MOVIL,MXN
63827bea-42c6-40fd-9ab7-ab37218298a0,f2e52e1f-1d7b-4214-a1ee-83e8b98918f0,33,2026-06-06 09:27:00,Agua,Agua,471.0,EGRESO,EFECTIVO,MXN
7dafd3bb-b373-4f08-99da-71445ff1875c,b1df054d-9d22-4d28-b46d-87390f12a902,11,2026-06-06 09:53:00,Metro,Metro,50.0,EGRESO,APP_MOVIL,MXN
7ebdea8f-d774-48ef-b79d-1e8f7b52f150,e77722c3-ca39-4480-832f-f90fbc2402a7,13,2026-06-06 10:27:00,Andrea,Andrea,291.0,EGRESO,EFECTIVO,MXN
444350b2-c41d-4c1f-9c12-1d0f8d105c50,4f6ff8db-53cf-4464-883b-02373ed58457,18,2026-06-06 10:55:00,Izzi,Izzi,499.0,EGRESO,APP_MOVIL,MXN
7c72719a-aa3e-4540-a8b5-dbbd012bd7f0,03e60ec2-d499-47cd-81fb-96e308403ecd,1,2026-06-06 11:55:00,Transferencia Recibida,Transferencia Recibida,620.0,INGRESO,TRANSFERENCIA,MXN
5ee188ec-1c6a-4a58-be70-1a2950913dc7,033eaacc-c1f9-412e-84cb-95b426d28b5c,1,2026-06-06 13:47:00,Nomina,Nomina,24894.24,INGRESO,TRANSFERENCIA,MXN
ba2e58bd-c07f-480d-b553-f9565fb9494c,36ee8608-fe5c-4530-b7cf-d13801c08072,15,2026-06-06 13:53:00,Multa de Transito,Multa de Transito,3412.0,EGRESO,APP_MOVIL,MXN
5481ff0d-ba71-417b-84f0-0917085a7b6a,e9f3e63d-6775-4b45-9daf-9722ec25fbe3,34,2026-06-06 14:08:00,Epic Games Store,Epic Games Store,1551.0,EGRESO,APP_MOVIL,MXN
df2cea6a-c079-4f33-a935-a5f0c2a0bae7,7489af6c-154c-4eef-b7af-50397bd6b848,27,2026-06-06 15:00:00,Gas,Gas,680.0,EGRESO,APP_MOVIL,MXN
274f064a-069a-4490-a99e-7bacf8b6ef95,6be93697-d5c5-49d1-8778-8abe58f5c5a3,27,2026-06-06 17:22:00,Gas,Gas,411.0,EGRESO,APP_MOVIL,MXN
ee03680f-ff32-4d48-a0db-238b1849ef3f,74a2259c-8ee4-4064-89cc-8a49fd390792,34,2026-06-06 18:03:00,Epic Games Store,Epic Games Store,992.0,EGRESO,EFECTIVO,MXN
ab7e8c63-9f24-40b0-b82c-09325d76bdda,698259d6-1dc2-4996-bae9-8219285ebc59,30,2026-06-06 20:17:00,Salon de Belleza,Salon de Belleza,360.0,EGRESO,EFECTIVO,MXN
e06c3043-2e9c-48f4-8c2b-b1bc44d51c33,b8a2aeb0-77bc-4f93-87a4-dbd5d9aae0e9,28,2026-06-06 22:09:00,Decathlon,Decathlon,1053.0,EGRESO,APP_MOVIL,MXN
aaa6ff1d-1b43-423e-b113-3339cc184480,ec1a1f42-1c5f-492f-919f-08cacfcb0039,18,2026-06-07 00:47:00,Infinitum,Infinitum,549.0,EGRESO,APP_MOVIL,MXN
a811bf8c-7bc9-4bd2-85ee-e40e088bab66,36bb528a-43a8-4008-8557-d3e3a5c94a6c,19,2026-06-07 02:12:00,Mantenimiento Automotriz,Mantenimiento Automotriz,2902.0,EGRESO,APP_MOVIL,MXN
21d7764f-6f3d-44eb-ba8c-bdb138ba9c9a,74a2259c-8ee4-4064-89cc-8a49fd390792,27,2026-06-07 02:40:00,Gas,Gas,264.0,EGRESO,EFECTIVO,MXN
0a849cc2-8698-4f08-aceb-5e9430259499,2ca34b24-a26a-4698-a4c6-7593f66ced33,9,2026-06-07 03:08:00,Telcel,Telcel,599.0,EGRESO,EFECTIVO,MXN
d1039ce8-7178-4e42-af3f-01dea78e53e4,062fd77f-ba97-4763-bff4-0bc64c0b9db9,22,2026-06-07 03:47:00,Mobil,Mobil,383.0,EGRESO,APP_MOVIL,MXN
e7c7a7fe-dddf-4b58-b81b-29a9ac372645,a016e16f-7680-4d69-8958-9b2a62b35431,4,2026-06-07 03:51:00,Max (HBO),Max (HBO),249.0,EGRESO,APP_MOVIL,MXN
57f82716-a11f-4c45-974f-f8665e801703,49c19272-4521-43eb-a5ed-ba309950965f,11,2026-06-07 04:08:00,Metro,Metro,20.0,EGRESO,EFECTIVO,MXN
92306b48-4d40-465c-970a-2382f050bc54,71c16233-5b03-45a3-b9d9-75dfce80f8cd,6,2026-06-07 05:10:00,Uber,Uber,68.0,EGRESO,APP_MOVIL,MXN
119a33e1-1138-47a9-8ca4-5c130b860faf,e77722c3-ca39-4480-832f-f90fbc2402a7,25,2026-06-07 06:10:00,Palacio de Hierro,Palacio de Hierro,2342.0,EGRESO,APP_MOVIL,MXN
9290a2ec-e0d8-4c7b-ac94-7555b58d2023,a5264eb8-0d47-44e1-b1b3-6e0a2018f25f,1,2026-06-07 06:20:00,Nomina,Nomina,11248.14,INGRESO,TRANSFERENCIA,MXN
d46fe26b-b6c3-4c72-b681-f26a720c946e,e9f3e63d-6775-4b45-9daf-9722ec25fbe3,31,2026-06-07 07:10:00,Amazon,Amazon,780.0,EGRESO,EFECTIVO,MXN
3def31ea-057e-4c01-9afa-48a16f72febc,4c903803-6f89-4498-ac48-9cac84de61c7,8,2026-06-07 07:11:00,Herramientas,Herramientas,1803.0,EGRESO,APP_MOVIL,MXN
b6a34e47-9511-4429-b1e4-6df84e244154,78415f42-edd9-4039-abee-f38499ffc380,23,2026-06-07 07:17:00,GNP Seguros,GNP Seguros,2278.0,EGRESO,APP_MOVIL,MXN
b31d856c-4199-4e19-b7e8-61a6563e61ca,4c903803-6f89-4498-ac48-9cac84de61c7,18,2026-06-07 08:56:00,Infinitum,Infinitum,389.0,EGRESO,EFECTIVO,MXN
f5d4a1d4-b51a-47f8-ab51-e8f1959aec05,d660ddf9-6ba0-4a64-88ea-5d41f61fcefb,25,2026-06-07 09:26:00,Palacio de Hierro,Palacio de Hierro,409.0,EGRESO,EFECTIVO,MXN
f2a4a64e-fc26-4c37-b032-e7955867254c,007759d6-7e92-4216-8b0d-24e4b3bdc25c,12,2026-06-07 10:07:00,Barberia,Barberia,340.0,EGRESO,APP_MOVIL,MXN
988d7639-42ae-48e7-bc25-45051e541d7a,1d78859f-eed0-4406-a7a8-ac62bfe90145,3,2026-06-07 10:30:00,Soriana,Soriana,3143.0,EGRESO,TRANSFERENCIA,MXN
59ef8398-ea9c-425f-bf04-dc99e75fd0fe,27184bbc-330d-4cfd-a78f-c17d51279685,7,2026-06-07 10:54:00,Electricidad,Electricidad,1712.0,EGRESO,EFECTIVO,MXN
e7575db0-691e-4124-b5be-e67bce084014,9ebdcad6-2344-4fb6-873b-906defca570a,7,2026-06-07 11:08:00,Electricidad,Electricidad,973.0,EGRESO,EFECTIVO,MXN
d8e208f9-b4ba-43e3-835b-eb807830d2dd,feb46172-c764-46f8-8955-33a46aebe6cc,1,2026-06-07 11:45:00,Nomina,Nomina,8741.4,INGRESO,TRANSFERENCIA,MXN
ee88ee9e-adf2-460a-8d98-88592659efa2,d94896e7-da2e-4ebf-8861-0ed51d327133,27,2026-06-07 12:35:00,Gas,Gas,834.0,EGRESO,TRANSFERENCIA,MXN
4177bd44-b4cf-427b-ac68-c5f2ce034db4,0aa2518e-377e-4305-9b5c-0f8e0f802f9e,2,2026-06-07 12:57:00,Bus,Bus,8.0,EGRESO,APP_MOVIL,MXN
87a19c7b-93f0-4aed-91a9-cf2e6ce5bc84,b4991233-a822-49ca-a113-cbedbb85a741,19,2026-06-07 13:46:00,Mantenimiento Automotriz,Mantenimiento Automotriz,2074.0,EGRESO,APP_MOVIL,MXN
22159979-894d-4591-8e8e-d0e41658cdc5,4a021a05-bacc-4ded-98e4-6ba1343b83b4,14,2026-06-07 14:17:00,Renta,Renta,12503.0,EGRESO,EFECTIVO,MXN
0ddec78a-21c1-4d75-b620-bfbe7ae952e3,1d7d3151-e6c5-479c-aa65-df54b837c324,1,2026-06-07 14:23:00,Nomina,Nomina,12892.03,INGRESO,TRANSFERENCIA,MXN
a0b538f6-9939-4ce1-b34f-66aab8bc09ba,49c19272-4521-43eb-a5ed-ba309950965f,1,2026-06-07 15:23:00,Nomina,Nomina,10556.27,INGRESO,TRANSFERENCIA,MXN
18f3feda-e4e6-4bae-8ef8-e15f4b62eb38,8d64339b-b475-44e4-bf62-e45215d1ea8f,34,2026-06-07 15:32:00,Epic Games Store,Epic Games Store,260.0,EGRESO,APP_MOVIL,MXN
e1df4211-1f7c-4d38-806f-5f3b488bbdec,3e5b598d-bd6d-4076-8922-5940bc6d277c,15,2026-06-07 16:27:00,Multa de Transito,Multa de Transito,2654.0,EGRESO,APP_MOVIL,MXN
754d5c30-cad9-48f2-b67d-043360967a60,7c5b5dce-0577-471c-acd8-1c6806bbd6d1,1,2026-06-07 16:39:00,Nomina,Nomina,19152.83,INGRESO,TRANSFERENCIA,MXN
ddd767f1-2bba-4a6c-bb20-f7944bc65e0a,74a2259c-8ee4-4064-89cc-8a49fd390792,1,2026-06-07 17:21:00,Transferencia Recibida,Transferencia Recibida,1796.0,INGRESO,TRANSFERENCIA,MXN
725f01b1-f7c0-4113-9192-762ddda16009,49c19272-4521-43eb-a5ed-ba309950965f,27,2026-06-07 17:53:00,Gas,Gas,549.0,EGRESO,EFECTIVO,MXN
d20a958c-837a-4b9a-86f1-306937521e65,36bb528a-43a8-4008-8557-d3e3a5c94a6c,8,2026-06-07 18:25:00,Herramientas,Herramientas,1943.0,EGRESO,EFECTIVO,MXN
f664b5a8-d174-4520-a24a-7b52583baec6,9ebdcad6-2344-4fb6-873b-906defca570a,8,2026-06-07 20:51:00,Herramientas,Herramientas,2411.0,EGRESO,EFECTIVO,MXN
fbdca33a-7c25-4271-9118-933b5ed179cf,edeb6414-0b55-4e0a-bed2-b73a88276387,3,2026-06-07 23:12:00,Chedraui,Chedraui,3020.0,EGRESO,TRANSFERENCIA,MXN
d2c9b70d-7fa1-4155-9913-728fc7309727,8711e8ab-3016-4507-8ecf-8798f901a525,21,2026-06-07 23:41:00,Metrobus,Metrobus,50.0,EGRESO,EFECTIVO,MXN
1a8a1181-eaa0-44eb-bb88-bc267db85952,8ae451d5-4e82-4ced-8bbc-cee19fedccda,33,2026-06-08 00:20:00,Agua,Agua,407.0,EGRESO,EFECTIVO,MXN
d39688fc-e0a8-44e5-a894-a7259f417ca9,4f6ff8db-53cf-4464-883b-02373ed58457,30,2026-06-08 00:38:00,Salon de Belleza,Salon de Belleza,290.0,EGRESO,TRANSFERENCIA,MXN
239f7096-4f6e-4db1-8731-80a8fdf301ee,49c19272-4521-43eb-a5ed-ba309950965f,32,2026-06-08 01:53:00,Xbox Live,Xbox Live,1168.0,EGRESO,APP_MOVIL,MXN
d2bddeb5-9520-42e3-b3f3-0cec9332449c,0e2604b4-11e5-4452-8748-64aa92f9ca8f,29,2026-06-08 04:15:00,Viajes,Viajes,1587.0,EGRESO,APP_MOVIL,MXN
ff971f5c-ef61-45cb-9714-23eec21a3a7d,d7073699-b1fd-4984-8380-c897f19b37c2,22,2026-06-08 04:36:00,BP,BP,1115.0,EGRESO,APP_MOVIL,MXN
edf77eaa-18fd-419e-b568-c56912dd1c72,4f6ff8db-53cf-4464-883b-02373ed58457,19,2026-06-08 04:44:00,Mantenimiento Automotriz,Mantenimiento Automotriz,1292.0,EGRESO,TRANSFERENCIA,MXN
b7c647f9-9964-4edc-b752-338e67126a61,5057339d-f49e-4d1c-beae-6ced3a7c148f,16,2026-06-08 05:42:00,Coach,Coach,320.0,EGRESO,TRANSFERENCIA,MXN
34bc1442-ea64-4df1-b5e5-2a1284cb282c,d7d4bd62-308e-4ac3-9ba9-582ec4beeeb0,13,2026-06-08 08:53:00,Flexi,Flexi,898.0,EGRESO,EFECTIVO,MXN
da2363f3-e845-4465-b6c9-7093e51bd3c2,591ef66e-c411-40c1-95e6-b23f8169be61,21,2026-06-08 09:05:00,Metrobus,Metrobus,6.0,EGRESO,APP_MOVIL,MXN
2c272831-200c-4643-9c5c-29f7cdb4b57c,367901a5-f293-400f-8969-224db4f3e99e,1,2026-06-08 09:46:00,Nomina,Nomina,12578.35,INGRESO,TRANSFERENCIA,MXN
13850c15-6927-447b-a8d1-fbbf155f6fbb,287b9cdc-edd5-4342-a5fb-5148aeea5b6c,1,2026-06-08 09:48:00,Nomina,Nomina,5392.11,INGRESO,TRANSFERENCIA,MXN
0baf244d-2695-46c3-a17c-1a0417b59c62,e80f9cac-b03e-4fcb-a3f3-7f1c6286bc7b,20,2026-06-08 10:14:00,Cinepolis,Cinepolis,826.0,EGRESO,EFECTIVO,MXN
2a5bc4bc-7f42-4402-94d8-7ca5ba17dafc,c0c2ffc0-3d5f-4e4f-99f2-884a8a2621f5,8,2026-06-08 11:14:00,Herramientas,Herramientas,264.0,EGRESO,TRANSFERENCIA,MXN
868f2ac1-9cad-438f-ac2e-82da1cf2d509,d7d4bd62-308e-4ac3-9ba9-582ec4beeeb0,21,2026-06-08 11:32:00,Metrobus,Metrobus,6.0,EGRESO,TRANSFERENCIA,MXN
0b5b31b7-cc98-43f1-a02c-ed47eda0a0c6,a5264eb8-0d47-44e1-b1b3-6e0a2018f25f,10,2026-06-08 12:26:00,Compras Fisicas,Compras Fisicas,2027.0,EGRESO,APP_MOVIL,MXN
20030995-1285-490d-b1d1-0dcaac5082fe,7336ec17-03d6-4127-a085-cb3f799bd54e,1,2026-06-08 13:23:00,Nomina,Nomina,5238.49,INGRESO,TRANSFERENCIA,MXN
2d584b09-b6b9-43a5-9674-6dcbfe5bc228,efb35f92-a96e-40cb-9ba4-a3d3670133ab,22,2026-06-08 15:34:00,Mobil,Mobil,438.0,EGRESO,APP_MOVIL,MXN
de6411da-8b20-4cb7-9ce4-44f85f13eb62,efb35f92-a96e-40cb-9ba4-a3d3670133ab,12,2026-06-08 15:40:00,Barberia,Barberia,337.0,EGRESO,EFECTIVO,MXN
4d5b3376-dc87-4576-9e1e-81c01bc0532f,37060ad3-4bfd-4b62-86a5-6c3b7241f7b3,1,2026-06-08 15:44:00,Nomina,Nomina,8203.8,INGRESO,TRANSFERENCIA,MXN
bf1515e7-572b-4058-9768-16d70257a829,5057339d-f49e-4d1c-beae-6ced3a7c148f,9,2026-06-08 16:18:00,Movistar,Movistar,100.0,EGRESO,EFECTIVO,MXN
b1b17b4e-fabc-40f7-9671-1005bc224de7,c49c8bf6-2d71-40b9-8f87-363b870b0dfd,5,2026-06-08 17:11:00,Burger King,Burger King,212.0,EGRESO,EFECTIVO,MXN
d1242f4a-16fc-4e8d-a346-1ffa4c202c90,3e5b598d-bd6d-4076-8922-5940bc6d277c,25,2026-06-08 18:10:00,Palacio de Hierro,Palacio de Hierro,1604.0,EGRESO,EFECTIVO,MXN
89783bfc-4df1-43e1-bea9-78154394b7bb,e6f6e0cb-d25d-473f-9f7b-b942a476f005,1,2026-06-08 18:10:00,Nomina,Nomina,8515.98,INGRESO,TRANSFERENCIA,MXN
01f82c9e-7b13-44c2-9f27-da81aaf083c7,7336ec17-03d6-4127-a085-cb3f799bd54e,3,2026-06-08 18:30:00,Walmart,Walmart,2307.0,EGRESO,EFECTIVO,MXN
c56c6586-5414-4e2e-a9f8-89e276d87ee2,7059c9c8-532b-4bfe-a72e-0c9aa55e75da,30,2026-06-08 18:44:00,Salon de Belleza,Salon de Belleza,397.0,EGRESO,APP_MOVIL,MXN
a344ed6b-6abf-4d4e-8a44-2db226a8df3c,d7b98250-11d8-4b40-a1fd-44ae5b3e0d2a,33,2026-06-08 18:48:00,Agua,Agua,843.0,EGRESO,APP_MOVIL,MXN
c6b24925-0be3-4931-8530-9c80f550c3d2,86d42cc6-6226-41a4-aa56-9a03fdc03387,17,2026-06-08 21:43:00,Colegiatura,Colegiatura,3387.0,EGRESO,APP_MOVIL,MXN
7bbaf48c-874a-4ca2-846f-c00e61552e54,71c16233-5b03-45a3-b9d9-75dfce80f8cd,27,2026-06-08 22:48:00,Gas,Gas,184.0,EGRESO,APP_MOVIL,MXN
12f3d3b3-d1c6-4818-a556-275a7fe1fafc,2d80c188-6489-4094-b09d-93b06a6b2935,1,2026-06-08 23:15:00,Nomina,Nomina,29146.29,INGRESO,TRANSFERENCIA,MXN
16bc4a67-587a-4f43-b172-a7c374db5393,bacb91fd-e8d8-4aab-86af-be8542045bfc,7,2026-06-09 01:31:00,Electricidad,Electricidad,748.0,EGRESO,TRANSFERENCIA,MXN
d1e966a5-6672-4546-ab48-e3f2a09d8fdf,8711e8ab-3016-4507-8ecf-8798f901a525,1,2026-06-09 03:16:00,Transferencia Recibida,Transferencia Recibida,4995.0,INGRESO,TRANSFERENCIA,MXN
abd14e90-39b3-4350-97ec-dbab4cdf68a9,334ac887-2c2e-43f0-ac7f-4e80e3f22173,1,2026-06-09 03:44:00,Transferencia Recibida,Transferencia Recibida,2622.0,INGRESO,TRANSFERENCIA,MXN
ce6b82d4-421e-4515-ace7-4c8a530dc6ee,334ac887-2c2e-43f0-ac7f-4e80e3f22173,11,2026-06-09 05:51:00,Metro,Metro,5.0,EGRESO,TRANSFERENCIA,MXN
872117d3-80d2-4474-af5d-6a675c0a4743,287b9cdc-edd5-4342-a5fb-5148aeea5b6c,5,2026-06-09 07:24:00,Burger King,Burger King,264.0,EGRESO,APP_MOVIL,MXN
23eabbd2-b9f7-4164-82c7-51cb5b53f7e4,8d64339b-b475-44e4-bf62-e45215d1ea8f,10,2026-06-09 07:31:00,Compras Fisicas,Compras Fisicas,1138.0,EGRESO,APP_MOVIL,MXN
0b308b4c-ab52-4d0f-a3c9-72902af1f16e,8711e8ab-3016-4507-8ecf-8798f901a525,6,2026-06-09 08:46:00,Cabify,Cabify,193.0,EGRESO,APP_MOVIL,MXN
c6eb9ee8-2824-439d-8f03-676731ae02ed,7f2f8daa-dfc2-4ad0-9c49-d90ffa6ae04b,19,2026-06-09 08:49:00,Mantenimiento Automotriz,Mantenimiento Automotriz,2183.0,EGRESO,APP_MOVIL,MXN
79266697-d9a0-4d57-a5c1-b22043bdca14,7059c9c8-532b-4bfe-a72e-0c9aa55e75da,24,2026-06-09 09:18:00,Maybelline,Maybelline,1234.0,EGRESO,EFECTIVO,MXN
467e7d3e-5216-44b3-8198-4e88a7a0f461,0d4d9d7a-2ce4-4002-abe0-031b288ff53c,17,2026-06-09 10:09:00,Colegiatura,Colegiatura,2440.0,EGRESO,APP_MOVIL,MXN
db8136c6-b9d1-4c10-a6df-1b29b4632f24,e6f6e0cb-d25d-473f-9f7b-b942a476f005,1,2026-06-09 10:52:00,Nomina,Nomina,8515.98,INGRESO,TRANSFERENCIA,MXN
91a80dc1-9ca0-44d7-8c25-293e4af2ce47,0e2604b4-11e5-4452-8748-64aa92f9ca8f,22,2026-06-09 11:45:00,Pemex,Pemex,1179.0,EGRESO,APP_MOVIL,MXN
48d347f6-5733-4a3f-a11d-cce3f99bf060,5057339d-f49e-4d1c-beae-6ced3a7c148f,13,2026-06-09 12:18:00,Flexi,Flexi,1102.0,EGRESO,APP_MOVIL,MXN
084088da-39db-4e20-96d9-2cf6a17538b2,033eaacc-c1f9-412e-84cb-95b426d28b5c,7,2026-06-09 14:15:00,Electricidad,Electricidad,863.0,EGRESO,APP_MOVIL,MXN
1706da41-8a72-4737-b009-3bbf50e7426b,2f4e7259-c7d0-4f8e-b408-fbed59254881,22,2026-06-09 15:04:00,Pemex,Pemex,801.0,EGRESO,TRANSFERENCIA,MXN
56ce9d9d-0437-435e-88d9-0b25785ecdc2,8580b4dd-2321-42ff-8e88-0392056caa5c,29,2026-06-09 15:54:00,Viajes,Viajes,5401.0,EGRESO,APP_MOVIL,MXN
bfde2bc8-041b-42b1-b793-6b256639fc85,fe494458-2541-481f-bb69-2bcb8e182795,34,2026-06-09 16:27:00,Nintendo eShop,Nintendo eShop,,EGRESO,EFECTIVO,MXN
5ede9599-56ec-49ab-8d8d-a359679f53d1,334ac887-2c2e-43f0-ac7f-4e80e3f22173,1,2026-06-09 16:53:00,Transferencia Recibida,Transferencia Recibida,1433.0,INGRESO,TRANSFERENCIA,MXN
b4b6ffca-fa30-4267-8bbc-7e91847786bc,71c16233-5b03-45a3-b9d9-75dfce80f8cd,4,2026-06-09 17:44:00,Apple TV+,Apple TV+,129.0,EGRESO,TRANSFERENCIA,MXN
8aaf3eee-fe68-4046-9337-2447f1568034,c9e1bb7a-b4b0-4880-88f1-2b90da359497,24,2026-06-09 17:58:00,Maybelline,Maybelline,1857.0,EGRESO,APP_MOVIL,MXN
32d4cb75-589a-4c76-88b7-5473e61bfec9,87a8bdbd-1d61-4275-b187-80f960bd7983,23,2026-06-09 18:00:00,Qualitas,Qualitas,3196.0,EGRESO,APP_MOVIL,MXN
7add5af1-6213-412a-9e52-34eb9025d7fb,8d64339b-b475-44e4-bf62-e45215d1ea8f,3,2026-06-09 18:01:00,Bodega Aurrera,Bodega Aurrera,2306.0,EGRESO,EFECTIVO,MXN
57b2d9a3-31bc-4c88-a9df-71bd9af48f5d,c9e1bb7a-b4b0-4880-88f1-2b90da359497,14,2026-06-09 18:04:00,Renta,Renta,10074.0,EGRESO,APP_MOVIL,MXN
e625b9ff-139b-409a-a0e7-f1b43514302c,7336ec17-03d6-4127-a085-cb3f799bd54e,15,2026-06-09 18:41:00,Multa de Transito,Multa de Transito,1025.0,EGRESO,TRANSFERENCIA,MXN
12cf4473-4730-4b97-a019-520f618730bc,bacb91fd-e8d8-4aab-86af-be8542045bfc,3,2026-06-09 19:14:00,Chedraui,Chedraui,1826.0,EGRESO,TRANSFERENCIA,MXN
2d7947ce-85c2-4e5d-b343-975e323fb47a,86ebabff-3329-403c-ae53-7102b0dc7831,10,2026-06-09 22:16:00,Compras Fisicas,Compras Fisicas,2303.0,EGRESO,APP_MOVIL,MXN
78878212-8fbf-4c26-a8db-11f9198ed455,4a021a05-bacc-4ded-98e4-6ba1343b83b4,4,2026-06-09 23:10:00,Amazon Prime,Amazon Prime,99.0,EGRESO,TRANSFERENCIA,MXN
b1603a98-169f-436a-b74a-2382557332f7,efb35f92-a96e-40cb-9ba4-a3d3670133ab,21,2026-06-09 23:17:00,Metrobus,Metrobus,100.0,EGRESO,EFECTIVO,MXN
fb0025b3-c3ba-4bdc-8d38-24a95caa3e7f,088735e5-4d0d-4706-a911-442edac351c2,18,2026-06-10 02:05:00,Totalplay,Totalplay,439.0,EGRESO,APP_MOVIL,MXN
54f18998-7b09-4529-8148-d4a03e60cc3c,7336ec17-03d6-4127-a085-cb3f799bd54e,15,2026-06-10 02:06:00,Multa de Transito,Multa de Transito,2481.0,EGRESO,TRANSFERENCIA,MXN
f68e80fa-5fe5-46b3-b942-ca1674cedc8c,c9e1bb7a-b4b0-4880-88f1-2b90da359497,18,2026-06-10 04:41:00,Izzi,Izzi,549.0,EGRESO,EFECTIVO,MXN
4188a35a-fcdc-4bd1-85c9-718e8c37c9ff,7336ec17-03d6-4127-a085-cb3f799bd54e,14,2026-06-10 07:55:00,Renta,Renta,5797.0,EGRESO,APP_MOVIL,MXN
45b371cb-2295-49bf-8f27-253872bffcfe,5057339d-f49e-4d1c-beae-6ced3a7c148f,6,2026-06-10 09:25:00,Cabify,Cabify,93.0,EGRESO,APP_MOVIL,MXN
d20a8726-16ae-4431-ab4a-b35e8caf0ef9,a5264eb8-0d47-44e1-b1b3-6e0a2018f25f,9,2026-06-10 09:36:00,Telcel,Telcel,349.0,EGRESO,APP_MOVIL,MXN
245d9ed6-1db9-4336-b16c-991f08b263ee,3e5b598d-bd6d-4076-8922-5940bc6d277c,28,2026-06-10 11:34:00,Deportes Marti,Deportes Marti,830.0,EGRESO,APP_MOVIL,MXN
ab510c93-6da3-4229-9877-805a970afafd,007759d6-7e92-4216-8b0d-24e4b3bdc25c,31,2026-06-10 12:37:00,Amazon,Amazon,522.0,EGRESO,TRANSFERENCIA,MXN
f9a9d2ed-0fd9-462e-952b-026d9b553402,edeb6414-0b55-4e0a-bed2-b73a88276387,5,2026-06-10 14:23:00,Domino's,Domino's,382.0,EGRESO,APP_MOVIL,MXN
20aa138c-0851-495b-88bd-615f3c5af5cf,37060ad3-4bfd-4b62-86a5-6c3b7241f7b3,27,2026-06-10 15:13:00,Gas,Gas,363.0,EGRESO,TRANSFERENCIA,MXN
c233b354-f3f9-4fda-9f6d-5adb20ceb831,282aba8c-1169-402d-adbd-8a41f6676432,10,2026-06-10 15:36:00,Compras Fisicas,Compras Fisicas,546.0,EGRESO,TRANSFERENCIA,MXN
d79aab8a-0ca5-4ee5-999f-6fdcb6d2f70b,27184bbc-330d-4cfd-a78f-c17d51279685,19,2026-06-10 16:51:00,Mantenimiento Automotriz,Mantenimiento Automotriz,2095.0,EGRESO,APP_MOVIL,MXN
27f7e312-b52f-468a-ae4e-1529447ef672,062fd77f-ba97-4763-bff4-0bc64c0b9db9,15,2026-06-10 17:45:00,Multa de Transito,Multa de Transito,2808.0,EGRESO,APP_MOVIL,MXN
9ba984a0-2b79-4b7a-825a-35199145544f,71c16233-5b03-45a3-b9d9-75dfce80f8cd,34,2026-06-10 18:33:00,Steam,Steam,695.0,EGRESO,TRANSFERENCIA,MXN
7ca88473-5439-4e3b-ac01-bd2bf4e41ea9,6e3e2a99-1a3d-42fa-bfe5-52f057eccb2f,10,2026-06-10 20:15:00,Compras Fisicas,Compras Fisicas,575.0,EGRESO,APP_MOVIL,MXN
7222c1d0-f938-4a98-8c79-edf0b23efd6d,f20e8816-f077-4abe-837b-b3e39ccf37eb,6,2026-06-10 20:16:00,Cabify,Cabify,144.0,EGRESO,EFECTIVO,MXN
785855e8-1d64-45dd-99e0-2ea0877fb8ed,1d78859f-eed0-4406-a7a8-ac62bfe90145,1,2026-06-10 20:26:00,Nomina,Nomina,7160.61,INGRESO,TRANSFERENCIA,MXN
38d8d5c0-be0d-4336-98f0-64545f0faf56,fe494458-2541-481f-bb69-2bcb8e182795,14,2026-06-10 20:45:00,Renta,Renta,9130.0,EGRESO,APP_MOVIL,MXN
fff71dd0-27fd-4527-a660-f5fc750e6013,e4814a6c-08b2-4b08-99dd-d9e29211ea72,18,2026-06-10 21:19:00,Totalplay,Totalplay,,EGRESO,APP_MOVIL,MXN
ccfb5900-64b7-48dd-b20a-e4e0b5f56ef4,37060ad3-4bfd-4b62-86a5-6c3b7241f7b3,33,2026-06-10 22:20:00,Agua,Agua,459.0,EGRESO,TRANSFERENCIA,MXN
eed73e29-4ef3-499b-b4f8-b574afe13728,c0c2ffc0-3d5f-4e4f-99f2-884a8a2621f5,12,2026-06-10 22:52:00,Barberia,Barberia,317.0,EGRESO,APP_MOVIL,MXN
e7c7762d-8b24-4a4e-b268-9e084a54621d,b5525d88-0da0-4036-a444-3e4f7a34128f,24,2026-06-10 23:06:00,NYX Cosmetics,NYX Cosmetics,2307.0,EGRESO,APP_MOVIL,MXN
232ce5a1-68d9-4ee6-a653-4fb917b30ebd,d7b98250-11d8-4b40-a1fd-44ae5b3e0d2a,1,2026-06-10 23:51:00,Nomina,Nomina,7380.06,INGRESO,TRANSFERENCIA,MXN
c3da9714-1028-41b8-8efd-56b301154386,78415f42-edd9-4039-abee-f38499ffc380,15,2026-06-11 00:35:00,Multa de Transito,Multa de Transito,3265.0,EGRESO,EFECTIVO,MXN
0247555b-b70c-43ef-86ec-25a3038acdde,2f4e7259-c7d0-4f8e-b408-fbed59254881,7,2026-06-11 01:22:00,Electricidad,Electricidad,1118.0,EGRESO,EFECTIVO,MXN
335f37f9-a7fa-43ec-b7d6-e671310f706e,49c19272-4521-43eb-a5ed-ba309950965f,23,2026-06-11 03:00:00,Qualitas,Qualitas,3339.0,EGRESO,APP_MOVIL,MXN
10e4dac5-e1e5-4f92-81ac-f520f7da7e33,c49c8bf6-2d71-40b9-8f87-363b870b0dfd,18,2026-06-11 03:16:00,Izzi,Izzi,549.0,EGRESO,APP_MOVIL,MXN
eefe2748-0f15-4715-acc3-8e8ddc19876b,698259d6-1dc2-4996-bae9-8219285ebc59,13,2026-06-11 03:51:00,Capa de Ozono,Capa de Ozono,1382.0,EGRESO,EFECTIVO,MXN
37122c33-5bda-47da-bdde-43b516a5d048,a5264eb8-0d47-44e1-b1b3-6e0a2018f25f,18,2026-06-11 03:54:00,Totalplay,Totalplay,439.0,EGRESO,TRANSFERENCIA,MXN
86f95263-5ca3-4e60-9597-80f21251f3a0,d7b98250-11d8-4b40-a1fd-44ae5b3e0d2a,15,2026-06-11 05:27:00,Multa de Transito,Multa de Transito,498.0,EGRESO,TRANSFERENCIA,MXN
87c562ed-5378-46a2-888c-5b3ad055e809,36bb528a-43a8-4008-8557-d3e3a5c94a6c,3,2026-06-11 06:02:00,Bodega Aurrera,Bodega Aurrera,2856.0,EGRESO,APP_MOVIL,MXN
4a276d45-53fa-4cfe-84d8-0f8469d5fdac,9ebdcad6-2344-4fb6-873b-906defca570a,26,2026-06-11 07:06:00,Farmacias Similares,Farmacias Similares,732.0,EGRESO,TRANSFERENCIA,MXN
44cd8a05-77b1-4849-92a0-b6aa238d8e2b,7c74290c-b207-43d8-bcd5-14f069783b3b,23,2026-06-11 08:16:00,GNP Seguros,GNP Seguros,2852.0,EGRESO,APP_MOVIL,MXN
03daddfe-186a-447c-a4f7-3331060068dc,9fa6af03-3f13-4285-852b-d389da76d928,22,2026-06-11 08:24:00,Oxxo Gas,Oxxo Gas,784.0,EGRESO,TRANSFERENCIA,MXN
8758b3be-d2e4-4439-828c-f785c8afe8f2,062fd77f-ba97-4763-bff4-0bc64c0b9db9,1,2026-06-11 08:29:00,Transferencia Recibida,Transferencia Recibida,2242.0,INGRESO,TRANSFERENCIA,MXN
35a4be4f-94c7-4a57-806c-246850631aac,86ebabff-3329-403c-ae53-7102b0dc7831,31,2026-06-11 08:32:00,Mercado Libre,Mercado Libre,604.0,EGRESO,APP_MOVIL,MXN
dacf8943-165a-4079-a1ed-0e6bf452c2e6,460819f1-3e7b-4a18-b9bb-4a991973ca55,13,2026-06-11 09:42:00,Flexi,Flexi,1180.0,EGRESO,EFECTIVO,MXN
247ed194-89a1-4baa-87d4-29e549a13212,86d42cc6-6226-41a4-aa56-9a03fdc03387,12,2026-06-11 10:22:00,Barberia,Barberia,388.0,EGRESO,APP_MOVIL,MXN
c4facd60-cb94-408e-a673-e985c8f7b235,698259d6-1dc2-4996-bae9-8219285ebc59,18,2026-06-11 10:30:00,Totalplay,Totalplay,439.0,EGRESO,TRANSFERENCIA,MXN
145207f6-29be-4fd1-a9a7-2da4ed452167,86d42cc6-6226-41a4-aa56-9a03fdc03387,32,2026-06-11 11:18:00,Xbox Live,Xbox Live,1574.0,EGRESO,APP_MOVIL,MXN
bfebee21-4830-49b9-aabd-3bcf11bd7e86,334ac887-2c2e-43f0-ac7f-4e80e3f22173,17,2026-06-11 12:09:00,Colegiatura,Colegiatura,6349.0,EGRESO,EFECTIVO,MXN
52fb53d5-db69-467e-a34f-d2a842600a28,7059c9c8-532b-4bfe-a72e-0c9aa55e75da,1,2026-06-11 13:15:00,Nomina,Nomina,11183.2,INGRESO,TRANSFERENCIA,MXN
a2ea89b5-d5c0-4ab8-ae71-87a27f3f797b,cc302a48-1c7f-4cd5-8095-557e5f3ee43f,21,2026-06-11 14:04:00,Metrobus,Metrobus,20.0,EGRESO,APP_MOVIL,MXN
b420087e-a315-47e7-a94e-94a5c0dfbdb8,03e60ec2-d499-47cd-81fb-96e308403ecd,30,2026-06-11 15:00:00,Salon de Belleza,Salon de Belleza,245.0,EGRESO,APP_MOVIL,MXN
262beb01-623c-44b4-a37e-5f4c7315d77c,2ca34b24-a26a-4698-a4c6-7593f66ced33,7,2026-06-11 15:20:00,Electricidad,Electricidad,,EGRESO,APP_MOVIL,MXN
f94ee122-a908-48f8-9912-3e422c208931,37060ad3-4bfd-4b62-86a5-6c3b7241f7b3,1,2026-06-11 15:36:00,Nomina,Nomina,8203.8,INGRESO,TRANSFERENCIA,MXN
035aa55c-de75-4aa4-8847-68d5f8a8387f,a5264eb8-0d47-44e1-b1b3-6e0a2018f25f,1,2026-06-11 16:25:00,Nomina,Nomina,11248.14,INGRESO,TRANSFERENCIA,MXN
3e1128e7-b27a-4145-bcb7-7e56733d664b,8580b4dd-2321-42ff-8e88-0392056caa5c,19,2026-06-11 17:00:00,Mantenimiento Automotriz,Mantenimiento Automotriz,2851.0,EGRESO,EFECTIVO,MXN
492f78d9-a72a-44c3-aa4c-1d46307218af,57a16ad2-8282-4a67-91ec-ebc90dee810e,24,2026-06-11 18:19:00,Maybelline,Maybelline,1584.0,EGRESO,APP_MOVIL,MXN
45d7bfa2-8400-4f60-a31c-25a1a567cb55,1d78859f-eed0-4406-a7a8-ac62bfe90145,34,2026-06-11 19:16:00,Steam,Steam,1481.0,EGRESO,TRANSFERENCIA,MXN
8b063773-232a-41de-80bb-5f25ed83a537,86d42cc6-6226-41a4-aa56-9a03fdc03387,1,2026-06-11 19:40:00,Nomina,Nomina,7086.86,INGRESO,TRANSFERENCIA,MXN
c31ca60b-3f8b-4bf0-8310-101c33e0aefa,2f5e4265-1e5f-4813-839b-50bf4accbd7e,1,2026-06-11 22:30:00,Transferencia Recibida,Transferencia Recibida,1811.0,INGRESO,TRANSFERENCIA,MXN
98998d12-8029-4dfb-9d14-6e4cbbf4c3e0,7f2f8daa-dfc2-4ad0-9c49-d90ffa6ae04b,20,2026-06-11 22:51:00,Starbucks,Starbucks,247.0,EGRESO,APP_MOVIL,MXN
aea35517-4bb8-4346-bfa0-6e0427264153,78415f42-edd9-4039-abee-f38499ffc380,34,2026-06-11 23:32:00,Epic Games Store,Epic Games Store,1318.0,EGRESO,APP_MOVIL,MXN
01c32dab-c7f7-463b-8860-a9f15d07a4db,e77722c3-ca39-4480-832f-f90fbc2402a7,24,2026-06-12 02:33:00,L'Oreal,L'Oreal,1495.0,EGRESO,APP_MOVIL,MXN
3e476e93-d7b6-4738-9978-e89b952ee72a,a5264eb8-0d47-44e1-b1b3-6e0a2018f25f,19,2026-06-12 03:13:00,Mantenimiento Automotriz,Mantenimiento Automotriz,1531.0,EGRESO,TRANSFERENCIA,MXN
70f1c473-082b-449a-8220-e64fc99f2412,c0c2ffc0-3d5f-4e4f-99f2-884a8a2621f5,32,2026-06-12 04:05:00,Xbox Live,Xbox Live,1514.0,EGRESO,TRANSFERENCIA,MXN
e064f49f-59a2-42be-831e-2fcc35f9f254,2d45cb4c-8380-477e-93dc-7ad4055949fe,22,2026-06-12 04:41:00,Pemex,Pemex,894.0,EGRESO,EFECTIVO,MXN
0968e1e4-ee30-442f-9770-bbfaf52a9487,bacb91fd-e8d8-4aab-86af-be8542045bfc,1,2026-06-12 05:32:00,Nomina,Nomina,9431.42,INGRESO,TRANSFERENCIA,MXN
d10562f8-5e51-4391-a103-e0d4e832a4e4,86d42cc6-6226-41a4-aa56-9a03fdc03387,2,2026-06-12 05:46:00,Bus,Bus,50.0,EGRESO,APP_MOVIL,MXN
f150849b-3e05-4e9d-b00e-69f30cef4933,6e3e2a99-1a3d-42fa-bfe5-52f057eccb2f,10,2026-06-12 06:27:00,Compras Fisicas,Compras Fisicas,2476.0,EGRESO,TRANSFERENCIA,MXN
6d306701-1c88-42d3-9b19-deef66501d48,cf376ebc-04ee-401c-98d2-d2ca7394def8,1,2026-06-12 06:29:00,Nomina,Nomina,5343.1,INGRESO,TRANSFERENCIA,MXN
bcfe5e28-1fa5-48e1-8622-4086053a65f9,b8a2aeb0-77bc-4f93-87a4-dbd5d9aae0e9,22,2026-06-12 06:42:00,Pemex,Pemex,364.0,EGRESO,EFECTIVO,MXN
02dfc743-1cbf-4874-96e2-e92ce0b3fe7d,b6ca9d87-476a-4c5d-83ca-7693a6527a9c,34,2026-06-12 08:57:00,Nintendo eShop,Nintendo eShop,1192.0,EGRESO,APP_MOVIL,MXN
b860c848-b808-47a5-9a71-358609f6adab,654c4cb9-fb3b-421c-9e42-884531a72e4c,22,2026-06-12 09:31:00,BP,BP,227.0,EGRESO,TRANSFERENCIA,MXN
1c33bb3a-5ea3-4868-837a-3098326bc8a7,03e60ec2-d499-47cd-81fb-96e308403ecd,2,2026-06-12 09:52:00,Bus,Bus,6.0,EGRESO,APP_MOVIL,MXN
3ffa7691-40e9-4858-9efe-f94a5735e673,57a16ad2-8282-4a67-91ec-ebc90dee810e,9,2026-06-12 10:38:00,AT&T,AT&T,100.0,EGRESO,EFECTIVO,MXN
21adb416-5f4a-438c-ae35-b36f7ed7ee77,7489af6c-154c-4eef-b7af-50397bd6b848,29,2026-06-12 10:49:00,Viajes,Viajes,2665.0,EGRESO,EFECTIVO,MXN
cc62f841-1f6a-402b-9261-74832e8ba90d,cc302a48-1c7f-4cd5-8095-557e5f3ee43f,3,2026-06-12 11:51:00,Soriana,Soriana,3402.0,EGRESO,APP_MOVIL,MXN
880761a5-13ad-4844-a7d1-fda93fc894fa,2d45cb4c-8380-477e-93dc-7ad4055949fe,22,2026-06-12 12:07:00,Pemex,Pemex,681.0,EGRESO,APP_MOVIL,MXN
1d46e07c-fb1d-455b-879f-577b2681fdf1,088735e5-4d0d-4706-a911-442edac351c2,11,2026-06-12 12:12:00,Metro,Metro,5.0,EGRESO,APP_MOVIL,MXN
f57f701c-ac0a-4559-940e-2d71e7bca977,d660ddf9-6ba0-4a64-88ea-5d41f61fcefb,1,2026-06-12 12:14:00,Nomina,Nomina,7645.89,INGRESO,TRANSFERENCIA,MXN
28c2fee7-cc2d-409a-97ce-b3194224ca86,c49c8bf6-2d71-40b9-8f87-363b870b0dfd,6,2026-06-12 13:12:00,Uber,Uber,136.0,EGRESO,TRANSFERENCIA,MXN
afc4436d-880e-40e0-8841-36075e526151,f30fbc40-9703-4c31-b9a5-ab557c4b82c8,1,2026-06-12 15:14:00,Nomina,Nomina,25189.14,INGRESO,TRANSFERENCIA,MXN
cd835cdc-36df-447c-b2a4-8392087a9e5a,6e3e2a99-1a3d-42fa-bfe5-52f057eccb2f,1,2026-06-12 16:41:00,Nomina,Nomina,5628.95,INGRESO,TRANSFERENCIA,MXN
04829b95-f04b-476e-8d95-faf3bdf1b408,3e5b598d-bd6d-4076-8922-5940bc6d277c,18,2026-06-12 16:45:00,Infinitum,Infinitum,499.0,EGRESO,APP_MOVIL,MXN
6f4fa1af-53bb-4112-8de1-252ff7e83d3b,b5525d88-0da0-4036-a444-3e4f7a34128f,10,2026-06-12 17:18:00,Compras Fisicas,Compras Fisicas,1561.0,EGRESO,APP_MOVIL,MXN
eb154f76-bbe0-47e4-afb9-ed21bb9a4048,f2e52e1f-1d7b-4214-a1ee-83e8b98918f0,1,2026-06-12 17:33:00,Transferencia Recibida,Transferencia Recibida,1104.0,INGRESO,TRANSFERENCIA,MXN
fb8e6e2d-2528-4a76-a491-f7062d5f684f,f20e8816-f077-4abe-837b-b3e39ccf37eb,14,2026-06-12 18:23:00,Renta,Renta,11482.0,EGRESO,APP_MOVIL,MXN
05fefbe6-aae1-4918-abc0-a0060899e2b4,698259d6-1dc2-4996-bae9-8219285ebc59,16,2026-06-12 18:50:00,Michael Kors,Michael Kors,925.0,EGRESO,APP_MOVIL,MXN
26903484-e0ca-43f2-bf62-da223b9adecd,2f5e4265-1e5f-4813-839b-50bf4accbd7e,8,2026-06-12 21:22:00,Herramientas,Herramientas,1773.0,EGRESO,EFECTIVO,MXN
447ae476-1c27-4d2d-9b60-de94704b4d0c,2d45cb4c-8380-477e-93dc-7ad4055949fe,11,2026-06-12 21:38:00,Metro,Metro,50.0,EGRESO,APP_MOVIL,MXN
0025fa99-de9f-4243-9065-9ce248a416fe,334ac887-2c2e-43f0-ac7f-4e80e3f22173,2,2026-06-12 22:33:00,Bus,Bus,9.5,EGRESO,APP_MOVIL,MXN
e7249374-05b9-428a-8846-bf217140cccf,d83b0edd-72db-47f8-a768-7d03bc7fa190,9,2026-06-13 01:15:00,Telcel,Telcel,599.0,EGRESO,EFECTIVO,MXN
a086d1c1-05eb-40b4-9457-dc02df6cd108,feb46172-c764-46f8-8955-33a46aebe6cc,3,2026-06-13 01:33:00,Bodega Aurrera,Bodega Aurrera,2938.0,EGRESO,APP_MOVIL,MXN
7e4ce1e3-94ab-448e-9646-15686773b01b,334ac887-2c2e-43f0-ac7f-4e80e3f22173,1,2026-06-13 02:21:00,Nomina,Nomina,13413.98,INGRESO,TRANSFERENCIA,MXN
0d4350ec-a554-4ad5-b96d-201a64d6e1f8,e4814a6c-08b2-4b08-99dd-d9e29211ea72,27,2026-06-13 02:44:00,Gas,Gas,783.0,EGRESO,EFECTIVO,MXN
d610e555-68ea-40e2-a1fa-a8ebf93bd86b,c0c2ffc0-3d5f-4e4f-99f2-884a8a2621f5,27,2026-06-13 03:22:00,Gas,Gas,685.0,EGRESO,EFECTIVO,MXN
34eab700-9eb3-4c24-b497-af951e3c8c1d,0e2604b4-11e5-4452-8748-64aa92f9ca8f,16,2026-06-13 04:32:00,Michael Kors,Michael Kors,2043.0,EGRESO,APP_MOVIL,MXN
c57e0b80-50ad-4379-8f1c-b17a64722a56,4f6ff8db-53cf-4464-883b-02373ed58457,6,2026-06-13 07:01:00,DiDi,DiDi,142.0,EGRESO,TRANSFERENCIA,MXN
d9b6406c-f8f2-4c9d-be18-0cd9b880a8fd,007759d6-7e92-4216-8b0d-24e4b3bdc25c,1,2026-06-13 07:08:00,Nomina,Nomina,9855.01,INGRESO,TRANSFERENCIA,MXN
70937499-df9b-49a5-99e2-b72ee9afe193,2d45cb4c-8380-477e-93dc-7ad4055949fe,21,2026-06-13 08:46:00,Metrobus,Metrobus,6.0,EGRESO,APP_MOVIL,MXN
494ccbc2-da74-476d-a968-1353174c53ca,f20e8816-f077-4abe-837b-b3e39ccf37eb,24,2026-06-13 09:13:00,Maybelline,Maybelline,1784.0,EGRESO,EFECTIVO,MXN
df6c73c5-7447-4322-9421-aab8edbbb866,6e3e2a99-1a3d-42fa-bfe5-52f057eccb2f,1,2026-06-13 10:46:00,Nomina,Nomina,5628.95,INGRESO,TRANSFERENCIA,MXN
1d03c946-a672-4ec3-a3cb-3711008c5970,c49c8bf6-2d71-40b9-8f87-363b870b0dfd,1,2026-06-13 11:19:00,Nomina,Nomina,10402.89,INGRESO,TRANSFERENCIA,MXN
a945ccf1-ae0f-463d-877a-7a4ad2e23125,698259d6-1dc2-4996-bae9-8219285ebc59,14,2026-06-13 11:55:00,Renta,Renta,11195.0,EGRESO,TRANSFERENCIA,MXN
ef40e793-24b1-40da-992e-cb27fe21a7c9,698259d6-1dc2-4996-bae9-8219285ebc59,11,2026-06-13 12:15:00,Metro,Metro,5.0,EGRESO,APP_MOVIL,MXN
dc1adb53-f18e-443f-b9e2-06d8b21e85c2,ec1a1f42-1c5f-492f-919f-08cacfcb0039,26,2026-06-13 12:22:00,Farmacias del Ahorro,Farmacias del Ahorro,779.0,EGRESO,APP_MOVIL,MXN
e6b08f8f-fa81-49c2-970a-214f13119dc9,c49c8bf6-2d71-40b9-8f87-363b870b0dfd,31,2026-06-13 12:26:00,Amazon,Amazon,1100.0,EGRESO,EFECTIVO,MXN
ec947d46-961c-4463-8a8c-5ea0fd7390c8,d7b98250-11d8-4b40-a1fd-44ae5b3e0d2a,8,2026-06-13 13:22:00,Herramientas,Herramientas,1955.0,EGRESO,EFECTIVO,MXN
2976fd19-0fce-427d-8912-71961e69b7bb,282aba8c-1169-402d-adbd-8a41f6676432,10,2026-06-13 14:27:00,Compras Fisicas,Compras Fisicas,1856.0,EGRESO,APP_MOVIL,MXN
a16ed27e-a430-4db6-b4fe-57a7d01d863d,2f5e4265-1e5f-4813-839b-50bf4accbd7e,25,2026-06-13 14:44:00,Palacio de Hierro,Palacio de Hierro,1378.0,EGRESO,APP_MOVIL,MXN
e070500b-6430-456b-8be4-d58787edd1f6,03e60ec2-d499-47cd-81fb-96e308403ecd,14,2026-06-13 15:22:00,Renta,Renta,12917.0,EGRESO,EFECTIVO,MXN
ed1e7cd1-0a4b-4111-8251-0208092342b7,86d42cc6-6226-41a4-aa56-9a03fdc03387,34,2026-06-13 15:50:00,Nintendo eShop,Nintendo eShop,949.0,EGRESO,APP_MOVIL,MXN
e56a5c20-35ff-4f11-9efc-c78ec5aa06d5,2d45cb4c-8380-477e-93dc-7ad4055949fe,24,2026-06-13 18:43:00,Maybelline,Maybelline,1768.0,EGRESO,APP_MOVIL,MXN
a75a4d38-73dd-4692-a766-15166d5ddd32,367901a5-f293-400f-8969-224db4f3e99e,1,2026-06-13 19:16:00,Transferencia Recibida,Transferencia Recibida,3617.0,INGRESO,TRANSFERENCIA,MXN
3f3f9086-bb33-4ebe-8172-dfa66524be9b,654c4cb9-fb3b-421c-9e42-884531a72e4c,5,2026-06-13 19:21:00,Burger King,Burger King,699.0,EGRESO,EFECTIVO,MXN
6da532d5-07aa-46cc-a023-b9dca557790e,f20e8816-f077-4abe-837b-b3e39ccf37eb,3,2026-06-13 20:33:00,Chedraui,Chedraui,1841.0,EGRESO,EFECTIVO,MXN
259a6c18-d22e-42d7-9f74-78136d2a3505,8580b4dd-2321-42ff-8e88-0392056caa5c,13,2026-06-13 21:10:00,Andrea,Andrea,675.0,EGRESO,APP_MOVIL,MXN
4eda783e-6bcd-4b4d-90ce-e2055832635b,4a021a05-bacc-4ded-98e4-6ba1343b83b4,2,2026-06-13 21:13:00,Bus,Bus,12.0,EGRESO,TRANSFERENCIA,MXN
f36b5968-d7cb-4967-b66f-f1d11700585f,d660ddf9-6ba0-4a64-88ea-5d41f61fcefb,1,2026-06-13 21:47:00,Nomina,Nomina,7645.89,INGRESO,TRANSFERENCIA,MXN
99577bca-d100-46c2-931b-3d94c2dc49cb,460819f1-3e7b-4a18-b9bb-4a991973ca55,1,2026-06-13 22:34:00,Transferencia Recibida,Transferencia Recibida,2824.0,INGRESO,TRANSFERENCIA,MXN
4526d1f6-6675-48c5-96f6-81b1a8ad38b6,8711e8ab-3016-4507-8ecf-8798f901a525,6,2026-06-14 00:40:00,Uber,Uber,67.0,EGRESO,APP_MOVIL,MXN
4966dc96-5989-445f-b879-0ddcb076d7e1,e77722c3-ca39-4480-832f-f90fbc2402a7,27,2026-06-14 00:50:00,Gas,Gas,677.0,EGRESO,APP_MOVIL,MXN
3339650f-1972-48e0-b3d3-7377ba1dfc12,86ebabff-3329-403c-ae53-7102b0dc7831,6,2026-06-14 01:35:00,Uber,Uber,181.0,EGRESO,EFECTIVO,MXN
30929635-43d9-4a9d-bdf0-7bd6c482dbd6,950bb240-d014-403a-bd23-d2ae18663c05,17,2026-06-14 01:41:00,Colegiatura,Colegiatura,4538.0,EGRESO,APP_MOVIL,MXN
eb74732f-83f3-4140-a2fd-a9d5ca1c2dda,088735e5-4d0d-4706-a911-442edac351c2,4,2026-06-14 02:33:00,Max (HBO),Max (HBO),249.0,EGRESO,EFECTIVO,MXN
b88b6239-3897-49d1-b136-3f932040c315,d7073699-b1fd-4984-8380-c897f19b37c2,28,2026-06-14 04:19:00,Innvictus,Innvictus,681.0,EGRESO,EFECTIVO,MXN
20a447d5-c378-4a2a-8c26-bc464ef49ee3,8580b4dd-2321-42ff-8e88-0392056caa5c,10,2026-06-14 07:08:00,Compras Fisicas,Compras Fisicas,514.0,EGRESO,APP_MOVIL,MXN
cdb1ae93-4a23-4f93-a591-51d2f5b1579e,edeb6414-0b55-4e0a-bed2-b73a88276387,17,2026-06-14 08:48:00,Colegiatura,Colegiatura,6916.0,EGRESO,APP_MOVIL,MXN
d53d74b9-9df4-45b3-9b0c-32d1fc370604,0e2604b4-11e5-4452-8748-64aa92f9ca8f,24,2026-06-14 10:43:00,NYX Cosmetics,NYX Cosmetics,877.0,EGRESO,APP_MOVIL,MXN
2ca0c20a-fb98-47b6-8312-ad0bbf065a75,e77722c3-ca39-4480-832f-f90fbc2402a7,7,2026-06-14 11:11:00,Electricidad,Electricidad,1771.0,EGRESO,EFECTIVO,MXN
f16a7094-766c-4602-a251-9cc983f81216,fe494458-2541-481f-bb69-2bcb8e182795,34,2026-06-14 11:16:00,Epic Games Store,Epic Games Store,1550.0,EGRESO,TRANSFERENCIA,MXN
9ab3b29d-5db2-4b7c-af4f-707a63a66851,b1df054d-9d22-4d28-b46d-87390f12a902,14,2026-06-14 11:18:00,Renta,Renta,11557.0,EGRESO,EFECTIVO,MXN
c3c7b2c2-f656-4821-94af-ee204fb1bdb5,ec1a1f42-1c5f-492f-919f-08cacfcb0039,1,2026-06-14 11:22:00,Transferencia Recibida,Transferencia Recibida,1276.0,INGRESO,TRANSFERENCIA,MXN
3063090f-28e5-423c-8926-f6e68349d2ff,d7b98250-11d8-4b40-a1fd-44ae5b3e0d2a,15,2026-06-14 12:23:00,Multa de Transito,Multa de Transito,2280.0,EGRESO,APP_MOVIL,MXN
54b475fa-b99b-426b-a64f-173055552ea9,36ee8608-fe5c-4530-b7cf-d13801c08072,1,2026-06-14 14:35:00,Nomina,Nomina,15866.33,INGRESO,TRANSFERENCIA,MXN
09d4eea2-71d8-4825-bb0c-eb67b2c6aaff,287b9cdc-edd5-4342-a5fb-5148aeea5b6c,1,2026-06-14 14:36:00,Nomina,Nomina,5392.11,INGRESO,TRANSFERENCIA,MXN
69d4542f-09e0-4951-ae48-c6bfa1ed5e57,2f4e7259-c7d0-4f8e-b408-fbed59254881,31,2026-06-14 15:20:00,Mercado Libre,Mercado Libre,893.0,EGRESO,APP_MOVIL,MXN
52a42059-3f13-4ac9-b03f-ec1f69e67abe,7059c9c8-532b-4bfe-a72e-0c9aa55e75da,7,2026-06-14 15:35:00,Electricidad,Electricidad,923.0,EGRESO,EFECTIVO,MXN
889554c5-8ade-4493-b8b4-31140b71221b,4a021a05-bacc-4ded-98e4-6ba1343b83b4,8,2026-06-14 16:33:00,Herramientas,Herramientas,2143.0,EGRESO,APP_MOVIL,MXN
15793cc8-1d21-4177-b720-73bf2028caad,4c903803-6f89-4498-ac48-9cac84de61c7,1,2026-06-14 16:41:00,Transferencia Recibida,Transferencia Recibida,4711.0,INGRESO,TRANSFERENCIA,MXN
2c4184b4-731a-4a67-bf8a-8d069e012a2f,591ef66e-c411-40c1-95e6-b23f8169be61,21,2026-06-14 16:47:00,Metrobus,Metrobus,6.0,EGRESO,TRANSFERENCIA,MXN
ee0947c2-5594-4e6d-a879-fbbcbbdcc13b,78415f42-edd9-4039-abee-f38499ffc380,25,2026-06-14 18:24:00,Palacio de Hierro,Palacio de Hierro,492.0,EGRESO,TRANSFERENCIA,MXN
713b1b59-55b8-4969-b34f-71e23390301c,c0c2ffc0-3d5f-4e4f-99f2-884a8a2621f5,26,2026-06-14 18:27:00,Farmacias Guadalajara,Farmacias Guadalajara,526.0,EGRESO,TRANSFERENCIA,MXN
916ab689-7895-4583-b7b9-e58987c2c327,e6f6e0cb-d25d-473f-9f7b-b942a476f005,13,2026-06-14 19:30:00,Andrea,Andrea,2273.0,EGRESO,EFECTIVO,MXN
54082621-671b-48bf-87a3-1eeaf4b2954e,f2e52e1f-1d7b-4214-a1ee-83e8b98918f0,23,2026-06-14 19:38:00,GNP Seguros,GNP Seguros,388.0,EGRESO,APP_MOVIL,MXN
37a67be2-c294-4f0e-b151-5d01c55f988e,c56eb014-1de6-4df3-9cc5-45132bbf6942,3,2026-06-14 19:51:00,Walmart,Walmart,1503.0,EGRESO,TRANSFERENCIA,MXN
ddf3ccfb-043f-4945-9ca2-7f8ee7a7d9f7,950bb240-d014-403a-bd23-d2ae18663c05,10,2026-06-14 21:33:00,Compras Fisicas,Compras Fisicas,975.0,EGRESO,TRANSFERENCIA,MXN
1080d4eb-1d50-4930-886d-f3a9fb69d5c5,5057339d-f49e-4d1c-beae-6ced3a7c148f,6,2026-06-14 22:06:00,Cabify,Cabify,38.0,EGRESO,APP_MOVIL,MXN
9c143c2c-d7d9-451a-ad26-a445c29ad631,e4f9aabd-8595-4a2d-84b2-3d54a4541fdc,17,2026-06-15 00:05:00,Colegiatura,Colegiatura,7796.0,EGRESO,TRANSFERENCIA,MXN
fdf02cbe-7a49-4064-9f35-a88f70b0247c,3e5b598d-bd6d-4076-8922-5940bc6d277c,25,2026-06-15 01:48:00,Palacio de Hierro,Palacio de Hierro,355.0,EGRESO,APP_MOVIL,MXN
5d3edcb3-a9df-4bb9-b211-6056dcb8f772,950bb240-d014-403a-bd23-d2ae18663c05,17,2026-06-15 02:27:00,Colegiatura,Colegiatura,3857.0,EGRESO,APP_MOVIL,MXN
7d27e2b0-9b9b-4f2d-98a1-e19175c194f0,d83b0edd-72db-47f8-a768-7d03bc7fa190,16,2026-06-15 02:29:00,Michael Kors,Michael Kors,2265.0,EGRESO,APP_MOVIL,MXN
7e01eff5-bc54-4cd3-8837-6dd5afc1f1f5,0d4d9d7a-2ce4-4002-abe0-031b288ff53c,30,2026-06-15 02:31:00,Salon de Belleza,Salon de Belleza,293.0,EGRESO,EFECTIVO,MXN
09f6088a-5ff6-4082-9ead-a2db0812e46d,460819f1-3e7b-4a18-b9bb-4a991973ca55,1,2026-06-15 02:51:00,Transferencia Recibida,Transferencia Recibida,3294.0,INGRESO,TRANSFERENCIA,MXN
d655be30-771d-4258-aaf5-8d326eac30d6,7489af6c-154c-4eef-b7af-50397bd6b848,2,2026-06-15 03:03:00,Bus,Bus,8.0,EGRESO,TRANSFERENCIA,MXN
3ce8b3df-f303-4e1d-9973-2a5345f0250c,0d4d9d7a-2ce4-4002-abe0-031b288ff53c,20,2026-06-15 03:49:00,Restaurante Local,Restaurante Local,556.0,EGRESO,EFECTIVO,MXN
c5dac496-67b7-4eb3-88c4-be632c7483a0,2f4e7259-c7d0-4f8e-b408-fbed59254881,9,2026-06-15 05:44:00,Movistar,Movistar,100.0,EGRESO,TRANSFERENCIA,MXN
41cd6743-17ea-4312-8396-f78f76ddad72,cc302a48-1c7f-4cd5-8095-557e5f3ee43f,9,2026-06-15 05:49:00,Movistar,Movistar,150.0,EGRESO,APP_MOVIL,MXN
0f431fd7-733d-45b3-89bc-1cbeeaab9dfb,1d78859f-eed0-4406-a7a8-ac62bfe90145,1,2026-06-15 08:32:00,Nomina,Nomina,7160.61,INGRESO,TRANSFERENCIA,MXN
8f786215-1ad6-419d-87aa-b3aa5c9342bf,7489af6c-154c-4eef-b7af-50397bd6b848,1,2026-06-15 08:41:00,Nomina,Nomina,7457.35,INGRESO,TRANSFERENCIA,MXN
77d2f6f0-e8be-49ef-aac4-2cbbbde901b3,367901a5-f293-400f-8969-224db4f3e99e,26,2026-06-15 10:01:00,Farmacias Similares,Farmacias Similares,848.0,EGRESO,EFECTIVO,MXN
73909233-9c56-4bf6-8c77-f4c07213818a,0aa2518e-377e-4305-9b5c-0f8e0f802f9e,15,2026-06-15 10:43:00,Multa de Transito,Multa de Transito,3932.0,EGRESO,EFECTIVO,MXN
7ef82f9d-b518-4dd1-a153-eb8beea87fb0,efb35f92-a96e-40cb-9ba4-a3d3670133ab,31,2026-06-15 11:26:00,Mercado Libre,Mercado Libre,2314.0,EGRESO,APP_MOVIL,MXN
7a781b9d-8943-4837-a347-221ae1320fd3,287b9cdc-edd5-4342-a5fb-5148aeea5b6c,2,2026-06-15 11:52:00,Bus,Bus,9.5,EGRESO,TRANSFERENCIA,MXN
c66d64f1-51e9-4921-b1d6-57962d68be1a,b8a2aeb0-77bc-4f93-87a4-dbd5d9aae0e9,25,2026-06-15 12:41:00,Palacio de Hierro,Palacio de Hierro,529.0,EGRESO,EFECTIVO,MXN
dc19bc6b-da19-4921-8ad0-5f44db8c5525,78415f42-edd9-4039-abee-f38499ffc380,18,2026-06-15 16:21:00,Izzi,Izzi,649.0,EGRESO,APP_MOVIL,MXN
64e05701-756d-446f-9f33-e2490523f7cf,2d45cb4c-8380-477e-93dc-7ad4055949fe,3,2026-06-15 16:25:00,Chedraui,Chedraui,3649.0,EGRESO,TRANSFERENCIA,MXN
b7b95ba8-4002-4e60-8af7-0e86b294e69b,d1015873-9015-4bb6-ad9c-9c10c7fbccaa,28,2026-06-15 16:47:00,Deportes Marti,Deportes Marti,900.0,EGRESO,EFECTIVO,MXN
940095ba-85fa-4437-bf42-207298ff2233,062fd77f-ba97-4763-bff4-0bc64c0b9db9,14,2026-06-15 19:33:00,Renta,Renta,12518.0,EGRESO,APP_MOVIL,MXN
9eb79934-e40a-4e76-a029-03d9c267e798,d660ddf9-6ba0-4a64-88ea-5d41f61fcefb,30,2026-06-15 20:46:00,Salon de Belleza,Salon de Belleza,426.0,EGRESO,TRANSFERENCIA,MXN
d2bc5f4f-cc0f-45ef-a7bd-c5a6a616b811,8d64339b-b475-44e4-bf62-e45215d1ea8f,28,2026-06-15 22:05:00,Deportes Marti,Deportes Marti,243.0,EGRESO,EFECTIVO,MXN
0929f478-59d4-4478-ba41-b30c9fd2f5c5,6d2288f2-a9dc-4bbd-b86b-33d48f2390dd,34,2026-06-15 22:10:00,Epic Games Store,Epic Games Store,1326.0,EGRESO,TRANSFERENCIA,MXN
9681a649-dca5-462f-b0c8-bea9e97f7d55,460819f1-3e7b-4a18-b9bb-4a991973ca55,30,2026-06-15 22:27:00,Salon de Belleza,Salon de Belleza,91.0,EGRESO,APP_MOVIL,MXN
3b792a36-92f8-4508-8412-32df4866cf6d,8d64339b-b475-44e4-bf62-e45215d1ea8f,3,2026-06-15 22:59:00,Costco,Costco,1224.0,EGRESO,APP_MOVIL,MXN
b4c651ff-062f-4e93-87bd-b3ddc545f08c,481fe99e-04d7-42b3-b696-00ef02353148,5,2026-06-16 00:41:00,Little Caesars,Little Caesars,961.0,EGRESO,TRANSFERENCIA,MXN
17feeff5-2691-421a-8194-66ffcf8d8f0d,007759d6-7e92-4216-8b0d-24e4b3bdc25c,3,2026-06-16 02:29:00,Bodega Aurrera,Bodega Aurrera,2458.0,EGRESO,APP_MOVIL,MXN
137d78f3-9066-4a83-b9ea-430934624407,27184bbc-330d-4cfd-a78f-c17d51279685,29,2026-06-16 03:11:00,Viajes,Viajes,2300.0,EGRESO,EFECTIVO,MXN
42bb8c77-396b-4bac-823d-95b7434cfe70,fe494458-2541-481f-bb69-2bcb8e182795,22,2026-06-16 03:44:00,Pemex,Pemex,289.0,EGRESO,APP_MOVIL,MXN
f0638875-a671-4f9b-9179-1b90d86d445c,37060ad3-4bfd-4b62-86a5-6c3b7241f7b3,19,2026-06-16 05:14:00,Mantenimiento Automotriz,Mantenimiento Automotriz,1281.0,EGRESO,TRANSFERENCIA,MXN
bec40b4f-da37-41af-b266-ca65ee6a5312,950bb240-d014-403a-bd23-d2ae18663c05,34,2026-06-16 06:03:00,Epic Games Store,Epic Games Store,912.0,EGRESO,EFECTIVO,MXN
040f1fb4-eb04-4566-92d9-ae46fabb7cd4,d94896e7-da2e-4ebf-8861-0ed51d327133,1,2026-06-16 08:31:00,Nomina,Nomina,26746.7,INGRESO,TRANSFERENCIA,MXN
828c9c42-e551-4e01-a03e-69e7b0330d92,7c5b5dce-0577-471c-acd8-1c6806bbd6d1,1,2026-06-16 08:32:00,Nomina,Nomina,19152.83,INGRESO,TRANSFERENCIA,MXN
003e9774-7ce1-4c3f-81cf-9a17bd06a6e9,6d2288f2-a9dc-4bbd-b86b-33d48f2390dd,1,2026-06-16 10:28:00,Nomina,Nomina,7603.11,INGRESO,TRANSFERENCIA,MXN
0c095cc9-dab0-42d0-991a-3e460d2a40a3,87a8bdbd-1d61-4275-b187-80f960bd7983,1,2026-06-16 10:31:00,Nomina,Nomina,8751.14,INGRESO,TRANSFERENCIA,MXN
f3cc9738-4f41-4a1e-b2b5-299c1c41dcbe,4c903803-6f89-4498-ac48-9cac84de61c7,2,2026-06-16 11:17:00,Bus,Bus,100.0,EGRESO,APP_MOVIL,MXN
3ff4c762-193b-492e-a5f3-2b9e62226b3f,2ca34b24-a26a-4698-a4c6-7593f66ced33,6,2026-06-16 12:48:00,DiDi,DiDi,117.0,EGRESO,APP_MOVIL,MXN
181af7c7-b1ae-4056-8913-fc2f8491315d,af1d8cae-6064-4332-977d-e896264e20c2,25,2026-06-16 13:12:00,Liverpool,Liverpool,1949.0,EGRESO,APP_MOVIL,MXN
feb1ec55-d88e-408d-aa5e-743074695219,033eaacc-c1f9-412e-84cb-95b426d28b5c,30,2026-06-16 13:55:00,Salon de Belleza,Salon de Belleza,90.0,EGRESO,APP_MOVIL,MXN
4ab66e48-cd83-4b13-8e04-b9fc571c2a98,39f9edad-efb7-47c6-9841-c96e9b5d6e22,10,2026-06-16 14:29:00,Compras Fisicas,Compras Fisicas,1171.0,EGRESO,TRANSFERENCIA,MXN
48e7b18b-cfe5-4567-a58e-0065a9eb38a5,feb46172-c764-46f8-8955-33a46aebe6cc,20,2026-06-16 15:22:00,Starbucks,Starbucks,506.0,EGRESO,TRANSFERENCIA,MXN
c9bb91c9-147b-40d6-b70f-804238f7ccd3,6d2288f2-a9dc-4bbd-b86b-33d48f2390dd,23,2026-06-16 16:20:00,GNP Seguros,GNP Seguros,2976.0,EGRESO,APP_MOVIL,MXN
4d842dd2-2df4-4705-91f2-5eb8be982473,efb35f92-a96e-40cb-9ba4-a3d3670133ab,17,2026-06-16 16:22:00,Colegiatura,Colegiatura,6454.0,EGRESO,APP_MOVIL,MXN
4e646c75-5002-4d2f-9def-84cb753b4fed,6e3e2a99-1a3d-42fa-bfe5-52f057eccb2f,2,2026-06-16 16:37:00,Bus,Bus,8.0,EGRESO,APP_MOVIL,MXN
a86b07e6-f1b5-4504-8e59-e6e4be05cc46,e9f3e63d-6775-4b45-9daf-9722ec25fbe3,31,2026-06-16 18:30:00,Amazon,Amazon,1484.0,EGRESO,APP_MOVIL,MXN
07143d4c-9a45-4f18-a7ee-61e467df6424,27184bbc-330d-4cfd-a78f-c17d51279685,20,2026-06-16 18:51:00,Starbucks,Starbucks,,EGRESO,EFECTIVO,MXN
62d362ef-0ed1-4d27-9a3a-8ca867a487c4,78415f42-edd9-4039-abee-f38499ffc380,1,2026-06-16 19:23:00,Nomina,Nomina,5483.57,INGRESO,TRANSFERENCIA,MXN
27ae2a94-7197-4549-92c2-84b5b1522ec3,b1df054d-9d22-4d28-b46d-87390f12a902,3,2026-06-16 19:24:00,Chedraui,Chedraui,3165.0,EGRESO,EFECTIVO,MXN
e5d6d99c-f6a7-4ce0-8395-d1282a5e6e54,36bb528a-43a8-4008-8557-d3e3a5c94a6c,26,2026-06-16 20:25:00,Farmacias del Ahorro,Farmacias del Ahorro,291.0,EGRESO,EFECTIVO,MXN
e7e88566-b4b8-4737-9c1a-739e6b60e09a,7c74290c-b207-43d8-bcd5-14f069783b3b,29,2026-06-16 21:00:00,Viajes,Viajes,7808.0,EGRESO,APP_MOVIL,MXN
1469532b-6e0a-4eec-9681-438897796393,0aa2518e-377e-4305-9b5c-0f8e0f802f9e,18,2026-06-16 21:38:00,Totalplay,Totalplay,999.0,EGRESO,TRANSFERENCIA,MXN
89b92a01-0877-440c-b203-7ca2091a46df,062fd77f-ba97-4763-bff4-0bc64c0b9db9,20,2026-06-16 22:04:00,Restaurante Local,Restaurante Local,472.0,EGRESO,APP_MOVIL,MXN
675ad697-f096-4e20-b686-11bd36a09329,e4814a6c-08b2-4b08-99dd-d9e29211ea72,16,2026-06-16 23:14:00,Coach,Coach,1629.0,EGRESO,EFECTIVO,MXN
56b60e77-21f5-45e3-bbd2-318b1051c724,d660ddf9-6ba0-4a64-88ea-5d41f61fcefb,1,2026-06-17 01:29:00,Nomina,Nomina,7645.89,INGRESO,TRANSFERENCIA,MXN
67f90dcd-d268-46dc-bf23-6678d1aea8de,033eaacc-c1f9-412e-84cb-95b426d28b5c,26,2026-06-17 02:27:00,Farmacias Similares,Farmacias Similares,717.0,EGRESO,EFECTIVO,MXN
5065d6f8-aa9f-406c-857c-327b8b107f34,e4f9aabd-8595-4a2d-84b2-3d54a4541fdc,26,2026-06-17 03:22:00,Farmacias del Ahorro,Farmacias del Ahorro,675.0,EGRESO,APP_MOVIL,MXN
71de6f03-bc51-4af6-8cec-1af9508800b7,71c16233-5b03-45a3-b9d9-75dfce80f8cd,26,2026-06-17 04:16:00,Farmacias Guadalajara,Farmacias Guadalajara,332.0,EGRESO,TRANSFERENCIA,MXN
e7e4aee8-93e6-4490-b195-887f7cd53920,3e5b598d-bd6d-4076-8922-5940bc6d277c,4,2026-06-17 06:10:00,Amazon Prime,Amazon Prime,99.0,EGRESO,EFECTIVO,MXN
501b374b-ff3d-4b5c-9c1b-4d15ec0ed38e,4bb45633-ce6a-4e78-8b36-ab2143b9312a,8,2026-06-17 06:38:00,Herramientas,Herramientas,735.0,EGRESO,APP_MOVIL,MXN
0a7959ec-d4bc-4e3e-9c5e-b1862ed90433,d94896e7-da2e-4ebf-8861-0ed51d327133,4,2026-06-17 06:48:00,Apple TV+,Apple TV+,129.0,EGRESO,TRANSFERENCIA,MXN
a851580a-1e2e-4e65-b124-dba12eb44273,4a021a05-bacc-4ded-98e4-6ba1343b83b4,8,2026-06-17 07:17:00,Herramientas,Herramientas,615.0,EGRESO,APP_MOVIL,MXN
5f17d384-1544-4d6d-a6be-3a61e5b35a72,8d64339b-b475-44e4-bf62-e45215d1ea8f,9,2026-06-17 08:35:00,AT&T,AT&T,499.0,EGRESO,APP_MOVIL,MXN
47f36420-3e9d-488e-a634-fe80d51b7e25,1d7d3151-e6c5-479c-aa65-df54b837c324,1,2026-06-17 08:44:00,Nomina,Nomina,12892.03,INGRESO,TRANSFERENCIA,MXN
02bfbec0-0b65-44f5-a72d-cecfebf51338,d83b0edd-72db-47f8-a768-7d03bc7fa190,1,2026-06-17 12:04:00,Nomina,Nomina,9011.15,INGRESO,TRANSFERENCIA,MXN
084d4e93-baba-46d9-8487-253084f093df,d94896e7-da2e-4ebf-8861-0ed51d327133,20,2026-06-17 14:13:00,Cinepolis,Cinepolis,144.0,EGRESO,TRANSFERENCIA,MXN
c08cf914-9766-42e2-a70e-0e2eafa9ad15,1d78859f-eed0-4406-a7a8-ac62bfe90145,34,2026-06-17 15:03:00,Nintendo eShop,Nintendo eShop,864.0,EGRESO,TRANSFERENCIA,MXN
f01494ea-9cca-40f8-af39-2f7deac0b03a,af1d8cae-6064-4332-977d-e896264e20c2,1,2026-06-17 15:32:00,Transferencia Recibida,Transferencia Recibida,4526.0,INGRESO,TRANSFERENCIA,MXN
aed6e7ee-b650-41a3-9997-06e8e49ce4bc,2ca34b24-a26a-4698-a4c6-7593f66ced33,16,2026-06-17 15:32:00,Michael Kors,Michael Kors,347.0,EGRESO,APP_MOVIL,MXN
38bf6552-e234-48d7-a606-d21f9513e942,c9e1bb7a-b4b0-4880-88f1-2b90da359497,30,2026-06-17 15:35:00,Salon de Belleza,Salon de Belleza,491.0,EGRESO,APP_MOVIL,MXN
fbd6f1e7-1e58-40f2-8940-ff82e7f63da0,481fe99e-04d7-42b3-b696-00ef02353148,14,2026-06-17 16:04:00,Renta,Renta,7527.0,EGRESO,APP_MOVIL,MXN
86e5aff5-c93b-427e-ae1d-a2020dbbdfcf,e4f9aabd-8595-4a2d-84b2-3d54a4541fdc,8,2026-06-17 16:20:00,Herramientas,Herramientas,553.0,EGRESO,EFECTIVO,MXN
61be8699-6fb6-474f-975b-9df9d590bae5,6b2251e4-b804-4f13-898b-216c0c5ba9cc,10,2026-06-17 18:43:00,Compras Fisicas,Compras Fisicas,288.0,EGRESO,TRANSFERENCIA,MXN
4779a10d-cbc7-4193-aa8d-925e65a29236,27184bbc-330d-4cfd-a78f-c17d51279685,8,2026-06-17 19:48:00,Herramientas,Herramientas,2338.0,EGRESO,TRANSFERENCIA,MXN
6ee03bc1-8e25-4680-ac9f-f1ac73d0edb7,b5525d88-0da0-4036-a444-3e4f7a34128f,30,2026-06-17 21:00:00,Salon de Belleza,Salon de Belleza,479.0,EGRESO,TRANSFERENCIA,MXN
394bc003-cb95-4d0b-8aca-7ff3c18a7bff,2f5e4265-1e5f-4813-839b-50bf4accbd7e,1,2026-06-17 21:02:00,Nomina,Nomina,12835.78,INGRESO,TRANSFERENCIA,MXN
f252eb32-1c8b-4f96-a6c9-043e2be4b2bc,86d42cc6-6226-41a4-aa56-9a03fdc03387,8,2026-06-17 21:07:00,Herramientas,Herramientas,388.0,EGRESO,EFECTIVO,MXN
8d2a12b8-3de6-4082-a0b4-7e0f4302e5fb,460819f1-3e7b-4a18-b9bb-4a991973ca55,14,2026-06-17 21:34:00,Renta,Renta,11335.0,EGRESO,APP_MOVIL,MXN
e3cdfc56-f131-4833-9941-4f1e20afbdc4,e80f9cac-b03e-4fcb-a3f3-7f1c6286bc7b,22,2026-06-17 21:58:00,BP,BP,992.0,EGRESO,APP_MOVIL,MXN
88f40cc4-0857-4981-8afa-0aadb82dcc2b,4a021a05-bacc-4ded-98e4-6ba1343b83b4,12,2026-06-17 22:22:00,Barberia,Barberia,204.0,EGRESO,TRANSFERENCIA,MXN
fa86a5a8-c8ce-4048-960e-7b20e34ef5fc,f20e8816-f077-4abe-837b-b3e39ccf37eb,13,2026-06-17 22:44:00,Andrea,Andrea,2493.0,EGRESO,APP_MOVIL,MXN
9e108ac4-0a6c-4281-a03e-7f009d7e4562,e80f9cac-b03e-4fcb-a3f3-7f1c6286bc7b,1,2026-06-17 23:53:00,Nomina,Nomina,20509.5,INGRESO,TRANSFERENCIA,MXN
148d9d3d-ae64-403a-8709-342c79eec57c,950bb240-d014-403a-bd23-d2ae18663c05,7,2026-06-18 00:08:00,Electricidad,Electricidad,,EGRESO,TRANSFERENCIA,MXN
659d6fc7-53f5-4689-a274-33f6482381f9,1d78859f-eed0-4406-a7a8-ac62bfe90145,11,2026-06-18 00:28:00,Metro,Metro,5.0,EGRESO,TRANSFERENCIA,MXN
9d3e48cb-663d-4a52-88c1-848de7fc709f,2f5e4265-1e5f-4813-839b-50bf4accbd7e,26,2026-06-18 00:39:00,Farmacias del Ahorro,Farmacias del Ahorro,742.0,EGRESO,TRANSFERENCIA,MXN
d71fe323-06e9-497b-bd88-151f06398d41,0e2604b4-11e5-4452-8748-64aa92f9ca8f,23,2026-06-18 00:49:00,GNP Seguros,GNP Seguros,2674.0,EGRESO,APP_MOVIL,MXN
e25d1c7e-da4f-4e9e-aeec-468d3cba28b8,edeb6414-0b55-4e0a-bed2-b73a88276387,31,2026-06-18 03:04:00,Mercado Libre,Mercado Libre,910.0,EGRESO,EFECTIVO,MXN
ec44fa1a-5f8e-403c-a74f-53b4ae21ae51,e4f9aabd-8595-4a2d-84b2-3d54a4541fdc,22,2026-06-18 03:36:00,Oxxo Gas,Oxxo Gas,941.0,EGRESO,EFECTIVO,MXN
3e095f0b-288a-4374-a419-52ff2f7caf59,9ebdcad6-2344-4fb6-873b-906defca570a,33,2026-06-18 04:14:00,Agua,Agua,813.0,EGRESO,TRANSFERENCIA,MXN
c5bb438e-01fc-45cd-b028-67f256fba328,4bb45633-ce6a-4e78-8b36-ab2143b9312a,28,2026-06-18 04:32:00,Deportes Marti,Deportes Marti,826.0,EGRESO,APP_MOVIL,MXN
1233180e-1655-4fe7-be0b-f12d5b1ad5b2,169f4be3-cc0f-4b41-8a79-77865835d095,1,2026-06-18 04:35:00,Transferencia Recibida,Transferencia Recibida,3800.0,INGRESO,TRANSFERENCIA,MXN
2a869943-91f0-4215-aad1-0c7be0ad0cc8,a016e16f-7680-4d69-8958-9b2a62b35431,6,2026-06-18 05:17:00,Uber,Uber,39.0,EGRESO,TRANSFERENCIA,MXN
031a1a1b-2d90-4c19-a783-74da64138c0b,e4814a6c-08b2-4b08-99dd-d9e29211ea72,4,2026-06-18 05:33:00,Amazon Prime,Amazon Prime,99.0,EGRESO,APP_MOVIL,MXN
64b9e69e-3237-4ae0-a13a-670a323a783a,8ae451d5-4e82-4ced-8bbc-cee19fedccda,5,2026-06-18 08:33:00,Little Caesars,Little Caesars,197.0,EGRESO,TRANSFERENCIA,MXN
22d533d9-569a-4416-9265-f054a1944204,fe494458-2541-481f-bb69-2bcb8e182795,34,2026-06-18 09:09:00,Nintendo eShop,Nintendo eShop,1478.0,EGRESO,APP_MOVIL,MXN
a50e443e-6cd3-444a-be40-7d1f81c8fd96,bacb91fd-e8d8-4aab-86af-be8542045bfc,12,2026-06-18 10:25:00,Barberia,Barberia,261.0,EGRESO,TRANSFERENCIA,MXN
ee3aba7f-0965-4f60-ae8e-3dc48dc99829,698259d6-1dc2-4996-bae9-8219285ebc59,20,2026-06-18 11:55:00,Restaurante Local,Restaurante Local,989.0,EGRESO,EFECTIVO,MXN
979530ac-62ba-4ccc-b1c9-2d1e2884a00f,d660ddf9-6ba0-4a64-88ea-5d41f61fcefb,10,2026-06-18 13:20:00,Compras Fisicas,Compras Fisicas,2392.0,EGRESO,APP_MOVIL,MXN
b6309ba7-9d5d-441c-b846-2ad795273b0c,287b9cdc-edd5-4342-a5fb-5148aeea5b6c,34,2026-06-18 15:03:00,Steam,Steam,1262.0,EGRESO,TRANSFERENCIA,MXN
a014c69f-49a1-49eb-ab7c-35efc39e4345,d660ddf9-6ba0-4a64-88ea-5d41f61fcefb,22,2026-06-18 16:27:00,Pemex,Pemex,877.0,EGRESO,EFECTIVO,MXN
ee860f5e-66b5-4e43-bf15-1db9afacc203,e9f3e63d-6775-4b45-9daf-9722ec25fbe3,11,2026-06-18 16:29:00,Metro,Metro,5.0,EGRESO,EFECTIVO,MXN
66616e4e-429e-4adc-ac16-f814db0e3324,481fe99e-04d7-42b3-b696-00ef02353148,1,2026-06-18 16:45:00,Nomina,Nomina,6227.44,INGRESO,TRANSFERENCIA,MXN
88dd3a06-ce59-4b70-bac6-cb521d1564ee,1d7d3151-e6c5-479c-aa65-df54b837c324,34,2026-06-18 17:37:00,Nintendo eShop,Nintendo eShop,1607.0,EGRESO,TRANSFERENCIA,MXN
e5319c7a-8e1e-4076-97b4-5800f30d4666,282aba8c-1169-402d-adbd-8a41f6676432,11,2026-06-18 18:19:00,Metro,Metro,50.0,EGRESO,TRANSFERENCIA,MXN
541cbfb5-fa75-48ee-8f72-5ea6327eb9b3,cb4d084d-d246-4f2e-847a-1132c5e51dc6,2,2026-06-18 18:37:00,Bus,Bus,9.5,EGRESO,EFECTIVO,MXN
beb3d3f8-dc72-40e7-86ac-589d0dd3affb,481fe99e-04d7-42b3-b696-00ef02353148,13,2026-06-18 18:45:00,Flexi,Flexi,2430.0,EGRESO,EFECTIVO,MXN
66e2a00b-bd3a-44d9-8eae-ecc1c01fa01a,2f5e4265-1e5f-4813-839b-50bf4accbd7e,1,2026-06-18 21:29:00,Nomina,Nomina,12835.78,INGRESO,TRANSFERENCIA,MXN
4e7fe4a1-4e50-46d2-aabf-e04092fbd0ff,2d45cb4c-8380-477e-93dc-7ad4055949fe,24,2026-06-18 22:35:00,NYX Cosmetics,NYX Cosmetics,427.0,EGRESO,EFECTIVO,MXN
946205d2-5eb0-4182-88a1-d106706f140d,9fa6af03-3f13-4285-852b-d389da76d928,28,2026-06-18 22:35:00,Decathlon,Decathlon,540.0,EGRESO,TRANSFERENCIA,MXN
aaf28314-f1f4-41e4-8c54-2ac25dfd14db,74a2259c-8ee4-4064-89cc-8a49fd390792,5,2026-06-18 23:11:00,McDonald's,McDonald's,960.0,EGRESO,EFECTIVO,MXN
6f0658b1-2f67-4ad9-8d86-d37c2709e80f,460819f1-3e7b-4a18-b9bb-4a991973ca55,24,2026-06-18 23:34:00,L'Oreal,L'Oreal,2275.0,EGRESO,EFECTIVO,MXN
2b9cea65-f3d7-4d82-bf94-5406d662b8f1,8d64339b-b475-44e4-bf62-e45215d1ea8f,12,2026-06-18 23:34:00,Barberia,Barberia,372.0,EGRESO,EFECTIVO,MXN
f369c6dd-696f-49bc-9746-30c7c1ed0e73,36bb528a-43a8-4008-8557-d3e3a5c94a6c,4,2026-06-19 02:01:00,Apple TV+,Apple TV+,129.0,EGRESO,APP_MOVIL,MXN
5c251337-0574-4fd8-9f9b-b36e22af3367,2d80c188-6489-4094-b09d-93b06a6b2935,6,2026-06-19 02:19:00,Cabify,Cabify,182.0,EGRESO,APP_MOVIL,MXN
d24f03c0-8111-4c0f-8499-ee7844bb844d,4c903803-6f89-4498-ac48-9cac84de61c7,10,2026-06-19 02:30:00,Compras Fisicas,Compras Fisicas,2097.0,EGRESO,EFECTIVO,MXN
64e64257-70d2-4f90-b97b-58a45a16a287,e6f6e0cb-d25d-473f-9f7b-b942a476f005,27,2026-06-19 05:15:00,Gas,Gas,298.0,EGRESO,EFECTIVO,MXN
76c1db42-2b5a-416b-9d0a-3655078fd41e,d7b98250-11d8-4b40-a1fd-44ae5b3e0d2a,11,2026-06-19 05:22:00,Metro,Metro,20.0,EGRESO,APP_MOVIL,MXN
5ae008f9-ba5e-48ab-82af-050cd8e53aee,4f6ff8db-53cf-4464-883b-02373ed58457,30,2026-06-19 05:25:00,Salon de Belleza,Salon de Belleza,221.0,EGRESO,APP_MOVIL,MXN
ccc2e859-1d40-4b0b-9466-3c1f6fffce2e,cb4d084d-d246-4f2e-847a-1132c5e51dc6,29,2026-06-19 05:54:00,Viajes,Viajes,6237.0,EGRESO,EFECTIVO,MXN
a9ea7098-f678-4d3b-badf-286a1c69a0c1,d7073699-b1fd-4984-8380-c897f19b37c2,18,2026-06-19 06:41:00,Totalplay,Totalplay,999.0,EGRESO,APP_MOVIL,MXN
e8931633-e608-452d-9509-3e308f5b9560,edeb6414-0b55-4e0a-bed2-b73a88276387,32,2026-06-19 09:09:00,PlayStation Network,PlayStation Network,1676.0,EGRESO,TRANSFERENCIA,MXN
06aad869-0e77-4899-87f7-91180736350e,3e5b598d-bd6d-4076-8922-5940bc6d277c,9,2026-06-19 09:20:00,Telcel,Telcel,349.0,EGRESO,TRANSFERENCIA,MXN
a16758c9-6909-456a-90c0-73ccd2c4a534,950bb240-d014-403a-bd23-d2ae18663c05,29,2026-06-19 09:54:00,Viajes,Viajes,2608.0,EGRESO,TRANSFERENCIA,MXN
a61922af-7a48-4fe6-8f9b-25db90942200,e4814a6c-08b2-4b08-99dd-d9e29211ea72,9,2026-06-19 09:58:00,Movistar,Movistar,299.0,EGRESO,APP_MOVIL,MXN
e21df83c-8f76-4436-a164-bdf43b638e3b,033eaacc-c1f9-412e-84cb-95b426d28b5c,19,2026-06-19 11:06:00,Mantenimiento Automotriz,Mantenimiento Automotriz,3083.0,EGRESO,EFECTIVO,MXN
ea4c32a5-d89e-4ce2-8523-646b157053fb,36bb528a-43a8-4008-8557-d3e3a5c94a6c,15,2026-06-19 11:25:00,Multa de Transito,Multa de Transito,2636.0,EGRESO,APP_MOVIL,MXN
52bfaea2-901a-4a42-9bf6-5870f66429ce,c0c2ffc0-3d5f-4e4f-99f2-884a8a2621f5,1,2026-06-19 12:21:00,Transferencia Recibida,Transferencia Recibida,339.0,INGRESO,TRANSFERENCIA,MXN
08fe4988-af7f-4de0-ad01-047d6aa3fe3f,2f4e7259-c7d0-4f8e-b408-fbed59254881,3,2026-06-19 12:24:00,Chedraui,Chedraui,3552.0,EGRESO,TRANSFERENCIA,MXN
12de1578-ce70-4009-a140-76b27727aa62,d83b0edd-72db-47f8-a768-7d03bc7fa190,4,2026-06-19 12:53:00,Disney+,Disney+,299.0,EGRESO,EFECTIVO,MXN
2d4ab83c-1c06-4744-a4df-d633c02202ba,e4814a6c-08b2-4b08-99dd-d9e29211ea72,13,2026-06-19 13:39:00,Andrea,Andrea,260.0,EGRESO,APP_MOVIL,MXN
921731c7-cdfe-42f3-9ca8-e328bc692b47,7489af6c-154c-4eef-b7af-50397bd6b848,2,2026-06-19 13:59:00,Bus,Bus,15.0,EGRESO,EFECTIVO,MXN
192599bb-1c1e-487a-9ca5-2f1048395c85,d660ddf9-6ba0-4a64-88ea-5d41f61fcefb,1,2026-06-19 14:11:00,Nomina,Nomina,7645.89,INGRESO,TRANSFERENCIA,MXN
f7aa3692-08c9-41e9-b564-566123a99c6f,ec1a1f42-1c5f-492f-919f-08cacfcb0039,23,2026-06-19 14:33:00,GNP Seguros,GNP Seguros,1317.0,EGRESO,TRANSFERENCIA,MXN
de166610-6c5f-4131-80b1-b9cfae38fc78,7c5b5dce-0577-471c-acd8-1c6806bbd6d1,26,2026-06-19 15:16:00,Farmacias Similares,Farmacias Similares,454.0,EGRESO,TRANSFERENCIA,MXN
0249eef0-5837-44ca-bbc7-c06058e75180,6d2288f2-a9dc-4bbd-b86b-33d48f2390dd,1,2026-06-19 17:03:00,Nomina,Nomina,7603.11,INGRESO,TRANSFERENCIA,MXN
84a9c5e5-c612-47e7-b780-8239e6e5e991,6b2251e4-b804-4f13-898b-216c0c5ba9cc,28,2026-06-19 17:46:00,Decathlon,Decathlon,229.0,EGRESO,APP_MOVIL,MXN
6c5c1dc8-9a64-41b9-9c32-014b66d24103,2f4e7259-c7d0-4f8e-b408-fbed59254881,32,2026-06-19 20:01:00,Xbox Live,Xbox Live,1018.0,EGRESO,TRANSFERENCIA,MXN
285a57c3-5adc-413e-9d3f-68b0bae500c3,c49c8bf6-2d71-40b9-8f87-363b870b0dfd,21,2026-06-19 20:14:00,Metrobus,Metrobus,6.0,EGRESO,EFECTIVO,MXN
416dd9bd-c7be-42cd-b34f-967cf1e81071,b5525d88-0da0-4036-a444-3e4f7a34128f,1,2026-06-19 20:35:00,Nomina,Nomina,12784.53,INGRESO,TRANSFERENCIA,MXN
971e47d5-6ec8-4aa9-a0a6-a22a57c00dd8,2ca34b24-a26a-4698-a4c6-7593f66ced33,26,2026-06-19 21:31:00,Farmacias Guadalajara,Farmacias Guadalajara,361.0,EGRESO,APP_MOVIL,MXN
00a45372-1403-4687-88d6-7cd63e5295c0,39f9edad-efb7-47c6-9841-c96e9b5d6e22,14,2026-06-19 21:43:00,Renta,Renta,6008.0,EGRESO,TRANSFERENCIA,MXN
19286da7-7730-413a-8529-3e4ba1e5ffa3,4bb45633-ce6a-4e78-8b36-ab2143b9312a,25,2026-06-19 21:55:00,Palacio de Hierro,Palacio de Hierro,509.0,EGRESO,APP_MOVIL,MXN
feb1c56f-1a59-444a-be72-610a9353e8cd,698259d6-1dc2-4996-bae9-8219285ebc59,2,2026-06-19 22:08:00,Bus,Bus,100.0,EGRESO,TRANSFERENCIA,MXN
8290fe59-fb2d-45f3-8d18-fb9788e15294,d94896e7-da2e-4ebf-8861-0ed51d327133,34,2026-06-19 22:16:00,Epic Games Store,Epic Games Store,562.0,EGRESO,EFECTIVO,MXN
ee301e0a-a6b3-4c7f-9344-455d6b3ef922,282aba8c-1169-402d-adbd-8a41f6676432,29,2026-06-19 22:44:00,Viajes,Viajes,,EGRESO,TRANSFERENCIA,MXN
b2de2b52-150e-406b-8648-2dea849f5fd0,e77722c3-ca39-4480-832f-f90fbc2402a7,29,2026-06-19 23:51:00,Viajes,Viajes,3622.0,EGRESO,APP_MOVIL,MXN
931c8cc8-dc20-44ff-bc54-df1346f0d60f,287b9cdc-edd5-4342-a5fb-5148aeea5b6c,29,2026-06-20 01:27:00,Viajes,Viajes,5234.0,EGRESO,APP_MOVIL,MXN
56cce4a4-439a-4e17-929f-cbbe5fb6e38e,86ebabff-3329-403c-ae53-7102b0dc7831,21,2026-06-20 03:38:00,Metrobus,Metrobus,50.0,EGRESO,EFECTIVO,MXN
772d4f05-f97c-480a-a303-f8d7ab1c7fb5,4a021a05-bacc-4ded-98e4-6ba1343b83b4,33,2026-06-20 04:13:00,Agua,Agua,1394.0,EGRESO,TRANSFERENCIA,MXN
a79d8ad1-1bb9-4b58-be61-9a1726eef226,a5264eb8-0d47-44e1-b1b3-6e0a2018f25f,11,2026-06-20 06:33:00,Metro,Metro,20.0,EGRESO,APP_MOVIL,MXN
66bf7ca6-e047-40ed-b8d9-f6e72f162ab4,b1df054d-9d22-4d28-b46d-87390f12a902,7,2026-06-20 06:35:00,Electricidad,Electricidad,985.0,EGRESO,EFECTIVO,MXN
69da9a39-1f3e-428f-8631-f706c51cc20f,27184bbc-330d-4cfd-a78f-c17d51279685,1,2026-06-20 07:04:00,Transferencia Recibida,Transferencia Recibida,3062.0,INGRESO,TRANSFERENCIA,MXN
32aa033d-3669-4acc-aab3-2afd89444a2f,0d4d9d7a-2ce4-4002-abe0-031b288ff53c,4,2026-06-20 07:28:00,Disney+,Disney+,219.0,EGRESO,EFECTIVO,MXN
8ac75b26-8938-49c7-877e-1bbc46c5efab,86d42cc6-6226-41a4-aa56-9a03fdc03387,32,2026-06-20 08:09:00,PlayStation Network,PlayStation Network,691.0,EGRESO,APP_MOVIL,MXN
3530e00f-f9c1-401e-9955-3e00e1b7befa,f2e52e1f-1d7b-4214-a1ee-83e8b98918f0,11,2026-06-20 10:38:00,Metro,Metro,50.0,EGRESO,EFECTIVO,MXN
6c44e23b-b921-4309-b3c6-676746d742a2,af1d8cae-6064-4332-977d-e896264e20c2,26,2026-06-20 11:50:00,Farmacias Guadalajara,Farmacias Guadalajara,525.0,EGRESO,APP_MOVIL,MXN
b7a02d72-799a-425f-a74f-e5cebeb6d4c3,7f2f8daa-dfc2-4ad0-9c49-d90ffa6ae04b,7,2026-06-20 14:21:00,Electricidad,Electricidad,161.0,EGRESO,APP_MOVIL,MXN
fb12a595-5515-4a3e-bc4e-9bfb95eb5960,9fa6af03-3f13-4285-852b-d389da76d928,11,2026-06-20 15:30:00,Metro,Metro,20.0,EGRESO,APP_MOVIL,MXN
36bf4ea0-040a-4f6b-92d5-22ce2eaccfa7,86ebabff-3329-403c-ae53-7102b0dc7831,32,2026-06-20 16:04:00,Xbox Live,Xbox Live,600.0,EGRESO,EFECTIVO,MXN
86f1eeaf-cb43-4f97-ab4a-8ffaf0e7965d,287b9cdc-edd5-4342-a5fb-5148aeea5b6c,10,2026-06-20 16:39:00,Compras Fisicas,Compras Fisicas,2125.0,EGRESO,EFECTIVO,MXN
34a2b8a8-d349-4c50-8c3e-154dd1efc1f5,1d7d3151-e6c5-479c-aa65-df54b837c324,31,2026-06-20 16:54:00,Amazon,Amazon,1811.0,EGRESO,APP_MOVIL,MXN
eeeb9a6c-7325-4c6f-aa2f-bb88afb22d15,4f6ff8db-53cf-4464-883b-02373ed58457,1,2026-06-20 16:58:00,Nomina,Nomina,5586.06,INGRESO,TRANSFERENCIA,MXN
43d9d2ed-8210-4ff6-8482-4061d6e331bd,7f2f8daa-dfc2-4ad0-9c49-d90ffa6ae04b,13,2026-06-20 17:12:00,Andrea,Andrea,1592.0,EGRESO,APP_MOVIL,MXN
f7bb495b-5fe0-4ced-bd9b-9db40964b505,37060ad3-4bfd-4b62-86a5-6c3b7241f7b3,23,2026-06-20 17:55:00,Qualitas,Qualitas,3724.0,EGRESO,EFECTIVO,MXN
e608db71-c1dd-4711-8cb1-f16c6283acad,e6f6e0cb-d25d-473f-9f7b-b942a476f005,1,2026-06-20 18:07:00,Nomina,Nomina,8515.98,INGRESO,TRANSFERENCIA,MXN
c19e4cf1-653f-4bb5-83ac-c8e61e5fd98d,b8a2aeb0-77bc-4f93-87a4-dbd5d9aae0e9,4,2026-06-20 20:19:00,Amazon Prime,Amazon Prime,99.0,EGRESO,APP_MOVIL,MXN
c6b3da6b-7b52-4b80-89ea-c9a09366cc22,d7073699-b1fd-4984-8380-c897f19b37c2,32,2026-06-20 20:29:00,PlayStation Network,PlayStation Network,1084.0,EGRESO,APP_MOVIL,MXN
f8d95950-5d43-4c46-a2b1-9304981d791c,ef403853-e247-49d9-9751-bf46943b3d76,11,2026-06-20 21:25:00,Metro,Metro,5.0,EGRESO,APP_MOVIL,MXN
63805f90-7544-4632-839f-59f74016cf85,feb46172-c764-46f8-8955-33a46aebe6cc,1,2026-06-20 21:27:00,Transferencia Recibida,Transferencia Recibida,4744.0,INGRESO,TRANSFERENCIA,MXN
c2201958-909d-42c4-8ee9-633fe088a5af,c49c8bf6-2d71-40b9-8f87-363b870b0dfd,33,2026-06-20 22:05:00,Agua,Agua,486.0,EGRESO,TRANSFERENCIA,MXN
f87c2a32-00bb-4186-900e-e70a5f3d3f31,5057339d-f49e-4d1c-beae-6ced3a7c148f,24,2026-06-20 22:06:00,Maybelline,Maybelline,1606.0,EGRESO,TRANSFERENCIA,MXN
e511e233-f508-43b7-82ed-d8a74d1b5460,b6ca9d87-476a-4c5d-83ca-7693a6527a9c,29,2026-06-21 00:09:00,Viajes,Viajes,4499.0,EGRESO,TRANSFERENCIA,MXN
c591a0b3-89ff-44b9-903b-8593c0f5cd31,481fe99e-04d7-42b3-b696-00ef02353148,20,2026-06-21 01:49:00,Cinepolis,Cinepolis,417.0,EGRESO,APP_MOVIL,MXN
44318c5b-c0f0-43ca-93bc-549a04883d80,fe494458-2541-481f-bb69-2bcb8e182795,11,2026-06-21 02:29:00,Metro,Metro,50.0,EGRESO,TRANSFERENCIA,MXN
c4170fd3-a52c-496f-a5eb-865732cc648d,e80f9cac-b03e-4fcb-a3f3-7f1c6286bc7b,25,2026-06-21 02:42:00,Palacio de Hierro,Palacio de Hierro,518.0,EGRESO,TRANSFERENCIA,MXN
f90ff0d7-4401-43d1-a1b6-b45e601d3046,af1d8cae-6064-4332-977d-e896264e20c2,34,2026-06-21 03:01:00,Steam,Steam,835.0,EGRESO,APP_MOVIL,MXN
67946e3a-f846-432f-bd49-640df094cde2,37060ad3-4bfd-4b62-86a5-6c3b7241f7b3,18,2026-06-21 04:53:00,Infinitum,Infinitum,499.0,EGRESO,APP_MOVIL,MXN
a287430f-eb1f-487c-a2db-f593a267e8e0,b1df054d-9d22-4d28-b46d-87390f12a902,9,2026-06-21 05:18:00,AT&T,AT&T,599.0,EGRESO,EFECTIVO,MXN
5b69a2a2-ffa7-4c82-8456-c6fb5c372755,8d64339b-b475-44e4-bf62-e45215d1ea8f,1,2026-06-21 05:27:00,Nomina,Nomina,9243.75,INGRESO,TRANSFERENCIA,MXN
86938a90-b634-4c37-b6f9-01cc424bae0c,2d80c188-6489-4094-b09d-93b06a6b2935,14,2026-06-21 07:37:00,Renta,Renta,12127.0,EGRESO,TRANSFERENCIA,MXN
66d32612-1663-4444-a891-ebcc49ff71a3,367901a5-f293-400f-8969-224db4f3e99e,1,2026-06-21 08:39:00,Nomina,Nomina,12578.35,INGRESO,TRANSFERENCIA,MXN
4cc0b9cd-0d6d-4743-aa7a-849d3e9d204e,1d78859f-eed0-4406-a7a8-ac62bfe90145,10,2026-06-21 08:57:00,Compras Fisicas,Compras Fisicas,1646.0,EGRESO,EFECTIVO,MXN
d40f1023-d5cb-41ff-9d3c-cd1c2cff2b4f,088735e5-4d0d-4706-a911-442edac351c2,28,2026-06-21 08:58:00,Innvictus,Innvictus,,EGRESO,APP_MOVIL,MXN
4d45b890-9764-47bd-abf8-881a56d940c1,2f4e7259-c7d0-4f8e-b408-fbed59254881,15,2026-06-21 09:52:00,Multa de Transito,Multa de Transito,1232.0,EGRESO,TRANSFERENCIA,MXN
b325fcdc-c11e-43e1-84a9-bcbe28cf6085,460819f1-3e7b-4a18-b9bb-4a991973ca55,9,2026-06-21 10:47:00,Movistar,Movistar,249.0,EGRESO,TRANSFERENCIA,MXN
308d41fa-d122-4045-b3a1-32679f1fabb9,c0c2ffc0-3d5f-4e4f-99f2-884a8a2621f5,32,2026-06-21 11:00:00,PlayStation Network,PlayStation Network,221.0,EGRESO,EFECTIVO,MXN
22798066-f633-435e-b751-945987f3683e,efb35f92-a96e-40cb-9ba4-a3d3670133ab,4,2026-06-21 12:16:00,Netflix,Netflix,219.0,EGRESO,APP_MOVIL,MXN
c78bc7ee-69f4-4535-aa55-b321a545638a,36bb528a-43a8-4008-8557-d3e3a5c94a6c,1,2026-06-21 12:33:00,Nomina,Nomina,8486.16,INGRESO,TRANSFERENCIA,MXN
71b851b8-0e31-4f6c-89bf-6c508f608e3d,7f2f8daa-dfc2-4ad0-9c49-d90ffa6ae04b,20,2026-06-21 12:42:00,Starbucks,Starbucks,430.0,EGRESO,TRANSFERENCIA,MXN
2bfa93ad-3668-4bcf-940f-7b81de7e8e4b,8580b4dd-2321-42ff-8e88-0392056caa5c,13,2026-06-21 14:49:00,Capa de Ozono,Capa de Ozono,702.0,EGRESO,EFECTIVO,MXN
beb4ae4d-9edd-4250-8d0f-4eea77420435,d7d4bd62-308e-4ac3-9ba9-582ec4beeeb0,33,2026-06-21 14:50:00,Agua,Agua,732.0,EGRESO,APP_MOVIL,MXN
bab80026-7af9-4122-970b-0422285d3001,1d78859f-eed0-4406-a7a8-ac62bfe90145,1,2026-06-21 17:06:00,Transferencia Recibida,Transferencia Recibida,4290.0,INGRESO,TRANSFERENCIA,MXN
f7c6009f-3dae-4432-aafe-9992931f7736,edeb6414-0b55-4e0a-bed2-b73a88276387,17,2026-06-21 17:36:00,Colegiatura,Colegiatura,5157.0,EGRESO,TRANSFERENCIA,MXN
91c80e77-d75d-4de8-a636-1f24bdbf975a,5057339d-f49e-4d1c-beae-6ced3a7c148f,1,2026-06-21 17:37:00,Nomina,Nomina,6184.68,INGRESO,TRANSFERENCIA,MXN
94bcca56-eee2-4d9c-9f0f-5b8bb2684dca,2d80c188-6489-4094-b09d-93b06a6b2935,12,2026-06-21 17:46:00,Barberia,Barberia,194.0,EGRESO,APP_MOVIL,MXN
2cf17c70-d826-4ef1-aaae-6c3af9a2fe02,0d4d9d7a-2ce4-4002-abe0-031b288ff53c,17,2026-06-21 18:06:00,Colegiatura,Colegiatura,5368.0,EGRESO,APP_MOVIL,MXN
45f391e2-bb21-4935-ba35-74045a9c5293,e6f6e0cb-d25d-473f-9f7b-b942a476f005,21,2026-06-21 18:43:00,Metrobus,Metrobus,6.0,EGRESO,TRANSFERENCIA,MXN
5b0181ef-ec97-4576-a4bb-2b561b81cb40,2d45cb4c-8380-477e-93dc-7ad4055949fe,5,2026-06-21 19:09:00,Little Caesars,Little Caesars,419.0,EGRESO,TRANSFERENCIA,MXN
057d8d07-156b-4702-93d0-5b54fedae3f9,033eaacc-c1f9-412e-84cb-95b426d28b5c,14,2026-06-21 19:38:00,Renta,Renta,6516.0,EGRESO,EFECTIVO,MXN
9d99b247-3878-46a7-a1fe-cef314a4b176,c9e1bb7a-b4b0-4880-88f1-2b90da359497,19,2026-06-21 19:55:00,Mantenimiento Automotriz,Mantenimiento Automotriz,1639.0,EGRESO,EFECTIVO,MXN
997e7493-cb92-4942-809c-a14009c702e8,698259d6-1dc2-4996-bae9-8219285ebc59,13,2026-06-21 21:01:00,Flexi,Flexi,,EGRESO,EFECTIVO,MXN
c76d8188-f689-4ad9-88ef-cf7e41ebfbb2,e6f6e0cb-d25d-473f-9f7b-b942a476f005,16,2026-06-21 22:10:00,Coach,Coach,603.0,EGRESO,TRANSFERENCIA,MXN
c08cd32a-0d52-414d-9d04-4ad2ea6e7995,78415f42-edd9-4039-abee-f38499ffc380,34,2026-06-21 22:32:00,Steam,Steam,,EGRESO,EFECTIVO,MXN
20450c6d-daa1-433c-b098-34b9a856b50a,8d64339b-b475-44e4-bf62-e45215d1ea8f,23,2026-06-21 22:40:00,Qualitas,Qualitas,989.0,EGRESO,APP_MOVIL,MXN
d583d0df-0d55-4e36-b436-50e896d70bbb,007759d6-7e92-4216-8b0d-24e4b3bdc25c,8,2026-06-21 23:14:00,Herramientas,Herramientas,2354.0,EGRESO,EFECTIVO,MXN
cea84880-0480-4121-962c-677996e9cf99,57a16ad2-8282-4a67-91ec-ebc90dee810e,34,2026-06-21 23:41:00,Epic Games Store,Epic Games Store,543.0,EGRESO,APP_MOVIL,MXN
13d75de6-2849-41e6-bafb-120725fb9811,b1df054d-9d22-4d28-b46d-87390f12a902,28,2026-06-21 23:59:00,Decathlon,Decathlon,178.0,EGRESO,EFECTIVO,MXN
bf39b9f0-1358-4197-9cbd-2bb02b7e7ab4,2d45cb4c-8380-477e-93dc-7ad4055949fe,15,2026-06-22 02:12:00,Multa de Transito,Multa de Transito,1900.0,EGRESO,APP_MOVIL,MXN
a59c2b1a-8c7a-4c82-9377-32ca6445750a,49c19272-4521-43eb-a5ed-ba309950965f,9,2026-06-22 03:49:00,Movistar,Movistar,150.0,EGRESO,EFECTIVO,MXN
22953a19-c487-495d-a467-cccc53bee035,6be93697-d5c5-49d1-8778-8abe58f5c5a3,4,2026-06-22 04:22:00,Amazon Prime,Amazon Prime,99.0,EGRESO,APP_MOVIL,MXN
2b5f8501-45cc-4b63-af37-6210db215a82,d7b98250-11d8-4b40-a1fd-44ae5b3e0d2a,14,2026-06-22 04:55:00,Renta,Renta,9145.0,EGRESO,APP_MOVIL,MXN
6feeb576-e24f-4cb4-9f9c-83fabc7bcfb0,39f9edad-efb7-47c6-9841-c96e9b5d6e22,28,2026-06-22 04:59:00,Deportes Marti,Deportes Marti,740.0,EGRESO,EFECTIVO,MXN
ff28ee28-d145-4fc7-8f49-111b22be528a,6b2251e4-b804-4f13-898b-216c0c5ba9cc,3,2026-06-22 06:54:00,Bodega Aurrera,Bodega Aurrera,2568.0,EGRESO,TRANSFERENCIA,MXN
2dfe0a1e-3c51-4f8c-b215-274615400592,b8a2aeb0-77bc-4f93-87a4-dbd5d9aae0e9,4,2026-06-22 07:15:00,Disney+,Disney+,139.0,EGRESO,EFECTIVO,MXN
cbbdaf92-5396-4d0d-bbaf-53060b7bd997,334ac887-2c2e-43f0-ac7f-4e80e3f22173,21,2026-06-22 07:23:00,Metrobus,Metrobus,6.0,EGRESO,APP_MOVIL,MXN
852d9eb0-7c29-4b23-af46-09324809b1cf,8580b4dd-2321-42ff-8e88-0392056caa5c,1,2026-06-22 12:01:00,Nomina,Nomina,4916.3,INGRESO,TRANSFERENCIA,MXN
31deab10-ba9d-4968-9827-bb83b0016945,d7d4bd62-308e-4ac3-9ba9-582ec4beeeb0,24,2026-06-22 12:06:00,Maybelline,Maybelline,1402.0,EGRESO,EFECTIVO,MXN
c14f6d7a-7472-4585-b3b7-53c4dbf22cea,f30fbc40-9703-4c31-b9a5-ab557c4b82c8,29,2026-06-22 12:22:00,Viajes,Viajes,11269.0,EGRESO,APP_MOVIL,MXN
fe62933f-bec3-4774-9946-abd75dbe45f6,287b9cdc-edd5-4342-a5fb-5148aeea5b6c,32,2026-06-22 13:07:00,Xbox Live,Xbox Live,233.0,EGRESO,APP_MOVIL,MXN
520c7f80-62d0-40d2-808d-e82348ad0fa1,7336ec17-03d6-4127-a085-cb3f799bd54e,34,2026-06-22 13:30:00,Epic Games Store,Epic Games Store,1457.0,EGRESO,APP_MOVIL,MXN
a2534b69-2159-4f91-92ea-7bf5cc8568f9,c0c2ffc0-3d5f-4e4f-99f2-884a8a2621f5,29,2026-06-22 14:19:00,Viajes,Viajes,9031.0,EGRESO,EFECTIVO,MXN
7584405e-187a-4420-a59f-0993381de080,d7073699-b1fd-4984-8380-c897f19b37c2,3,2026-06-22 14:44:00,Walmart,Walmart,849.0,EGRESO,APP_MOVIL,MXN
bc405255-cf22-4f1b-ae72-1b6212b9a6b0,d83b0edd-72db-47f8-a768-7d03bc7fa190,16,2026-06-22 17:23:00,Michael Kors,Michael Kors,2147.0,EGRESO,TRANSFERENCIA,MXN
fc18e6ba-43b7-43dc-9356-18c96b8d20d0,e6f6e0cb-d25d-473f-9f7b-b942a476f005,7,2026-06-22 18:21:00,Electricidad,Electricidad,1358.0,EGRESO,APP_MOVIL,MXN
d068594b-f996-4c6c-8c1e-3a6d289bb1bf,78415f42-edd9-4039-abee-f38499ffc380,1,2026-06-22 19:47:00,Nomina,Nomina,5483.57,INGRESO,TRANSFERENCIA,MXN
0b0126cc-357a-42e2-b8b8-ec4dacdce8ef,cc302a48-1c7f-4cd5-8095-557e5f3ee43f,11,2026-06-22 21:31:00,Metro,Metro,5.0,EGRESO,APP_MOVIL,MXN
5ba82bab-b759-46ad-b626-989d6c24f653,b1df054d-9d22-4d28-b46d-87390f12a902,4,2026-06-22 22:49:00,Disney+,Disney+,139.0,EGRESO,APP_MOVIL,MXN
8030aaec-d062-40ea-bc84-1b6cc9890e07,6be93697-d5c5-49d1-8778-8abe58f5c5a3,26,2026-06-22 23:00:00,Farmacias Guadalajara,Farmacias Guadalajara,326.0,EGRESO,APP_MOVIL,MXN
7a9f8aad-71f0-4851-8475-9fe5768a1749,37060ad3-4bfd-4b62-86a5-6c3b7241f7b3,12,2026-06-22 23:10:00,Barberia,Barberia,210.0,EGRESO,EFECTIVO,MXN
9e098733-1a3e-4102-aeb1-48562d520411,03e60ec2-d499-47cd-81fb-96e308403ecd,20,2026-06-22 23:16:00,Restaurante Local,Restaurante Local,957.0,EGRESO,TRANSFERENCIA,MXN
79e99251-925c-41ea-8016-9e00ddf7008b,e4f9aabd-8595-4a2d-84b2-3d54a4541fdc,8,2026-06-23 00:02:00,Herramientas,Herramientas,2164.0,EGRESO,APP_MOVIL,MXN
a4697d08-cda9-4b9e-94b7-0b0370b5f2d4,2f4e7259-c7d0-4f8e-b408-fbed59254881,12,2026-06-23 00:33:00,Barberia,Barberia,122.0,EGRESO,EFECTIVO,MXN
3ba92e75-a5c6-470e-b94c-a58793df391b,e4814a6c-08b2-4b08-99dd-d9e29211ea72,16,2026-06-23 02:09:00,Cloe,Cloe,834.0,EGRESO,APP_MOVIL,MXN
17d278f9-2bb7-4527-815a-f26634774e34,d94896e7-da2e-4ebf-8861-0ed51d327133,22,2026-06-23 03:09:00,Oxxo Gas,Oxxo Gas,1053.0,EGRESO,TRANSFERENCIA,MXN
6000692e-78d6-4c89-a322-928b1543e4c8,78415f42-edd9-4039-abee-f38499ffc380,1,2026-06-23 03:59:00,Nomina,Nomina,5483.57,INGRESO,TRANSFERENCIA,MXN
ed4ce13b-0432-4d9d-843b-8124cf5d5bc3,bacb91fd-e8d8-4aab-86af-be8542045bfc,20,2026-06-23 06:08:00,Starbucks,Starbucks,380.0,EGRESO,APP_MOVIL,MXN
681c90bd-1b9b-435c-a589-c4214f383815,f30fbc40-9703-4c31-b9a5-ab557c4b82c8,9,2026-06-23 06:33:00,Telcel,Telcel,,EGRESO,EFECTIVO,MXN
7b8d4fb1-a439-4482-b923-560b57b8e626,5057339d-f49e-4d1c-beae-6ced3a7c148f,1,2026-06-23 10:38:00,Transferencia Recibida,Transferencia Recibida,502.0,INGRESO,TRANSFERENCIA,MXN
615bc4ca-b4c0-4e19-be9f-67179c29720c,2f5e4265-1e5f-4813-839b-50bf4accbd7e,21,2026-06-23 10:59:00,Metrobus,Metrobus,100.0,EGRESO,APP_MOVIL,MXN
3c232ae9-198d-4a76-a02d-a77492427f78,b6ca9d87-476a-4c5d-83ca-7693a6527a9c,24,2026-06-23 12:33:00,NYX Cosmetics,NYX Cosmetics,904.0,EGRESO,EFECTIVO,MXN
d766148d-5124-4943-9e4b-d044db5efae4,c56eb014-1de6-4df3-9cc5-45132bbf6942,8,2026-06-23 12:40:00,Herramientas,Herramientas,1220.0,EGRESO,EFECTIVO,MXN
f81bddab-ed58-46ae-831a-3ff7382937ef,36ee8608-fe5c-4530-b7cf-d13801c08072,5,2026-06-23 13:07:00,McDonald's,McDonald's,181.0,EGRESO,TRANSFERENCIA,MXN
37695abf-5d37-4837-8634-48c0439632d6,37060ad3-4bfd-4b62-86a5-6c3b7241f7b3,28,2026-06-23 13:49:00,Innvictus,Innvictus,474.0,EGRESO,APP_MOVIL,MXN
7e971c93-e147-4534-a48e-646cd483ea98,d7d4bd62-308e-4ac3-9ba9-582ec4beeeb0,30,2026-06-23 15:13:00,Salon de Belleza,Salon de Belleza,203.0,EGRESO,EFECTIVO,MXN
13de6bba-2eb2-43bc-9ea6-0323cb9f32fe,d94896e7-da2e-4ebf-8861-0ed51d327133,22,2026-06-23 15:21:00,BP,BP,653.0,EGRESO,APP_MOVIL,MXN
901ed975-27bf-47fb-8fb2-11e7e95af183,2ca34b24-a26a-4698-a4c6-7593f66ced33,30,2026-06-23 15:33:00,Salon de Belleza,Salon de Belleza,322.0,EGRESO,EFECTIVO,MXN
06f24632-6ec5-4a1d-8ee4-60763f5fcf46,6be93697-d5c5-49d1-8778-8abe58f5c5a3,18,2026-06-23 15:42:00,Infinitum,Infinitum,439.0,EGRESO,APP_MOVIL,MXN
5fe5d97f-99b7-44cb-978a-1de3a10c3ef6,feb46172-c764-46f8-8955-33a46aebe6cc,6,2026-06-23 16:17:00,Uber,Uber,175.0,EGRESO,TRANSFERENCIA,MXN
7a88b7a7-d251-4953-b214-c17eb7e7e845,49c19272-4521-43eb-a5ed-ba309950965f,12,2026-06-23 17:59:00,Barberia,Barberia,236.0,EGRESO,TRANSFERENCIA,MXN
61e7f459-61f7-4f96-8fed-fea88a797f8e,03e60ec2-d499-47cd-81fb-96e308403ecd,15,2026-06-23 18:02:00,Multa de Transito,Multa de Transito,1794.0,EGRESO,APP_MOVIL,MXN
b63f5448-06ea-49b2-a6da-2058d9b44ab6,4c903803-6f89-4498-ac48-9cac84de61c7,2,2026-06-23 18:44:00,Bus,Bus,9.5,EGRESO,EFECTIVO,MXN
f75b8338-59c5-4ca3-be50-ff1f1fcdb05f,b6ca9d87-476a-4c5d-83ca-7693a6527a9c,21,2026-06-23 18:46:00,Metrobus,Metrobus,100.0,EGRESO,EFECTIVO,MXN
373eeb74-d12d-47be-b6d6-bc0cbf8094f4,e77722c3-ca39-4480-832f-f90fbc2402a7,16,2026-06-23 21:49:00,Michael Kors,Michael Kors,315.0,EGRESO,EFECTIVO,MXN
45778caa-6020-44a1-a9ea-9ca1c815ca08,6d2288f2-a9dc-4bbd-b86b-33d48f2390dd,22,2026-06-23 22:38:00,Pemex,Pemex,707.0,EGRESO,TRANSFERENCIA,MXN
602aa8d9-a23f-4006-8a37-f481125fb771,2ca34b24-a26a-4698-a4c6-7593f66ced33,11,2026-06-23 23:13:00,Metro,Metro,50.0,EGRESO,APP_MOVIL,MXN
fd7ce0c2-0901-4b32-ad16-575f45e7405d,6d2288f2-a9dc-4bbd-b86b-33d48f2390dd,17,2026-06-24 00:18:00,Colegiatura,Colegiatura,5601.0,EGRESO,TRANSFERENCIA,MXN
d026dbc6-3ece-430c-9e51-8e3a446ee73e,edeb6414-0b55-4e0a-bed2-b73a88276387,31,2026-06-24 00:20:00,Amazon,Amazon,2310.0,EGRESO,EFECTIVO,MXN
339f9728-e2d1-46b6-b8a6-053d11fa27c0,7059c9c8-532b-4bfe-a72e-0c9aa55e75da,30,2026-06-24 01:19:00,Salon de Belleza,Salon de Belleza,480.0,EGRESO,APP_MOVIL,MXN
cb195918-1d33-4962-8c5e-41c45469eacd,2f5e4265-1e5f-4813-839b-50bf4accbd7e,1,2026-06-24 01:35:00,Nomina,Nomina,12835.78,INGRESO,TRANSFERENCIA,MXN
34e67d11-8806-483a-a9bf-46ff9fe80ebe,591ef66e-c411-40c1-95e6-b23f8169be61,1,2026-06-24 03:37:00,Nomina,Nomina,12230.6,INGRESO,TRANSFERENCIA,MXN
e5f4aa7a-b926-4302-b084-8bf10e8b2953,169f4be3-cc0f-4b41-8a79-77865835d095,30,2026-06-24 04:40:00,Salon de Belleza,Salon de Belleza,338.0,EGRESO,EFECTIVO,MXN
0229add4-4086-40a0-ac7c-f21064aa8755,b5525d88-0da0-4036-a444-3e4f7a34128f,19,2026-06-24 05:38:00,Mantenimiento Automotriz,Mantenimiento Automotriz,1376.0,EGRESO,TRANSFERENCIA,MXN
cc3ac56b-2dec-4bcd-921e-f9ae2b461dbf,6b2251e4-b804-4f13-898b-216c0c5ba9cc,33,2026-06-24 08:20:00,Agua,Agua,989.0,EGRESO,TRANSFERENCIA,MXN
129b40dc-2356-49b4-9a59-0fdb3bfd6315,cc302a48-1c7f-4cd5-8095-557e5f3ee43f,14,2026-06-24 10:24:00,Renta,Renta,10940.0,EGRESO,EFECTIVO,MXN
2bcf520f-3943-4388-bdef-a14777aec655,e9f3e63d-6775-4b45-9daf-9722ec25fbe3,29,2026-06-24 12:01:00,Viajes,Viajes,8989.0,EGRESO,APP_MOVIL,MXN
643a46c8-c2d0-454b-8170-443cb427bbc1,4a021a05-bacc-4ded-98e4-6ba1343b83b4,29,2026-06-24 14:44:00,Viajes,Viajes,4753.0,EGRESO,APP_MOVIL,MXN
feb7f680-9fa9-4d1c-a889-6b72307d6bd1,feb46172-c764-46f8-8955-33a46aebe6cc,1,2026-06-24 18:17:00,Transferencia Recibida,Transferencia Recibida,4938.0,INGRESO,TRANSFERENCIA,MXN
975e5180-1a0f-4713-8de2-c6eeb15502d1,3e5b598d-bd6d-4076-8922-5940bc6d277c,11,2026-06-24 18:26:00,Metro,Metro,50.0,EGRESO,EFECTIVO,MXN
6088fff1-0ce7-4fc5-9be0-e88e67e1a0eb,ec1a1f42-1c5f-492f-919f-08cacfcb0039,14,2026-06-24 18:29:00,Renta,Renta,6472.0,EGRESO,TRANSFERENCIA,MXN
182c7c0a-72fc-4317-bf4e-c672e66a45b4,71c16233-5b03-45a3-b9d9-75dfce80f8cd,24,2026-06-24 20:14:00,Maybelline,Maybelline,717.0,EGRESO,APP_MOVIL,MXN
5a3e0d43-bf74-4b5d-ac49-aedd16d137f7,d660ddf9-6ba0-4a64-88ea-5d41f61fcefb,24,2026-06-24 20:16:00,NYX Cosmetics,NYX Cosmetics,1082.0,EGRESO,EFECTIVO,MXN
7289811c-2bb6-4109-8439-4abf9896cf87,36bb528a-43a8-4008-8557-d3e3a5c94a6c,1,2026-06-24 20:25:00,Transferencia Recibida,Transferencia Recibida,3266.0,INGRESO,TRANSFERENCIA,MXN
9e514140-1643-467b-b15e-66d8de63e996,282aba8c-1169-402d-adbd-8a41f6676432,30,2026-06-24 20:53:00,Salon de Belleza,Salon de Belleza,422.0,EGRESO,APP_MOVIL,MXN
7c8a1a25-629e-4d67-8b94-8a8eb835a87b,0d4d9d7a-2ce4-4002-abe0-031b288ff53c,21,2026-06-24 20:59:00,Metrobus,Metrobus,20.0,EGRESO,TRANSFERENCIA,MXN
f0e2d348-b656-4754-ab08-cd4c72d9125c,edeb6414-0b55-4e0a-bed2-b73a88276387,7,2026-06-24 21:02:00,Electricidad,Electricidad,218.0,EGRESO,EFECTIVO,MXN
6efbbd0c-943b-44cd-8230-a9f09f48c0e1,e9f3e63d-6775-4b45-9daf-9722ec25fbe3,32,2026-06-24 21:37:00,PlayStation Network,PlayStation Network,1489.0,EGRESO,TRANSFERENCIA,MXN
b2f7a9b4-63ac-4889-bdd6-6872b33443dc,fe494458-2541-481f-bb69-2bcb8e182795,5,2026-06-25 02:15:00,McDonald's,McDonald's,358.0,EGRESO,EFECTIVO,MXN
0f8a10b4-fb97-4169-b1e9-b8462d719fb6,4bb45633-ce6a-4e78-8b36-ab2143b9312a,1,2026-06-25 02:23:00,Transferencia Recibida,Transferencia Recibida,4803.0,INGRESO,TRANSFERENCIA,MXN
9be3209f-a62e-41b1-9a5d-53c1615a63f0,2f5e4265-1e5f-4813-839b-50bf4accbd7e,5,2026-06-25 02:36:00,Domino's,Domino's,800.0,EGRESO,APP_MOVIL,MXN
6166fadb-0e9e-4771-bc1a-e797bc2510cd,86d42cc6-6226-41a4-aa56-9a03fdc03387,4,2026-06-25 02:45:00,Apple TV+,Apple TV+,129.0,EGRESO,EFECTIVO,MXN
97847ea0-1da9-406b-aa3e-8fa001e888b0,591ef66e-c411-40c1-95e6-b23f8169be61,19,2026-06-25 02:59:00,Mantenimiento Automotriz,Mantenimiento Automotriz,1426.0,EGRESO,TRANSFERENCIA,MXN
ae256342-c01a-4509-8ba3-54e62554beab,481fe99e-04d7-42b3-b696-00ef02353148,1,2026-06-25 03:48:00,Nomina,Nomina,6227.44,INGRESO,TRANSFERENCIA,MXN
55ad97b1-fd94-4804-a960-2ec48dcb49a3,86ebabff-3329-403c-ae53-7102b0dc7831,7,2026-06-25 04:47:00,Electricidad,Electricidad,1619.0,EGRESO,EFECTIVO,MXN
2f7bb802-6d4c-42b9-b5eb-1c1537a194d5,3e5b598d-bd6d-4076-8922-5940bc6d277c,18,2026-06-25 06:40:00,Infinitum,Infinitum,439.0,EGRESO,EFECTIVO,MXN
4950597a-66af-4c9b-82a6-d6b5ecff4f36,460819f1-3e7b-4a18-b9bb-4a991973ca55,27,2026-06-25 06:54:00,Gas,Gas,647.0,EGRESO,EFECTIVO,MXN
e5cc3b15-259c-40ba-bcc3-aaaac787ec5f,654c4cb9-fb3b-421c-9e42-884531a72e4c,27,2026-06-25 07:26:00,Gas,Gas,789.0,EGRESO,APP_MOVIL,MXN
9934ffe0-415d-4cfb-a936-91dab291df34,7489af6c-154c-4eef-b7af-50397bd6b848,34,2026-06-25 08:23:00,Epic Games Store,Epic Games Store,431.0,EGRESO,TRANSFERENCIA,MXN
fb237ac0-2822-4465-8dc4-7c8ce355b766,4f6ff8db-53cf-4464-883b-02373ed58457,30,2026-06-25 08:40:00,Salon de Belleza,Salon de Belleza,456.0,EGRESO,APP_MOVIL,MXN
a17b46e7-b922-4b64-9105-64695ff84f21,3e5b598d-bd6d-4076-8922-5940bc6d277c,15,2026-06-25 08:54:00,Multa de Transito,Multa de Transito,2001.0,EGRESO,APP_MOVIL,MXN
0acc842b-00f1-48c3-8351-3e3b8d6879b7,007759d6-7e92-4216-8b0d-24e4b3bdc25c,28,2026-06-25 10:06:00,Innvictus,Innvictus,957.0,EGRESO,APP_MOVIL,MXN
8f534556-a0c7-42c4-bc94-5234093d56d3,74a2259c-8ee4-4064-89cc-8a49fd390792,1,2026-06-25 11:43:00,Nomina,Nomina,32103.44,INGRESO,TRANSFERENCIA,MXN
4531fad4-d259-4950-8239-bfde9e99f309,e80f9cac-b03e-4fcb-a3f3-7f1c6286bc7b,29,2026-06-25 16:15:00,Viajes,Viajes,5414.0,EGRESO,TRANSFERENCIA,MXN
4d84d7e0-b59a-4175-9a7d-c241d6cae3c0,86ebabff-3329-403c-ae53-7102b0dc7831,32,2026-06-25 16:18:00,PlayStation Network,PlayStation Network,1544.0,EGRESO,APP_MOVIL,MXN
39dc03ca-5464-46bb-8ec8-c69f2d639675,87a8bdbd-1d61-4275-b187-80f960bd7983,1,2026-06-25 17:06:00,Transferencia Recibida,Transferencia Recibida,1512.0,INGRESO,TRANSFERENCIA,MXN
f34c11ab-608c-4bc5-8b63-4630b92451d2,57a16ad2-8282-4a67-91ec-ebc90dee810e,24,2026-06-25 18:03:00,L'Oreal,L'Oreal,1587.0,EGRESO,EFECTIVO,MXN
9ee87229-5624-47d3-bccc-b98ab37522c0,007759d6-7e92-4216-8b0d-24e4b3bdc25c,22,2026-06-25 20:43:00,Pemex,Pemex,698.0,EGRESO,TRANSFERENCIA,MXN
95efb521-20b4-4196-9d55-46c6e49e1546,5057339d-f49e-4d1c-beae-6ced3a7c148f,1,2026-06-25 20:49:00,Nomina,Nomina,6184.68,INGRESO,TRANSFERENCIA,MXN
401a1fde-a0a3-4e40-a6ff-9bbf2438b6bd,36ee8608-fe5c-4530-b7cf-d13801c08072,20,2026-06-25 23:34:00,Restaurante Local,Restaurante Local,1106.0,EGRESO,EFECTIVO,MXN
68cf6e60-63cc-444f-81cc-a3f23a5c9bf5,7059c9c8-532b-4bfe-a72e-0c9aa55e75da,30,2026-06-26 00:50:00,Salon de Belleza,Salon de Belleza,449.0,EGRESO,APP_MOVIL,MXN
1edb90c4-2bac-46c5-a963-0651fac28881,282aba8c-1169-402d-adbd-8a41f6676432,10,2026-06-26 00:59:00,Compras Fisicas,Compras Fisicas,1442.0,EGRESO,EFECTIVO,MXN
368e9b3b-6856-4173-bd7b-cd12b3faf756,3e5b598d-bd6d-4076-8922-5940bc6d277c,14,2026-06-26 01:26:00,Renta,Renta,9285.0,EGRESO,EFECTIVO,MXN
7a80e13f-641d-4363-9115-2fc146a58795,6e3e2a99-1a3d-42fa-bfe5-52f057eccb2f,18,2026-06-26 03:59:00,Infinitum,Infinitum,649.0,EGRESO,EFECTIVO,MXN
8262c9b3-82fe-4fb2-b581-0aa69596f233,cb4d084d-d246-4f2e-847a-1132c5e51dc6,10,2026-06-26 05:25:00,Compras Fisicas,Compras Fisicas,1967.0,EGRESO,APP_MOVIL,MXN
721e8020-c789-4612-bc89-7373a78b9590,f20e8816-f077-4abe-837b-b3e39ccf37eb,33,2026-06-26 05:47:00,Agua,Agua,580.0,EGRESO,APP_MOVIL,MXN
dedca8ab-745b-43a4-99b6-df810d499fbd,36bb528a-43a8-4008-8557-d3e3a5c94a6c,5,2026-06-26 06:39:00,Little Caesars,Little Caesars,545.0,EGRESO,APP_MOVIL,MXN
7da8bca6-51b1-461f-8106-aea4ebe660c5,a5264eb8-0d47-44e1-b1b3-6e0a2018f25f,3,2026-06-26 07:36:00,Costco,Costco,,EGRESO,TRANSFERENCIA,MXN
fd4341b4-82aa-427a-bc38-bf34d9579788,698259d6-1dc2-4996-bae9-8219285ebc59,26,2026-06-26 07:43:00,Farmacias del Ahorro,Farmacias del Ahorro,746.0,EGRESO,TRANSFERENCIA,MXN
eb355ab8-a551-4174-a1e7-8e8e132dddb3,36ee8608-fe5c-4530-b7cf-d13801c08072,15,2026-06-26 08:18:00,Multa de Transito,Multa de Transito,635.0,EGRESO,TRANSFERENCIA,MXN
539ca058-e6a6-4bab-820d-178702a5f6ce,e4814a6c-08b2-4b08-99dd-d9e29211ea72,20,2026-06-26 08:34:00,Restaurante Local,Restaurante Local,518.0,EGRESO,APP_MOVIL,MXN
b1fa939e-d1e7-48cd-b6b3-efff009ed1fc,bacb91fd-e8d8-4aab-86af-be8542045bfc,1,2026-06-26 09:22:00,Nomina,Nomina,,INGRESO,TRANSFERENCIA,MXN
831c3d66-e02c-4789-8e3d-2e0598df4041,e77722c3-ca39-4480-832f-f90fbc2402a7,1,2026-06-26 09:35:00,Nomina,Nomina,25427.58,INGRESO,TRANSFERENCIA,MXN
a5f83932-5fd7-485a-8e5c-6dc92c22364a,57a16ad2-8282-4a67-91ec-ebc90dee810e,1,2026-06-26 10:28:00,Nomina,Nomina,40153.21,INGRESO,TRANSFERENCIA,MXN
76e8feed-95e6-4dd6-a421-d3049f51c1f8,78415f42-edd9-4039-abee-f38499ffc380,20,2026-06-26 10:29:00,Cinemex,Cinemex,520.0,EGRESO,APP_MOVIL,MXN
b6a56ecf-3409-4ac4-9462-3a2a562bd603,c56eb014-1de6-4df3-9cc5-45132bbf6942,32,2026-06-26 12:00:00,Xbox Live,Xbox Live,1268.0,EGRESO,EFECTIVO,MXN
9a5244f3-9db1-4bf2-ab81-358431dd8707,7489af6c-154c-4eef-b7af-50397bd6b848,17,2026-06-26 13:27:00,Colegiatura,Colegiatura,6184.0,EGRESO,EFECTIVO,MXN
8942bdac-58b7-46be-bae0-cd8c3dd63eba,7c5b5dce-0577-471c-acd8-1c6806bbd6d1,1,2026-06-26 13:28:00,Nomina,Nomina,19152.83,INGRESO,TRANSFERENCIA,MXN
089ca2b5-4d50-4667-99be-8ccfcf0737b6,86ebabff-3329-403c-ae53-7102b0dc7831,28,2026-06-26 14:16:00,Deportes Marti,Deportes Marti,566.0,EGRESO,APP_MOVIL,MXN
3a48572f-c69c-48c4-a9a5-a3b54a473439,d7b98250-11d8-4b40-a1fd-44ae5b3e0d2a,3,2026-06-26 14:19:00,Walmart,Walmart,1389.0,EGRESO,TRANSFERENCIA,MXN
09d83a7b-4785-4d8e-9bbb-1d10fe79b2d3,57a16ad2-8282-4a67-91ec-ebc90dee810e,2,2026-06-26 14:41:00,Bus,Bus,9.5,EGRESO,TRANSFERENCIA,MXN
a8970aa3-3de8-40dc-9eee-ab17d91f9e5b,2f4e7259-c7d0-4f8e-b408-fbed59254881,9,2026-06-26 14:55:00,Movistar,Movistar,349.0,EGRESO,APP_MOVIL,MXN
9e06ee5c-1181-4539-816b-cf5473c81429,7059c9c8-532b-4bfe-a72e-0c9aa55e75da,25,2026-06-26 15:15:00,Liverpool,Liverpool,1017.0,EGRESO,EFECTIVO,MXN
605cc0d6-ff15-43e3-9276-cc76ff9eff1e,86ebabff-3329-403c-ae53-7102b0dc7831,19,2026-06-26 17:00:00,Mantenimiento Automotriz,Mantenimiento Automotriz,2341.0,EGRESO,EFECTIVO,MXN
8a221410-e341-4e92-bea4-47c685574607,4a021a05-bacc-4ded-98e4-6ba1343b83b4,32,2026-06-26 18:49:00,Xbox Live,Xbox Live,966.0,EGRESO,EFECTIVO,MXN
b4b3ec50-026a-4b83-becd-a505e14f7304,a016e16f-7680-4d69-8958-9b2a62b35431,27,2026-06-26 18:50:00,Gas,Gas,272.0,EGRESO,APP_MOVIL,MXN
b0b07d6f-2606-4fab-8453-07df24fddf33,86d42cc6-6226-41a4-aa56-9a03fdc03387,26,2026-06-26 19:23:00,Farmacias Guadalajara,Farmacias Guadalajara,752.0,EGRESO,APP_MOVIL,MXN
534d3764-5dec-42ad-bb32-082eb3e73576,b8a2aeb0-77bc-4f93-87a4-dbd5d9aae0e9,1,2026-06-26 19:36:00,Nomina,Nomina,8790.43,INGRESO,TRANSFERENCIA,MXN
c986a059-76c3-44d0-ade2-de55613356c6,a016e16f-7680-4d69-8958-9b2a62b35431,26,2026-06-26 19:55:00,Farmacias Guadalajara,Farmacias Guadalajara,749.0,EGRESO,APP_MOVIL,MXN
9893ad00-ba85-4bf8-9dee-003cd49b9813,007759d6-7e92-4216-8b0d-24e4b3bdc25c,17,2026-06-26 21:21:00,Colegiatura,Colegiatura,2622.0,EGRESO,APP_MOVIL,MXN
55be66db-032f-4fc0-aea0-9f3871ea156f,4a021a05-bacc-4ded-98e4-6ba1343b83b4,2,2026-06-26 22:24:00,Bus,Bus,9.5,EGRESO,EFECTIVO,MXN
57fc1a99-d27d-4045-acaf-e6ea4d82c9c7,e80f9cac-b03e-4fcb-a3f3-7f1c6286bc7b,27,2026-06-26 23:36:00,Gas,Gas,250.0,EGRESO,APP_MOVIL,MXN
f49bc902-effa-4854-8d17-a39ee510178b,6b2251e4-b804-4f13-898b-216c0c5ba9cc,12,2026-06-26 23:57:00,Barberia,Barberia,205.0,EGRESO,APP_MOVIL,MXN
40cecf57-9d85-4575-aa7f-5aabdff3d828,8d64339b-b475-44e4-bf62-e45215d1ea8f,7,2026-06-27 00:24:00,Electricidad,Electricidad,190.0,EGRESO,EFECTIVO,MXN
e198b649-5805-43a8-96c1-0c9e99e36b7d,b8a2aeb0-77bc-4f93-87a4-dbd5d9aae0e9,23,2026-06-27 01:04:00,Qualitas,Qualitas,1417.0,EGRESO,TRANSFERENCIA,MXN
519d6c85-602f-4da8-ac95-2a0400a398c5,6b2251e4-b804-4f13-898b-216c0c5ba9cc,2,2026-06-27 04:37:00,Bus,Bus,9.5,EGRESO,TRANSFERENCIA,MXN
0cd05ca7-943c-4ca1-8277-78ffc33607d4,7f2f8daa-dfc2-4ad0-9c49-d90ffa6ae04b,20,2026-06-27 05:29:00,Cinepolis,Cinepolis,1087.0,EGRESO,APP_MOVIL,MXN
69771f38-3fae-49ab-8a86-4b21f10f50ce,7c74290c-b207-43d8-bcd5-14f069783b3b,21,2026-06-27 06:30:00,Metrobus,Metrobus,20.0,EGRESO,APP_MOVIL,MXN
cda26c86-4dca-4e3d-aba1-266b9901a5b2,27184bbc-330d-4cfd-a78f-c17d51279685,3,2026-06-27 06:54:00,Soriana,Soriana,811.0,EGRESO,TRANSFERENCIA,MXN
d8b6cf87-d235-482f-a782-a90acaa3f3bf,287b9cdc-edd5-4342-a5fb-5148aeea5b6c,25,2026-06-27 07:07:00,Liverpool,Liverpool,708.0,EGRESO,APP_MOVIL,MXN
9b5b2d02-07b2-4152-87ea-f86b7ed29ce7,e4f9aabd-8595-4a2d-84b2-3d54a4541fdc,32,2026-06-27 08:32:00,PlayStation Network,PlayStation Network,1038.0,EGRESO,APP_MOVIL,MXN
cdbd1b32-37a9-4ea6-b356-505b4012d529,033eaacc-c1f9-412e-84cb-95b426d28b5c,31,2026-06-27 10:51:00,Amazon,Amazon,1480.0,EGRESO,TRANSFERENCIA,MXN
925cba9d-fd02-41fe-b603-ea2956c0e8d6,cb4d084d-d246-4f2e-847a-1132c5e51dc6,7,2026-06-27 12:00:00,Electricidad,Electricidad,442.0,EGRESO,APP_MOVIL,MXN
3f562d73-dc57-425c-a209-ea7e4a6e5eb6,39f9edad-efb7-47c6-9841-c96e9b5d6e22,34,2026-06-27 12:51:00,Steam,Steam,1266.0,EGRESO,EFECTIVO,MXN
917f0636-a995-4d13-bc6f-ced67a53f572,1d7d3151-e6c5-479c-aa65-df54b837c324,18,2026-06-27 13:09:00,Izzi,Izzi,499.0,EGRESO,APP_MOVIL,MXN
72871beb-fa69-4498-b8ad-86d5a8bd6d0a,062fd77f-ba97-4763-bff4-0bc64c0b9db9,7,2026-06-27 13:40:00,Electricidad,Electricidad,400.0,EGRESO,TRANSFERENCIA,MXN
1ce20e7f-549c-427d-ade2-6f03e1fd6750,d7073699-b1fd-4984-8380-c897f19b37c2,28,2026-06-27 13:55:00,Deportes Marti,Deportes Marti,394.0,EGRESO,APP_MOVIL,MXN
3c9435ee-b235-4c01-8bca-dc9dc6ec335e,0e2604b4-11e5-4452-8748-64aa92f9ca8f,10,2026-06-27 14:06:00,Compras Fisicas,Compras Fisicas,1687.0,EGRESO,EFECTIVO,MXN
bdc21cb0-3b58-4c02-a068-e93efd16fcb1,b4991233-a822-49ca-a113-cbedbb85a741,3,2026-06-27 14:43:00,Chedraui,Chedraui,3314.0,EGRESO,TRANSFERENCIA,MXN
05b2e3a5-9c78-4097-a47e-d314a13b854e,007759d6-7e92-4216-8b0d-24e4b3bdc25c,1,2026-06-27 15:01:00,Transferencia Recibida,Transferencia Recibida,4068.0,INGRESO,TRANSFERENCIA,MXN
5680100b-bdca-4784-a1c3-38c8e6fa9d04,c0c2ffc0-3d5f-4e4f-99f2-884a8a2621f5,4,2026-06-27 15:07:00,Netflix,Netflix,299.0,EGRESO,APP_MOVIL,MXN
c46eb990-cc41-43eb-a119-24781ea76170,7f2f8daa-dfc2-4ad0-9c49-d90ffa6ae04b,17,2026-06-27 15:23:00,Colegiatura,Colegiatura,8215.0,EGRESO,EFECTIVO,MXN
ac83fdbd-3a88-4bfd-8edb-9e16bafebc1b,03e60ec2-d499-47cd-81fb-96e308403ecd,14,2026-06-27 20:11:00,Renta,Renta,4735.0,EGRESO,APP_MOVIL,MXN
78965391-c528-493b-a1d6-8da2c4e0305c,57a16ad2-8282-4a67-91ec-ebc90dee810e,30,2026-06-27 20:19:00,Salon de Belleza,Salon de Belleza,254.0,EGRESO,APP_MOVIL,MXN
6ae1dbc5-3a3f-4983-b49f-77a01e2b454c,36bb528a-43a8-4008-8557-d3e3a5c94a6c,33,2026-06-27 20:23:00,Agua,Agua,1323.0,EGRESO,TRANSFERENCIA,MXN
6525421e-7ac1-4405-bf34-f21872dd8346,950bb240-d014-403a-bd23-d2ae18663c05,25,2026-06-27 20:30:00,Palacio de Hierro,Palacio de Hierro,1202.0,EGRESO,APP_MOVIL,MXN
1747a127-8b2c-4685-89ee-af2daae6b11e,fe494458-2541-481f-bb69-2bcb8e182795,11,2026-06-27 22:02:00,Metro,Metro,100.0,EGRESO,TRANSFERENCIA,MXN
cd31bd99-508a-484d-a513-b11543b57441,c56eb014-1de6-4df3-9cc5-45132bbf6942,27,2026-06-27 23:24:00,Gas,Gas,444.0,EGRESO,APP_MOVIL,MXN
0ffd17eb-c24f-46bc-aee2-bacb478d9118,0e2604b4-11e5-4452-8748-64aa92f9ca8f,5,2026-06-28 00:25:00,Little Caesars,Little Caesars,1048.0,EGRESO,EFECTIVO,MXN
d8b62b10-4640-44fa-9bf6-8460bf778d49,d7d4bd62-308e-4ac3-9ba9-582ec4beeeb0,10,2026-06-28 01:37:00,Compras Fisicas,Compras Fisicas,1946.0,EGRESO,APP_MOVIL,MXN
e7f1cee4-0fd4-46e5-be5a-150b1c3e12f8,5057339d-f49e-4d1c-beae-6ced3a7c148f,22,2026-06-28 02:51:00,Mobil,Mobil,1103.0,EGRESO,APP_MOVIL,MXN
de644e18-841e-4f15-b4da-60db99e2543c,b6ca9d87-476a-4c5d-83ca-7693a6527a9c,1,2026-06-28 03:23:00,Nomina,Nomina,12637.37,INGRESO,TRANSFERENCIA,MXN
4f5f6bbc-2d09-4aae-9b74-447a8ce4cbb5,2f5e4265-1e5f-4813-839b-50bf4accbd7e,21,2026-06-28 04:13:00,Metrobus,Metrobus,6.0,EGRESO,APP_MOVIL,MXN
a94bd9b0-41c2-47e9-a70a-2ad61a7d56ca,57a16ad2-8282-4a67-91ec-ebc90dee810e,13,2026-06-28 04:50:00,Andrea,Andrea,567.0,EGRESO,TRANSFERENCIA,MXN
58486ffe-211e-476e-a980-53ae47bc9390,0e2604b4-11e5-4452-8748-64aa92f9ca8f,30,2026-06-28 04:54:00,Salon de Belleza,Salon de Belleza,345.0,EGRESO,APP_MOVIL,MXN
01a60e64-5a74-404b-83d6-835cad75e706,698259d6-1dc2-4996-bae9-8219285ebc59,18,2026-06-28 05:05:00,Izzi,Izzi,799.0,EGRESO,EFECTIVO,MXN
3f396457-309c-4e23-b3ad-2de0d61ab17a,033eaacc-c1f9-412e-84cb-95b426d28b5c,21,2026-06-28 05:19:00,Metrobus,Metrobus,6.0,EGRESO,TRANSFERENCIA,MXN
9c96cb79-e8a3-4479-86a5-a8b96eced3e3,e80f9cac-b03e-4fcb-a3f3-7f1c6286bc7b,23,2026-06-28 06:54:00,GNP Seguros,GNP Seguros,1004.0,EGRESO,APP_MOVIL,MXN
73b5fb1c-6066-4f45-81c8-f1db507130ec,b1df054d-9d22-4d28-b46d-87390f12a902,28,2026-06-28 08:31:00,Deportes Marti,Deportes Marti,959.0,EGRESO,EFECTIVO,MXN
81c1e380-4380-4cb8-90c8-3fab097965d9,7059c9c8-532b-4bfe-a72e-0c9aa55e75da,1,2026-06-28 08:34:00,Nomina,Nomina,11183.2,INGRESO,TRANSFERENCIA,MXN
4d320b67-6a5c-4b7d-89aa-a2dc907786c3,d7073699-b1fd-4984-8380-c897f19b37c2,1,2026-06-28 09:11:00,Nomina,Nomina,17377.29,INGRESO,TRANSFERENCIA,MXN
aa05fd20-7e6f-45de-ac30-4eb0d278090c,e4814a6c-08b2-4b08-99dd-d9e29211ea72,7,2026-06-28 09:14:00,Electricidad,Electricidad,474.0,EGRESO,EFECTIVO,MXN
fb8770ba-b0a8-414a-92ed-23e05fbf3988,e8dab777-b3e1-4c67-81e8-1bcf07a12eb6,25,2026-06-28 09:30:00,Liverpool,Liverpool,1330.0,EGRESO,APP_MOVIL,MXN
95e6f20b-20ec-4e90-b662-6a75e285e76b,e9f3e63d-6775-4b45-9daf-9722ec25fbe3,28,2026-06-28 09:47:00,Innvictus,Innvictus,998.0,EGRESO,APP_MOVIL,MXN
2938423b-b705-4ce2-b9d4-6114e9045376,2f4e7259-c7d0-4f8e-b408-fbed59254881,1,2026-06-28 10:47:00,Nomina,Nomina,11814.53,INGRESO,TRANSFERENCIA,MXN
a1cc4be6-909e-4664-a65e-da0d836ea761,f2e52e1f-1d7b-4214-a1ee-83e8b98918f0,17,2026-06-28 14:57:00,Colegiatura,Colegiatura,5490.0,EGRESO,APP_MOVIL,MXN
57f5f1ff-69ef-455b-a28d-3b9b63d2af46,062fd77f-ba97-4763-bff4-0bc64c0b9db9,32,2026-06-28 16:56:00,Xbox Live,Xbox Live,477.0,EGRESO,TRANSFERENCIA,MXN
e370a17a-620e-4929-a93c-929cff6aff90,fe494458-2541-481f-bb69-2bcb8e182795,1,2026-06-28 17:27:00,Nomina,Nomina,19294.84,INGRESO,TRANSFERENCIA,MXN
38682d83-3eb2-409e-bb1e-1c9889446f4c,2ca34b24-a26a-4698-a4c6-7593f66ced33,24,2026-06-28 17:27:00,Maybelline,Maybelline,2105.0,EGRESO,TRANSFERENCIA,MXN
e0a53abc-e138-418c-b45b-486b3cee70f1,062fd77f-ba97-4763-bff4-0bc64c0b9db9,2,2026-06-28 18:21:00,Bus,Bus,9.5,EGRESO,APP_MOVIL,MXN
6e0e21d3-a94d-4a69-9db9-0b1d14b2a1b9,d660ddf9-6ba0-4a64-88ea-5d41f61fcefb,24,2026-06-28 20:07:00,Maybelline,Maybelline,334.0,EGRESO,EFECTIVO,MXN
98408160-c53d-4e3b-8b20-93a589796303,282aba8c-1169-402d-adbd-8a41f6676432,11,2026-06-28 20:46:00,Metro,Metro,5.0,EGRESO,EFECTIVO,MXN
1693d332-efe6-423f-aa8b-718a29ced884,1d78859f-eed0-4406-a7a8-ac62bfe90145,32,2026-06-28 21:28:00,Xbox Live,Xbox Live,845.0,EGRESO,APP_MOVIL,MXN
34005c9c-f4b2-4a87-aa24-ff5c0f03f400,27184bbc-330d-4cfd-a78f-c17d51279685,26,2026-06-28 22:00:00,Farmacias Guadalajara,Farmacias Guadalajara,671.0,EGRESO,TRANSFERENCIA,MXN
bb0332fe-cd81-4076-90fd-1ffcf52ef51e,78415f42-edd9-4039-abee-f38499ffc380,1,2026-06-28 22:32:00,Transferencia Recibida,Transferencia Recibida,2188.0,INGRESO,TRANSFERENCIA,MXN
a38f2d0a-433a-443d-960d-30502afc2f51,b8a2aeb0-77bc-4f93-87a4-dbd5d9aae0e9,11,2026-06-29 00:24:00,Metro,Metro,5.0,EGRESO,EFECTIVO,MXN
e9084434-0628-4afe-b87c-a49fc44f1097,4bb45633-ce6a-4e78-8b36-ab2143b9312a,23,2026-06-29 01:18:00,Qualitas,Qualitas,3883.0,EGRESO,APP_MOVIL,MXN
3f23791d-7e9c-4668-a6c2-82cd88c013da,f30fbc40-9703-4c31-b9a5-ab557c4b82c8,1,2026-06-29 02:43:00,Transferencia Recibida,Transferencia Recibida,431.0,INGRESO,TRANSFERENCIA,MXN
675684f9-3978-4e42-882d-467de8b6cb3f,062fd77f-ba97-4763-bff4-0bc64c0b9db9,1,2026-06-29 02:54:00,Nomina,Nomina,13016.61,INGRESO,TRANSFERENCIA,MXN
204e239b-f48a-4c78-be14-4861e78ecfcd,460819f1-3e7b-4a18-b9bb-4a991973ca55,26,2026-06-29 03:00:00,Farmacias del Ahorro,Farmacias del Ahorro,224.0,EGRESO,APP_MOVIL,MXN
9140e0ce-960a-4ddd-b5de-fd188be5826f,03e60ec2-d499-47cd-81fb-96e308403ecd,29,2026-06-29 03:25:00,Viajes,Viajes,7180.0,EGRESO,TRANSFERENCIA,MXN
156ba572-5a5f-4f05-811a-8d1310ea0bd9,37060ad3-4bfd-4b62-86a5-6c3b7241f7b3,26,2026-06-29 06:04:00,Farmacias Similares,Farmacias Similares,251.0,EGRESO,EFECTIVO,MXN
9ea453dc-fa58-465b-bdbc-790d89247def,2ca34b24-a26a-4698-a4c6-7593f66ced33,30,2026-06-29 06:16:00,Salon de Belleza,Salon de Belleza,229.0,EGRESO,APP_MOVIL,MXN
78499439-98bf-490e-8d4d-b7cae9fda789,c9e1bb7a-b4b0-4880-88f1-2b90da359497,1,2026-06-29 07:00:00,Nomina,Nomina,7268.77,INGRESO,TRANSFERENCIA,MXN
0ca76a34-6f11-4fae-86c6-0e4a20178f61,7f2f8daa-dfc2-4ad0-9c49-d90ffa6ae04b,1,2026-06-29 08:30:00,Transferencia Recibida,Transferencia Recibida,726.0,INGRESO,TRANSFERENCIA,MXN
411dc657-77bb-45a1-9a33-c0595073bb9b,0e2604b4-11e5-4452-8748-64aa92f9ca8f,11,2026-06-29 09:50:00,Metro,Metro,50.0,EGRESO,TRANSFERENCIA,MXN
94af9071-8173-40ac-b59f-c1b52be01aa8,007759d6-7e92-4216-8b0d-24e4b3bdc25c,20,2026-06-29 12:05:00,Restaurante Local,Restaurante Local,1135.0,EGRESO,TRANSFERENCIA,MXN
b87ed07e-3d21-40bd-9fde-05e8fe008df0,367901a5-f293-400f-8969-224db4f3e99e,15,2026-06-29 12:39:00,Multa de Transito,Multa de Transito,3506.0,EGRESO,APP_MOVIL,MXN
42638f55-2228-4a7e-81f0-639b624664ca,7059c9c8-532b-4bfe-a72e-0c9aa55e75da,17,2026-06-29 14:16:00,Colegiatura,Colegiatura,2633.0,EGRESO,EFECTIVO,MXN
6329cccd-b357-408b-a3ce-97d4a22f3442,7f2f8daa-dfc2-4ad0-9c49-d90ffa6ae04b,21,2026-06-29 14:51:00,Metrobus,Metrobus,30.0,EGRESO,EFECTIVO,MXN
4a63d3b2-53d2-4846-a30a-953db3ee378a,b6ca9d87-476a-4c5d-83ca-7693a6527a9c,1,2026-06-29 15:05:00,Nomina,Nomina,12637.37,INGRESO,TRANSFERENCIA,MXN
7401fbf2-0077-446f-8bcb-f470641b9b28,37060ad3-4bfd-4b62-86a5-6c3b7241f7b3,25,2026-06-29 16:06:00,Liverpool,Liverpool,2162.0,EGRESO,APP_MOVIL,MXN
1c583e2f-0096-4a57-9b2b-32eaf85f9278,b1df054d-9d22-4d28-b46d-87390f12a902,23,2026-06-29 18:38:00,GNP Seguros,GNP Seguros,336.0,EGRESO,EFECTIVO,MXN
e5596288-cacf-4f9b-8f79-e06497647b4d,654c4cb9-fb3b-421c-9e42-884531a72e4c,21,2026-06-29 21:03:00,Metrobus,Metrobus,20.0,EGRESO,APP_MOVIL,MXN
4513689f-26b9-40dc-98ee-8dd045af80cd,088735e5-4d0d-4706-a911-442edac351c2,1,2026-06-29 21:48:00,Nomina,Nomina,9976.69,INGRESO,TRANSFERENCIA,MXN
9fbbe4c5-88b8-4f2d-9832-44ecc919145b,481fe99e-04d7-42b3-b696-00ef02353148,1,2026-06-29 21:52:00,Nomina,Nomina,6227.44,INGRESO,TRANSFERENCIA,MXN
8cd45ae0-7b11-4d66-9b3f-84ee24a916e7,ef403853-e247-49d9-9751-bf46943b3d76,1,2026-06-29 22:34:00,Nomina,Nomina,8343.41,INGRESO,TRANSFERENCIA,MXN
4574dacf-6940-45f9-8f63-ef117c0d82dd,460819f1-3e7b-4a18-b9bb-4a991973ca55,19,2026-06-29 22:52:00,Mantenimiento Automotriz,Mantenimiento Automotriz,2642.0,EGRESO,APP_MOVIL,MXN
fd1af855-c409-40a9-9cc2-e923a1dc9bde,591ef66e-c411-40c1-95e6-b23f8169be61,25,2026-06-29 23:34:00,Palacio de Hierro,Palacio de Hierro,2065.0,EGRESO,EFECTIVO,MXN
