tasa_ahorro,ratio_endeudamiento,ratio_gasto_ingreso,ratio_gasto_esencial,ratio_gasto_discrecional,concentracion_gasto,frecuencia_ahorro_num,ratio_recurrente,perfil_slug
-0.169,0.736,1.169,0.565,0.516,0.437,0,0.346,en_riesgo
0.356,0.016,0.644,0.432,0.176,0.309,3,0.160,saludable
-0.434,0.497,1.434,0.881,0.221,0.528,0,0.460,en_riesgo
-0.144,0.480,1.144,0.571,0.194,0.338,0,0.231,en_riesgo
0.132,0.320,0.868,0.583,0.196,0.585,2,0.492,en_observacion
0.447,0.165,0.553,0.400,0.120,0.461,3,0.150,saludable
0.306,0.112,0.694,0.385,0.220,0.268,3,0.317,saludable
-0.175,0.473,1.175,0.900,0.189,0.105,0,0.084,en_riesgo
0.088,0.175,0.912,0.424,0.249,0.358,1,0.168,en_observacion
0.215,0.121,0.785,0.376,0.212,0.207,3,0.182,saludable
0.356,0.027,0.644,0.353,0.213,0.543,3,0.119,saludable
-0.109,0.779,1.109,0.699,0.187,0.357,0,0.046,en_riesgo
0.171,0.382,0.829,0.481,0.108,0.812,2,0.479,en_riesgo
-0.048,0.490,1.048,0.828,0.162,0.225,1,0.323,en_riesgo
0.269,0.179,0.731,0.363,0.105,0.547,3,0.317,saludable
0.092,0.182,0.908,0.542,0.357,0.722,1,0.101,en_observacion
0.364,0.152,0.636,0.420,0.126,0.563,3,0.644,saludable
0.342,0.037,0.658,0.368,0.098,0.600,3,0.081,saludable
0.080,0.268,0.920,0.577,0.312,0.294,1,0.534,en_riesgo
0.258,0.013,0.742,0.359,0.293,0.565,3,0.242,saludable
-0.181,0.523,1.181,0.642,0.176,0.050,0,0.356,en_riesgo
-0.408,0.566,1.408,0.898,0.455,0.534,0,0.218,en_riesgo
0.226,0.368,0.774,0.602,0.090,0.102,1,0.138,en_observacion
0.207,0.319,0.793,0.486,0.198,0.239,2,0.275,en_observacion
0.056,0.351,0.944,0.721,0.192,0.482,1,0.387,en_riesgo
0.016,0.384,0.984,0.572,0.407,0.473,1,0.120,en_riesgo
0.044,0.239,0.956,0.578,0.181,0.493,1,0.280,en_riesgo
0.466,0.036,0.534,0.277,0.224,0.519,3,0.063,saludable
-0.414,0.697,1.414,1.051,0.150,0.285,0,0.291,en_riesgo
0.302,0.245,0.698,0.328,0.221,0.798,3,0.223,en_observacion
0.107,0.194,0.893,0.496,0.267,0.431,2,0.114,en_observacion
0.443,0.107,0.557,0.374,0.108,0.648,3,0.089,saludable
0.074,0.344,0.926,0.519,0.340,0.582,2,0.251,en_riesgo
0.050,0.244,0.950,0.592,0.125,0.470,2,0.221,en_observacion
-0.378,0.518,1.378,0.910,0.177,0.802,0,0.057,en_riesgo
0.209,0.200,0.791,0.630,0.125,0.275,2,0.162,en_observacion
0.487,0.227,0.513,0.273,0.104,0.774,2,0.046,saludable
0.021,0.515,0.979,0.557,0.372,0.266,0,0.268,en_riesgo
0.021,0.339,0.979,0.557,0.160,0.311,1,0.061,en_riesgo
-0.260,0.565,1.260,0.966,0.248,0.352,1,0.598,en_riesgo
-0.094,0.680,1.094,0.625,0.154,0.242,1,0.222,en_riesgo
0.049,0.427,0.951,0.440,0.219,0.468,2,0.425,en_riesgo
0.332,0.215,0.668,0.421,0.189,0.558,2,0.059,saludable
0.151,0.232,0.849,0.438,0.110,0.402,2,0.262,en_observacion
0.021,0.299,0.979,0.566,0.119,0.653,1,0.600,en_riesgo
0.236,0.059,0.764,0.587,0.130,0.030,3,0.068,saludable
0.052,0.385,0.948,0.585,0.362,0.391,1,0.101,en_riesgo
0.142,0.161,0.858,0.417,0.098,0.096,2,0.500,en_observacion
-0.054,0.486,1.054,0.628,0.106,0.531,0,0.067,en_riesgo
0.437,0.061,0.563,0.388,0.083,0.654,3,0.246,saludable
0.484,0.008,0.516,0.344,0.081,0.863,2,0.313,saludable
0.228,0.114,0.772,0.613,0.107,0.184,3,0.336,saludable
0.245,0.200,0.755,0.527,0.188,0.443,2,0.226,saludable
0.544,0.248,0.456,0.225,0.189,0.605,3,0.112,saludable
0.342,0.058,0.658,0.355,0.207,0.182,3,0.525,saludable
0.271,0.130,0.729,0.352,0.300,0.304,3,0.252,saludable
-0.140,0.583,1.140,0.804,0.287,0.701,1,0.072,en_riesgo
-0.139,0.674,1.139,0.670,0.227,0.862,1,0.133,en_riesgo
0.493,0.171,0.507,0.398,0.065,0.153,3,0.386,saludable
0.381,0.240,0.619,0.386,0.081,0.425,3,0.367,saludable
0.443,0.138,0.557,0.415,0.109,0.306,2,0.470,saludable
0.060,0.382,0.940,0.733,0.108,0.361,1,0.109,en_riesgo
-0.387,0.503,1.387,0.745,0.258,0.338,0,0.217,en_riesgo
0.506,0.238,0.494,0.387,0.059,0.525,3,0.275,saludable
0.117,0.206,0.883,0.650,0.195,0.093,2,0.165,en_observacion
-0.056,0.766,1.056,0.711,0.106,0.254,0,0.240,en_riesgo
0.296,0.115,0.704,0.465,0.150,0.457,3,0.428,saludable
0.174,0.434,0.826,0.585,0.146,0.455,1,0.420,en_riesgo
0.518,0.167,0.482,0.329,0.050,0.248,3,0.101,saludable
0.314,0.228,0.686,0.439,0.194,0.341,2,0.356,saludable
0.031,0.333,0.969,0.753,0.198,0.175,1,0.162,en_riesgo
-0.322,0.694,1.322,0.818,0.302,0.580,1,0.189,en_riesgo
0.547,0.084,0.453,0.337,0.055,0.411,3,0.073,saludable
0.015,0.412,0.985,0.536,0.403,0.614,1,0.190,en_riesgo
-0.450,0.582,1.450,1.022,0.421,0.521,0,0.245,en_riesgo
0.170,0.375,0.830,0.516,0.289,0.288,2,0.241,en_observacion
0.033,0.644,0.967,0.492,0.146,0.088,1,0.309,en_riesgo
0.062,0.289,0.938,0.494,0.162,0.349,1,0.354,en_riesgo
0.138,0.268,0.862,0.682,0.168,0.198,2,0.090,en_observacion
0.533,0.150,0.467,0.253,0.115,0.522,3,0.416,saludable
0.550,0.053,0.450,0.305,0.062,0.264,3,0.195,saludable
0.515,0.052,0.485,0.248,0.071,0.400,3,0.454,saludable
0.000,0.398,1.000,0.667,0.128,0.446,0,0.292,en_riesgo
0.048,0.201,0.952,0.594,0.225,0.048,2,0.190,en_observacion
0.160,0.273,0.840,0.564,0.262,0.278,1,0.412,en_observacion
0.155,0.178,0.845,0.594,0.149,0.551,1,0.098,en_observacion
-0.146,0.766,1.146,0.518,0.130,0.685,0,0.018,en_riesgo
0.242,0.093,0.758,0.413,0.118,0.307,3,0.094,saludable
0.225,0.393,0.775,0.502,0.270,0.789,1,0.118,en_riesgo
0.038,0.584,0.962,0.665,0.129,0.588,0,0.550,en_riesgo
0.226,0.434,0.774,0.568,0.203,0.205,1,0.110,en_observacion
0.030,0.668,0.970,0.743,0.103,0.455,0,0.340,en_riesgo
0.234,0.441,0.766,0.395,0.153,0.119,1,0.286,en_riesgo
0.025,0.442,0.975,0.603,0.222,0.369,2,0.142,en_riesgo
0.495,0.051,0.505,0.266,0.142,0.352,3,0.244,saludable
0.094,0.211,0.906,0.604,0.274,0.735,2,0.366,en_observacion
0.438,0.163,0.562,0.339,0.095,0.564,3,0.111,saludable
-0.193,0.565,1.193,0.565,0.367,0.592,0,0.507,en_riesgo
0.055,0.278,0.945,0.709,0.184,0.547,2,0.086,en_observacion
0.196,0.374,0.804,0.418,0.257,0.641,1,0.412,en_riesgo
-0.038,0.511,1.038,0.520,0.203,0.392,0,0.162,en_riesgo
0.045,0.222,0.955,0.489,0.252,0.504,1,0.207,en_observacion
0.283,0.233,0.717,0.484,0.212,0.211,3,0.115,saludable
0.148,0.320,0.852,0.633,0.100,0.123,2,0.357,en_observacion
0.111,0.239,0.889,0.461,0.107,0.543,1,0.102,en_observacion
0.313,0.204,0.687,0.376,0.301,0.718,2,0.199,saludable
0.350,0.249,0.650,0.340,0.183,0.524,2,0.027,saludable
-0.271,0.661,1.271,0.755,0.284,0.634,1,0.553,en_riesgo
0.271,0.227,0.729,0.396,0.143,0.515,3,0.229,saludable
0.229,0.213,0.771,0.408,0.091,0.711,3,0.160,en_observacion
-0.214,0.685,1.214,0.865,0.187,0.513,1,0.469,en_riesgo
-0.289,0.585,1.289,0.939,0.341,0.261,0,0.146,en_riesgo
-0.092,0.705,1.092,0.866,0.212,0.761,0,0.303,en_riesgo
0.126,0.167,0.874,0.658,0.091,0.471,1,0.247,en_observacion
-0.073,0.454,1.073,0.843,0.195,0.402,0,0.119,en_riesgo
0.105,0.192,0.895,0.685,0.200,0.547,2,0.036,en_observacion
-0.240,0.698,1.240,0.941,0.236,0.454,0,0.103,en_riesgo
0.255,0.083,0.745,0.558,0.083,0.346,3,0.183,saludable
0.097,0.337,0.903,0.625,0.216,0.467,1,0.125,en_riesgo
-0.186,0.575,1.186,0.919,0.192,0.271,0,0.330,en_riesgo
-0.175,0.431,1.175,0.568,0.118,0.779,0,0.224,en_riesgo
0.325,0.103,0.675,0.358,0.281,0.767,3,0.263,saludable
0.090,0.408,0.910,0.474,0.259,0.173,2,0.092,en_riesgo
0.110,0.302,0.890,0.528,0.294,0.248,2,0.157,en_observacion
0.439,0.044,0.561,0.306,0.069,0.519,3,0.232,saludable
-0.397,0.355,1.397,1.070,0.242,0.544,0,0.191,en_riesgo
0.194,0.164,0.806,0.563,0.084,0.162,1,0.040,saludable
0.535,0.056,0.465,0.277,0.072,0.134,3,0.311,saludable
-0.403,0.787,1.403,0.670,0.558,0.692,0,0.273,en_riesgo
0.123,0.244,0.877,0.620,0.150,0.597,2,0.275,en_observacion
0.333,0.232,0.667,0.462,0.203,0.463,2,0.118,saludable
-0.210,0.729,1.210,0.948,0.213,0.401,0,0.167,en_riesgo
0.146,0.307,0.854,0.394,0.269,0.480,1,0.433,en_observacion
0.102,0.157,0.898,0.513,0.214,0.132,2,0.328,en_observacion
-0.441,0.369,1.441,0.924,0.199,0.254,0,0.065,en_riesgo
0.227,0.277,0.773,0.484,0.283,0.666,2,0.289,en_observacion
0.445,0.008,0.555,0.289,0.188,0.530,3,0.398,saludable
0.197,0.420,0.803,0.373,0.219,0.543,1,0.203,en_observacion
0.209,0.306,0.791,0.405,0.249,0.436,2,0.078,en_observacion
0.417,0.096,0.583,0.329,0.076,0.455,3,0.384,saludable
-0.372,0.753,1.372,0.986,0.338,0.517,0,0.153,en_riesgo
0.001,0.474,0.999,0.464,0.257,0.487,0,0.190,en_riesgo
0.186,0.301,0.814,0.467,0.232,0.470,1,0.236,en_observacion
0.264,0.146,0.736,0.571,0.084,0.593,2,0.348,saludable
0.222,0.224,0.778,0.438,0.232,0.608,2,0.355,en_observacion
-0.424,0.492,1.424,0.866,0.315,0.191,0,0.333,en_riesgo
0.218,0.187,0.782,0.389,0.166,0.605,3,0.101,saludable
0.153,0.254,0.847,0.610,0.142,0.560,2,0.329,en_observacion
0.227,0.319,0.773,0.551,0.151,0.283,1,0.342,en_observacion
0.249,0.162,0.751,0.387,0.164,0.793,3,0.238,saludable
0.173,0.240,0.827,0.583,0.090,0.578,1,0.241,en_observacion
0.100,0.419,0.900,0.430,0.211,0.279,2,0.232,en_riesgo
0.230,0.229,0.770,0.403,0.130,0.188,2,0.341,en_observacion
0.108,0.171,0.892,0.423,0.316,0.230,1,0.150,en_observacion
0.358,0.107,0.642,0.399,0.154,0.499,3,0.373,saludable
0.158,0.306,0.842,0.475,0.170,0.343,1,0.343,en_observacion
0.547,0.012,0.453,0.360,0.047,0.386,3,0.022,saludable
0.507,0.139,0.493,0.359,0.114,0.826,3,0.171,saludable
0.116,0.296,0.884,0.471,0.252,0.420,1,0.238,en_observacion
-0.266,0.691,1.266,0.888,0.274,0.411,1,0.326,en_riesgo
0.361,0.120,0.639,0.298,0.154,0.358,3,0.348,saludable
0.032,0.354,0.968,0.636,0.149,0.084,1,0.360,en_riesgo
0.237,0.193,0.763,0.443,0.306,0.679,1,0.116,en_observacion
0.237,0.427,0.763,0.483,0.189,0.243,2,0.127,en_observacion
-0.419,0.590,1.419,0.868,0.313,0.222,0,0.262,en_riesgo
0.158,0.338,0.842,0.423,0.353,0.505,2,0.280,en_observacion
-0.139,0.356,1.139,0.715,0.249,0.593,0,0.278,en_riesgo
0.089,0.435,0.911,0.631,0.096,0.386,1,0.325,en_riesgo
0.515,0.164,0.485,0.221,0.143,0.338,3,0.213,saludable
0.549,0.111,0.451,0.229,0.116,0.482,3,0.566,saludable
-0.156,0.650,1.156,0.825,0.122,0.672,0,0.061,en_riesgo
0.377,0.049,0.623,0.460,0.153,0.230,3,0.096,saludable
0.521,0.124,0.479,0.321,0.105,0.153,3,0.112,saludable
0.241,0.182,0.759,0.518,0.215,0.624,3,0.113,en_observacion
0.256,0.099,0.744,0.399,0.202,0.160,3,0.066,saludable
0.125,0.292,0.875,0.622,0.144,0.263,2,0.129,en_observacion
0.013,0.264,0.987,0.785,0.189,0.579,2,0.272,en_riesgo
-0.184,0.752,1.184,0.604,0.385,0.924,0,0.156,en_riesgo
0.048,0.257,0.952,0.484,0.342,0.395,1,0.180,en_riesgo
0.205,0.309,0.795,0.518,0.098,0.524,2,0.133,en_observacion
0.297,0.209,0.703,0.534,0.150,0.559,2,0.219,en_observacion
-0.173,0.654,1.173,0.934,0.137,0.300,1,0.091,en_riesgo
0.514,0.159,0.486,0.256,0.166,0.449,3,0.618,saludable
0.093,0.256,0.907,0.652,0.254,0.537,2,0.029,en_observacion
0.244,0.173,0.756,0.348,0.223,0.638,2,0.210,saludable
-0.183,0.449,1.183,0.837,0.169,0.414,1,0.225,en_riesgo
-0.166,0.547,1.166,0.610,0.357,0.569,0,0.255,en_riesgo
-0.280,0.544,1.280,0.781,0.282,0.468,1,0.473,en_riesgo
0.136,0.156,0.864,0.425,0.152,0.428,1,0.121,en_observacion
0.542,0.235,0.458,0.227,0.069,0.799,2,0.320,saludable
0.201,0.095,0.799,0.630,0.085,0.702,3,0.106,saludable
0.033,0.669,0.967,0.438,0.151,0.611,1,0.197,en_riesgo
0.030,0.350,0.970,0.546,0.125,0.406,1,0.138,en_riesgo
-0.429,0.744,1.429,1.031,0.181,0.471,0,0.266,en_riesgo
0.343,0.064,0.657,0.369,0.129,0.219,3,0.231,saludable
-0.308,0.744,1.308,0.716,0.176,0.789,0,0.222,en_riesgo
0.358,0.141,0.642,0.436,0.094,0.410,3,0.512,saludable
-0.096,0.750,1.096,0.761,0.172,0.721,1,0.401,en_riesgo
0.457,0.215,0.543,0.316,0.191,0.377,3,0.227,saludable
-0.174,0.687,1.174,0.718,0.335,0.313,1,0.317,en_riesgo
0.475,0.067,0.525,0.318,0.090,0.478,3,0.065,saludable
-0.312,0.741,1.312,0.745,0.397,0.478,1,0.174,en_riesgo
0.113,0.426,0.887,0.683,0.186,0.160,2,0.246,en_riesgo
-0.330,0.638,1.330,0.753,0.420,0.567,0,0.080,en_riesgo
-0.085,0.473,1.085,0.615,0.228,0.764,0,0.318,en_riesgo
0.535,0.180,0.465,0.346,0.051,0.325,3,0.431,saludable
-0.379,0.433,1.379,0.910,0.255,0.750,0,0.124,en_riesgo
0.300,0.150,0.700,0.339,0.116,0.507,3,0.080,saludable
0.016,0.227,0.984,0.503,0.118,0.495,1,0.348,en_observacion
0.153,0.317,0.847,0.427,0.361,0.523,1,0.317,en_observacion
0.427,0.175,0.573,0.376,0.078,0.760,3,0.289,saludable
-0.289,0.438,1.289,0.798,0.288,0.901,0,0.184,en_riesgo
-0.231,0.764,1.231,0.604,0.363,0.521,0,0.042,en_riesgo
-0.001,0.489,1.001,0.465,0.128,0.279,0,0.067,en_riesgo
-0.247,0.639,1.247,0.869,0.333,0.446,1,0.163,en_riesgo
0.093,0.276,0.907,0.546,0.186,0.066,1,0.625,en_observacion
-0.110,0.465,1.110,0.778,0.121,0.078,1,0.302,en_riesgo
0.292,0.025,0.708,0.396,0.074,0.633,2,0.257,saludable
-0.087,0.362,1.087,0.629,0.232,0.536,0,0.415,en_riesgo
-0.348,0.615,1.348,0.792,0.149,0.058,1,0.073,en_riesgo
0.429,0.146,0.571,0.320,0.121,0.200,3,0.255,saludable
0.247,0.425,0.753,0.590,0.100,0.662,1,0.172,en_riesgo
0.036,0.683,0.964,0.459,0.134,0.262,1,0.261,en_riesgo
0.373,0.025,0.627,0.312,0.175,0.551,3,0.105,saludable
0.149,0.196,0.851,0.409,0.347,0.617,2,0.005,en_observacion
0.548,0.149,0.452,0.233,0.052,0.214,2,0.401,saludable
0.538,0.248,0.462,0.360,0.097,0.237,3,0.219,saludable
0.441,0.242,0.559,0.339,0.146,0.554,3,0.123,saludable
-0.231,0.665,1.231,0.846,0.319,0.754,1,0.022,en_riesgo
-0.146,0.734,1.146,0.745,0.115,0.556,0,0.239,en_riesgo
-0.436,0.764,1.436,0.952,0.202,0.333,1,0.497,en_riesgo
0.257,0.121,0.743,0.339,0.197,0.427,2,0.177,saludable
-0.063,0.499,1.063,0.657,0.405,0.435,0,0.040,en_riesgo
-0.261,0.581,1.261,0.790,0.438,0.383,1,0.356,en_riesgo
0.394,0.081,0.606,0.447,0.086,0.610,3,0.158,saludable
0.055,0.238,0.945,0.534,0.350,0.100,2,0.233,en_observacion
0.195,0.431,0.805,0.403,0.150,0.206,1,0.034,en_riesgo
0.438,0.241,0.562,0.308,0.145,0.226,3,0.345,saludable
0.146,0.327,0.854,0.630,0.115,0.596,1,0.251,en_observacion
0.188,0.408,0.812,0.425,0.169,0.441,1,0.413,en_riesgo
-0.070,0.539,1.070,0.530,0.249,0.638,0,0.130,en_riesgo
0.531,0.184,0.469,0.281,0.116,0.436,2,0.228,saludable
0.175,0.164,0.825,0.495,0.301,0.057,1,0.250,en_observacion
-0.329,0.797,1.329,0.995,0.301,0.359,1,0.326,en_riesgo
-0.431,0.462,1.431,1.023,0.391,0.209,1,0.296,en_riesgo
0.484,0.214,0.516,0.249,0.181,0.357,3,0.441,saludable
0.185,0.233,0.815,0.414,0.364,0.300,2,0.178,en_observacion
-0.431,0.656,1.431,1.041,0.264,0.634,1,0.107,en_riesgo
-0.430,0.408,1.430,0.993,0.208,0.529,0,0.178,en_riesgo
0.478,0.078,0.522,0.239,0.081,0.364,2,0.246,saludable
0.143,0.234,0.857,0.638,0.188,0.502,2,0.261,en_observacion
0.095,0.274,0.905,0.499,0.229,0.708,1,0.384,en_riesgo
-0.303,0.456,1.303,0.780,0.239,0.355,0,0.232,en_riesgo
0.313,0.086,0.687,0.387,0.199,0.347,3,0.128,saludable
0.403,0.179,0.597,0.417,0.115,0.561,3,0.283,saludable
-0.260,0.490,1.260,0.626,0.211,0.543,0,0.397,en_riesgo
0.131,0.410,0.869,0.511,0.169,0.334,1,0.046,en_riesgo
0.116,0.399,0.884,0.679,0.150,0.146,1,0.246,en_riesgo
0.485,0.048,0.515,0.264,0.210,0.100,3,0.228,saludable
0.003,0.434,0.997,0.587,0.198,0.493,1,0.095,en_riesgo
-0.022,0.585,1.022,0.487,0.175,0.426,0,0.294,en_riesgo
0.473,0.117,0.527,0.421,0.105,0.375,3,0.092,saludable
-0.129,0.733,1.129,0.721,0.167,0.074,0,0.233,en_riesgo
0.187,0.286,0.813,0.571,0.117,0.198,1,0.363,en_observacion
0.161,0.342,0.839,0.414,0.199,0.537,2,0.034,en_riesgo
0.465,0.066,0.535,0.375,0.154,0.699,3,0.466,saludable
-0.302,0.423,1.302,0.640,0.490,0.562,0,0.216,en_riesgo
0.088,0.322,0.912,0.554,0.190,0.637,1,0.136,en_riesgo
0.282,0.209,0.718,0.378,0.153,0.283,2,0.249,saludable
0.301,0.182,0.699,0.442,0.130,0.569,3,0.444,saludable
-0.349,0.749,1.349,1.078,0.156,0.628,0,0.606,en_riesgo
0.374,0.214,0.626,0.456,0.105,0.302,3,0.256,saludable
0.362,0.110,0.638,0.417,0.065,0.561,3,0.328,saludable
0.543,0.101,0.457,0.279,0.173,0.327,3,0.120,saludable
-0.014,0.665,1.014,0.782,0.206,0.814,0,0.260,en_riesgo
0.221,0.415,0.779,0.379,0.134,0.370,1,0.194,en_riesgo
-0.128,0.552,1.128,0.732,0.165,0.454,0,0.251,en_riesgo
-0.252,0.429,1.252,0.675,0.553,0.277,0,0.102,en_riesgo
-0.188,0.579,1.188,0.644,0.474,0.292,1,0.124,en_riesgo
0.387,0.239,0.613,0.481,0.123,0.637,2,0.249,saludable
-0.056,0.369,1.056,0.792,0.151,0.809,0,0.196,en_riesgo
-0.252,0.388,1.252,0.596,0.384,0.544,0,0.498,en_riesgo
0.247,0.188,0.753,0.430,0.309,0.342,2,0.143,en_observacion
0.044,0.315,0.956,0.450,0.163,0.255,2,0.294,en_riesgo
0.015,0.358,0.985,0.620,0.315,0.610,0,0.094,en_riesgo
-0.041,0.381,1.041,0.488,0.429,0.418,0,0.123,en_riesgo
0.103,0.194,0.897,0.493,0.127,0.563,1,0.528,en_observacion
0.471,0.118,0.529,0.407,0.074,0.450,3,0.243,saludable
0.285,0.039,0.715,0.521,0.163,0.249,3,0.151,saludable
0.290,0.038,0.710,0.512,0.139,0.463,2,0.061,saludable
0.502,0.059,0.498,0.278,0.204,0.284,2,0.387,saludable
0.243,0.228,0.757,0.462,0.159,0.280,2,0.017,saludable
0.346,0.011,0.654,0.391,0.148,0.287,3,0.395,saludable
0.323,0.010,0.677,0.460,0.148,0.925,3,0.329,saludable
-0.006,0.480,1.006,0.638,0.328,0.121,0,0.159,en_riesgo
0.095,0.288,0.905,0.533,0.206,0.478,1,0.444,en_observacion
0.175,0.379,0.825,0.396,0.202,0.324,1,0.105,en_observacion
0.321,0.120,0.679,0.327,0.226,0.361,3,0.447,saludable
0.296,0.071,0.704,0.485,0.071,0.738,2,0.061,saludable
0.265,0.040,0.735,0.525,0.079,0.239,3,0.247,saludable
0.379,0.019,0.621,0.451,0.154,0.506,3,0.283,saludable
-0.051,0.445,1.051,0.633,0.162,0.455,1,0.031,en_riesgo
0.513,0.243,0.487,0.271,0.162,0.279,3,0.399,saludable
0.025,0.183,0.975,0.729,0.147,0.456,2,0.083,en_riesgo
-0.038,0.449,1.038,0.467,0.276,0.414,0,0.599,en_riesgo
0.506,0.104,0.494,0.374,0.057,0.679,3,0.441,saludable
0.031,0.232,0.969,0.540,0.108,0.354,1,0.219,en_riesgo
-0.124,0.478,1.124,0.843,0.235,0.312,0,0.172,en_riesgo
-0.439,0.550,1.439,0.836,0.205,0.516,0,0.370,en_riesgo
0.102,0.302,0.898,0.544,0.233,0.284,1,0.090,en_observacion
-0.122,0.457,1.122,0.798,0.257,0.207,1,0.544,en_riesgo
0.096,0.411,0.904,0.469,0.258,0.337,1,0.188,en_riesgo
0.020,0.302,0.980,0.535,0.324,0.199,1,0.326,en_riesgo
0.230,0.233,0.770,0.430,0.340,0.445,2,0.134,en_observacion
0.454,0.239,0.546,0.280,0.090,0.206,3,0.192,saludable
0.101,0.281,0.899,0.567,0.254,0.298,2,0.310,en_observacion
0.317,0.176,0.683,0.403,0.106,0.596,3,0.068,saludable
0.546,0.031,0.454,0.344,0.073,0.506,2,0.286,saludable
-0.353,0.406,1.353,1.058,0.209,0.420,0,0.200,en_riesgo
0.467,0.111,0.533,0.321,0.092,0.652,3,0.102,saludable
0.099,0.252,0.901,0.672,0.105,0.951,2,0.261,en_observacion
0.028,0.388,0.972,0.536,0.158,0.653,1,0.700,en_riesgo
0.015,0.247,0.985,0.702,0.222,0.328,2,0.262,en_riesgo
-0.093,0.691,1.093,0.793,0.157,0.830,0,0.333,en_riesgo
-0.216,0.710,1.216,0.880,0.262,0.802,0,0.191,en_riesgo
0.071,0.198,0.929,0.576,0.156,0.139,1,0.314,en_observacion
-0.241,0.535,1.241,0.649,0.477,0.601,0,0.412,en_riesgo
-0.002,0.353,1.002,0.697,0.173,0.248,1,0.424,en_riesgo
0.535,0.110,0.465,0.315,0.119,0.308,3,0.136,saludable
0.141,0.426,0.859,0.651,0.163,0.288,2,0.115,en_riesgo
0.096,0.209,0.904,0.467,0.370,0.514,2,0.397,en_observacion
0.207,0.056,0.793,0.512,0.104,0.611,3,0.077,saludable
0.227,0.128,0.773,0.444,0.147,0.269,3,0.152,saludable
0.071,0.202,0.929,0.554,0.108,0.307,2,0.085,en_observacion
0.001,0.317,0.999,0.674,0.286,0.508,2,0.091,en_riesgo
0.041,0.202,0.959,0.685,0.263,0.183,2,0.432,en_observacion
0.112,0.163,0.888,0.466,0.374,0.188,1,0.070,en_observacion
0.255,0.155,0.745,0.418,0.309,0.403,3,0.162,saludable
0.528,0.001,0.472,0.310,0.100,0.450,3,0.256,saludable
0.434,0.179,0.566,0.421,0.061,0.558,3,0.256,saludable
0.023,0.740,0.977,0.621,0.329,0.110,0,0.089,en_riesgo
-0.221,0.466,1.221,0.622,0.318,0.326,0,0.493,en_riesgo
-0.152,0.552,1.152,0.534,0.233,0.728,0,0.083,en_riesgo
0.467,0.200,0.533,0.315,0.120,0.272,3,0.328,saludable
0.389,0.163,0.611,0.318,0.083,0.455,3,0.113,saludable
0.201,0.345,0.799,0.403,0.327,0.010,2,0.310,en_observacion
-0.141,0.690,1.141,0.801,0.154,0.386,0,0.133,en_riesgo
0.337,0.083,0.663,0.498,0.132,0.556,3,0.129,saludable
0.546,0.158,0.454,0.251,0.074,0.452,3,0.085,saludable
0.520,0.159,0.480,0.223,0.072,0.613,3,0.100,saludable
0.056,0.359,0.944,0.699,0.136,0.170,2,0.545,en_riesgo
0.230,0.188,0.770,0.522,0.232,0.639,3,0.205,saludable
-0.426,0.543,1.426,1.055,0.215,0.472,1,0.281,en_riesgo
-0.060,0.664,1.060,0.547,0.194,0.333,1,0.311,en_riesgo
0.147,0.244,0.853,0.589,0.093,0.277,1,0.296,en_observacion
-0.084,0.699,1.084,0.559,0.384,0.790,0,0.420,en_riesgo
-0.273,0.778,1.273,0.986,0.223,0.623,1,0.529,en_riesgo
0.505,0.203,0.495,0.351,0.141,0.720,3,0.071,saludable
-0.215,0.430,1.215,0.628,0.149,0.477,0,0.256,en_riesgo
0.329,0.016,0.671,0.351,0.228,0.365,3,0.092,saludable
-0.390,0.414,1.390,0.989,0.221,0.552,0,0.180,en_riesgo
0.373,0.028,0.627,0.474,0.095,0.240,3,0.125,saludable
-0.038,0.437,1.038,0.674,0.219,0.116,0,0.243,en_riesgo
-0.209,0.506,1.209,0.863,0.188,0.591,1,0.205,en_riesgo
-0.261,0.652,1.261,0.694,0.154,0.593,0,0.398,en_riesgo
0.225,0.202,0.775,0.416,0.257,0.300,2,0.437,en_observacion
-0.288,0.733,1.288,0.895,0.231,0.194,1,0.280,en_riesgo
-0.242,0.354,1.242,0.835,0.384,0.308,0,0.408,en_riesgo
0.341,0.107,0.659,0.308,0.230,0.522,3,0.203,saludable
0.325,0.154,0.675,0.447,0.185,0.389,2,0.317,saludable
0.301,0.012,0.699,0.410,0.244,0.742,3,0.170,saludable
0.178,0.211,0.822,0.600,0.101,0.148,2,0.183,en_observacion
0.042,0.335,0.958,0.552,0.266,0.352,2,0.128,en_riesgo
0.145,0.155,0.855,0.443,0.316,0.371,1,0.065,en_observacion
0.023,0.721,0.977,0.461,0.357,0.500,0,0.322,en_riesgo
-0.002,0.439,1.002,0.801,0.110,0.396,1,0.198,en_riesgo
-0.099,0.474,1.099,0.757,0.318,0.208,1,0.411,en_riesgo
-0.290,0.380,1.290,1.011,0.274,0.556,0,0.108,en_riesgo
0.531,0.020,0.469,0.333,0.130,0.045,3,0.354,saludable
0.194,0.161,0.806,0.517,0.231,0.375,2,0.124,en_observacion
-0.182,0.719,1.182,0.586,0.165,0.329,0,0.239,en_riesgo
0.123,0.368,0.877,0.650,0.096,0.468,2,0.048,en_observacion
0.147,0.359,0.853,0.599,0.115,0.753,2,0.113,en_riesgo
0.113,0.179,0.887,0.559,0.202,0.676,2,0.355,en_observacion
0.275,0.249,0.725,0.332,0.136,0.270,3,0.146,saludable
-0.287,0.499,1.287,0.901,0.162,0.673,1,0.492,en_riesgo
-0.091,0.490,1.091,0.790,0.292,0.162,0,0.193,en_riesgo
0.036,0.700,0.964,0.717,0.176,0.353,0,0.170,en_riesgo
0.503,0.240,0.497,0.316,0.086,0.539,2,0.075,saludable
0.353,0.042,0.647,0.476,0.158,0.495,3,0.624,saludable
-0.296,0.617,1.296,0.954,0.138,0.556,0,0.226,en_riesgo
0.090,0.314,0.910,0.622,0.152,0.771,1,0.404,en_riesgo
-0.143,0.371,1.143,0.912,0.227,0.513,0,0.162,en_riesgo
0.158,0.163,0.842,0.659,0.132,0.657,1,0.247,en_observacion
-0.178,0.403,1.178,0.594,0.143,0.068,0,0.299,en_riesgo
0.529,0.039,0.471,0.334,0.132,0.600,3,0.305,saludable
0.421,0.114,0.579,0.265,0.259,0.338,2,0.284,saludable
0.226,0.230,0.774,0.465,0.203,0.595,2,0.186,en_observacion
0.211,0.270,0.789,0.595,0.135,0.199,1,0.267,en_observacion
0.161,0.171,0.839,0.434,0.094,0.758,2,0.016,en_observacion
0.334,0.152,0.666,0.387,0.080,0.466,3,0.240,saludable
-0.015,0.515,1.015,0.487,0.237,0.371,0,0.132,en_riesgo
0.078,0.253,0.922,0.517,0.169,0.846,1,0.194,en_observacion
-0.045,0.432,1.045,0.540,0.162,0.837,0,0.181,en_riesgo
-0.129,0.477,1.129,0.547,0.291,0.677,0,0.282,en_riesgo
0.135,0.254,0.865,0.686,0.126,0.315,2,0.180,en_observacion
0.047,0.348,0.953,0.672,0.229,0.637,1,0.262,en_riesgo
-0.024,0.557,1.024,0.642,0.242,0.602,1,0.234,en_riesgo
-0.141,0.619,1.141,0.576,0.327,0.687,0,0.069,en_riesgo
0.172,0.286,0.828,0.636,0.136,0.655,1,0.205,en_observacion
0.537,0.198,0.463,0.223,0.198,0.265,2,0.077,saludable
0.222,0.295,0.778,0.591,0.093,0.375,1,0.095,en_observacion
0.342,0.006,0.658,0.463,0.093,0.436,2,0.156,saludable
0.008,0.250,0.992,0.696,0.282,0.480,2,0.215,en_riesgo
0.120,0.199,0.880,0.424,0.302,0.876,2,0.093,en_observacion
0.073,0.297,0.927,0.492,0.215,0.909,2,0.080,en_riesgo
-0.205,0.561,1.205,0.702,0.284,0.055,1,0.155,en_riesgo
-0.314,0.573,1.314,0.946,0.348,0.314,0,0.103,en_riesgo
0.120,0.189,0.880,0.507,0.211,0.673,2,0.301,en_observacion
0.388,0.176,0.612,0.416,0.162,0.584,3,0.366,saludable
0.340,0.190,0.660,0.333,0.195,0.135,3,0.098,saludable
0.197,0.155,0.803,0.483,0.307,0.210,2,0.317,en_observacion
0.010,0.360,0.990,0.582,0.243,0.346,0,0.314,en_riesgo
-0.238,0.573,1.238,0.920,0.281,0.392,1,0.156,en_riesgo
0.316,0.187,0.684,0.481,0.137,0.366,3,0.141,saludable
-0.383,0.531,1.383,1.103,0.219,0.562,0,0.482,en_riesgo
-0.437,0.750,1.437,0.978,0.150,0.799,0,0.247,en_riesgo
0.103,0.424,0.897,0.585,0.284,0.289,1,0.095,en_riesgo
-0.025,0.561,1.025,0.695,0.150,0.286,1,0.066,en_riesgo
0.454,0.248,0.546,0.255,0.140,0.589,3,0.283,saludable
0.254,0.009,0.746,0.524,0.116,0.878,3,0.435,saludable
0.392,0.088,0.608,0.475,0.093,0.582,2,0.235,saludable
0.094,0.283,0.906,0.715,0.187,0.071,2,0.496,en_observacion
0.186,0.358,0.814,0.595,0.219,0.151,1,0.160,en_observacion
-0.003,0.740,1.003,0.489,0.104,0.602,0,0.506,en_riesgo
0.267,0.068,0.733,0.440,0.076,0.337,2,0.298,saludable
-0.081,0.405,1.081,0.787,0.180,0.746,1,0.264,en_riesgo
0.319,0.247,0.681,0.432,0.163,0.534,3,0.175,saludable
0.300,0.202,0.700,0.362,0.277,0.752,3,0.197,saludable
0.085,0.416,0.915,0.676,0.124,0.229,2,0.282,en_riesgo
0.180,0.253,0.820,0.576,0.172,0.808,1,0.099,en_observacion
0.496,0.214,0.504,0.338,0.123,0.791,3,0.104,saludable
0.153,0.160,0.847,0.604,0.176,0.327,1,0.433,en_observacion
0.341,0.091,0.659,0.299,0.088,0.089,2,0.147,saludable
0.230,0.390,0.770,0.458,0.134,0.639,2,0.278,en_observacion
0.163,0.325,0.837,0.663,0.130,0.503,1,0.097,en_observacion
0.124,0.286,0.876,0.627,0.225,0.732,2,0.350,en_observacion
0.084,0.298,0.916,0.696,0.191,0.351,1,0.280,en_riesgo
0.328,0.048,0.672,0.530,0.116,0.216,2,0.122,saludable
0.095,0.227,0.905,0.534,0.136,0.691,2,0.484,en_observacion
0.472,0.104,0.528,0.413,0.114,0.184,2,0.076,saludable
0.233,0.021,0.767,0.487,0.149,0.408,3,0.216,saludable
0.243,0.248,0.757,0.369,0.092,0.463,2,0.085,en_observacion
0.170,0.169,0.830,0.419,0.119,0.357,1,0.391,en_observacion
-0.323,0.714,1.323,0.767,0.449,0.443,1,0.189,en_riesgo
-0.346,0.539,1.346,0.763,0.210,0.472,0,0.386,en_riesgo
-0.403,0.604,1.403,0.764,0.488,0.065,0,0.135,en_riesgo
0.008,0.186,0.992,0.695,0.193,0.668,2,0.050,en_riesgo
0.116,0.202,0.884,0.574,0.260,0.184,2,0.169,en_observacion
-0.433,0.473,1.433,0.804,0.449,0.215,1,0.270,en_riesgo
-0.317,0.526,1.317,0.935,0.318,0.374,1,0.321,en_riesgo
0.208,0.001,0.792,0.424,0.347,0.318,3,0.254,saludable
0.050,0.453,0.950,0.469,0.150,0.234,0,0.232,en_riesgo
-0.431,0.522,1.431,0.899,0.256,0.306,0,0.400,en_riesgo
0.207,0.154,0.793,0.374,0.184,0.630,1,0.452,en_observacion
-0.181,0.452,1.181,0.579,0.513,0.386,1,0.115,en_riesgo
0.382,0.143,0.618,0.444,0.137,0.203,3,0.203,saludable
0.534,0.160,0.466,0.265,0.069,0.515,3,0.162,saludable
0.150,0.152,0.850,0.641,0.121,0.405,2,0.383,en_observacion
0.313,0.034,0.687,0.480,0.090,0.445,2,0.057,saludable
0.110,0.370,0.890,0.580,0.267,0.492,2,0.251,en_observacion
-0.159,0.673,1.159,0.738,0.123,0.283,0,0.086,en_riesgo
0.459,0.109,0.541,0.311,0.066,0.610,3,0.166,saludable
-0.428,0.409,1.428,0.995,0.344,0.345,1,0.217,en_riesgo
0.053,0.348,0.947,0.696,0.105,0.569,2,0.030,en_riesgo
0.541,0.080,0.459,0.366,0.060,0.900,2,0.152,saludable
0.178,0.361,0.822,0.504,0.315,0.365,2,0.121,en_observacion
0.393,0.227,0.607,0.284,0.248,0.569,3,0.149,saludable
-0.409,0.359,1.409,0.984,0.356,0.239,0,0.325,en_riesgo
-0.349,0.403,1.349,0.695,0.309,0.462,0,0.166,en_riesgo
0.085,0.414,0.915,0.582,0.201,0.270,1,0.227,en_riesgo
0.246,0.243,0.754,0.426,0.087,0.629,3,0.271,en_observacion
0.240,0.090,0.760,0.445,0.291,0.450,3,0.172,saludable
0.165,0.293,0.835,0.414,0.094,0.185,1,0.208,en_observacion
0.057,0.419,0.943,0.485,0.124,0.318,2,0.446,en_riesgo
0.522,0.239,0.478,0.274,0.103,0.560,3,0.332,saludable
0.545,0.054,0.455,0.341,0.107,0.311,3,0.388,saludable
0.103,0.213,0.897,0.635,0.106,0.176,2,0.256,en_observacion
0.376,0.187,0.624,0.497,0.073,0.712,2,0.107,saludable
0.194,0.425,0.806,0.594,0.175,0.283,2,0.274,en_riesgo
-0.219,0.679,1.219,0.597,0.401,0.423,1,0.588,en_riesgo
0.206,0.394,0.794,0.486,0.168,0.439,1,0.190,en_observacion
-0.082,0.359,1.082,0.495,0.467,0.409,0,0.269,en_riesgo
0.395,0.133,0.605,0.477,0.118,0.366,3,0.115,saludable
-0.131,0.359,1.131,0.648,0.284,0.533,0,0.167,en_riesgo
0.239,0.250,0.761,0.478,0.247,0.598,2,0.143,en_observacion
0.511,0.002,0.489,0.335,0.080,0.526,3,0.079,saludable
0.396,0.074,0.604,0.280,0.194,0.356,3,0.263,saludable
0.544,0.092,0.456,0.341,0.057,0.558,2,0.548,saludable
-0.356,0.627,1.356,0.752,0.465,0.359,1,0.175,en_riesgo
-0.334,0.684,1.334,0.794,0.297,0.400,0,0.600,en_riesgo
0.236,0.434,0.764,0.357,0.300,0.363,2,0.319,en_observacion
-0.114,0.667,1.114,0.600,0.136,0.516,0,0.067,en_riesgo
-0.338,0.414,1.338,0.800,0.535,0.492,0,0.161,en_riesgo
0.223,0.100,0.777,0.494,0.132,0.313,3,0.228,saludable
0.158,0.160,0.842,0.499,0.142,0.162,1,0.337,en_observacion
0.143,0.303,0.857,0.524,0.178,0.408,1,0.397,en_riesgo
-0.169,0.438,1.169,0.549,0.280,0.906,1,0.128,en_riesgo
0.262,0.099,0.738,0.446,0.094,0.431,3,0.157,saludable
0.266,0.214,0.734,0.562,0.157,0.173,2,0.156,saludable
0.295,0.094,0.705,0.488,0.078,0.144,3,0.056,saludable
-0.097,0.577,1.097,0.639,0.446,0.307,0,0.404,en_riesgo
-0.072,0.744,1.072,0.584,0.180,0.421,0,0.237,en_riesgo
0.344,0.175,0.656,0.422,0.119,0.255,2,0.129,saludable
0.273,0.037,0.727,0.374,0.319,0.155,3,0.647,saludable
-0.084,0.381,1.084,0.529,0.213,0.549,0,0.181,en_riesgo
-0.048,0.459,1.048,0.744,0.227,0.519,1,0.195,en_riesgo
0.521,0.135,0.479,0.324,0.131,0.420,2,0.070,saludable
0.303,0.165,0.697,0.536,0.079,0.420,3,0.131,saludable
-0.281,0.780,1.281,0.854,0.376,0.621,0,0.335,en_riesgo
0.225,0.107,0.775,0.456,0.274,0.378,3,0.141,saludable
0.490,0.156,0.510,0.268,0.092,0.260,3,0.657,saludable
0.178,0.421,0.822,0.546,0.253,0.193,2,0.360,en_observacion
-0.305,0.422,1.305,0.820,0.431,0.757,1,0.280,en_riesgo
-0.402,0.550,1.402,1.070,0.317,0.179,0,0.127,en_riesgo
0.431,0.034,0.569,0.302,0.246,0.178,3,0.392,saludable
0.009,0.366,0.991,0.572,0.100,0.367,2,0.241,en_riesgo
0.380,0.097,0.620,0.488,0.104,0.157,3,0.243,saludable
-0.035,0.535,1.035,0.632,0.383,0.847,1,0.134,en_riesgo
-0.244,0.610,1.244,0.869,0.346,0.274,0,0.381,en_riesgo
-0.162,0.590,1.162,0.706,0.451,0.354,0,0.117,en_riesgo
0.263,0.235,0.737,0.451,0.095,0.199,2,0.111,saludable
-0.050,0.431,1.050,0.739,0.249,0.672,1,0.159,en_riesgo
0.222,0.146,0.778,0.458,0.253,0.765,3,0.116,en_observacion
0.088,0.421,0.912,0.674,0.129,0.472,2,0.066,en_riesgo
0.104,0.227,0.896,0.662,0.103,0.300,1,0.379,en_observacion
0.192,0.217,0.808,0.554,0.200,0.543,1,0.126,en_observacion
0.107,0.312,0.893,0.481,0.325,0.376,1,0.646,en_riesgo
0.226,0.226,0.774,0.517,0.115,0.576,3,0.256,en_observacion
0.327,0.240,0.673,0.532,0.116,0.711,3,0.081,saludable
0.228,0.067,0.772,0.536,0.103,0.387,2,0.191,saludable
0.083,0.262,0.917,0.720,0.196,0.150,1,0.303,en_riesgo
-0.367,0.660,1.367,0.982,0.199,0.286,0,0.240,en_riesgo
0.294,0.087,0.706,0.356,0.311,0.138,3,0.174,saludable
0.491,0.100,0.509,0.291,0.093,0.480,3,0.087,saludable
0.074,0.268,0.926,0.567,0.293,0.071,1,0.097,en_observacion
0.358,0.230,0.642,0.357,0.158,0.542,3,0.309,saludable
0.202,0.342,0.798,0.522,0.121,0.425,1,0.343,en_observacion
-0.205,0.632,1.205,0.552,0.142,0.600,0,0.293,en_riesgo
0.235,0.121,0.765,0.493,0.269,0.756,3,0.224,saludable
0.069,0.401,0.931,0.557,0.233,0.392,1,0.121,en_riesgo
0.141,0.284,0.859,0.405,0.248,0.515,2,0.409,en_observacion
-0.044,0.671,1.044,0.719,0.256,0.332,1,0.126,en_riesgo
0.255,0.164,0.745,0.425,0.210,0.572,3,0.249,saludable
-0.160,0.709,1.160,0.592,0.426,0.167,1,0.231,en_riesgo
0.005,0.419,0.995,0.517,0.127,0.594,1,0.122,en_riesgo
0.153,0.301,0.847,0.488,0.208,0.289,2,0.487,en_observacion
0.489,0.207,0.511,0.368,0.128,0.276,3,0.294,saludable
0.210,0.424,0.790,0.357,0.084,0.202,2,0.460,en_observacion
0.365,0.125,0.635,0.373,0.175,0.217,3,0.012,saludable
-0.360,0.663,1.360,0.738,0.442,0.337,1,0.385,en_riesgo
0.547,0.079,0.453,0.258,0.121,0.493,3,0.079,saludable
0.313,0.184,0.687,0.520,0.099,0.807,2,0.329,saludable
-0.150,0.778,1.150,0.527,0.220,0.500,0,0.089,en_riesgo
0.128,0.341,0.872,0.405,0.353,0.546,2,0.168,en_observacion
0.204,0.166,0.796,0.420,0.287,0.411,3,0.177,saludable
-0.039,0.677,1.039,0.686,0.153,0.323,1,0.120,en_riesgo
0.327,0.027,0.673,0.364,0.160,0.249,3,0.254,saludable
0.389,0.161,0.611,0.478,0.132,0.290,3,0.136,saludable
-0.412,0.384,1.412,0.861,0.423,0.124,0,0.129,en_riesgo
-0.338,0.662,1.338,0.887,0.380,0.698,0,0.169,en_riesgo
0.538,0.198,0.462,0.232,0.104,0.556,3,0.248,saludable
0.538,0.088,0.462,0.229,0.174,0.184,3,0.222,saludable
-0.325,0.578,1.325,1.056,0.182,0.234,1,0.235,en_riesgo
0.275,0.160,0.725,0.494,0.099,0.661,2,0.086,saludable
-0.365,0.412,1.365,0.743,0.216,0.210,0,0.189,en_riesgo
-0.233,0.386,1.233,0.972,0.216,0.535,0,0.394,en_riesgo
-0.076,0.677,1.076,0.716,0.274,0.247,0,0.255,en_riesgo
0.216,0.273,0.784,0.430,0.113,0.548,1,0.350,en_observacion
0.009,0.435,0.991,0.745,0.215,0.309,1,0.205,en_riesgo
-0.039,0.778,1.039,0.670,0.128,0.106,0,0.342,en_riesgo
0.340,0.195,0.660,0.484,0.131,0.248,3,0.244,saludable
-0.077,0.443,1.077,0.630,0.396,0.101,0,0.223,en_riesgo
0.039,0.487,0.961,0.665,0.131,0.107,1,0.162,en_riesgo
0.032,0.703,0.968,0.690,0.141,0.543,1,0.339,en_riesgo
0.013,0.222,0.987,0.725,0.171,0.168,1,0.163,en_riesgo
-0.324,0.535,1.324,0.599,0.292,0.418,1,0.118,en_riesgo
-0.355,0.781,1.355,0.618,0.343,0.392,0,0.279,en_riesgo
0.211,0.239,0.789,0.446,0.335,0.148,2,0.410,en_observacion
0.158,0.200,0.842,0.473,0.344,0.281,2,0.128,en_observacion
-0.263,0.590,1.263,0.850,0.363,0.092,0,0.274,en_riesgo
0.143,0.430,0.857,0.525,0.326,0.192,2,0.183,en_riesgo
0.034,0.552,0.966,0.736,0.137,0.706,0,0.324,en_riesgo
0.069,0.307,0.931,0.688,0.097,0.124,2,0.314,en_riesgo
0.239,0.183,0.761,0.440,0.225,0.193,1,0.152,saludable
-0.368,0.768,1.368,1.092,0.141,0.573,0,0.269,en_riesgo
-0.124,0.447,1.124,0.767,0.278,0.526,0,0.099,en_riesgo
0.541,0.023,0.459,0.338,0.085,0.276,2,0.294,saludable
-0.107,0.584,1.107,0.776,0.272,0.387,0,0.110,en_riesgo
0.039,0.197,0.961,0.641,0.287,0.111,2,0.173,en_observacion
-0.160,0.614,1.160,0.804,0.235,0.457,0,0.461,en_riesgo
0.392,0.092,0.608,0.347,0.131,0.222,2,0.514,saludable
-0.289,0.610,1.289,0.759,0.374,0.087,0,0.205,en_riesgo
0.057,0.161,0.943,0.457,0.227,0.328,1,0.438,en_observacion
0.185,0.296,0.815,0.528,0.132,0.451,1,0.376,en_observacion
0.189,0.374,0.811,0.473,0.116,0.374,2,0.658,en_observacion
0.309,0.012,0.691,0.552,0.123,0.436,3,0.154,saludable
-0.344,0.782,1.344,0.837,0.145,0.250,0,0.498,en_riesgo
-0.339,0.721,1.339,0.855,0.449,0.110,0,0.152,en_riesgo
-0.404,0.743,1.404,1.004,0.380,0.496,0,0.105,en_riesgo
0.206,0.296,0.794,0.600,0.144,0.413,1,0.156,en_observacion
-0.276,0.393,1.276,0.739,0.228,0.119,1,0.172,en_riesgo
0.350,0.043,0.650,0.494,0.096,0.715,3,0.162,saludable
0.532,0.150,0.468,0.218,0.109,0.626,3,0.260,saludable
-0.050,0.634,1.050,0.619,0.376,0.275,0,0.088,en_riesgo
0.099,0.171,0.901,0.547,0.257,0.483,1,0.270,en_observacion
-0.434,0.608,1.434,1.147,0.169,0.778,0,0.507,en_riesgo
-0.070,0.356,1.070,0.798,0.198,0.644,0,0.549,en_riesgo
0.134,0.363,0.866,0.538,0.117,0.236,2,0.090,en_observacion
0.022,0.365,0.978,0.509,0.305,0.434,0,0.234,en_riesgo
-0.228,0.476,1.228,0.775,0.181,0.580,1,0.079,en_riesgo
0.014,0.225,0.986,0.674,0.212,0.357,2,0.386,en_riesgo
-0.068,0.441,1.068,0.688,0.168,0.253,0,0.205,en_riesgo
0.000,0.342,1.000,0.538,0.325,0.319,2,0.491,en_riesgo
0.512,0.244,0.488,0.337,0.113,0.305,2,0.268,saludable
0.187,0.392,0.813,0.631,0.170,0.250,1,0.245,en_observacion
0.229,0.395,0.771,0.493,0.205,0.242,1,0.500,en_riesgo
-0.171,0.586,1.171,0.640,0.394,0.327,0,0.052,en_riesgo
0.090,0.306,0.910,0.624,0.118,0.309,2,0.493,en_observacion
0.146,0.365,0.854,0.550,0.117,0.409,1,0.034,en_riesgo
0.365,0.193,0.635,0.447,0.076,0.128,2,0.072,saludable
0.308,0.098,0.692,0.540,0.111,0.632,2,0.052,saludable
0.525,0.149,0.475,0.242,0.169,0.200,3,0.560,saludable
-0.066,0.495,1.066,0.489,0.320,0.516,0,0.143,en_riesgo
0.125,0.210,0.875,0.654,0.194,0.538,1,0.419,en_observacion
-0.082,0.726,1.082,0.767,0.308,0.593,0,0.132,en_riesgo
-0.152,0.533,1.152,0.530,0.501,0.462,0,0.074,en_riesgo
0.021,0.597,0.979,0.600,0.217,0.423,0,0.400,en_riesgo
-0.345,0.626,1.345,0.795,0.491,0.823,1,0.056,en_riesgo
0.157,0.332,0.843,0.450,0.158,0.592,2,0.503,en_observacion
0.332,0.165,0.668,0.390,0.188,0.253,3,0.202,saludable
0.543,0.151,0.457,0.326,0.091,0.398,3,0.632,saludable
0.077,0.176,0.923,0.656,0.219,0.206,1,0.136,en_observacion
0.194,0.305,0.806,0.423,0.187,0.554,2,0.244,en_observacion
0.530,0.101,0.470,0.312,0.124,0.775,2,0.061,saludable
0.236,0.440,0.764,0.351,0.078,0.180,1,0.169,en_riesgo
0.136,0.305,0.864,0.457,0.301,0.597,2,0.207,en_riesgo
0.326,0.053,0.674,0.500,0.109,0.436,3,0.005,saludable
0.120,0.300,0.880,0.550,0.102,0.256,1,0.219,en_observacion
0.188,0.211,0.812,0.601,0.193,0.302,1,0.210,saludable
0.030,0.762,0.970,0.607,0.100,0.448,0,0.104,en_riesgo
-0.201,0.620,1.201,0.770,0.364,0.353,1,0.149,en_riesgo
0.223,0.417,0.777,0.495,0.199,0.611,1,0.174,en_observacion
0.199,0.413,0.801,0.440,0.157,0.426,1,0.368,en_riesgo
0.329,0.137,0.671,0.536,0.123,0.110,2,0.318,saludable
0.208,0.004,0.792,0.460,0.236,0.217,2,0.367,saludable
-0.003,0.407,1.003,0.455,0.446,0.731,0,0.065,en_riesgo
0.215,0.257,0.785,0.438,0.123,0.143,1,0.346,en_observacion
-0.041,0.493,1.041,0.654,0.116,0.242,1,0.191,en_riesgo
0.201,0.054,0.799,0.618,0.096,0.631,2,0.170,saludable
0.116,0.154,0.884,0.591,0.223,0.142,1,0.290,en_observacion
0.040,0.202,0.960,0.562,0.318,0.373,1,0.212,en_observacion
0.513,0.131,0.487,0.272,0.182,0.297,3,0.351,saludable
-0.278,0.714,1.278,0.946,0.161,0.198,0,0.242,en_riesgo
0.469,0.244,0.531,0.413,0.106,0.531,3,0.113,saludable
0.045,0.546,0.955,0.611,0.207,0.478,1,0.281,en_riesgo
0.416,0.220,0.584,0.362,0.197,0.403,2,0.603,saludable
0.369,0.230,0.631,0.297,0.155,0.209,2,0.311,saludable
0.289,0.037,0.711,0.413,0.193,0.167,3,0.264,saludable
0.473,0.172,0.527,0.372,0.080,0.454,2,0.119,saludable
0.473,0.237,0.527,0.293,0.138,0.326,2,0.182,saludable
0.075,0.321,0.925,0.483,0.176,0.371,2,0.067,en_riesgo
0.306,0.201,0.694,0.474,0.177,0.570,3,0.151,saludable
0.276,0.062,0.724,0.370,0.163,0.351,3,0.043,saludable
0.224,0.198,0.776,0.596,0.110,0.230,3,0.153,saludable
0.445,0.106,0.555,0.307,0.208,0.889,3,0.134,saludable
0.206,0.168,0.794,0.479,0.305,0.288,3,0.062,saludable
0.235,0.350,0.765,0.458,0.211,0.156,2,0.429,en_observacion
-0.016,0.362,1.016,0.661,0.355,0.615,0,0.031,en_riesgo
0.195,0.151,0.805,0.416,0.185,0.468,1,0.267,saludable
0.299,0.193,0.701,0.320,0.304,0.501,3,0.560,saludable
-0.186,0.656,1.186,0.807,0.294,0.251,0,0.059,en_riesgo
0.543,0.028,0.457,0.322,0.115,0.219,2,0.342,saludable
0.328,0.150,0.672,0.348,0.228,0.468,2,0.347,saludable
-0.026,0.578,1.026,0.537,0.175,0.392,0,0.238,en_riesgo
-0.186,0.388,1.186,0.835,0.158,0.167,0,0.318,en_riesgo
0.331,0.071,0.669,0.371,0.297,0.596,3,0.082,saludable
0.534,0.069,0.466,0.356,0.097,0.211,3,0.268,saludable
0.303,0.063,0.697,0.407,0.114,0.698,3,0.257,saludable
0.201,0.419,0.799,0.374,0.303,0.345,2,0.363,en_observacion
-0.384,0.505,1.384,0.943,0.372,0.791,0,0.464,en_riesgo
-0.225,0.702,1.225,0.726,0.469,0.355,0,0.816,en_riesgo
0.009,0.346,0.991,0.622,0.286,0.558,1,0.369,en_riesgo
-0.187,0.422,1.187,0.635,0.469,0.208,1,0.268,en_riesgo
-0.147,0.383,1.147,0.855,0.174,0.369,1,0.124,en_riesgo
0.121,0.277,0.879,0.647,0.185,0.347,1,0.143,en_riesgo
-0.254,0.787,1.254,0.816,0.145,0.305,0,0.052,en_riesgo
-0.330,0.744,1.330,0.800,0.180,0.450,1,0.143,en_riesgo
-0.430,0.700,1.430,0.864,0.527,0.450,0,0.083,en_riesgo
-0.267,0.636,1.267,1.000,0.252,0.429,0,0.286,en_riesgo
-0.083,0.454,1.083,0.656,0.369,0.393,1,0.170,en_riesgo
-0.339,0.450,1.339,0.741,0.148,0.370,0,0.106,en_riesgo
0.001,0.543,0.999,0.740,0.229,0.363,0,0.616,en_riesgo
0.471,0.194,0.529,0.325,0.144,0.370,2,0.144,saludable
0.089,0.353,0.911,0.549,0.226,0.423,2,0.162,en_riesgo
0.491,0.247,0.509,0.358,0.113,0.478,3,0.106,saludable
0.070,0.264,0.930,0.676,0.098,0.346,2,0.046,en_observacion
-0.039,0.640,1.039,0.773,0.183,0.254,0,0.057,en_riesgo
0.050,0.389,0.950,0.528,0.233,0.758,1,0.125,en_riesgo
0.463,0.247,0.537,0.381,0.068,0.307,3,0.228,saludable
0.221,0.217,0.779,0.419,0.240,0.394,2,0.142,saludable
0.304,0.025,0.696,0.494,0.165,0.583,2,0.416,saludable
0.097,0.280,0.903,0.420,0.189,0.342,2,0.431,en_observacion
0.268,0.054,0.732,0.510,0.081,0.400,3,0.361,saludable
-0.287,0.572,1.287,0.923,0.199,0.141,0,0.420,en_riesgo
-0.081,0.798,1.081,0.574,0.296,0.753,0,0.219,en_riesgo
-0.139,0.377,1.139,0.609,0.461,0.461,0,0.164,en_riesgo
0.131,0.224,0.869,0.597,0.091,0.472,1,0.277,en_observacion
0.049,0.150,0.951,0.645,0.246,0.660,2,0.561,en_observacion
-0.203,0.525,1.203,0.872,0.250,0.500,0,0.111,en_riesgo
-0.181,0.445,1.181,0.919,0.170,0.226,0,0.078,en_riesgo
-0.295,0.591,1.295,0.815,0.460,0.492,0,0.395,en_riesgo
0.364,0.145,0.636,0.347,0.097,0.584,3,0.652,saludable
-0.125,0.694,1.125,0.864,0.232,0.536,0,0.073,en_riesgo
0.037,0.351,0.963,0.762,0.156,0.408,1,0.093,en_riesgo
0.040,0.722,0.960,0.747,0.140,0.519,0,0.423,en_riesgo
-0.114,0.682,1.114,0.740,0.323,0.732,0,0.353,en_riesgo
-0.058,0.465,1.058,0.506,0.259,0.363,1,0.122,en_riesgo
-0.009,0.742,1.009,0.792,0.137,0.156,0,0.386,en_riesgo
-0.316,0.616,1.316,0.864,0.309,0.061,1,0.329,en_riesgo
0.316,0.153,0.684,0.349,0.260,0.324,3,0.153,saludable
0.139,0.351,0.861,0.553,0.236,0.437,2,0.172,en_observacion
-0.415,0.738,1.415,0.874,0.210,0.774,1,0.357,en_riesgo
-0.020,0.416,1.020,0.727,0.140,0.302,0,0.263,en_riesgo
-0.244,0.354,1.244,0.877,0.316,0.395,1,0.056,en_riesgo
0.193,0.155,0.807,0.607,0.089,0.465,2,0.354,saludable
0.097,0.155,0.903,0.459,0.121,0.105,1,0.069,en_observacion
0.334,0.193,0.666,0.318,0.103,0.645,3,0.251,saludable
0.463,0.073,0.537,0.368,0.140,0.185,3,0.350,saludable
0.273,0.020,0.727,0.492,0.207,0.103,3,0.219,saludable
0.237,0.219,0.763,0.473,0.134,0.626,1,0.414,en_observacion
0.438,0.080,0.562,0.293,0.068,0.643,3,0.291,saludable
-0.092,0.783,1.092,0.658,0.184,0.557,1,0.573,en_riesgo
-0.430,0.732,1.430,0.932,0.235,0.274,1,0.066,en_riesgo
0.246,0.358,0.754,0.432,0.158,0.358,1,0.380,en_observacion
-0.157,0.537,1.157,0.535,0.215,0.697,0,0.332,en_riesgo
0.021,0.541,0.979,0.459,0.241,0.627,1,0.182,en_riesgo
0.029,0.242,0.971,0.750,0.118,0.406,2,0.441,en_observacion
-0.100,0.619,1.100,0.745,0.157,0.605,0,0.304,en_riesgo
0.074,0.278,0.926,0.637,0.257,0.065,2,0.155,en_observacion
-0.136,0.581,1.136,0.573,0.144,0.527,0,0.350,en_riesgo
0.322,0.030,0.678,0.469,0.185,0.333,2,0.227,saludable
0.467,0.189,0.533,0.300,0.103,0.311,3,0.159,saludable
-0.134,0.390,1.134,0.519,0.202,0.339,1,0.203,en_riesgo
0.160,0.395,0.840,0.495,0.173,0.404,2,0.346,en_observacion
0.219,0.360,0.781,0.493,0.278,0.070,1,0.253,en_observacion
0.204,0.133,0.796,0.503,0.191,0.218,3,0.082,saludable
0.219,0.230,0.781,0.621,0.113,0.453,1,0.049,en_observacion
-0.335,0.621,1.335,0.624,0.161,0.478,0,0.128,en_riesgo
0.038,0.259,0.962,0.631,0.178,0.385,2,0.146,en_riesgo
-0.310,0.617,1.310,0.839,0.281,0.583,1,0.274,en_riesgo
0.234,0.202,0.766,0.434,0.132,0.593,2,0.087,saludable
0.402,0.059,0.598,0.409,0.113,0.420,3,0.055,saludable
0.515,0.160,0.485,0.234,0.049,0.142,3,0.096,saludable
0.275,0.086,0.725,0.498,0.200,0.687,3,0.293,saludable
0.122,0.382,0.878,0.675,0.199,0.216,2,0.196,en_observacion
-0.161,0.587,1.161,0.751,0.179,0.324,0,0.103,en_riesgo
-0.278,0.666,1.278,0.779,0.376,0.329,1,0.035,en_riesgo
0.137,0.410,0.863,0.643,0.199,0.132,2,0.209,en_riesgo
-0.316,0.589,1.316,0.967,0.216,0.344,1,0.237,en_riesgo
0.236,0.179,0.764,0.569,0.179,0.361,1,0.178,en_observacion
0.391,0.173,0.609,0.313,0.244,0.734,3,0.398,saludable
0.144,0.448,0.856,0.509,0.322,0.331,1,0.708,en_riesgo
-0.430,0.506,1.430,0.934,0.294,0.527,0,0.349,en_riesgo
0.123,0.252,0.877,0.464,0.095,0.303,2,0.229,en_observacion
0.329,0.081,0.671,0.346,0.235,0.307,3,0.275,saludable
-0.155,0.666,1.155,0.792,0.282,0.823,1,0.344,en_riesgo
-0.272,0.457,1.272,0.774,0.419,0.680,0,0.098,en_riesgo
0.476,0.145,0.524,0.285,0.210,0.324,3,0.260,saludable
0.058,0.304,0.942,0.443,0.136,0.350,1,0.411,en_riesgo
-0.448,0.727,1.448,0.837,0.415,0.366,1,0.061,en_riesgo
0.052,0.162,0.948,0.632,0.225,0.160,1,0.265,en_observacion
0.212,0.330,0.788,0.364,0.124,0.150,2,0.521,en_observacion
-0.259,0.716,1.259,0.834,0.393,0.616,0,0.291,en_riesgo
-0.299,0.679,1.299,0.671,0.289,0.283,1,0.134,en_riesgo
0.026,0.450,0.974,0.685,0.201,0.576,1,0.172,en_riesgo
-0.172,0.387,1.172,0.874,0.236,0.382,1,0.365,en_riesgo
0.298,0.074,0.702,0.398,0.252,0.483,3,0.107,saludable
0.192,0.285,0.808,0.414,0.166,0.201,1,0.302,en_observacion
0.020,0.532,0.980,0.653,0.217,0.271,1,0.257,en_riesgo
0.024,0.752,0.976,0.573,0.114,0.550,0,0.308,en_riesgo
0.164,0.303,0.836,0.559,0.232,0.325,1,0.305,en_observacion
0.023,0.405,0.977,0.646,0.187,0.533,1,0.438,en_riesgo
-0.144,0.579,1.144,0.810,0.268,0.594,0,0.039,en_riesgo
0.239,0.317,0.761,0.457,0.302,0.347,2,0.111,en_observacion
0.524,0.154,0.476,0.254,0.096,0.439,3,0.172,saludable
0.100,0.333,0.900,0.625,0.109,0.227,2,0.024,en_observacion
0.014,0.504,0.986,0.691,0.138,0.696,0,0.091,en_riesgo
-0.210,0.566,1.210,0.894,0.270,0.732,1,0.206,en_riesgo
0.241,0.419,0.759,0.481,0.219,0.506,2,0.068,en_observacion
0.522,0.117,0.478,0.262,0.150,0.480,3,0.477,saludable
0.174,0.393,0.826,0.554,0.201,0.386,2,0.048,en_observacion
0.499,0.037,0.501,0.320,0.150,0.263,2,0.278,saludable
0.022,0.654,0.978,0.610,0.117,0.634,1,0.230,en_riesgo
0.545,0.127,0.455,0.302,0.099,0.419,3,0.241,saludable
-0.061,0.581,1.061,0.797,0.195,0.305,1,0.303,en_riesgo
-0.302,0.352,1.302,0.934,0.230,0.070,0,0.096,en_riesgo
-0.038,0.475,1.038,0.734,0.193,0.300,0,0.504,en_riesgo
0.358,0.193,0.642,0.365,0.212,0.294,3,0.176,saludable
0.391,0.220,0.609,0.417,0.110,0.469,3,0.151,saludable
0.039,0.310,0.961,0.721,0.163,0.750,1,0.139,en_riesgo
0.326,0.173,0.674,0.324,0.183,0.060,3,0.407,saludable
0.244,0.126,0.756,0.504,0.113,0.132,3,0.021,saludable
-0.398,0.766,1.398,0.895,0.225,0.406,0,0.470,en_riesgo
0.276,0.106,0.724,0.408,0.210,0.556,3,0.210,saludable
0.418,0.056,0.582,0.281,0.179,0.257,3,0.149,saludable
0.079,0.384,0.921,0.720,0.160,0.664,2,0.185,en_riesgo
0.540,0.163,0.460,0.368,0.067,0.330,3,0.655,saludable
0.039,0.343,0.961,0.508,0.258,0.561,1,0.100,en_riesgo
0.031,0.218,0.969,0.706,0.119,0.559,1,0.126,en_riesgo
0.293,0.054,0.707,0.326,0.218,0.683,2,0.069,saludable
0.087,0.204,0.913,0.693,0.119,0.215,1,0.206,en_observacion
0.292,0.020,0.708,0.538,0.128,0.332,2,0.069,saludable
0.063,0.304,0.937,0.456,0.160,0.218,1,0.122,en_riesgo
0.487,0.140,0.513,0.316,0.096,0.475,3,0.183,saludable
0.061,0.404,0.939,0.450,0.222,0.499,1,0.136,en_riesgo
0.456,0.085,0.544,0.424,0.077,0.604,3,0.453,saludable
0.150,0.277,0.850,0.466,0.225,0.177,2,0.307,en_observacion
-0.270,0.742,1.270,0.734,0.386,0.639,1,0.219,en_riesgo
0.286,0.158,0.714,0.400,0.277,0.345,3,0.275,saludable
-0.311,0.700,1.311,0.858,0.434,0.191,1,0.573,en_riesgo
0.317,0.002,0.683,0.433,0.157,0.382,3,0.158,saludable
0.217,0.378,0.783,0.535,0.124,0.557,1,0.431,en_observacion
0.394,0.017,0.606,0.361,0.225,0.352,3,0.115,saludable
0.005,0.245,0.995,0.497,0.141,0.306,1,0.194,en_riesgo
0.048,0.358,0.952,0.686,0.187,0.493,2,0.391,en_riesgo
0.318,0.058,0.682,0.429,0.096,0.623,3,0.493,saludable
0.506,0.218,0.494,0.298,0.145,0.166,3,0.241,saludable
-0.391,0.427,1.391,0.909,0.429,0.535,0,0.096,en_riesgo
-0.349,0.455,1.349,0.787,0.308,0.126,0,0.328,en_riesgo
0.183,0.359,0.817,0.502,0.094,0.733,1,0.478,en_riesgo
0.301,0.195,0.699,0.380,0.230,0.351,3,0.177,saludable
-0.278,0.396,1.278,0.859,0.190,0.741,0,0.295,en_riesgo
0.012,0.404,0.988,0.628,0.149,0.284,1,0.346,en_riesgo
0.121,0.165,0.879,0.479,0.127,0.486,1,0.556,en_observacion
0.143,0.389,0.857,0.571,0.228,0.576,1,0.107,en_riesgo
0.494,0.153,0.506,0.275,0.171,0.416,3,0.117,saludable
0.322,0.078,0.678,0.468,0.113,0.542,2,0.466,saludable
0.102,0.231,0.898,0.652,0.144,0.592,2,0.166,en_observacion
0.372,0.071,0.628,0.486,0.075,0.348,2,0.212,saludable
0.001,0.636,0.999,0.476,0.309,0.129,0,0.568,en_riesgo
0.081,0.284,0.919,0.680,0.167,0.255,2,0.142,en_observacion
-0.100,0.469,1.100,0.868,0.214,0.344,0,0.324,en_riesgo
0.235,0.269,0.765,0.571,0.081,0.585,2,0.089,en_observacion
0.033,0.632,0.967,0.596,0.213,0.511,0,0.329,en_riesgo
-0.343,0.567,1.343,0.876,0.329,0.534,0,0.295,en_riesgo
0.153,0.211,0.847,0.513,0.237,0.667,2,0.074,en_observacion
0.505,0.001,0.495,0.384,0.088,0.341,3,0.653,saludable
0.498,0.208,0.502,0.293,0.095,0.075,2,0.228,saludable
0.249,0.384,0.751,0.353,0.239,0.263,2,0.187,en_observacion
-0.169,0.542,1.169,0.782,0.248,0.579,0,0.298,en_riesgo
0.116,0.167,0.884,0.640,0.148,0.554,1,0.035,en_observacion
0.405,0.024,0.595,0.281,0.081,0.169,2,0.210,saludable
-0.049,0.629,1.049,0.679,0.138,0.777,0,0.679,en_riesgo
-0.300,0.353,1.300,0.927,0.228,0.308,0,0.059,en_riesgo
-0.357,0.537,1.357,1.032,0.142,0.381,0,0.193,en_riesgo
0.203,0.041,0.797,0.490,0.109,0.063,3,0.357,saludable
0.183,0.205,0.817,0.390,0.297,0.594,1,0.417,en_observacion
0.363,0.065,0.637,0.380,0.139,0.447,3,0.043,saludable
-0.240,0.625,1.240,0.799,0.336,0.575,0,0.255,en_riesgo
0.082,0.346,0.918,0.480,0.127,0.617,2,0.170,en_observacion
-0.019,0.693,1.019,0.604,0.180,0.814,0,0.223,en_riesgo
0.481,0.128,0.519,0.313,0.118,0.602,3,0.109,saludable
0.352,0.078,0.648,0.517,0.080,0.653,2,0.231,saludable
0.398,0.057,0.602,0.410,0.147,0.447,3,0.375,saludable
0.080,0.154,0.920,0.471,0.188,0.556,2,0.106,en_observacion
0.023,0.226,0.977,0.614,0.167,0.373,1,0.109,en_observacion
0.516,0.015,0.484,0.244,0.192,0.282,2,0.059,saludable
0.197,0.175,0.803,0.387,0.128,0.691,1,0.123,en_observacion
0.371,0.009,0.629,0.489,0.133,0.359,3,0.163,saludable
0.188,0.404,0.812,0.648,0.147,0.350,1,0.255,en_observacion
0.387,0.090,0.613,0.292,0.166,0.272,3,0.236,saludable
0.242,0.099,0.758,0.484,0.153,0.477,2,0.074,saludable
0.080,0.399,0.920,0.521,0.185,0.530,1,0.219,en_riesgo
0.240,0.016,0.760,0.510,0.140,0.284,3,0.178,saludable
0.012,0.444,0.988,0.496,0.184,0.498,1,0.252,en_riesgo
-0.125,0.423,1.125,0.565,0.268,0.253,0,0.420,en_riesgo
0.142,0.229,0.858,0.415,0.298,0.372,1,0.218,en_observacion
-0.134,0.516,1.134,0.713,0.175,0.286,1,0.158,en_riesgo
0.515,0.184,0.485,0.321,0.117,0.408,2,0.351,saludable
-0.004,0.790,1.004,0.546,0.134,0.195,0,0.177,en_riesgo
-0.009,0.588,1.009,0.755,0.210,0.466,1,0.147,en_riesgo
-0.116,0.378,1.116,0.768,0.239,0.345,1,0.352,en_riesgo
0.009,0.292,0.991,0.675,0.212,0.432,2,0.131,en_riesgo
0.096,0.166,0.904,0.478,0.154,0.391,1,0.292,en_observacion
-0.015,0.387,1.015,0.460,0.353,0.125,1,0.104,en_riesgo
0.209,0.406,0.791,0.384,0.287,0.186,2,0.379,en_observacion
0.272,0.156,0.728,0.353,0.190,0.461,3,0.250,saludable
0.336,0.139,0.664,0.394,0.225,0.690,3,0.484,saludable
0.001,0.297,0.999,0.637,0.117,0.223,1,0.046,en_riesgo
0.549,0.172,0.451,0.238,0.075,0.395,2,0.408,saludable
0.279,0.015,0.721,0.562,0.086,0.757,3,0.331,saludable
0.366,0.059,0.634,0.451,0.165,0.091,3,0.242,saludable
-0.354,0.580,1.354,1.057,0.238,0.263,0,0.265,en_riesgo
0.095,0.307,0.905,0.437,0.182,0.258,2,0.237,en_riesgo
0.156,0.251,0.844,0.661,0.124,0.483,1,0.140,en_observacion
-0.311,0.355,1.311,0.912,0.281,0.656,1,0.163,en_riesgo
0.413,0.043,0.587,0.329,0.212,0.357,3,0.421,saludable
-0.296,0.651,1.296,1.022,0.202,0.558,0,0.240,en_riesgo
0.085,0.274,0.915,0.486,0.105,0.265,1,0.164,en_observacion
0.070,0.333,0.930,0.457,0.341,0.407,2,0.009,en_riesgo
-0.108,0.579,1.108,0.674,0.380,0.605,1,0.085,en_riesgo
0.026,0.419,0.974,0.532,0.156,0.162,2,0.130,en_riesgo
-0.400,0.663,1.400,1.080,0.300,0.348,0,0.235,en_riesgo
-0.274,0.579,1.274,0.991,0.191,0.135,0,0.257,en_riesgo
0.216,0.189,0.784,0.470,0.312,0.425,3,0.486,saludable
0.059,0.274,0.941,0.531,0.313,0.867,2,0.134,en_riesgo
-0.173,0.757,1.173,0.898,0.249,0.815,1,0.287,en_riesgo
0.040,0.437,0.960,0.666,0.141,0.265,1,0.218,en_riesgo
-0.404,0.620,1.404,1.029,0.305,0.252,0,0.127,en_riesgo
0.391,0.062,0.609,0.397,0.168,0.457,3,0.146,saludable
-0.348,0.537,1.348,0.744,0.307,0.580,0,0.026,en_riesgo
0.077,0.222,0.923,0.603,0.248,0.095,1,0.203,en_observacion
0.202,0.234,0.798,0.372,0.164,0.610,3,0.409,en_observacion
0.478,0.188,0.522,0.315,0.145,0.579,3,0.064,saludable
0.182,0.257,0.818,0.534,0.183,0.248,1,0.177,en_observacion
0.106,0.430,0.894,0.412,0.208,0.418,2,0.386,en_riesgo
0.281,0.056,0.719,0.499,0.215,0.696,3,0.128,saludable
0.180,0.270,0.820,0.553,0.256,0.202,2,0.214,en_observacion
0.101,0.442,0.899,0.654,0.169,0.640,1,0.237,en_riesgo
0.394,0.227,0.606,0.358,0.207,0.113,2,0.266,saludable
0.112,0.376,0.888,0.641,0.221,0.452,2,0.068,en_riesgo
0.041,0.321,0.959,0.741,0.115,0.500,1,0.248,en_riesgo
0.222,0.150,0.778,0.599,0.166,0.142,3,0.183,saludable
0.456,0.081,0.544,0.412,0.106,0.532,3,0.458,saludable
0.279,0.090,0.721,0.380,0.273,0.678,3,0.087,saludable
-0.068,0.498,1.068,0.699,0.215,0.203,0,0.299,en_riesgo
-0.220,0.625,1.220,0.582,0.418,0.440,0,0.360,en_riesgo
0.071,0.356,0.929,0.625,0.183,0.367,1,0.219,en_riesgo
0.029,0.275,0.971,0.734,0.157,0.289,2,0.241,en_riesgo
-0.186,0.470,1.186,0.709,0.252,0.573,1,0.409,en_riesgo
0.105,0.357,0.895,0.508,0.226,0.455,2,0.131,en_observacion
0.507,0.107,0.493,0.281,0.119,0.182,3,0.258,saludable
0.047,0.688,0.953,0.460,0.406,0.364,0,0.101,en_riesgo
0.278,0.219,0.722,0.560,0.153,0.505,3,0.318,saludable
0.112,0.277,0.888,0.431,0.104,0.449,2,0.346,en_observacion
-0.060,0.646,1.060,0.549,0.371,0.400,0,0.266,en_riesgo
-0.124,0.351,1.124,0.809,0.129,0.046,0,0.216,en_riesgo
0.395,0.027,0.605,0.357,0.192,0.152,2,0.217,saludable
-0.057,0.640,1.057,0.538,0.333,0.160,0,0.134,en_riesgo
-0.058,0.469,1.058,0.688,0.203,0.605,0,0.292,en_riesgo
-0.113,0.359,1.113,0.513,0.268,0.226,0,0.185,en_riesgo
0.081,0.201,0.919,0.514,0.121,0.503,2,0.349,en_observacion
-0.002,0.768,1.002,0.764,0.186,0.270,0,0.170,en_riesgo
0.098,0.334,0.902,0.434,0.286,0.769,1,0.173,en_riesgo
0.476,0.024,0.524,0.288,0.220,0.738,3,0.131,saludable
0.356,0.126,0.644,0.309,0.069,0.309,2,0.057,saludable
0.369,0.232,0.631,0.457,0.144,0.388,3,0.241,en_observacion
0.231,0.181,0.769,0.555,0.121,0.672,1,0.113,en_observacion
-0.337,0.762,1.337,0.908,0.192,0.786,0,0.562,en_riesgo
0.364,0.184,0.636,0.289,0.136,0.230,3,0.066,saludable
0.005,0.375,0.995,0.513,0.365,0.592,2,0.453,en_riesgo
-0.229,0.493,1.229,0.829,0.322,0.460,1,0.167,en_riesgo
0.397,0.153,0.603,0.295,0.270,0.557,2,0.091,saludable
0.261,0.028,0.739,0.452,0.116,0.439,2,0.135,saludable
-0.147,0.764,1.147,0.750,0.330,0.397,0,0.142,en_riesgo
0.114,0.441,0.886,0.581,0.092,0.716,2,0.226,en_riesgo
0.319,0.011,0.681,0.483,0.072,0.686,3,0.611,saludable
-0.196,0.685,1.196,0.596,0.430,0.667,0,0.551,en_riesgo
0.015,0.395,0.985,0.603,0.369,0.410,1,0.193,en_riesgo
0.402,0.094,0.598,0.386,0.094,0.583,3,0.449,saludable
0.007,0.695,0.993,0.766,0.100,0.530,0,0.088,en_riesgo
0.059,0.384,0.941,0.701,0.154,0.586,2,0.023,en_riesgo
0.067,0.305,0.933,0.608,0.095,0.137,1,0.098,en_riesgo
0.239,0.325,0.761,0.585,0.124,0.364,1,0.134,en_observacion
-0.149,0.617,1.149,0.729,0.130,0.384,0,0.194,en_riesgo
0.341,0.186,0.659,0.360,0.263,0.235,3,0.359,saludable
0.505,0.110,0.495,0.316,0.088,0.195,2,0.121,saludable
0.045,0.694,0.955,0.466,0.357,0.426,0,0.323,en_riesgo
0.536,0.151,0.464,0.274,0.059,0.149,3,0.465,saludable
0.149,0.159,0.851,0.614,0.123,0.603,1,0.178,en_observacion
-0.179,0.537,1.179,0.613,0.461,0.753,0,0.138,en_riesgo
0.205,0.389,0.795,0.361,0.215,0.677,1,0.158,en_riesgo
0.243,0.071,0.757,0.376,0.090,0.191,2,0.113,saludable
0.040,0.177,0.960,0.554,0.272,0.421,2,0.249,en_riesgo
0.131,0.404,0.869,0.435,0.142,0.667,2,0.196,en_observacion
0.207,0.244,0.793,0.477,0.184,0.590,2,0.137,en_observacion
0.036,0.420,0.964,0.660,0.266,0.893,2,0.499,en_riesgo
0.046,0.741,0.954,0.560,0.334,0.140,0,0.267,en_riesgo
-0.374,0.731,1.374,0.890,0.435,0.508,0,0.519,en_riesgo
0.089,0.398,0.911,0.426,0.236,0.440,2,0.554,en_riesgo
0.422,0.137,0.578,0.414,0.092,0.593,3,0.295,saludable
0.011,0.364,0.989,0.732,0.134,0.790,2,0.158,en_riesgo
-0.053,0.515,1.053,0.811,0.110,0.479,1,0.115,en_riesgo
0.108,0.402,0.892,0.456,0.220,0.258,1,0.236,en_riesgo
0.110,0.433,0.890,0.541,0.183,0.191,1,0.384,en_riesgo
0.426,0.157,0.574,0.282,0.108,0.289,2,0.180,saludable
-0.141,0.731,1.141,0.870,0.156,0.751,0,0.289,en_riesgo
0.263,0.055,0.737,0.350,0.158,0.381,2,0.086,saludable
0.094,0.384,0.906,0.620,0.217,0.246,1,0.062,en_riesgo
0.057,0.150,0.943,0.485,0.308,0.495,2,0.365,en_observacion
-0.080,0.578,1.080,0.831,0.203,0.585,0,0.451,en_riesgo
-0.097,0.612,1.097,0.783,0.141,0.832,0,0.212,en_riesgo
0.490,0.005,0.510,0.249,0.056,0.222,3,0.096,saludable
-0.438,0.714,1.438,1.124,0.283,0.520,0,0.270,en_riesgo
0.025,0.207,0.975,0.506,0.124,0.274,1,0.569,en_observacion
0.178,0.329,0.822,0.475,0.277,0.208,2,0.137,en_observacion
-0.108,0.474,1.108,0.722,0.184,0.589,0,0.047,en_riesgo
0.198,0.444,0.802,0.407,0.225,0.100,2,0.238,en_observacion
0.410,0.001,0.590,0.404,0.096,0.725,3,0.321,saludable
0.244,0.013,0.756,0.427,0.263,0.504,3,0.459,saludable
0.347,0.056,0.653,0.435,0.084,0.512,2,0.589,saludable
0.448,0.096,0.552,0.381,0.120,0.577,2,0.232,saludable
0.501,0.107,0.499,0.282,0.052,0.572,3,0.255,saludable
-0.346,0.649,1.346,0.984,0.184,0.415,1,0.306,en_riesgo
-0.122,0.582,1.122,0.868,0.150,0.644,0,0.088,en_riesgo
-0.231,0.699,1.231,0.906,0.135,0.435,0,0.110,en_riesgo
0.170,0.390,0.830,0.461,0.111,0.266,1,0.644,en_riesgo
0.020,0.753,0.980,0.543,0.326,0.380,0,0.499,en_riesgo
-0.414,0.660,1.414,0.798,0.182,0.752,0,0.071,en_riesgo
0.328,0.168,0.672,0.490,0.126,0.388,3,0.399,saludable
0.017,0.260,0.983,0.521,0.284,0.170,2,0.041,en_riesgo
0.080,0.323,0.920,0.494,0.110,0.538,2,0.085,en_observacion
0.249,0.225,0.751,0.410,0.273,0.340,2,0.198,saludable
0.270,0.156,0.730,0.402,0.108,0.378,2,0.599,en_observacion
-0.283,0.475,1.283,0.884,0.136,0.122,0,0.075,en_riesgo
0.336,0.188,0.664,0.346,0.115,0.366,3,0.021,saludable
0.119,0.190,0.881,0.629,0.239,0.656,2,0.310,en_observacion
0.375,0.196,0.625,0.318,0.198,0.596,3,0.353,saludable
-0.242,0.757,1.242,0.638,0.472,0.850,0,0.209,en_riesgo
0.266,0.004,0.734,0.518,0.166,0.445,3,0.401,saludable
0.494,0.110,0.506,0.385,0.104,0.698,3,0.202,saludable
0.339,0.244,0.661,0.298,0.292,0.698,3,0.147,saludable
0.041,0.737,0.959,0.749,0.122,0.200,1,0.246,en_riesgo
-0.010,0.572,1.010,0.644,0.302,0.508,0,0.331,en_riesgo
0.453,0.016,0.547,0.298,0.112,0.602,3,0.192,saludable
0.049,0.654,0.951,0.581,0.329,0.604,0,0.398,en_riesgo
0.200,0.083,0.800,0.580,0.180,0.539,3,0.447,saludable
-0.233,0.543,1.233,0.873,0.315,0.360,1,0.394,en_riesgo
-0.190,0.538,1.190,0.839,0.298,0.381,0,0.108,en_riesgo
-0.119,0.771,1.119,0.514,0.399,0.242,0,0.250,en_riesgo
0.441,0.048,0.559,0.436,0.079,0.418,3,0.385,saludable
0.030,0.272,0.970,0.659,0.118,0.716,2,0.291,en_riesgo
0.025,0.447,0.975,0.706,0.103,0.380,2,0.288,en_riesgo
0.092,0.252,0.908,0.655,0.225,0.520,2,0.321,en_observacion
0.351,0.042,0.649,0.389,0.249,0.466,3,0.496,saludable
0.291,0.022,0.709,0.473,0.213,0.571,3,0.367,saludable
0.234,0.144,0.766,0.385,0.185,0.680,3,0.069,saludable
0.206,0.320,0.794,0.476,0.292,0.610,1,0.385,en_riesgo
-0.229,0.456,1.229,0.818,0.209,0.195,0,0.221,en_riesgo
0.477,0.177,0.523,0.283,0.080,0.426,2,0.152,saludable
0.011,0.252,0.989,0.600,0.291,0.727,2,0.119,en_observacion
0.070,0.218,0.930,0.487,0.094,0.341,2,0.479,en_observacion
-0.450,0.632,1.450,1.118,0.300,0.187,0,0.339,en_riesgo
0.202,0.231,0.798,0.536,0.164,0.227,2,0.079,en_observacion
-0.320,0.695,1.320,0.828,0.201,0.329,0,0.333,en_riesgo
0.136,0.246,0.864,0.535,0.104,0.450,2,0.146,en_observacion
0.548,0.162,0.452,0.243,0.199,0.456,2,0.159,saludable
0.422,0.153,0.578,0.291,0.199,0.484,2,0.331,saludable
-0.415,0.711,1.415,1.108,0.146,0.260,0,0.222,en_riesgo
0.480,0.102,0.520,0.392,0.068,0.585,3,0.086,saludable
0.463,0.028,0.537,0.263,0.125,0.826,2,0.365,saludable
0.215,0.176,0.785,0.520,0.229,0.329,1,0.217,en_observacion
-0.093,0.770,1.093,0.774,0.207,0.265,1,0.095,en_riesgo
-0.340,0.566,1.340,0.867,0.220,0.199,0,0.439,en_riesgo
0.328,0.000,0.672,0.421,0.106,0.350,3,0.131,saludable
0.044,0.280,0.956,0.760,0.186,0.671,1,0.279,en_riesgo
0.222,0.436,0.778,0.590,0.174,0.296,2,0.230,en_observacion
0.232,0.203,0.768,0.512,0.092,0.458,1,0.058,en_observacion
0.264,0.210,0.736,0.587,0.079,0.511,3,0.067,saludable
0.385,0.182,0.615,0.376,0.152,0.255,3,0.171,saludable
0.408,0.048,0.592,0.357,0.132,0.449,3,0.261,saludable
0.009,0.799,0.991,0.652,0.198,0.303,1,0.687,en_riesgo
0.517,0.065,0.483,0.375,0.095,0.401,3,0.241,saludable
0.332,0.010,0.668,0.493,0.174,0.429,3,0.194,saludable
0.019,0.210,0.981,0.745,0.162,0.340,1,0.210,en_riesgo
0.088,0.395,0.912,0.506,0.107,0.469,1,0.303,en_riesgo
-0.402,0.567,1.402,0.666,0.276,0.627,1,0.212,en_riesgo
0.414,0.191,0.586,0.295,0.214,0.288,3,0.087,saludable
-0.254,0.567,1.254,0.620,0.269,0.697,1,0.268,en_riesgo
-0.192,0.520,1.192,0.914,0.155,0.591,0,0.481,en_riesgo
0.383,0.024,0.617,0.449,0.157,0.425,3,0.253,saludable
-0.130,0.474,1.130,0.818,0.156,0.185,0,0.338,en_riesgo
0.195,0.441,0.805,0.537,0.265,0.775,2,0.352,en_riesgo
-0.443,0.464,1.443,0.736,0.210,0.622,1,0.596,en_riesgo
0.282,0.030,0.718,0.470,0.167,0.029,3,0.561,saludable
0.524,0.009,0.476,0.240,0.182,0.541,3,0.395,saludable
0.173,0.295,0.827,0.510,0.136,0.313,1,0.267,en_observacion
0.372,0.244,0.628,0.318,0.176,0.359,3,0.233,saludable
0.390,0.010,0.610,0.459,0.062,0.570,3,0.557,saludable
0.471,0.128,0.529,0.299,0.084,0.673,3,0.221,saludable
0.541,0.214,0.459,0.262,0.064,0.197,3,0.255,saludable
-0.282,0.353,1.282,0.694,0.371,0.786,0,0.141,en_riesgo
-0.023,0.538,1.023,0.590,0.266,0.524,0,0.425,en_riesgo
-0.195,0.389,1.195,0.708,0.196,0.541,1,0.380,en_riesgo
0.127,0.308,0.873,0.672,0.100,0.046,2,0.240,en_observacion
0.094,0.273,0.906,0.710,0.119,0.458,2,0.625,en_observacion
0.275,0.234,0.725,0.346,0.098,0.422,3,0.318,saludable
0.114,0.183,0.886,0.563,0.153,0.259,1,0.207,en_observacion
0.243,0.204,0.757,0.481,0.206,0.894,2,0.530,en_observacion
-0.257,0.384,1.257,0.611,0.543,0.654,0,0.457,en_riesgo
0.135,0.405,0.865,0.619,0.138,0.261,2,0.234,en_observacion
-0.022,0.571,1.022,0.701,0.197,0.303,1,0.193,en_riesgo
0.290,0.061,0.710,0.459,0.149,0.710,3,0.282,saludable
0.296,0.033,0.704,0.471,0.078,0.521,3,0.426,saludable
0.234,0.165,0.766,0.613,0.130,0.462,3,0.345,saludable
0.262,0.217,0.738,0.463,0.155,0.292,3,0.133,saludable
0.494,0.102,0.506,0.324,0.058,0.437,3,0.284,saludable
0.512,0.218,0.488,0.286,0.136,0.428,3,0.326,saludable
0.442,0.154,0.558,0.258,0.176,0.403,2,0.281,saludable
0.198,0.173,0.802,0.583,0.218,0.279,2,0.267,en_observacion
-0.176,0.675,1.176,0.683,0.283,0.491,0,0.367,en_riesgo
-0.318,0.675,1.318,1.038,0.172,0.465,1,0.022,en_riesgo
0.037,0.175,0.963,0.632,0.149,0.086,2,0.189,en_observacion
-0.374,0.635,1.374,0.698,0.365,0.568,0,0.043,en_riesgo
0.247,0.311,0.753,0.594,0.150,0.359,2,0.110,en_observacion
0.128,0.183,0.872,0.565,0.246,0.393,1,0.395,en_observacion
0.101,0.188,0.899,0.705,0.142,0.413,1,0.165,en_observacion
0.039,0.694,0.961,0.656,0.171,0.082,0,0.471,en_riesgo
0.027,0.602,0.973,0.557,0.338,0.198,0,0.084,en_riesgo
0.003,0.739,0.997,0.455,0.278,0.587,0,0.515,en_riesgo
-0.021,0.714,1.021,0.774,0.144,0.434,0,0.068,en_riesgo
0.233,0.387,0.767,0.402,0.291,0.250,2,0.232,en_observacion
0.002,0.741,0.998,0.559,0.277,0.237,1,0.173,en_riesgo
0.118,0.370,0.882,0.639,0.132,0.395,1,0.287,en_observacion
0.218,0.083,0.782,0.456,0.099,0.501,3,0.268,saludable
0.244,0.012,0.756,0.357,0.260,0.344,3,0.339,saludable
-0.204,0.597,1.204,0.951,0.198,0.280,1,0.063,en_riesgo
0.308,0.179,0.692,0.374,0.160,0.208,3,0.216,saludable
0.210,0.027,0.790,0.533,0.170,0.539,2,0.111,saludable
0.321,0.038,0.679,0.511,0.158,0.767,2,0.087,saludable
0.262,0.021,0.738,0.532,0.115,0.907,3,0.381,saludable
-0.372,0.685,1.372,0.651,0.479,0.403,0,0.015,en_riesgo
0.501,0.089,0.499,0.335,0.149,0.093,3,0.365,saludable
0.508,0.145,0.492,0.317,0.050,0.519,3,0.490,saludable
0.530,0.233,0.470,0.212,0.195,0.447,3,0.316,saludable
0.220,0.107,0.780,0.427,0.085,0.383,3,0.378,saludable
-0.303,0.439,1.303,1.001,0.218,0.233,0,0.671,en_riesgo
0.359,0.211,0.641,0.302,0.093,0.248,3,0.212,saludable
0.351,0.094,0.649,0.424,0.065,0.480,2,0.204,saludable
0.000,0.325,1.000,0.668,0.304,0.382,2,0.255,en_riesgo
0.385,0.110,0.615,0.383,0.133,0.447,3,0.081,saludable
0.534,0.185,0.466,0.308,0.156,0.405,3,0.130,saludable
0.254,0.191,0.746,0.400,0.150,0.439,3,0.106,saludable
0.140,0.184,0.860,0.401,0.250,0.397,2,0.224,en_observacion
0.491,0.045,0.509,0.279,0.200,0.032,3,0.219,saludable
0.163,0.237,0.837,0.479,0.174,0.520,2,0.184,saludable
-0.075,0.780,1.075,0.719,0.243,0.363,0,0.168,en_riesgo
0.064,0.336,0.936,0.620,0.183,0.603,2,0.168,en_riesgo
0.185,0.426,0.815,0.398,0.151,0.795,2,0.393,en_riesgo
0.264,0.053,0.736,0.421,0.221,0.386,3,0.203,saludable
0.014,0.413,0.986,0.570,0.313,0.224,1,0.249,en_riesgo
-0.039,0.487,1.039,0.695,0.137,0.411,0,0.100,en_riesgo
0.241,0.222,0.759,0.512,0.092,0.691,2,0.389,en_observacion
0.206,0.326,0.794,0.521,0.182,0.296,2,0.354,en_observacion
-0.378,0.381,1.378,0.691,0.483,0.456,0,0.337,en_riesgo
0.191,0.203,0.809,0.384,0.225,0.582,1,0.189,en_observacion
0.020,0.223,0.980,0.511,0.122,0.262,2,0.495,en_observacion
0.044,0.204,0.956,0.765,0.159,0.424,2,0.237,en_observacion
0.399,0.200,0.601,0.422,0.071,0.881,2,0.138,saludable
0.292,0.053,0.708,0.403,0.179,0.455,2,0.118,saludable
0.092,0.303,0.908,0.543,0.208,0.282,2,0.305,en_riesgo
0.021,0.256,0.979,0.688,0.190,0.272,2,0.134,en_riesgo
-0.427,0.564,1.427,0.897,0.383,0.372,1,0.485,en_riesgo
0.307,0.054,0.693,0.552,0.102,0.327,3,0.131,saludable
0.297,0.042,0.703,0.428,0.200,0.431,3,0.513,saludable
-0.132,0.749,1.132,0.522,0.362,0.353,0,0.114,en_riesgo
-0.162,0.643,1.162,0.849,0.169,0.851,0,0.346,en_riesgo
0.413,0.046,0.587,0.289,0.238,0.255,3,0.300,saludable
0.043,0.278,0.957,0.488,0.430,0.540,2,0.040,en_observacion
0.095,0.221,0.905,0.524,0.284,0.513,1,0.373,en_observacion
-0.024,0.584,1.024,0.687,0.298,0.514,0,0.415,en_riesgo
0.518,0.132,0.482,0.325,0.073,0.147,3,0.456,saludable
0.361,0.228,0.639,0.352,0.107,0.592,3,0.200,saludable
-0.026,0.567,1.026,0.578,0.288,0.611,0,0.311,en_riesgo
-0.057,0.429,1.057,0.827,0.124,0.214,1,0.262,en_riesgo
0.062,0.428,0.938,0.663,0.140,0.100,2,0.383,en_riesgo
-0.198,0.783,1.198,0.702,0.465,0.520,0,0.544,en_riesgo
0.058,0.309,0.942,0.427,0.164,0.176,1,0.237,en_riesgo
0.315,0.235,0.685,0.454,0.151,0.570,3,0.180,saludable
-0.261,0.468,1.261,0.974,0.269,0.374,1,0.089,en_riesgo
0.453,0.171,0.547,0.247,0.094,0.294,3,0.337,saludable
-0.444,0.512,1.444,1.035,0.385,0.319,1,0.578,en_riesgo
-0.150,0.643,1.150,0.875,0.248,0.344,0,0.293,en_riesgo
-0.065,0.760,1.065,0.479,0.309,0.450,0,0.123,en_riesgo
0.363,0.156,0.637,0.494,0.085,0.373,3,0.310,saludable
0.247,0.099,0.753,0.530,0.101,0.353,3,0.276,saludable
0.128,0.217,0.872,0.664,0.159,0.444,2,0.370,en_observacion
0.164,0.269,0.836,0.413,0.151,0.336,1,0.170,en_observacion
0.393,0.149,0.607,0.427,0.173,0.338,3,0.191,saludable
0.372,0.054,0.628,0.395,0.114,0.338,3,0.159,saludable
0.203,0.120,0.797,0.535,0.170,0.598,3,0.075,saludable
0.532,0.085,0.468,0.260,0.166,0.546,3,0.369,saludable
-0.308,0.716,1.308,0.925,0.320,0.559,1,0.232,en_riesgo
0.373,0.208,0.627,0.313,0.142,0.432,3,0.517,saludable
0.527,0.210,0.473,0.349,0.071,0.366,2,0.079,saludable
-0.052,0.454,1.052,0.796,0.207,0.285,1,0.132,en_riesgo
0.424,0.004,0.576,0.275,0.126,0.444,3,0.376,saludable
0.386,0.116,0.614,0.445,0.137,0.236,2,0.462,saludable
0.118,0.242,0.882,0.611,0.228,0.770,2,0.194,en_observacion
-0.022,0.522,1.022,0.564,0.217,0.613,0,0.125,en_riesgo
0.044,0.158,0.956,0.593,0.190,0.177,2,0.166,en_observacion
0.478,0.125,0.522,0.370,0.113,0.682,3,0.441,saludable
0.210,0.088,0.790,0.600,0.145,0.873,2,0.267,saludable
-0.124,0.789,1.124,0.693,0.210,0.692,0,0.076,en_riesgo
0.066,0.185,0.934,0.553,0.316,0.399,1,0.552,en_riesgo
0.239,0.328,0.761,0.443,0.316,0.340,1,0.300,en_observacion
-0.178,0.768,1.178,0.587,0.151,0.676,1,0.074,en_riesgo
0.475,0.230,0.525,0.390,0.092,0.331,3,0.153,saludable
0.136,0.181,0.864,0.631,0.177,0.314,2,0.287,en_observacion
0.309,0.096,0.691,0.335,0.296,0.610,3,0.059,saludable
0.230,0.054,0.770,0.615,0.094,0.193,2,0.081,saludable
-0.267,0.729,1.267,0.983,0.245,0.319,1,0.346,en_riesgo
0.519,0.214,0.481,0.291,0.156,0.598,3,0.220,saludable
0.137,0.355,0.863,0.494,0.333,0.257,2,0.235,en_observacion
0.326,0.227,0.674,0.389,0.240,0.159,3,0.236,saludable
0.003,0.219,0.997,0.714,0.230,0.098,1,0.402,en_riesgo
0.447,0.158,0.553,0.435,0.111,0.508,2,0.250,saludable
-0.321,0.593,1.321,0.891,0.170,0.426,1,0.467,en_riesgo
0.193,0.245,0.807,0.479,0.262,0.503,2,0.176,en_observacion
0.146,0.354,0.854,0.537,0.236,0.576,2,0.107,en_observacion
0.535,0.024,0.465,0.262,0.095,0.556,2,0.234,saludable
0.491,0.166,0.509,0.237,0.191,0.794,3,0.357,saludable
0.345,0.131,0.655,0.338,0.253,0.414,3,0.235,saludable
-0.306,0.365,1.306,0.948,0.311,0.337,1,0.134,en_riesgo
0.237,0.036,0.763,0.521,0.205,0.276,2,0.288,saludable
0.361,0.166,0.639,0.399,0.115,0.223,3,0.198,saludable
0.211,0.395,0.789,0.614,0.143,0.383,2,0.113,en_observacion
0.316,0.118,0.684,0.501,0.100,0.428,3,0.237,saludable
0.193,0.417,0.807,0.503,0.181,0.228,2,0.175,en_riesgo
-0.362,0.728,1.362,0.948,0.332,0.229,0,0.137,en_riesgo
0.308,0.080,0.692,0.496,0.073,0.656,2,0.334,saludable
-0.410,0.360,1.410,0.952,0.295,0.727,0,0.202,en_riesgo
0.241,0.171,0.759,0.468,0.169,0.700,3,0.224,saludable
-0.039,0.375,1.039,0.525,0.357,0.292,0,0.081,en_riesgo
0.426,0.234,0.574,0.300,0.069,0.445,3,0.353,saludable
-0.402,0.392,1.402,1.077,0.273,0.379,0,0.205,en_riesgo
0.149,0.354,0.851,0.644,0.181,0.376,1,0.142,en_riesgo
0.146,0.187,0.854,0.517,0.303,0.266,1,0.343,saludable
0.010,0.222,0.990,0.692,0.127,0.522,2,0.146,en_riesgo
0.297,0.135,0.703,0.450,0.080,0.082,2,0.118,saludable
-0.342,0.380,1.342,0.975,0.161,0.299,0,0.417,en_riesgo
-0.149,0.720,1.149,0.605,0.183,0.524,0,0.134,en_riesgo
0.398,0.232,0.602,0.462,0.076,0.520,2,0.150,saludable
-0.337,0.657,1.337,1.007,0.185,0.027,0,0.118,en_riesgo
0.053,0.417,0.947,0.732,0.099,0.609,1,0.095,en_riesgo
0.381,0.243,0.619,0.397,0.147,0.619,3,0.057,saludable
0.303,0.104,0.697,0.319,0.070,0.435,3,0.255,saludable
-0.156,0.750,1.156,0.705,0.336,0.798,0,0.221,en_riesgo
0.312,0.023,0.688,0.451,0.177,0.107,3,0.088,saludable
0.041,0.303,0.959,0.498,0.100,0.609,1,0.323,en_riesgo
0.057,0.318,0.943,0.662,0.178,0.457,1,0.070,en_riesgo
0.050,0.592,0.950,0.538,0.202,0.216,0,0.326,en_riesgo
-0.206,0.573,1.206,0.937,0.269,0.335,1,0.499,en_riesgo
0.256,0.087,0.744,0.477,0.132,0.483,3,0.142,saludable
0.455,0.013,0.545,0.364,0.137,0.441,3,0.212,saludable
0.225,0.171,0.775,0.429,0.257,0.184,2,0.286,saludable
0.306,0.103,0.694,0.494,0.139,0.415,3,0.322,saludable
-0.295,0.745,1.295,0.969,0.200,0.364,0,0.226,en_riesgo
0.375,0.133,0.625,0.343,0.086,0.171,3,0.367,saludable
0.235,0.058,0.765,0.383,0.279,0.098,3,0.244,saludable
-0.214,0.531,1.214,0.945,0.192,0.732,1,0.443,en_riesgo
0.048,0.718,0.952,0.748,0.178,0.171,0,0.127,en_riesgo
0.174,0.324,0.826,0.474,0.284,0.320,1,0.211,en_observacion
0.094,0.364,0.906,0.631,0.234,0.585,2,0.046,en_riesgo
0.200,0.151,0.800,0.505,0.280,0.721,1,0.360,en_observacion
0.243,0.164,0.757,0.537,0.109,0.514,1,0.408,en_observacion
0.467,0.214,0.533,0.329,0.095,0.202,3,0.275,saludable
0.029,0.366,0.971,0.730,0.229,0.573,2,0.142,en_riesgo
0.141,0.196,0.859,0.434,0.268,0.421,2,0.412,en_observacion
0.201,0.182,0.799,0.562,0.144,0.251,3,0.061,saludable
-0.274,0.546,1.274,0.597,0.490,0.515,1,0.310,en_riesgo
-0.239,0.732,1.239,0.822,0.192,0.124,1,0.437,en_riesgo
-0.168,0.568,1.168,0.912,0.205,0.347,0,0.086,en_riesgo
0.441,0.076,0.559,0.342,0.129,0.454,2,0.363,saludable
0.114,0.405,0.886,0.454,0.283,0.556,2,0.238,en_riesgo
-0.356,0.761,1.356,0.844,0.172,0.528,1,0.434,en_riesgo
-0.271,0.627,1.271,0.667,0.140,0.339,0,0.139,en_riesgo
0.023,0.678,0.977,0.634,0.317,0.569,0,0.598,en_riesgo
-0.072,0.785,1.072,0.595,0.249,0.333,0,0.471,en_riesgo
0.009,0.798,0.991,0.556,0.391,0.516,1,0.309,en_riesgo
0.235,0.401,0.765,0.580,0.176,0.077,1,0.128,en_observacion
0.432,0.105,0.568,0.303,0.107,0.505,3,0.112,saludable
-0.045,0.669,1.045,0.717,0.164,0.110,0,0.071,en_riesgo
0.300,0.184,0.700,0.356,0.285,0.424,3,0.518,saludable
0.545,0.223,0.455,0.210,0.055,0.576,3,0.315,saludable
-0.006,0.684,1.006,0.474,0.203,0.149,0,0.174,en_riesgo
0.240,0.450,0.760,0.418,0.223,0.067,1,0.513,en_observacion
0.483,0.038,0.517,0.321,0.100,0.640,3,0.418,saludable
0.549,0.013,0.451,0.350,0.063,0.145,3,0.123,saludable
0.077,0.229,0.923,0.493,0.142,0.327,1,0.095,en_riesgo
-0.203,0.654,1.203,0.606,0.266,0.252,1,0.226,en_riesgo
0.029,0.408,0.971,0.743,0.126,0.080,0,0.308,en_riesgo
0.405,0.017,0.595,0.356,0.083,0.421,3,0.209,saludable
0.332,0.048,0.668,0.450,0.077,0.362,3,0.195,saludable
0.506,0.065,0.494,0.380,0.111,0.571,3,0.109,saludable
0.292,0.154,0.708,0.396,0.301,0.448,2,0.344,en_observacion
0.470,0.159,0.530,0.307,0.100,0.351,3,0.247,saludable
-0.225,0.697,1.225,0.795,0.386,0.867,0,0.367,en_riesgo
0.247,0.198,0.753,0.416,0.101,0.444,1,0.158,en_observacion
-0.190,0.411,1.190,0.925,0.130,0.071,0,0.113,en_riesgo
0.015,0.667,0.985,0.676,0.124,0.251,0,0.499,en_riesgo
-0.422,0.766,1.422,0.670,0.555,0.185,0,0.242,en_riesgo
-0.417,0.564,1.417,0.798,0.270,0.340,0,0.518,en_riesgo
0.037,0.268,0.963,0.495,0.164,0.691,2,0.109,en_riesgo
0.034,0.214,0.966,0.626,0.191,0.300,2,0.272,en_observacion
0.379,0.080,0.621,0.346,0.199,0.234,2,0.166,saludable
0.235,0.237,0.765,0.450,0.303,0.474,1,0.240,en_observacion
0.263,0.055,0.737,0.341,0.313,0.738,3,0.466,saludable
0.092,0.440,0.908,0.574,0.113,0.255,2,0.339,en_riesgo
0.432,0.012,0.568,0.389,0.064,0.799,3,0.237,saludable
-0.297,0.430,1.297,1.018,0.163,0.475,1,0.150,en_riesgo
0.424,0.177,0.576,0.402,0.097,0.381,3,0.224,saludable
0.116,0.165,0.884,0.461,0.355,0.551,2,0.292,en_observacion
0.091,0.326,0.909,0.432,0.231,0.626,2,0.243,en_riesgo
0.544,0.214,0.456,0.261,0.069,0.194,3,0.486,saludable
0.214,0.250,0.786,0.382,0.342,0.585,2,0.268,en_observacion
0.012,0.730,0.988,0.756,0.229,0.360,0,0.151,en_riesgo
-0.175,0.369,1.175,0.937,0.159,0.593,0,0.160,en_riesgo
-0.065,0.793,1.065,0.841,0.126,0.493,0,0.163,en_riesgo
0.509,0.089,0.491,0.389,0.066,0.462,2,0.141,saludable
0.148,0.356,0.852,0.495,0.102,0.139,1,0.315,en_riesgo
0.240,0.180,0.760,0.524,0.209,0.151,1,0.054,en_observacion
0.046,0.171,0.954,0.641,0.200,0.699,2,0.505,en_riesgo
-0.114,0.740,1.114,0.522,0.273,0.396,0,0.404,en_riesgo
0.146,0.313,0.854,0.586,0.233,0.247,2,0.165,en_observacion
0.079,0.295,0.921,0.635,0.220,0.303,1,0.484,en_riesgo
-0.382,0.628,1.382,1.090,0.225,0.557,1,0.210,en_riesgo
-0.363,0.774,1.363,0.983,0.230,0.683,0,0.194,en_riesgo
0.097,0.224,0.903,0.550,0.352,0.402,2,0.112,en_observacion
0.234,0.277,0.766,0.592,0.107,0.265,1,0.288,en_observacion
0.253,0.173,0.747,0.356,0.278,0.210,3,0.265,saludable
0.511,0.209,0.489,0.312,0.138,0.352,2,0.262,saludable
0.230,0.170,0.770,0.427,0.324,0.526,1,0.317,en_observacion
0.382,0.095,0.618,0.369,0.229,0.637,3,0.041,saludable
0.338,0.200,0.662,0.319,0.118,0.323,3,0.269,saludable
-0.395,0.460,1.395,1.063,0.256,0.324,1,0.369,en_riesgo
0.210,0.070,0.790,0.361,0.168,0.401,3,0.094,saludable
0.473,0.115,0.527,0.291,0.215,0.365,3,0.413,saludable
0.035,0.523,0.965,0.617,0.304,0.435,0,0.505,en_riesgo
-0.242,0.669,1.242,0.729,0.130,0.612,0,0.326,en_riesgo
0.123,0.384,0.877,0.644,0.182,0.109,1,0.297,en_riesgo
0.034,0.379,0.966,0.442,0.394,0.280,1,0.248,en_riesgo
-0.187,0.382,1.187,0.600,0.407,0.573,0,0.409,en_riesgo
-0.311,0.451,1.311,0.614,0.469,0.212,1,0.089,en_riesgo
0.169,0.175,0.831,0.608,0.216,0.350,1,0.489,en_observacion
-0.398,0.681,1.398,0.757,0.615,0.412,0,0.514,en_riesgo
0.546,0.156,0.454,0.341,0.064,0.330,2,0.073,saludable
-0.372,0.352,1.372,1.095,0.220,0.148,0,0.245,en_riesgo
0.420,0.221,0.580,0.283,0.158,0.618,3,0.225,saludable
-0.282,0.499,1.282,0.948,0.239,0.663,1,0.165,en_riesgo
0.053,0.258,0.947,0.527,0.317,0.554,1,0.179,en_riesgo
0.239,0.160,0.761,0.440,0.210,0.853,1,0.612,en_observacion
0.235,0.124,0.765,0.465,0.135,0.579,3,0.395,saludable
-0.388,0.573,1.388,0.922,0.339,0.160,0,0.037,en_riesgo
0.232,0.072,0.768,0.393,0.105,0.135,3,0.182,saludable
0.479,0.092,0.521,0.351,0.112,0.628,3,0.463,saludable
-0.373,0.796,1.373,0.769,0.315,0.427,1,0.261,en_riesgo
0.343,0.187,0.657,0.475,0.074,0.495,3,0.225,saludable
0.114,0.268,0.886,0.688,0.162,0.359,1,0.262,en_observacion
0.033,0.277,0.967,0.669,0.254,0.512,1,0.350,en_riesgo
0.088,0.275,0.912,0.725,0.137,0.141,1,0.202,en_riesgo
0.381,0.248,0.619,0.311,0.093,0.149,2,0.328,saludable
0.235,0.138,0.765,0.368,0.105,0.421,2,0.587,saludable
0.458,0.200,0.542,0.389,0.142,0.357,3,0.202,saludable
0.185,0.249,0.815,0.479,0.255,0.515,2,0.513,en_observacion
0.201,0.232,0.799,0.416,0.356,0.307,3,0.188,saludable
-0.350,0.766,1.350,1.022,0.233,0.094,0,0.425,en_riesgo
0.223,0.200,0.777,0.371,0.273,0.286,1,0.500,en_observacion
-0.283,0.622,1.283,0.706,0.298,0.341,0,0.318,en_riesgo
0.274,0.029,0.726,0.358,0.141,0.623,2,0.127,saludable
0.026,0.428,0.974,0.512,0.259,0.553,2,0.549,en_riesgo
0.189,0.163,0.811,0.505,0.220,0.558,2,0.130,en_observacion
0.269,0.216,0.731,0.505,0.074,0.217,2,0.150,saludable
0.249,0.323,0.751,0.504,0.232,0.538,1,0.268,en_observacion
0.208,0.443,0.792,0.429,0.302,0.640,2,0.323,en_riesgo
-0.408,0.780,1.408,0.766,0.585,0.210,0,0.216,en_riesgo
0.100,0.281,0.900,0.426,0.388,0.346,1,0.174,en_riesgo
-0.322,0.739,1.322,0.768,0.404,0.663,0,0.466,en_riesgo
0.022,0.384,0.978,0.529,0.222,0.744,2,0.298,en_riesgo
0.019,0.411,0.981,0.745,0.139,0.109,1,0.215,en_riesgo
-0.443,0.715,1.443,1.043,0.310,0.576,0,0.097,en_riesgo
-0.339,0.552,1.339,0.675,0.225,0.617,0,0.068,en_riesgo
0.224,0.112,0.776,0.504,0.148,0.540,3,0.386,saludable
0.500,0.088,0.500,0.358,0.097,0.589,2,0.207,saludable
0.026,0.443,0.974,0.687,0.206,0.761,2,0.408,en_riesgo
0.035,0.785,0.965,0.600,0.177,0.375,0,0.517,en_riesgo
0.044,0.471,0.956,0.589,0.350,0.636,0,0.134,en_riesgo
-0.212,0.417,1.212,0.593,0.532,0.650,1,0.483,en_riesgo
0.370,0.244,0.630,0.335,0.180,0.241,3,0.071,saludable
0.401,0.059,0.599,0.427,0.120,0.188,3,0.186,saludable
-0.242,0.359,1.242,0.603,0.359,0.304,1,0.148,en_riesgo
0.390,0.061,0.610,0.405,0.152,0.335,3,0.172,saludable
0.307,0.053,0.693,0.319,0.221,0.087,2,0.213,saludable
0.011,0.581,0.989,0.456,0.211,0.607,0,0.020,en_riesgo
0.016,0.614,0.984,0.572,0.270,0.257,0,0.278,en_riesgo
0.220,0.167,0.780,0.400,0.170,0.245,2,0.619,en_observacion
0.434,0.237,0.566,0.317,0.132,0.343,3,0.154,saludable
-0.014,0.680,1.014,0.550,0.294,0.431,0,0.278,en_riesgo
0.524,0.102,0.476,0.375,0.079,0.318,3,0.127,saludable
-0.311,0.500,1.311,0.883,0.411,0.456,0,0.112,en_riesgo
0.064,0.178,0.936,0.732,0.191,0.532,2,0.240,en_observacion
-0.197,0.624,1.197,0.714,0.200,0.539,1,0.320,en_riesgo
0.493,0.202,0.507,0.341,0.124,0.377,3,0.247,saludable
0.090,0.446,0.910,0.554,0.332,0.576,1,0.077,en_riesgo
0.281,0.041,0.719,0.420,0.114,0.590,2,0.333,saludable
0.371,0.242,0.629,0.387,0.239,0.448,3,0.331,saludable
-0.244,0.450,1.244,0.700,0.366,0.444,1,0.099,en_riesgo
-0.197,0.412,1.197,0.734,0.133,0.449,0,0.671,en_riesgo
0.515,0.151,0.485,0.376,0.099,0.244,3,0.695,saludable
0.279,0.212,0.721,0.349,0.168,0.716,3,0.188,en_observacion
-0.339,0.466,1.339,0.882,0.338,0.423,0,0.389,en_riesgo
0.339,0.084,0.661,0.418,0.113,0.507,3,0.046,saludable
-0.215,0.746,1.215,0.785,0.288,0.349,0,0.282,en_riesgo
0.142,0.403,0.858,0.562,0.295,0.403,2,0.147,en_observacion
-0.105,0.360,1.105,0.573,0.129,0.696,0,0.026,en_riesgo
0.212,0.188,0.788,0.525,0.119,0.384,2,0.150,en_observacion
0.150,0.380,0.850,0.609,0.129,0.580,1,0.290,en_riesgo
0.128,0.172,0.872,0.557,0.182,0.380,2,0.378,en_observacion
0.151,0.410,0.849,0.513,0.286,0.173,1,0.403,en_observacion
0.543,0.119,0.457,0.260,0.163,0.652,3,0.360,saludable
0.504,0.195,0.496,0.275,0.077,0.547,3,0.311,saludable
0.038,0.166,0.962,0.727,0.206,0.648,1,0.244,en_observacion
0.007,0.329,0.993,0.508,0.165,0.686,2,0.393,en_riesgo
-0.353,0.396,1.353,0.842,0.239,0.860,0,0.095,en_riesgo
0.376,0.204,0.624,0.387,0.190,0.061,3,0.262,saludable
0.308,0.213,0.692,0.508,0.160,0.467,2,0.276,saludable
-0.156,0.478,1.156,0.618,0.120,0.158,1,0.143,en_riesgo
0.242,0.183,0.758,0.593,0.114,0.233,1,0.136,en_observacion
-0.198,0.752,1.198,0.815,0.360,0.299,0,0.104,en_riesgo
0.161,0.246,0.839,0.545,0.292,0.082,2,0.335,en_observacion
0.139,0.308,0.861,0.630,0.208,0.422,2,0.176,en_observacion
0.258,0.178,0.742,0.418,0.212,0.699,2,0.210,saludable
0.022,0.700,0.978,0.614,0.330,0.724,0,0.158,en_riesgo
0.529,0.002,0.471,0.287,0.053,0.318,3,0.257,saludable
-0.444,0.598,1.444,1.023,0.353,0.812,0,0.304,en_riesgo
-0.409,0.424,1.409,1.104,0.249,0.573,0,0.200,en_riesgo
-0.417,0.508,1.417,0.734,0.590,0.369,1,0.026,en_riesgo
0.239,0.155,0.761,0.577,0.091,0.664,3,0.318,saludable
0.485,0.189,0.515,0.271,0.135,0.371,3,0.163,saludable
0.376,0.133,0.624,0.490,0.080,0.517,2,0.265,saludable
0.116,0.378,0.884,0.459,0.338,0.492,1,0.052,en_riesgo
-0.440,0.593,1.440,1.047,0.192,0.714,0,0.539,en_riesgo
0.218,0.057,0.782,0.507,0.118,0.579,2,0.369,saludable
-0.033,0.387,1.033,0.547,0.277,0.541,0,0.330,en_riesgo
0.509,0.167,0.491,0.388,0.070,0.665,2,0.070,saludable
0.083,0.432,0.917,0.696,0.149,0.115,1,0.165,en_riesgo
0.529,0.230,0.471,0.318,0.067,0.678,3,0.193,saludable
0.102,0.418,0.898,0.696,0.134,0.230,1,0.309,en_riesgo
-0.110,0.555,1.110,0.858,0.128,0.123,0,0.345,en_riesgo
0.029,0.414,0.971,0.512,0.237,0.515,1,0.081,en_riesgo
-0.012,0.725,1.012,0.604,0.243,0.720,0,0.163,en_riesgo
0.178,0.443,0.822,0.402,0.324,0.126,2,0.328,en_observacion
0.067,0.162,0.933,0.640,0.139,0.832,1,0.252,en_riesgo
0.521,0.073,0.479,0.349,0.123,0.399,3,0.405,saludable
0.032,0.431,0.968,0.744,0.129,0.236,1,0.509,en_riesgo
0.549,0.059,0.451,0.309,0.059,0.147,2,0.178,saludable
-0.256,0.758,1.256,0.580,0.158,0.261,0,0.483,en_riesgo
0.451,0.113,0.549,0.375,0.136,0.428,2,0.259,saludable
-0.414,0.422,1.414,0.696,0.535,0.631,0,0.110,en_riesgo
0.055,0.266,0.945,0.539,0.187,0.566,1,0.148,en_riesgo
-0.151,0.737,1.151,0.748,0.205,0.391,0,0.359,en_riesgo
0.517,0.083,0.483,0.335,0.106,0.787,3,0.058,saludable
0.007,0.378,0.993,0.678,0.295,0.144,2,0.310,en_riesgo
0.018,0.792,0.982,0.754,0.167,0.312,1,0.306,en_riesgo
0.378,0.207,0.622,0.328,0.136,0.580,3,0.142,saludable
0.080,0.430,0.920,0.668,0.166,0.421,2,0.358,en_riesgo
-0.388,0.656,1.388,0.953,0.234,0.165,0,0.604,en_riesgo
0.015,0.727,0.985,0.737,0.206,0.721,0,0.283,en_riesgo
-0.119,0.655,1.119,0.704,0.378,0.245,0,0.263,en_riesgo
0.384,0.070,0.616,0.415,0.119,0.503,2,0.342,saludable
0.091,0.176,0.909,0.497,0.369,0.499,2,0.186,en_observacion
0.084,0.340,0.916,0.656,0.222,0.524,1,0.275,en_observacion
-0.033,0.368,1.033,0.684,0.207,0.422,0,0.159,en_riesgo
-0.398,0.659,1.398,0.767,0.299,0.341,0,0.280,en_riesgo
0.251,0.030,0.749,0.396,0.168,0.411,3,0.332,saludable
0.120,0.410,0.880,0.640,0.210,0.516,1,0.241,en_riesgo
0.147,0.298,0.853,0.502,0.256,0.252,2,0.311,en_observacion
-0.252,0.795,1.252,0.752,0.379,0.104,1,0.364,en_riesgo
-0.320,0.694,1.320,1.038,0.193,0.365,0,0.046,en_riesgo
0.207,0.379,0.793,0.558,0.171,0.640,2,0.271,en_observacion
0.281,0.246,0.719,0.521,0.148,0.211,2,0.385,en_observacion
0.058,0.160,0.942,0.631,0.299,0.333,1,0.426,en_observacion
0.215,0.091,0.785,0.456,0.113,0.135,3,0.493,saludable
-0.360,0.359,1.360,1.006,0.254,0.125,0,0.188,en_riesgo
-0.228,0.641,1.228,0.822,0.240,0.549,1,0.354,en_riesgo
0.034,0.380,0.966,0.594,0.220,0.272,2,0.260,en_riesgo
0.141,0.210,0.859,0.632,0.127,0.775,2,0.170,en_observacion
0.011,0.301,0.989,0.709,0.147,0.032,2,0.404,en_riesgo
0.368,0.201,0.632,0.406,0.195,0.825,3,0.336,saludable
0.290,0.070,0.710,0.407,0.171,0.457,3,0.548,saludable
-0.028,0.682,1.028,0.708,0.247,0.367,1,0.217,en_riesgo
-0.411,0.603,1.411,0.670,0.272,0.530,0,0.255,en_riesgo
-0.036,0.573,1.036,0.659,0.168,0.239,1,0.056,en_riesgo
0.550,0.002,0.450,0.286,0.103,0.276,2,0.615,saludable
-0.113,0.551,1.113,0.720,0.212,0.490,0,0.192,en_riesgo
-0.439,0.556,1.439,0.795,0.188,0.434,0,0.261,en_riesgo
0.210,0.007,0.790,0.531,0.145,0.575,3,0.178,saludable
-0.317,0.447,1.317,0.697,0.447,0.424,0,0.102,en_riesgo
-0.269,0.647,1.269,0.801,0.189,0.091,1,0.299,en_riesgo
0.231,0.291,0.769,0.559,0.175,0.369,1,0.259,en_observacion
-0.293,0.653,1.293,0.920,0.293,0.599,0,0.428,en_riesgo
-0.328,0.502,1.328,1.039,0.267,0.578,1,0.238,en_riesgo
-0.357,0.502,1.357,0.667,0.211,0.073,1,0.509,en_riesgo
0.265,0.082,0.735,0.357,0.203,0.587,3,0.168,saludable
0.269,0.112,0.731,0.478,0.144,0.601,3,0.409,saludable
0.516,0.043,0.484,0.255,0.182,0.237,3,0.293,saludable
-0.215,0.573,1.215,0.692,0.149,0.593,0,0.270,en_riesgo
0.101,0.403,0.899,0.664,0.213,0.590,2,0.241,en_riesgo
0.210,0.257,0.790,0.495,0.185,0.508,2,0.230,en_observacion
0.226,0.157,0.774,0.531,0.206,0.643,2,0.515,saludable
0.046,0.706,0.954,0.431,0.378,0.183,0,0.344,en_riesgo
0.078,0.426,0.922,0.419,0.358,0.069,1,0.080,en_riesgo
-0.270,0.553,1.270,0.662,0.459,0.738,0,0.181,en_riesgo
0.233,0.283,0.767,0.477,0.129,0.285,1,0.217,en_observacion
0.137,0.285,0.863,0.642,0.139,0.669,1,0.193,en_riesgo
0.150,0.199,0.850,0.635,0.209,0.548,2,0.073,en_observacion
-0.330,0.455,1.330,0.788,0.157,0.277,1,0.358,en_riesgo
-0.337,0.417,1.337,0.613,0.176,0.361,0,0.389,en_riesgo
0.423,0.042,0.577,0.332,0.076,0.838,3,0.345,saludable
-0.293,0.585,1.293,0.908,0.159,0.268,0,0.348,en_riesgo
0.194,0.434,0.806,0.610,0.170,0.517,1,0.179,en_riesgo
0.455,0.090,0.545,0.245,0.197,0.593,3,0.222,saludable
-0.258,0.453,1.258,0.944,0.257,0.422,0,0.078,en_riesgo
0.524,0.078,0.476,0.350,0.066,0.178,2,0.428,saludable
-0.154,0.625,1.154,0.642,0.288,0.304,0,0.157,en_riesgo
0.468,0.065,0.532,0.411,0.065,0.669,2,0.186,saludable
0.015,0.267,0.985,0.694,0.150,0.819,2,0.072,en_riesgo
0.298,0.091,0.702,0.530,0.107,0.425,3,0.161,saludable
0.043,0.733,0.957,0.685,0.188,0.130,1,0.416,en_riesgo
0.489,0.011,0.511,0.273,0.064,0.145,2,0.395,saludable
-0.136,0.782,1.136,0.553,0.176,0.333,0,0.158,en_riesgo
-0.189,0.491,1.189,0.588,0.247,0.337,0,0.339,en_riesgo
-0.015,0.763,1.015,0.644,0.176,0.520,0,0.376,en_riesgo
0.238,0.033,0.762,0.362,0.140,0.161,3,0.433,saludable
0.175,0.437,0.825,0.638,0.159,0.438,2,0.228,en_riesgo
0.115,0.411,0.885,0.496,0.299,0.440,1,0.083,en_riesgo
-0.160,0.415,1.160,0.530,0.228,0.575,1,0.230,en_riesgo
0.159,0.368,0.841,0.560,0.262,0.104,1,0.246,en_observacion
-0.001,0.354,1.001,0.626,0.362,0.205,0,0.042,en_riesgo
-0.015,0.390,1.015,0.642,0.258,0.764,0,0.213,en_riesgo
0.075,0.197,0.925,0.672,0.127,0.406,1,0.134,en_observacion
0.041,0.289,0.959,0.685,0.201,0.306,2,0.347,en_riesgo
-0.436,0.477,1.436,0.912,0.222,0.265,0,0.453,en_riesgo
0.438,0.108,0.562,0.325,0.157,0.282,3,0.075,saludable
-0.178,0.383,1.178,0.530,0.266,0.206,0,0.322,en_riesgo
-0.141,0.630,1.141,0.788,0.328,0.512,0,0.301,en_riesgo
0.274,0.200,0.726,0.502,0.093,0.319,3,0.170,en_observacion
-0.102,0.377,1.102,0.609,0.424,0.347,0,0.170,en_riesgo
-0.332,0.652,1.332,0.989,0.232,0.192,0,0.151,en_riesgo
0.341,0.060,0.659,0.440,0.166,0.381,3,0.321,saludable
0.110,0.238,0.890,0.442,0.219,0.296,2,0.534,en_observacion
0.243,0.150,0.757,0.395,0.117,0.238,3,0.161,saludable
-0.447,0.441,1.447,1.040,0.216,0.334,0,0.201,en_riesgo
0.458,0.002,0.542,0.407,0.104,0.381,3,0.029,saludable
0.241,0.312,0.759,0.528,0.170,0.564,2,0.270,en_observacion
0.477,0.233,0.523,0.334,0.104,0.754,2,0.281,saludable
0.303,0.145,0.697,0.493,0.157,0.729,3,0.178,saludable
-0.301,0.695,1.301,0.867,0.414,0.559,0,0.159,en_riesgo
0.010,0.210,0.990,0.467,0.190,0.359,2,0.360,en_observacion
0.512,0.214,0.488,0.301,0.069,0.556,3,0.356,saludable
0.084,0.409,0.916,0.432,0.177,0.368,2,0.131,en_riesgo
0.020,0.204,0.980,0.562,0.117,0.598,1,0.078,en_riesgo
-0.248,0.647,1.248,0.984,0.145,0.457,0,0.252,en_riesgo
0.447,0.178,0.553,0.364,0.124,0.454,2,0.350,saludable
0.121,0.159,0.879,0.476,0.254,0.380,2,0.184,en_observacion
0.238,0.201,0.762,0.407,0.088,0.510,1,0.136,en_observacion
-0.005,0.620,1.005,0.465,0.254,0.844,0,0.101,en_riesgo
-0.446,0.363,1.446,1.084,0.280,0.675,0,0.222,en_riesgo
0.400,0.217,0.600,0.442,0.121,0.452,3,0.610,saludable
0.368,0.046,0.632,0.380,0.178,0.381,3,0.162,saludable
-0.065,0.691,1.065,0.620,0.402,0.242,1,0.241,en_riesgo
-0.203,0.539,1.203,0.785,0.352,0.386,0,0.164,en_riesgo
-0.104,0.686,1.104,0.723,0.337,0.477,0,0.406,en_riesgo
0.413,0.241,0.587,0.328,0.141,0.269,3,0.025,saludable
0.108,0.341,0.892,0.693,0.127,0.345,1,0.215,en_riesgo
0.134,0.430,0.866,0.491,0.321,0.346,2,0.179,en_riesgo
0.395,0.193,0.605,0.312,0.098,0.539,3,0.121,saludable
0.323,0.248,0.677,0.359,0.129,0.190,3,0.066,en_observacion
0.140,0.302,0.860,0.614,0.167,0.363,1,0.200,en_observacion
0.207,0.015,0.793,0.376,0.167,0.640,3,0.464,saludable
0.296,0.065,0.704,0.490,0.178,0.619,2,0.658,saludable
0.078,0.217,0.922,0.583,0.238,0.469,1,0.205,en_observacion
0.243,0.170,0.757,0.420,0.315,0.446,3,0.194,saludable
0.197,0.257,0.803,0.376,0.176,0.187,2,0.215,en_observacion
0.520,0.057,0.480,0.355,0.070,0.330,3,0.235,saludable
0.231,0.390,0.769,0.583,0.160,0.409,1,0.395,en_observacion
0.236,0.440,0.764,0.425,0.110,0.271,2,0.164,en_observacion
0.216,0.181,0.784,0.498,0.159,0.194,2,0.157,saludable
-0.239,0.477,1.239,0.586,0.168,0.253,1,0.276,en_riesgo
-0.394,0.742,1.394,0.704,0.587,0.742,0,0.392,en_riesgo
0.031,0.237,0.969,0.623,0.107,0.395,1,0.257,en_riesgo
0.173,0.277,0.827,0.577,0.087,0.581,1,0.105,en_observacion
0.022,0.473,0.978,0.593,0.281,0.579,0,0.310,en_riesgo
0.172,0.406,0.828,0.382,0.298,0.217,1,0.450,en_observacion
-0.069,0.417,1.069,0.669,0.315,0.903,0,0.361,en_riesgo
0.171,0.344,0.829,0.413,0.242,0.412,2,0.254,en_observacion
0.230,0.253,0.770,0.371,0.153,0.272,1,0.371,en_observacion
0.300,0.063,0.700,0.449,0.196,0.435,2,0.358,saludable
-0.045,0.648,1.045,0.515,0.316,0.073,1,0.272,en_riesgo
-0.030,0.500,1.030,0.611,0.294,0.452,1,0.314,en_riesgo
0.045,0.553,0.955,0.481,0.332,0.561,0,0.145,en_riesgo
-0.013,0.535,1.013,0.484,0.298,0.106,0,0.192,en_riesgo
0.204,0.114,0.796,0.429,0.082,0.560,3,0.143,saludable
0.257,0.219,0.743,0.435,0.254,0.414,3,0.193,saludable
0.075,0.237,0.925,0.476,0.229,0.222,2,0.146,en_observacion
0.299,0.019,0.701,0.372,0.110,0.126,3,0.169,saludable
0.489,0.182,0.511,0.377,0.104,0.167,3,0.192,saludable
-0.175,0.665,1.175,0.877,0.204,0.547,0,0.345,en_riesgo
0.441,0.090,0.559,0.417,0.104,0.850,3,0.039,saludable
0.403,0.060,0.597,0.377,0.192,0.077,3,0.251,saludable
-0.331,0.721,1.331,1.052,0.229,0.546,0,0.382,en_riesgo
0.151,0.416,0.849,0.499,0.217,0.395,2,0.417,en_observacion
0.133,0.320,0.867,0.433,0.174,0.423,2,0.335,en_observacion
0.208,0.064,0.792,0.422,0.246,0.114,3,0.179,saludable
-0.173,0.455,1.173,0.681,0.232,0.302,0,0.105,en_riesgo
0.540,0.080,0.460,0.220,0.137,0.481,3,0.061,saludable
0.132,0.186,0.868,0.630,0.126,0.524,1,0.128,en_observacion
0.201,0.261,0.799,0.424,0.145,0.146,1,0.285,en_observacion
0.040,0.270,0.960,0.559,0.232,0.212,1,0.152,en_riesgo
-0.225,0.790,1.225,0.892,0.144,0.260,1,0.286,en_riesgo
0.239,0.373,0.761,0.451,0.184,0.248,1,0.414,en_observacion
-0.031,0.772,1.031,0.754,0.179,0.598,0,0.483,en_riesgo
0.525,0.162,0.475,0.380,0.093,0.428,2,0.058,saludable
0.120,0.176,0.880,0.684,0.132,0.267,2,0.156,en_observacion
0.382,0.096,0.618,0.320,0.248,0.210,2,0.065,saludable
0.370,0.073,0.630,0.308,0.243,0.420,3,0.055,saludable
-0.303,0.390,1.303,0.988,0.167,0.395,0,0.147,en_riesgo
-0.214,0.377,1.214,0.608,0.145,0.294,1,0.162,en_riesgo
0.166,0.337,0.834,0.477,0.123,0.314,2,0.039,en_observacion
0.201,0.176,0.799,0.461,0.263,0.664,1,0.021,saludable
-0.082,0.710,1.082,0.670,0.220,0.139,0,0.288,en_riesgo
0.496,0.233,0.504,0.252,0.194,0.235,3,0.534,saludable
0.107,0.382,0.893,0.648,0.100,0.227,1,0.181,en_riesgo
0.103,0.220,0.897,0.486,0.350,0.672,2,0.175,en_observacion
-0.179,0.795,1.179,0.566,0.308,0.485,1,0.188,en_riesgo
-0.063,0.370,1.063,0.754,0.247,0.715,0,0.192,en_riesgo
0.265,0.038,0.735,0.399,0.213,0.253,3,0.232,saludable
0.427,0.022,0.573,0.268,0.176,0.289,2,0.336,saludable
0.252,0.229,0.748,0.521,0.193,0.118,3,0.358,saludable
0.014,0.182,0.986,0.730,0.162,0.604,1,0.265,en_riesgo
-0.205,0.673,1.205,0.555,0.501,0.833,1,0.177,en_riesgo
0.331,0.199,0.669,0.425,0.178,0.415,3,0.295,saludable
0.246,0.200,0.754,0.444,0.206,0.485,1,0.115,en_observacion
-0.288,0.637,1.288,0.649,0.522,0.531,0,0.477,en_riesgo
-0.110,0.666,1.110,0.827,0.244,0.240,0,0.230,en_riesgo
-0.054,0.351,1.054,0.574,0.346,0.036,0,0.373,en_riesgo
0.248,0.152,0.752,0.412,0.289,0.375,2,0.447,saludable
0.457,0.081,0.543,0.346,0.103,0.093,2,0.222,saludable
0.210,0.053,0.790,0.497,0.080,0.186,2,0.590,saludable
0.222,0.216,0.778,0.541,0.213,0.765,1,0.565,en_observacion
0.106,0.231,0.894,0.449,0.343,0.239,1,0.066,en_observacion
-0.105,0.610,1.105,0.700,0.333,0.374,1,0.250,en_riesgo
0.008,0.237,0.992,0.492,0.266,0.489,1,0.052,en_riesgo
0.007,0.754,0.993,0.714,0.210,0.591,0,0.419,en_riesgo
0.126,0.220,0.874,0.483,0.341,0.275,1,0.285,en_observacion
-0.220,0.500,1.220,0.632,0.182,0.461,1,0.447,en_riesgo
0.219,0.444,0.781,0.438,0.110,0.763,1,0.365,en_riesgo
-0.442,0.510,1.442,1.086,0.150,0.396,0,0.241,en_riesgo
-0.386,0.632,1.386,0.792,0.207,0.621,0,0.269,en_riesgo
0.496,0.008,0.504,0.349,0.086,0.215,2,0.541,saludable
0.006,0.240,0.994,0.592,0.147,0.841,2,0.429,en_riesgo
0.104,0.354,0.896,0.411,0.341,0.474,2,0.217,en_riesgo
0.072,0.162,0.928,0.665,0.226,0.717,1,0.220,en_observacion
0.475,0.234,0.525,0.381,0.135,0.352,2,0.180,saludable
0.012,0.281,0.988,0.712,0.114,0.278,2,0.073,en_riesgo
0.217,0.123,0.783,0.409,0.103,0.460,3,0.110,saludable
0.206,0.279,0.794,0.535,0.247,0.271,1,0.083,en_observacion
0.007,0.292,0.993,0.784,0.156,0.411,1,0.032,en_riesgo
-0.017,0.567,1.017,0.650,0.205,0.713,0,0.263,en_riesgo
-0.414,0.692,1.414,0.852,0.525,0.660,1,0.175,en_riesgo
-0.203,0.509,1.203,0.649,0.390,0.555,0,0.076,en_riesgo
0.441,0.019,0.559,0.255,0.096,0.172,3,0.441,saludable
0.392,0.055,0.608,0.418,0.166,0.788,2,0.342,saludable
-0.285,0.445,1.285,0.982,0.214,0.286,1,0.632,en_riesgo
0.499,0.009,0.501,0.257,0.180,0.262,2,0.283,saludable
0.209,0.143,0.791,0.629,0.149,0.421,3,0.292,en_observacion
0.079,0.250,0.921,0.516,0.366,0.470,1,0.295,en_observacion
-0.238,0.449,1.238,0.662,0.151,0.277,0,0.223,en_riesgo
-0.082,0.434,1.082,0.746,0.202,0.375,0,0.549,en_riesgo
-0.303,0.417,1.303,0.758,0.230,0.474,0,0.254,en_riesgo
0.497,0.213,0.503,0.259,0.182,0.375,3,0.210,saludable
0.243,0.135,0.757,0.567,0.137,0.226,2,0.244,saludable
0.280,0.193,0.720,0.427,0.236,0.710,3,0.312,en_observacion
0.207,0.173,0.793,0.358,0.269,0.166,2,0.245,saludable
-0.145,0.715,1.145,0.867,0.199,0.722,1,0.080,en_riesgo
0.160,0.301,0.840,0.603,0.206,0.467,1,0.250,en_observacion
-0.281,0.729,1.281,0.790,0.382,0.269,1,0.354,en_riesgo
-0.288,0.614,1.288,0.712,0.144,0.077,0,0.402,en_riesgo
0.153,0.412,0.847,0.447,0.369,0.093,1,0.121,en_riesgo
0.442,0.211,0.558,0.274,0.133,0.369,3,0.393,saludable
-0.273,0.695,1.273,0.689,0.360,0.468,0,0.386,en_riesgo
0.064,0.153,0.936,0.454,0.133,0.333,1,0.301,en_riesgo
0.144,0.357,0.856,0.403,0.367,0.487,2,0.147,en_observacion
0.204,0.068,0.796,0.581,0.109,0.121,3,0.203,saludable
0.201,0.183,0.799,0.612,0.084,0.300,3,0.035,en_observacion
-0.106,0.517,1.106,0.756,0.321,0.358,1,0.200,en_riesgo
0.051,0.287,0.949,0.562,0.319,0.148,1,0.061,en_observacion
-0.400,0.661,1.400,0.977,0.222,0.528,1,0.266,en_riesgo
-0.104,0.736,1.104,0.615,0.416,0.445,0,0.207,en_riesgo
0.452,0.164,0.548,0.384,0.123,0.434,2,0.105,saludable
0.229,0.106,0.771,0.616,0.085,0.059,2,0.136,saludable
0.221,0.396,0.779,0.434,0.324,0.408,2,0.152,en_observacion
-0.188,0.555,1.188,0.590,0.202,0.300,0,0.246,en_riesgo
0.244,0.059,0.756,0.451,0.246,0.224,3,0.219,saludable
0.137,0.424,0.863,0.510,0.275,0.585,1,0.308,en_riesgo
0.210,0.222,0.790,0.599,0.166,0.432,1,0.106,en_observacion
-0.046,0.671,1.046,0.792,0.173,0.455,1,0.173,en_riesgo
0.009,0.422,0.991,0.657,0.306,0.477,2,0.085,en_riesgo
0.030,0.305,0.970,0.672,0.110,0.121,1,0.106,en_riesgo
0.370,0.198,0.630,0.354,0.242,0.267,3,0.104,saludable
0.396,0.019,0.604,0.382,0.083,0.015,3,0.225,saludable
0.434,0.238,0.566,0.308,0.222,0.595,2,0.071,saludable
0.010,0.578,0.990,0.713,0.137,0.547,0,0.171,en_riesgo
-0.073,0.720,1.073,0.733,0.114,0.467,1,0.528,en_riesgo
0.188,0.429,0.812,0.402,0.138,0.099,1,0.217,en_riesgo
0.336,0.018,0.664,0.502,0.094,0.693,2,0.167,saludable
-0.327,0.406,1.327,0.967,0.195,0.219,0,0.061,en_riesgo
0.546,0.109,0.454,0.357,0.088,0.252,2,0.422,saludable
0.389,0.005,0.611,0.299,0.084,0.268,3,0.209,saludable
0.416,0.122,0.584,0.445,0.113,0.370,2,0.468,saludable
-0.061,0.724,1.061,0.709,0.273,0.264,0,0.432,en_riesgo
-0.177,0.753,1.177,0.603,0.430,0.489,0,0.165,en_riesgo
-0.068,0.542,1.068,0.659,0.342,0.314,0,0.091,en_riesgo
-0.300,0.386,1.300,0.673,0.447,0.375,0,0.063,en_riesgo
0.407,0.059,0.593,0.334,0.178,0.200,3,0.052,saludable
0.420,0.033,0.580,0.370,0.179,0.271,2,0.232,saludable
0.006,0.408,0.994,0.739,0.123,0.269,2,0.072,en_riesgo
0.251,0.007,0.749,0.521,0.088,0.208,3,0.048,saludable
-0.308,0.761,1.308,0.699,0.143,0.131,0,0.278,en_riesgo
-0.133,0.394,1.133,0.513,0.297,0.904,0,0.191,en_riesgo
-0.174,0.389,1.174,0.822,0.229,0.568,0,0.103,en_riesgo
0.049,0.426,0.951,0.642,0.230,0.367,1,0.256,en_riesgo
0.158,0.377,0.842,0.590,0.223,0.686,1,0.313,en_riesgo
0.361,0.001,0.639,0.490,0.128,0.546,3,0.054,saludable
-0.312,0.784,1.312,1.027,0.268,0.627,0,0.156,en_riesgo
-0.388,0.636,1.388,1.039,0.302,0.101,0,0.144,en_riesgo
-0.185,0.425,1.185,0.552,0.166,0.123,1,0.075,en_riesgo
0.020,0.268,0.980,0.782,0.132,0.433,2,0.337,en_observacion
0.212,0.171,0.788,0.592,0.142,0.573,3,0.444,saludable
0.124,0.204,0.876,0.596,0.252,0.457,2,0.364,en_observacion
-0.404,0.561,1.404,1.061,0.198,0.009,0,0.121,en_riesgo
-0.425,0.700,1.425,1.135,0.251,0.431,1,0.272,en_riesgo
0.047,0.379,0.953,0.550,0.218,0.824,1,0.116,en_riesgo
0.030,0.473,0.970,0.673,0.233,0.596,0,0.189,en_riesgo
0.191,0.386,0.809,0.506,0.146,0.282,2,0.037,en_riesgo
0.207,0.315,0.793,0.574,0.199,0.305,1,0.104,en_observacion
0.210,0.161,0.790,0.449,0.291,0.730,1,0.166,en_observacion
-0.237,0.413,1.237,0.943,0.212,0.411,0,0.389,en_riesgo
0.045,0.360,0.955,0.500,0.325,0.677,1,0.310,en_riesgo
-0.324,0.621,1.324,1.054,0.254,0.804,0,0.234,en_riesgo
-0.429,0.450,1.429,1.043,0.379,0.606,0,0.281,en_riesgo
-0.284,0.469,1.284,0.719,0.562,0.278,0,0.356,en_riesgo
0.321,0.085,0.679,0.324,0.251,0.822,3,0.318,saludable
-0.027,0.725,1.027,0.564,0.376,0.229,1,0.070,en_riesgo
0.060,0.365,0.940,0.458,0.272,0.549,2,0.203,en_riesgo
0.006,0.374,0.994,0.727,0.186,0.396,1,0.199,en_riesgo
0.208,0.262,0.792,0.522,0.163,0.469,1,0.166,en_observacion
-0.447,0.375,1.447,1.063,0.145,0.656,0,0.146,en_riesgo
0.146,0.182,0.854,0.457,0.358,0.348,2,0.189,en_observacion
0.184,0.420,0.816,0.452,0.154,0.167,2,0.264,en_observacion
0.069,0.295,0.931,0.430,0.235,0.180,2,0.137,en_observacion
-0.403,0.494,1.403,1.008,0.217,0.580,0,0.252,en_riesgo
-0.043,0.529,1.043,0.553,0.282,0.351,0,0.283,en_riesgo
0.092,0.351,0.908,0.417,0.184,0.241,1,0.283,en_riesgo
0.151,0.209,0.849,0.475,0.184,0.162,2,0.042,en_observacion
-0.410,0.736,1.410,0.911,0.323,0.256,0,0.107,en_riesgo
0.062,0.377,0.938,0.537,0.099,0.216,1,0.246,en_riesgo
0.461,0.174,0.539,0.361,0.149,0.656,3,0.038,saludable
-0.004,0.765,1.004,0.655,0.344,0.273,1,0.123,en_riesgo
0.175,0.404,0.825,0.539,0.202,0.876,1,0.475,en_riesgo
0.080,0.322,0.920,0.464,0.161,0.131,2,0.215,en_observacion
0.274,0.011,0.726,0.494,0.196,0.563,3,0.236,saludable
0.206,0.150,0.794,0.588,0.176,0.588,1,0.245,en_observacion
0.495,0.103,0.505,0.261,0.063,0.405,3,0.053,saludable
0.065,0.176,0.935,0.593,0.183,0.598,2,0.154,en_observacion
0.399,0.167,0.601,0.339,0.248,0.427,3,0.446,saludable
-0.050,0.592,1.050,0.757,0.198,0.534,0,0.104,en_riesgo
-0.148,0.541,1.148,0.912,0.153,0.350,1,0.502,en_riesgo
-0.347,0.689,1.347,1.046,0.281,0.770,0,0.356,en_riesgo
-0.051,0.786,1.051,0.747,0.168,0.721,0,0.122,en_riesgo
0.075,0.332,0.925,0.490,0.248,0.719,2,0.045,en_observacion
0.390,0.146,0.610,0.456,0.100,0.309,2,0.382,saludable
-0.107,0.675,1.107,0.627,0.210,0.102,1,0.243,en_riesgo
0.024,0.417,0.976,0.617,0.308,0.385,0,0.167,en_riesgo
0.049,0.296,0.951,0.587,0.329,0.036,1,0.220,en_riesgo
0.422,0.217,0.578,0.358,0.176,0.138,3,0.592,saludable
0.325,0.177,0.675,0.340,0.270,0.573,3,0.098,saludable
-0.186,0.598,1.186,0.620,0.379,0.594,1,0.137,en_riesgo
0.403,0.111,0.597,0.450,0.088,0.133,3,0.351,saludable
0.484,0.054,0.516,0.277,0.064,0.338,2,0.387,saludable
0.207,0.295,0.793,0.440,0.268,0.438,1,0.263,en_observacion
-0.166,0.519,1.166,0.915,0.218,0.813,1,0.233,en_riesgo
0.483,0.124,0.517,0.366,0.074,0.374,2,0.162,saludable
0.155,0.304,0.845,0.394,0.201,0.420,2,0.155,en_observacion
0.086,0.327,0.914,0.437,0.294,0.346,1,0.390,en_riesgo
0.377,0.223,0.623,0.346,0.242,0.161,3,0.105,saludable
0.105,0.310,0.895,0.665,0.145,0.514,2,0.091,en_riesgo
-0.414,0.569,1.414,1.099,0.250,0.517,1,0.251,en_riesgo
-0.110,0.769,1.110,0.675,0.299,0.061,1,0.178,en_riesgo
0.396,0.147,0.604,0.423,0.088,0.500,3,0.374,saludable
-0.102,0.370,1.102,0.613,0.141,0.175,1,0.414,en_riesgo
0.158,0.165,0.842,0.647,0.118,0.583,1,0.233,en_observacion
0.385,0.093,0.615,0.340,0.152,0.030,3,0.243,saludable
-0.059,0.545,1.059,0.515,0.324,0.040,0,0.192,en_riesgo
-0.287,0.539,1.287,0.935,0.323,0.309,0,0.042,en_riesgo
0.236,0.170,0.764,0.519,0.102,0.590,1,0.548,en_observacion
-0.293,0.360,1.293,0.715,0.531,0.695,0,0.121,en_riesgo
0.197,0.350,0.803,0.485,0.196,0.416,2,0.222,en_observacion
-0.280,0.759,1.280,0.779,0.178,0.495,0,0.204,en_riesgo
-0.212,0.738,1.212,0.952,0.219,0.181,0,0.347,en_riesgo
-0.083,0.628,1.083,0.509,0.486,0.333,0,0.208,en_riesgo
0.195,0.238,0.805,0.457,0.155,0.669,2,0.220,saludable
-0.088,0.493,1.088,0.698,0.337,0.769,0,0.351,en_riesgo
-0.033,0.557,1.033,0.543,0.368,0.312,0,0.102,en_riesgo
0.163,0.365,0.837,0.444,0.160,0.108,1,0.291,en_riesgo
0.536,0.111,0.464,0.298,0.131,0.671,3,0.286,saludable
0.005,0.245,0.995,0.519,0.139,0.282,2,0.294,en_riesgo
0.166,0.415,0.834,0.538,0.228,0.508,2,0.356,en_riesgo
0.010,0.347,0.990,0.662,0.156,0.172,2,0.364,en_riesgo
0.542,0.032,0.458,0.279,0.085,0.776,3,0.054,saludable
0.021,0.204,0.979,0.740,0.216,0.846,1,0.184,en_riesgo
-0.439,0.513,1.439,1.083,0.199,0.766,1,0.125,en_riesgo
-0.194,0.781,1.194,0.881,0.126,0.449,0,0.107,en_riesgo
-0.158,0.574,1.158,0.850,0.278,0.122,0,0.082,en_riesgo
-0.052,0.507,1.052,0.687,0.315,0.175,1,0.407,en_riesgo
0.369,0.000,0.631,0.318,0.139,0.532,2,0.630,saludable
0.288,0.130,0.712,0.421,0.185,0.148,2,0.099,saludable
0.134,0.295,0.866,0.562,0.240,0.499,2,0.430,en_observacion
0.248,0.267,0.752,0.505,0.245,0.515,1,0.341,en_observacion
-0.170,0.417,1.170,0.810,0.203,0.309,1,0.279,en_riesgo
0.239,0.352,0.761,0.486,0.158,0.252,1,0.143,en_observacion
-0.421,0.524,1.421,0.938,0.284,0.624,0,0.333,en_riesgo
0.496,0.179,0.504,0.321,0.061,0.518,3,0.228,saludable
0.338,0.040,0.662,0.402,0.178,0.434,3,0.127,saludable
-0.310,0.581,1.310,0.978,0.143,0.104,1,0.075,en_riesgo
0.420,0.132,0.580,0.294,0.096,0.497,3,0.078,saludable
0.469,0.009,0.531,0.369,0.104,0.231,3,0.533,saludable
0.467,0.057,0.533,0.301,0.117,0.094,3,0.427,saludable
0.303,0.165,0.697,0.482,0.143,0.182,3,0.346,saludable
-0.317,0.585,1.317,0.609,0.562,0.310,1,0.167,en_riesgo
0.008,0.409,0.992,0.585,0.310,0.146,2,0.323,en_riesgo
0.326,0.203,0.674,0.309,0.102,0.090,3,0.278,saludable
-0.008,0.420,1.008,0.574,0.400,0.708,0,0.273,en_riesgo
0.016,0.265,0.984,0.478,0.336,0.656,1,0.093,en_riesgo
0.228,0.220,0.772,0.582,0.149,0.433,3,0.260,en_observacion
-0.434,0.444,1.434,1.047,0.278,0.627,0,0.005,en_riesgo
0.157,0.284,0.843,0.477,0.315,0.343,2,0.297,en_observacion
0.137,0.207,0.863,0.397,0.249,0.657,1,0.041,en_observacion
0.232,0.395,0.768,0.454,0.141,0.431,2,0.559,en_observacion
0.049,0.189,0.951,0.647,0.102,0.230,1,0.710,en_observacion
0.405,0.214,0.595,0.463,0.091,0.583,2,0.146,saludable
0.523,0.095,0.477,0.332,0.086,0.640,3,0.228,saludable
-0.154,0.457,1.154,0.602,0.435,0.574,0,0.270,en_riesgo
-0.204,0.575,1.204,0.820,0.129,0.296,0,0.474,en_riesgo
0.321,0.093,0.679,0.395,0.150,0.381,3,0.127,saludable
0.181,0.311,0.819,0.457,0.315,0.338,2,0.545,en_observacion
0.153,0.360,0.847,0.434,0.353,0.207,2,0.141,en_observacion
0.468,0.047,0.532,0.270,0.192,0.311,3,0.291,saludable
-0.291,0.558,1.291,0.973,0.311,0.661,0,0.260,en_riesgo
0.007,0.165,0.993,0.678,0.217,0.202,1,0.176,en_riesgo
0.350,0.148,0.650,0.438,0.065,0.634,3,0.201,saludable
0.430,0.169,0.570,0.262,0.210,0.564,2,0.127,saludable
-0.320,0.580,1.320,0.919,0.135,0.346,0,0.268,en_riesgo
0.157,0.290,0.843,0.524,0.261,0.367,1,0.108,en_observacion
0.074,0.415,0.926,0.475,0.324,0.254,2,0.220,en_riesgo
0.037,0.334,0.963,0.532,0.293,0.806,2,0.251,en_riesgo
0.219,0.427,0.781,0.480,0.228,0.486,2,0.157,en_observacion
-0.210,0.398,1.210,0.783,0.141,0.118,0,0.306,en_riesgo
0.335,0.226,0.665,0.348,0.122,0.700,3,0.275,saludable
-0.163,0.728,1.163,0.591,0.420,0.357,1,0.084,en_riesgo
0.263,0.072,0.737,0.395,0.201,0.491,3,0.184,saludable
0.348,0.248,0.652,0.367,0.172,0.220,2,0.242,saludable
0.437,0.187,0.563,0.415,0.103,0.757,3,0.131,saludable
0.285,0.182,0.715,0.338,0.212,0.158,3,0.416,saludable
0.006,0.392,0.994,0.513,0.445,0.425,2,0.265,en_riesgo
-0.208,0.496,1.208,0.904,0.202,0.462,1,0.630,en_riesgo
-0.366,0.601,1.366,1.077,0.163,0.636,0,0.190,en_riesgo
0.083,0.343,0.917,0.549,0.213,0.412,1,0.080,en_riesgo
-0.233,0.615,1.233,0.763,0.436,0.277,0,0.054,en_riesgo
0.091,0.354,0.909,0.521,0.278,0.171,2,0.134,en_riesgo
0.120,0.367,0.880,0.656,0.098,0.779,1,0.571,en_riesgo
-0.089,0.535,1.089,0.695,0.163,0.312,0,0.106,en_riesgo
-0.409,0.459,1.409,0.658,0.496,0.217,0,0.210,en_riesgo
-0.291,0.419,1.291,0.925,0.133,0.321,0,0.226,en_riesgo
0.136,0.318,0.864,0.511,0.119,0.363,1,0.155,en_observacion
-0.197,0.385,1.197,0.821,0.140,0.349,0,0.506,en_riesgo
-0.138,0.725,1.138,0.563,0.192,0.340,0,0.228,en_riesgo
0.498,0.154,0.502,0.363,0.076,0.937,3,0.067,saludable
0.245,0.248,0.755,0.489,0.091,0.093,2,0.222,saludable
0.242,0.178,0.758,0.532,0.082,0.537,1,0.082,saludable
0.041,0.176,0.959,0.633,0.235,0.316,2,0.408,en_observacion
0.023,0.420,0.977,0.597,0.174,0.308,2,0.074,en_riesgo
0.529,0.126,0.471,0.218,0.181,0.424,3,0.260,saludable
0.196,0.189,0.804,0.366,0.336,0.641,2,0.281,en_observacion
0.180,0.354,0.820,0.651,0.121,0.342,2,0.110,en_observacion
0.511,0.221,0.489,0.339,0.061,0.585,3,0.304,saludable
-0.380,0.553,1.380,1.091,0.140,0.458,0,0.126,en_riesgo
0.020,0.418,0.980,0.772,0.139,0.304,2,0.075,en_riesgo
0.040,0.343,0.960,0.673,0.157,0.163,1,0.466,en_riesgo
0.478,0.175,0.522,0.320,0.053,0.315,3,0.132,saludable
-0.072,0.364,1.072,0.500,0.212,0.488,0,0.070,en_riesgo
0.166,0.298,0.834,0.515,0.101,0.611,2,0.272,en_observacion
0.150,0.158,0.850,0.499,0.243,0.273,1,0.363,en_observacion
0.544,0.215,0.456,0.205,0.130,0.353,3,0.125,saludable
0.270,0.235,0.730,0.370,0.140,0.625,3,0.127,saludable
0.121,0.356,0.879,0.403,0.342,0.642,1,0.523,en_riesgo
-0.121,0.413,1.121,0.851,0.251,0.117,1,0.026,en_riesgo
0.021,0.197,0.979,0.670,0.273,0.213,1,0.243,en_riesgo
0.057,0.287,0.943,0.571,0.338,0.402,2,0.274,en_riesgo
0.072,0.393,0.928,0.493,0.186,0.746,2,0.153,en_riesgo
0.526,0.046,0.474,0.296,0.078,0.466,3,0.056,saludable
0.286,0.060,0.714,0.478,0.153,0.399,3,0.487,saludable
0.489,0.038,0.511,0.259,0.063,0.371,3,0.139,saludable
0.408,0.000,0.592,0.467,0.089,0.713,2,0.273,saludable
0.412,0.084,0.588,0.447,0.130,0.350,3,0.166,saludable
0.395,0.243,0.605,0.421,0.098,0.343,3,0.597,saludable
0.367,0.113,0.633,0.492,0.133,0.720,2,0.229,saludable
0.004,0.320,0.996,0.615,0.131,0.580,1,0.396,en_riesgo
0.096,0.213,0.904,0.409,0.180,0.273,1,0.187,en_observacion
0.001,0.341,0.999,0.727,0.126,0.385,1,0.319,en_riesgo
-0.380,0.410,1.380,1.055,0.156,0.157,1,0.144,en_riesgo
0.089,0.355,0.911,0.448,0.149,0.488,1,0.053,en_riesgo
0.272,0.088,0.728,0.340,0.160,0.173,3,0.364,saludable
-0.274,0.558,1.274,0.707,0.563,0.266,1,0.071,en_riesgo
0.397,0.126,0.603,0.347,0.128,0.417,2,0.329,saludable
0.004,0.789,0.996,0.702,0.155,0.564,0,0.172,en_riesgo
0.378,0.039,0.622,0.286,0.143,0.741,3,0.529,saludable
-0.167,0.726,1.167,0.652,0.188,0.802,1,0.229,en_riesgo
0.434,0.225,0.566,0.309,0.189,0.341,3,0.100,saludable
0.465,0.225,0.535,0.377,0.146,0.313,3,0.296,saludable
0.330,0.114,0.670,0.453,0.104,0.291,3,0.389,saludable
0.030,0.281,0.970,0.614,0.145,0.612,1,0.164,en_riesgo
0.319,0.233,0.681,0.509,0.154,0.349,3,0.315,saludable
-0.077,0.717,1.077,0.633,0.273,0.493,0,0.235,en_riesgo
0.001,0.287,0.999,0.798,0.137,0.645,2,0.241,en_riesgo
-0.429,0.683,1.429,0.647,0.367,0.374,0,0.315,en_riesgo
0.149,0.340,0.851,0.624,0.119,0.254,2,0.403,en_observacion
-0.062,0.797,1.062,0.793,0.248,0.342,1,0.030,en_riesgo
-0.055,0.412,1.055,0.529,0.316,0.351,0,0.315,en_riesgo
0.208,0.295,0.792,0.560,0.086,0.538,1,0.126,en_observacion
0.087,0.402,0.913,0.715,0.156,0.462,1,0.455,en_riesgo
0.276,0.063,0.724,0.525,0.197,0.379,3,0.208,saludable
-0.104,0.742,1.104,0.676,0.412,0.314,0,0.138,en_riesgo
0.132,0.294,0.868,0.528,0.294,0.303,1,0.306,en_riesgo
0.180,0.316,0.820,0.601,0.146,0.567,1,0.381,en_observacion
0.495,0.146,0.505,0.345,0.081,0.329,3,0.520,saludable
0.486,0.212,0.514,0.271,0.052,0.419,2,0.348,saludable
0.085,0.352,0.915,0.551,0.206,0.083,1,0.058,en_riesgo
0.066,0.179,0.934,0.586,0.313,0.206,2,0.719,en_observacion
0.232,0.226,0.768,0.549,0.204,0.784,2,0.152,en_observacion
0.088,0.360,0.912,0.470,0.171,0.795,2,0.257,en_riesgo
0.544,0.001,0.456,0.289,0.057,0.891,2,0.310,saludable
-0.127,0.534,1.127,0.759,0.360,0.263,1,0.199,en_riesgo
0.010,0.560,0.990,0.628,0.130,0.188,0,0.186,en_riesgo
-0.024,0.529,1.024,0.694,0.241,0.441,0,0.133,en_riesgo
0.348,0.210,0.652,0.428,0.106,0.215,3,0.521,saludable
0.061,0.184,0.939,0.688,0.108,0.334,1,0.110,en_observacion
0.035,0.177,0.965,0.709,0.220,0.662,2,0.397,en_observacion
-0.171,0.532,1.171,0.704,0.195,0.250,0,0.014,en_riesgo
0.203,0.161,0.797,0.590,0.176,0.341,2,0.142,saludable
0.251,0.180,0.749,0.353,0.321,0.195,3,0.413,saludable
0.039,0.427,0.961,0.680,0.169,0.577,1,0.340,en_riesgo
-0.182,0.676,1.182,0.539,0.412,0.247,0,0.220,en_riesgo
0.231,0.172,0.769,0.530,0.160,0.690,3,0.219,en_observacion
-0.382,0.681,1.382,0.958,0.351,0.466,1,0.377,en_riesgo
0.246,0.424,0.754,0.363,0.251,0.239,1,0.153,en_riesgo
0.237,0.368,0.763,0.591,0.154,0.215,2,0.044,en_observacion
0.311,0.132,0.689,0.525,0.093,0.427,3,0.115,saludable
-0.214,0.379,1.214,0.891,0.304,0.428,0,0.155,en_riesgo
0.071,0.299,0.929,0.487,0.222,0.560,2,0.072,en_riesgo
0.211,0.347,0.789,0.389,0.142,0.596,2,0.339,en_observacion
0.100,0.442,0.900,0.514,0.215,0.203,1,0.072,en_riesgo
-0.000,0.611,1.000,0.536,0.117,0.296,0,0.454,en_riesgo
0.165,0.410,0.835,0.587,0.200,0.903,2,0.457,en_riesgo
0.467,0.024,0.533,0.264,0.234,0.176,3,0.156,saludable
0.199,0.242,0.801,0.607,0.170,0.337,2,0.267,en_observacion
0.514,0.122,0.486,0.233,0.196,0.224,3,0.231,saludable
0.227,0.311,0.773,0.534,0.098,0.709,2,0.374,en_observacion
0.031,0.413,0.969,0.498,0.411,0.894,1,0.056,en_riesgo
-0.433,0.751,1.433,1.061,0.356,0.313,1,0.218,en_riesgo
0.160,0.335,0.840,0.518,0.246,0.301,1,0.359,en_observacion
0.200,0.214,0.800,0.569,0.099,0.301,1,0.326,en_observacion
0.542,0.009,0.458,0.311,0.067,0.759,3,0.365,saludable
0.409,0.148,0.591,0.320,0.127,0.271,3,0.284,saludable
-0.307,0.702,1.307,0.680,0.496,0.503,0,0.181,en_riesgo
0.170,0.336,0.830,0.605,0.176,0.112,2,0.088,en_observacion
0.142,0.333,0.858,0.522,0.313,0.198,1,0.582,en_observacion
0.054,0.433,0.946,0.587,0.227,0.330,1,0.261,en_riesgo
0.357,0.199,0.643,0.397,0.240,0.298,3,0.037,saludable
0.363,0.058,0.637,0.412,0.119,0.490,3,0.216,saludable
0.200,0.155,0.800,0.503,0.235,0.554,1,0.312,saludable
0.117,0.259,0.883,0.680,0.179,0.440,1,0.228,en_observacion
-0.316,0.580,1.316,0.621,0.167,0.606,1,0.245,en_riesgo
-0.187,0.790,1.187,0.863,0.278,0.546,1,0.493,en_riesgo
0.165,0.201,0.835,0.567,0.141,0.739,1,0.450,en_observacion
-0.326,0.536,1.326,0.943,0.356,0.752,0,0.371,en_riesgo
0.245,0.055,0.755,0.574,0.157,0.618,3,0.359,saludable
-0.064,0.390,1.064,0.497,0.168,0.132,0,0.485,en_riesgo
-0.037,0.656,1.037,0.487,0.187,0.364,0,0.037,en_riesgo
0.525,0.056,0.475,0.300,0.151,0.427,3,0.333,saludable
-0.422,0.605,1.422,0.700,0.517,0.260,0,0.080,en_riesgo
0.009,0.229,0.991,0.606,0.138,0.109,2,0.530,en_riesgo
0.511,0.047,0.489,0.314,0.077,0.236,3,0.191,saludable
-0.097,0.490,1.097,0.870,0.164,0.232,0,0.047,en_riesgo
0.159,0.306,0.841,0.583,0.128,0.336,1,0.182,en_observacion
-0.251,0.646,1.251,0.880,0.181,0.367,1,0.105,en_riesgo
0.206,0.245,0.794,0.528,0.235,0.421,3,0.234,saludable
0.093,0.304,0.907,0.663,0.162,0.316,2,0.018,en_riesgo
0.468,0.178,0.532,0.339,0.122,0.314,3,0.223,saludable
0.294,0.131,0.706,0.374,0.184,0.296,2,0.050,saludable
-0.429,0.508,1.429,0.689,0.452,0.377,0,0.128,en_riesgo
-0.260,0.591,1.260,0.694,0.137,0.381,0,0.164,en_riesgo
0.544,0.056,0.456,0.261,0.181,0.523,3,0.545,saludable
0.149,0.285,0.851,0.456,0.379,0.330,1,0.155,en_observacion
0.350,0.183,0.650,0.362,0.210,0.683,3,0.168,saludable
0.067,0.212,0.933,0.448,0.284,0.409,1,0.576,en_observacion
0.235,0.233,0.765,0.500,0.141,0.043,2,0.063,en_observacion
0.483,0.244,0.517,0.296,0.140,0.233,3,0.200,saludable
0.519,0.084,0.481,0.300,0.058,0.046,3,0.145,saludable
0.130,0.234,0.870,0.508,0.194,0.738,1,0.183,en_observacion
0.205,0.178,0.795,0.394,0.128,0.527,2,0.236,en_observacion
0.427,0.145,0.573,0.303,0.212,0.699,3,0.243,saludable
0.011,0.688,0.989,0.647,0.142,0.455,0,0.380,en_riesgo
0.250,0.226,0.750,0.592,0.109,0.259,3,0.286,en_observacion
-0.006,0.565,1.006,0.730,0.203,0.231,0,0.102,en_riesgo
0.034,0.431,0.966,0.683,0.233,0.888,2,0.416,en_riesgo
-0.340,0.666,1.340,0.641,0.539,0.392,0,0.439,en_riesgo
-0.127,0.746,1.127,0.560,0.415,0.528,0,0.281,en_riesgo
0.438,0.120,0.562,0.387,0.095,0.492,2,0.172,saludable
0.032,0.186,0.968,0.661,0.218,0.470,1,0.240,en_observacion
0.471,0.069,0.529,0.291,0.132,0.763,3,0.228,saludable
0.147,0.368,0.853,0.681,0.159,0.441,1,0.043,en_riesgo
0.132,0.372,0.868,0.521,0.256,0.573,1,0.269,en_riesgo
0.202,0.299,0.798,0.529,0.134,0.503,1,0.397,en_observacion
0.098,0.353,0.902,0.459,0.292,0.466,1,0.247,en_riesgo
-0.202,0.480,1.202,0.632,0.146,0.460,0,0.454,en_riesgo
0.063,0.266,0.937,0.581,0.183,0.546,1,0.091,en_riesgo
0.072,0.381,0.928,0.662,0.249,0.491,2,0.309,en_riesgo
0.209,0.322,0.791,0.568,0.175,0.442,2,0.132,en_observacion
-0.307,0.423,1.307,0.657,0.223,0.199,0,0.161,en_riesgo
-0.318,0.366,1.318,0.971,0.190,0.411,0,0.097,en_riesgo
0.467,0.071,0.533,0.410,0.072,0.520,3,0.178,saludable
-0.126,0.681,1.126,0.810,0.136,0.506,0,0.163,en_riesgo
-0.320,0.431,1.320,0.747,0.425,0.074,1,0.176,en_riesgo
0.265,0.027,0.735,0.502,0.219,0.502,3,0.356,saludable
0.126,0.222,0.874,0.451,0.261,0.600,2,0.306,en_observacion
0.246,0.179,0.754,0.369,0.215,0.697,1,0.436,en_observacion
0.236,0.268,0.764,0.463,0.119,0.772,1,0.278,en_observacion
0.248,0.228,0.752,0.539,0.128,0.362,1,0.209,en_observacion
0.023,0.595,0.977,0.678,0.215,0.681,0,0.181,en_riesgo
-0.011,0.760,1.011,0.578,0.104,0.314,1,0.272,en_riesgo
-0.081,0.663,1.081,0.841,0.167,0.379,1,0.457,en_riesgo
0.016,0.300,0.984,0.606,0.169,0.333,1,0.266,en_riesgo
0.089,0.286,0.911,0.536,0.172,0.419,1,0.087,en_riesgo
0.176,0.296,0.824,0.484,0.325,0.758,2,0.185,en_observacion
-0.347,0.355,1.347,0.945,0.292,0.521,1,0.113,en_riesgo
0.151,0.356,0.849,0.423,0.301,0.516,1,0.201,en_riesgo
0.483,0.225,0.517,0.379,0.083,0.160,3,0.365,saludable
0.005,0.227,0.995,0.699,0.282,0.638,2,0.115,en_riesgo
0.109,0.253,0.891,0.421,0.135,0.372,1,0.242,en_observacion
0.093,0.228,0.907,0.455,0.101,0.687,1,0.045,en_observacion
0.195,0.218,0.805,0.628,0.142,0.312,2,0.170,en_observacion
-0.164,0.623,1.164,0.818,0.231,0.499,0,0.265,en_riesgo
0.208,0.411,0.792,0.491,0.103,0.775,1,0.445,en_riesgo
0.093,0.236,0.907,0.677,0.197,0.476,1,0.612,en_riesgo
0.031,0.542,0.969,0.551,0.199,0.120,0,0.135,en_riesgo
0.393,0.171,0.607,0.407,0.145,0.713,3,0.546,saludable
0.197,0.325,0.803,0.472,0.318,0.392,2,0.269,en_observacion
-0.400,0.650,1.400,0.772,0.616,0.337,1,0.604,en_riesgo
-0.115,0.592,1.115,0.587,0.423,0.420,0,0.226,en_riesgo
0.038,0.294,0.962,0.522,0.287,0.285,1,0.618,en_riesgo
-0.206,0.724,1.206,0.699,0.406,0.341,0,0.126,en_riesgo
0.210,0.180,0.790,0.510,0.209,0.120,2,0.247,saludable
-0.406,0.581,1.406,0.983,0.241,0.153,1,0.036,en_riesgo
0.495,0.239,0.505,0.250,0.159,0.683,3,0.170,saludable
0.350,0.078,0.650,0.516,0.088,0.204,2,0.206,saludable
0.015,0.784,0.985,0.463,0.362,0.788,0,0.343,en_riesgo
0.149,0.232,0.851,0.398,0.258,0.478,1,0.125,en_observacion
0.235,0.408,0.765,0.362,0.099,0.870,2,0.052,en_observacion
0.039,0.593,0.961,0.594,0.318,0.382,0,0.022,en_riesgo
0.043,0.390,0.957,0.725,0.102,0.829,0,0.256,en_riesgo
0.365,0.089,0.635,0.295,0.222,0.961,3,0.500,saludable
-0.307,0.674,1.307,1.013,0.219,0.569,0,0.338,en_riesgo
0.536,0.097,0.464,0.292,0.104,0.190,2,0.351,saludable
0.315,0.173,0.685,0.408,0.270,0.510,2,0.099,saludable
0.340,0.001,0.660,0.392,0.154,0.620,3,0.175,saludable
-0.263,0.546,1.263,0.680,0.225,0.626,1,0.120,en_riesgo
0.287,0.227,0.713,0.469,0.136,0.708,3,0.324,en_observacion
-0.344,0.728,1.344,0.979,0.240,0.680,1,0.117,en_riesgo
0.424,0.175,0.576,0.262,0.091,0.485,3,0.253,saludable
0.002,0.216,0.998,0.718,0.250,0.659,2,0.474,en_observacion
0.116,0.263,0.884,0.411,0.382,0.497,1,0.028,en_observacion
0.199,0.398,0.801,0.540,0.207,0.368,1,0.101,en_observacion
0.046,0.414,0.954,0.543,0.310,0.128,0,0.159,en_riesgo
0.091,0.306,0.909,0.487,0.094,0.348,1,0.235,en_observacion
0.208,0.189,0.792,0.499,0.248,0.429,2,0.205,saludable
-0.211,0.497,1.211,0.883,0.221,0.329,0,0.210,en_riesgo
-0.378,0.479,1.378,1.086,0.208,0.262,0,0.090,en_riesgo
0.204,0.035,0.796,0.367,0.270,0.515,3,0.033,saludable
0.389,0.115,0.611,0.376,0.172,0.300,3,0.103,saludable
0.359,0.248,0.641,0.379,0.199,0.663,3,0.370,saludable
0.292,0.162,0.708,0.432,0.118,0.393,3,0.146,saludable
0.241,0.062,0.759,0.482,0.119,0.174,3,0.199,saludable
0.204,0.448,0.796,0.396,0.302,0.678,2,0.199,en_riesgo
-0.346,0.710,1.346,0.981,0.238,0.704,1,0.473,en_riesgo
0.181,0.293,0.819,0.564,0.230,0.234,1,0.473,en_observacion
0.011,0.203,0.989,0.790,0.100,0.552,2,0.312,en_observacion
0.242,0.389,0.758,0.397,0.236,0.524,2,0.615,en_observacion
0.041,0.194,0.959,0.698,0.161,0.432,2,0.196,en_observacion
0.454,0.036,0.546,0.374,0.073,0.308,2,0.298,saludable
0.226,0.024,0.774,0.411,0.319,0.341,2,0.144,saludable
-0.271,0.567,1.271,0.776,0.184,0.120,0,0.164,en_riesgo
0.120,0.170,0.880,0.627,0.131,0.268,2,0.063,en_observacion
0.229,0.187,0.771,0.395,0.319,0.635,2,0.211,en_observacion
0.284,0.246,0.716,0.371,0.313,0.305,2,0.056,en_observacion
0.238,0.229,0.762,0.375,0.295,0.368,3,0.308,saludable
0.192,0.208,0.808,0.419,0.216,0.776,1,0.128,en_observacion
0.258,0.195,0.742,0.584,0.088,0.271,3,0.191,saludable
0.099,0.368,0.901,0.432,0.101,0.398,2,0.162,en_riesgo
0.334,0.061,0.666,0.469,0.096,0.319,3,0.167,saludable
0.352,0.016,0.648,0.303,0.274,0.420,2,0.339,saludable
0.057,0.293,0.943,0.523,0.112,0.744,1,0.075,en_riesgo
0.365,0.065,0.635,0.318,0.069,0.385,3,0.045,saludable
0.361,0.121,0.639,0.341,0.092,0.665,3,0.046,saludable
0.315,0.054,0.685,0.442,0.190,0.728,2,0.299,saludable
0.048,0.488,0.952,0.618,0.296,0.506,0,0.079,en_riesgo
0.415,0.246,0.585,0.377,0.199,0.888,3,0.317,saludable
0.512,0.001,0.488,0.298,0.072,0.735,3,0.349,saludable
0.521,0.094,0.479,0.357,0.075,0.484,3,0.140,saludable
0.195,0.438,0.805,0.549,0.152,0.199,2,0.320,en_observacion
-0.404,0.483,1.404,1.003,0.296,0.267,0,0.174,en_riesgo
0.061,0.415,0.939,0.744,0.100,0.140,1,0.389,en_riesgo
0.231,0.278,0.769,0.350,0.249,0.218,2,0.138,en_observacion
0.050,0.313,0.950,0.453,0.127,0.452,2,0.430,en_riesgo
0.417,0.009,0.583,0.426,0.079,0.807,3,0.183,saludable
0.387,0.148,0.613,0.300,0.238,0.065,3,0.298,saludable
0.463,0.199,0.537,0.281,0.236,0.520,3,0.048,saludable
0.242,0.199,0.758,0.405,0.090,0.386,1,0.025,en_observacion
-0.442,0.679,1.442,0.759,0.466,0.576,0,0.228,en_riesgo
0.458,0.223,0.542,0.279,0.123,0.102,3,0.407,saludable
0.317,0.097,0.683,0.517,0.161,0.393,3,0.299,saludable
-0.031,0.444,1.031,0.584,0.103,0.343,0,0.147,en_riesgo
0.211,0.134,0.789,0.555,0.155,0.053,2,0.154,saludable
0.442,0.061,0.558,0.317,0.192,0.507,3,0.391,saludable
-0.394,0.712,1.394,0.758,0.462,0.394,0,0.191,en_riesgo
0.016,0.788,0.984,0.564,0.307,0.599,0,0.285,en_riesgo
0.195,0.430,0.805,0.621,0.164,0.694,1,0.373,en_riesgo
0.374,0.029,0.626,0.328,0.192,0.225,2,0.186,saludable
0.257,0.038,0.743,0.536,0.158,0.595,3,0.103,saludable
-0.025,0.528,1.025,0.539,0.154,0.878,1,0.083,en_riesgo
0.468,0.168,0.532,0.286,0.122,0.814,3,0.433,saludable
0.055,0.257,0.945,0.703,0.107,0.538,2,0.103,en_riesgo
0.038,0.292,0.962,0.515,0.375,0.653,1,0.101,en_riesgo
-0.077,0.715,1.077,0.569,0.262,0.797,1,0.176,en_riesgo
0.240,0.383,0.760,0.490,0.212,0.270,2,0.255,en_observacion
0.283,0.134,0.717,0.451,0.226,0.555,3,0.494,saludable
0.399,0.054,0.601,0.354,0.164,0.294,2,0.506,saludable
0.080,0.280,0.920,0.604,0.307,0.458,1,0.479,en_riesgo
-0.316,0.561,1.316,0.993,0.194,0.792,0,0.234,en_riesgo
-0.385,0.360,1.385,1.041,0.232,0.447,1,0.501,en_riesgo
0.004,0.185,0.996,0.538,0.380,0.390,1,0.136,en_riesgo
0.132,0.176,0.868,0.402,0.366,0.553,2,0.415,saludable
-0.257,0.539,1.257,0.811,0.199,0.789,0,0.043,en_riesgo
-0.041,0.694,1.041,0.673,0.332,0.607,0,0.194,en_riesgo
-0.096,0.761,1.096,0.872,0.132,0.687,1,0.291,en_riesgo
-0.323,0.723,1.323,0.678,0.328,0.857,1,0.237,en_riesgo
0.407,0.216,0.593,0.284,0.146,0.344,2,0.196,saludable
0.023,0.350,0.977,0.455,0.187,0.395,0,0.368,en_riesgo
0.285,0.216,0.715,0.445,0.161,0.249,3,0.014,saludable
-0.017,0.442,1.017,0.768,0.163,0.625,0,0.142,en_riesgo
0.412,0.164,0.588,0.339,0.215,0.247,3,0.160,saludable
-0.064,0.506,1.064,0.625,0.293,0.475,0,0.339,en_riesgo
0.175,0.151,0.825,0.409,0.354,0.753,2,0.150,en_observacion
-0.024,0.672,1.024,0.469,0.158,0.550,0,0.123,en_riesgo
0.259,0.103,0.741,0.552,0.087,0.436,2,0.158,saludable
0.081,0.361,0.919,0.483,0.357,0.216,1,0.226,en_riesgo
-0.274,0.548,1.274,0.820,0.205,0.219,0,0.220,en_riesgo
-0.118,0.388,1.118,0.629,0.443,0.598,0,0.180,en_riesgo
-0.203,0.621,1.203,0.751,0.258,0.771,1,0.315,en_riesgo
0.386,0.045,0.614,0.398,0.125,0.216,2,0.235,saludable
0.470,0.222,0.530,0.327,0.154,0.272,3,0.072,saludable
0.217,0.039,0.783,0.509,0.115,0.461,2,0.217,saludable
0.150,0.376,0.850,0.430,0.196,0.329,1,0.307,en_riesgo
0.341,0.158,0.659,0.502,0.152,0.358,3,0.367,saludable
-0.441,0.475,1.441,0.956,0.170,0.377,0,0.343,en_riesgo
0.019,0.185,0.981,0.631,0.197,0.577,2,0.171,en_riesgo
-0.058,0.373,1.058,0.663,0.132,0.474,0,0.194,en_riesgo
-0.210,0.359,1.210,0.754,0.205,0.200,0,0.310,en_riesgo
0.309,0.172,0.691,0.368,0.226,0.261,2,0.231,en_observacion
0.045,0.398,0.955,0.705,0.121,0.675,1,0.629,en_riesgo
0.462,0.246,0.538,0.400,0.097,0.500,3,0.440,saludable
0.030,0.369,0.970,0.703,0.139,0.506,1,0.078,en_riesgo
-0.444,0.775,1.444,0.671,0.284,0.325,0,0.325,en_riesgo
0.161,0.420,0.839,0.472,0.289,0.028,1,0.416,en_observacion
0.171,0.439,0.829,0.642,0.114,0.396,2,0.320,en_riesgo
0.326,0.060,0.674,0.304,0.236,0.530,3,0.100,saludable
0.050,0.333,0.950,0.594,0.325,0.566,1,0.067,en_riesgo
0.446,0.164,0.554,0.302,0.168,0.194,3,0.377,saludable
0.354,0.154,0.646,0.394,0.209,0.308,2,0.178,saludable
-0.056,0.380,1.056,0.486,0.377,0.347,0,0.165,en_riesgo
0.462,0.042,0.538,0.379,0.096,0.376,3,0.093,saludable
0.313,0.107,0.687,0.325,0.244,0.627,2,0.419,saludable
0.065,0.357,0.935,0.475,0.199,0.480,2,0.169,en_riesgo
0.277,0.024,0.723,0.396,0.222,0.354,3,0.144,saludable
0.033,0.777,0.967,0.484,0.348,0.451,0,0.324,en_riesgo
0.049,0.364,0.951,0.684,0.219,0.432,1,0.370,en_riesgo
-0.300,0.719,1.300,0.816,0.474,0.302,0,0.594,en_riesgo
0.236,0.131,0.764,0.474,0.085,0.563,3,0.274,saludable
-0.420,0.590,1.420,1.036,0.270,0.616,0,0.291,en_riesgo
-0.029,0.427,1.029,0.618,0.137,0.598,0,0.260,en_riesgo
-0.302,0.350,1.302,0.668,0.259,0.540,0,0.482,en_riesgo
-0.205,0.785,1.205,0.565,0.301,0.341,0,0.135,en_riesgo
0.309,0.036,0.691,0.478,0.165,0.087,3,0.443,saludable
0.035,0.165,0.965,0.498,0.103,0.098,2,0.261,en_observacion
0.398,0.046,0.602,0.323,0.192,0.173,3,0.424,saludable
-0.131,0.432,1.131,0.848,0.272,0.286,0,0.468,en_riesgo
-0.120,0.739,1.120,0.571,0.408,0.632,1,0.054,en_riesgo
0.454,0.238,0.546,0.388,0.151,0.939,3,0.119,saludable
-0.256,0.462,1.256,0.622,0.489,0.288,1,0.440,en_riesgo
-0.441,0.608,1.441,0.774,0.257,0.517,1,0.471,en_riesgo
0.250,0.256,0.750,0.413,0.225,0.674,2,0.131,en_observacion
0.147,0.204,0.853,0.470,0.250,0.101,1,0.304,en_observacion
0.134,0.386,0.866,0.661,0.192,0.615,2,0.088,en_riesgo
0.476,0.017,0.524,0.243,0.082,0.240,3,0.205,saludable
0.214,0.216,0.786,0.468,0.114,0.859,2,0.465,en_observacion
0.210,0.151,0.790,0.408,0.282,0.162,2,0.111,saludable
0.508,0.149,0.492,0.338,0.109,0.688,3,0.224,saludable
-0.413,0.657,1.413,0.652,0.601,0.524,1,0.145,en_riesgo
0.363,0.147,0.637,0.385,0.184,0.265,2,0.269,saludable
0.100,0.303,0.900,0.558,0.225,0.436,1,0.112,en_riesgo
0.137,0.442,0.863,0.516,0.278,0.341,1,0.348,en_riesgo
-0.338,0.402,1.338,0.781,0.515,0.233,1,0.257,en_riesgo
0.341,0.165,0.659,0.389,0.081,0.595,3,0.204,saludable
-0.375,0.669,1.375,1.003,0.192,0.137,0,0.035,en_riesgo
-0.392,0.408,1.392,1.016,0.195,0.409,0,0.423,en_riesgo
0.243,0.240,0.757,0.598,0.086,0.499,1,0.357,en_observacion
0.020,0.271,0.980,0.466,0.230,0.766,1,0.053,en_riesgo
0.127,0.365,0.873,0.399,0.275,0.468,1,0.258,en_observacion
0.083,0.180,0.917,0.459,0.394,0.137,2,0.447,en_observacion
0.322,0.227,0.678,0.390,0.143,0.397,3,0.212,saludable
-0.167,0.456,1.167,0.806,0.283,0.183,1,0.206,en_riesgo
-0.013,0.570,1.013,0.457,0.140,0.123,1,0.129,en_riesgo
0.545,0.099,0.455,0.234,0.097,0.488,3,0.124,saludable
0.122,0.307,0.878,0.611,0.108,0.565,2,0.138,en_observacion
-0.017,0.674,1.017,0.556,0.444,0.297,0,0.106,en_riesgo
0.128,0.449,0.872,0.643,0.126,0.549,1,0.175,en_riesgo
0.226,0.229,0.774,0.407,0.344,0.449,3,0.107,en_observacion
0.035,0.215,0.965,0.504,0.151,0.580,2,0.129,en_observacion
0.147,0.266,0.853,0.388,0.269,0.244,1,0.072,en_observacion
0.175,0.432,0.825,0.582,0.086,0.724,1,0.097,en_observacion
0.329,0.037,0.671,0.444,0.142,0.229,3,0.252,saludable
0.459,0.018,0.541,0.273,0.067,0.656,3,0.080,saludable
-0.002,0.771,1.002,0.723,0.277,0.146,0,0.125,en_riesgo
0.313,0.147,0.687,0.487,0.120,0.719,3,0.174,saludable
0.010,0.352,0.990,0.787,0.200,0.788,0,0.419,en_riesgo
0.201,0.215,0.799,0.637,0.089,0.602,1,0.116,en_observacion
0.287,0.198,0.713,0.561,0.131,0.392,3,0.360,saludable
0.299,0.020,0.701,0.458,0.206,0.156,3,0.499,saludable
-0.355,0.457,1.355,0.729,0.528,0.274,1,0.188,en_riesgo
0.209,0.109,0.791,0.522,0.098,0.227,3,0.299,saludable
0.299,0.130,0.701,0.320,0.283,0.155,3,0.093,saludable
0.226,0.199,0.774,0.555,0.162,0.675,3,0.242,saludable
0.394,0.163,0.606,0.287,0.163,0.233,3,0.510,saludable
0.237,0.195,0.763,0.366,0.194,0.170,3,0.390,saludable
0.105,0.233,0.895,0.563,0.091,0.871,1,0.521,en_riesgo
-0.387,0.661,1.387,0.711,0.600,0.484,0,0.267,en_riesgo
-0.381,0.456,1.381,0.924,0.323,0.622,0,0.366,en_riesgo
-0.024,0.739,1.024,0.499,0.111,0.197,0,0.420,en_riesgo
0.225,0.216,0.775,0.523,0.127,0.286,2,0.143,saludable
0.244,0.193,0.756,0.575,0.173,0.198,3,0.125,saludable
-0.254,0.371,1.254,0.786,0.448,0.375,0,0.138,en_riesgo
0.246,0.287,0.754,0.576,0.076,0.619,1,0.347,en_observacion
0.185,0.221,0.815,0.450,0.088,0.473,2,0.082,en_observacion
0.273,0.080,0.727,0.505,0.099,0.420,3,0.411,saludable
0.507,0.056,0.493,0.388,0.058,0.439,2,0.182,saludable
-0.038,0.487,1.038,0.498,0.263,0.571,1,0.408,en_riesgo
-0.090,0.458,1.090,0.576,0.455,0.116,1,0.272,en_riesgo
0.291,0.239,0.709,0.426,0.144,0.404,3,0.236,saludable
0.003,0.627,0.997,0.675,0.209,0.391,0,0.549,en_riesgo
0.092,0.168,0.908,0.713,0.137,0.453,2,0.217,en_observacion
0.325,0.187,0.675,0.370,0.084,0.098,3,0.054,saludable
0.249,0.256,0.751,0.569,0.164,0.197,2,0.136,en_observacion
0.312,0.081,0.688,0.513,0.071,0.495,3,0.343,saludable
0.090,0.344,0.910,0.506,0.373,0.312,2,0.114,en_riesgo
-0.373,0.412,1.373,1.053,0.188,0.416,0,0.247,en_riesgo
0.149,0.444,0.851,0.592,0.175,0.746,2,0.068,en_riesgo
-0.417,0.737,1.417,0.837,0.454,0.411,1,0.102,en_riesgo
0.109,0.368,0.891,0.565,0.293,0.437,1,0.355,en_riesgo
0.326,0.069,0.674,0.494,0.080,0.454,3,0.136,saludable
0.227,0.179,0.773,0.406,0.112,0.371,1,0.103,en_observacion
0.148,0.374,0.852,0.645,0.151,0.535,2,0.308,en_observacion
0.384,0.009,0.616,0.471,0.065,0.549,2,0.371,saludable
0.152,0.312,0.848,0.515,0.255,0.549,1,0.307,en_observacion
-0.421,0.651,1.421,0.964,0.254,0.734,0,0.395,en_riesgo
0.417,0.016,0.583,0.369,0.183,0.713,3,0.605,saludable
0.104,0.171,0.896,0.632,0.160,0.328,1,0.119,en_observacion
0.315,0.076,0.685,0.544,0.089,0.479,3,0.523,saludable
0.516,0.159,0.484,0.360,0.082,0.554,3,0.235,saludable
-0.042,0.689,1.042,0.806,0.184,0.469,0,0.136,en_riesgo
0.437,0.142,0.563,0.414,0.145,0.860,3,0.489,saludable
0.438,0.122,0.562,0.422,0.095,0.445,3,0.125,saludable
0.301,0.021,0.699,0.382,0.095,0.473,2,0.257,saludable
0.127,0.182,0.873,0.672,0.199,0.592,2,0.212,en_observacion
-0.080,0.578,1.080,0.711,0.366,0.374,0,0.169,en_riesgo
0.427,0.032,0.573,0.409,0.089,0.363,3,0.204,saludable
0.175,0.300,0.825,0.649,0.139,0.246,2,0.353,en_observacion
0.168,0.194,0.832,0.546,0.251,0.501,2,0.276,en_observacion
-0.081,0.645,1.081,0.511,0.327,0.407,1,0.078,en_riesgo
0.343,0.039,0.657,0.314,0.083,0.470,3,0.283,saludable
0.494,0.201,0.506,0.369,0.067,0.585,3,0.119,saludable
0.050,0.150,0.950,0.499,0.326,0.066,2,0.236,en_observacion
-0.061,0.738,1.061,0.506,0.377,0.600,0,0.413,en_riesgo
-0.220,0.392,1.220,0.586,0.161,0.191,1,0.176,en_riesgo
0.103,0.233,0.897,0.566,0.293,0.291,1,0.514,en_observacion
0.513,0.008,0.487,0.265,0.172,0.430,3,0.130,saludable
0.095,0.448,0.905,0.422,0.337,0.509,1,0.278,en_riesgo
0.407,0.208,0.593,0.412,0.172,0.292,3,0.097,saludable
0.366,0.169,0.634,0.302,0.195,0.366,2,0.199,saludable
0.009,0.616,0.991,0.514,0.110,0.520,0,0.235,en_riesgo
0.328,0.182,0.672,0.317,0.092,0.127,3,0.145,saludable
-0.086,0.772,1.086,0.778,0.229,0.146,1,0.182,en_riesgo
0.198,0.250,0.802,0.415,0.274,0.675,2,0.083,en_observacion
0.186,0.207,0.814,0.416,0.330,0.367,2,0.329,saludable
0.300,0.215,0.700,0.477,0.207,0.493,3,0.145,saludable
0.235,0.057,0.765,0.492,0.167,0.347,2,0.144,saludable
0.082,0.314,0.918,0.578,0.332,0.277,1,0.433,en_observacion
0.505,0.140,0.495,0.233,0.197,0.294,2,0.319,saludable
-0.126,0.764,1.126,0.791,0.320,0.427,0,0.269,en_riesgo
0.205,0.235,0.795,0.460,0.181,0.287,3,0.438,en_observacion
0.435,0.150,0.565,0.373,0.066,0.270,3,0.310,saludable
-0.140,0.655,1.140,0.822,0.192,0.422,1,0.435,en_riesgo
0.309,0.060,0.691,0.492,0.111,0.438,2,0.277,saludable
0.325,0.031,0.675,0.539,0.092,0.427,3,0.038,saludable
0.021,0.185,0.979,0.528,0.355,0.429,1,0.240,en_riesgo
0.025,0.294,0.975,0.450,0.119,0.728,2,0.186,en_riesgo
-0.009,0.698,1.009,0.694,0.122,0.157,0,0.223,en_riesgo
0.100,0.345,0.900,0.586,0.229,0.289,2,0.211,en_riesgo
-0.084,0.773,1.084,0.836,0.238,0.501,0,0.313,en_riesgo
-0.369,0.755,1.369,0.943,0.401,0.465,1,0.295,en_riesgo
-0.111,0.778,1.111,0.771,0.328,0.444,0,0.262,en_riesgo
-0.355,0.581,1.355,0.952,0.216,0.104,0,0.307,en_riesgo
-0.395,0.456,1.395,0.702,0.208,0.820,1,0.138,en_riesgo
-0.377,0.761,1.377,0.672,0.563,0.220,1,0.467,en_riesgo
0.333,0.125,0.667,0.400,0.255,0.297,3,0.388,saludable
-0.203,0.593,1.203,0.857,0.285,0.295,1,0.210,en_riesgo
0.236,0.084,0.764,0.522,0.196,0.302,3,0.606,saludable
0.232,0.142,0.768,0.423,0.214,0.531,3,0.204,saludable
0.226,0.008,0.774,0.386,0.083,0.093,3,0.195,saludable
0.467,0.011,0.533,0.296,0.222,0.227,3,0.295,saludable
0.306,0.187,0.694,0.399,0.272,0.595,2,0.387,saludable
-0.253,0.614,1.253,0.930,0.306,0.317,0,0.270,en_riesgo
0.454,0.036,0.546,0.268,0.071,0.188,3,0.082,saludable
0.181,0.398,0.819,0.596,0.139,0.126,2,0.109,en_observacion
0.331,0.045,0.669,0.513,0.082,0.625,3,0.424,saludable
0.248,0.206,0.752,0.475,0.155,0.628,2,0.341,saludable
0.404,0.046,0.596,0.404,0.112,0.084,3,0.289,saludable
0.044,0.607,0.956,0.724,0.125,0.742,0,0.226,en_riesgo
0.315,0.163,0.685,0.524,0.100,0.618,2,0.065,saludable
-0.281,0.424,1.281,0.865,0.262,0.311,0,0.275,en_riesgo
0.292,0.023,0.708,0.376,0.293,0.063,3,0.269,saludable
0.298,0.036,0.702,0.489,0.160,0.229,3,0.199,saludable
0.207,0.383,0.793,0.469,0.294,0.237,1,0.500,en_observacion
-0.251,0.760,1.251,0.906,0.286,0.555,0,0.237,en_riesgo
0.435,0.054,0.565,0.310,0.193,0.665,3,0.266,saludable
0.544,0.176,0.456,0.277,0.132,0.371,2,0.074,saludable
-0.062,0.444,1.062,0.698,0.210,0.690,1,0.082,en_riesgo
0.378,0.062,0.622,0.378,0.089,0.816,2,0.084,saludable
-0.210,0.479,1.210,0.815,0.250,0.669,1,0.168,en_riesgo
0.225,0.262,0.775,0.452,0.209,0.391,1,0.297,en_observacion
-0.236,0.536,1.236,0.688,0.520,0.655,1,0.280,en_riesgo
0.101,0.335,0.899,0.525,0.161,0.314,1,0.046,en_observacion
0.204,0.082,0.796,0.501,0.269,0.209,3,0.259,saludable
0.083,0.341,0.917,0.502,0.269,0.598,1,0.185,en_riesgo
0.136,0.409,0.864,0.509,0.190,0.619,2,0.189,en_riesgo
0.068,0.334,0.932,0.636,0.095,0.842,2,0.490,en_riesgo
-0.360,0.553,1.360,0.905,0.372,0.108,0,0.082,en_riesgo
0.060,0.222,0.940,0.658,0.261,0.418,1,0.113,en_observacion
-0.222,0.462,1.222,0.977,0.231,0.113,1,0.034,en_riesgo
-0.014,0.730,1.014,0.475,0.361,0.357,1,0.116,en_riesgo
0.040,0.335,0.960,0.627,0.170,0.655,1,0.155,en_riesgo
0.187,0.390,0.813,0.591,0.110,0.770,1,0.219,en_observacion
0.104,0.349,0.896,0.497,0.147,0.608,1,0.449,en_riesgo
-0.230,0.518,1.230,0.716,0.363,0.327,0,0.354,en_riesgo
0.240,0.201,0.760,0.446,0.106,0.410,3,0.224,saludable
0.211,0.288,0.789,0.569,0.131,0.669,1,0.056,en_observacion
0.497,0.183,0.503,0.235,0.117,0.634,2,0.103,saludable
0.203,0.103,0.797,0.421,0.263,0.149,3,0.353,saludable
0.041,0.423,0.959,0.481,0.354,0.076,2,0.112,en_riesgo
0.346,0.001,0.654,0.367,0.231,0.521,3,0.190,saludable
0.301,0.162,0.699,0.451,0.111,0.426,3,0.258,saludable
0.194,0.259,0.806,0.465,0.273,0.168,2,0.235,en_observacion
0.041,0.375,0.959,0.632,0.233,0.692,1,0.128,en_riesgo
0.139,0.289,0.861,0.430,0.148,0.342,2,0.145,en_observacion
0.060,0.164,0.940,0.587,0.095,0.403,1,0.363,en_observacion
0.069,0.349,0.931,0.730,0.114,0.301,2,0.274,en_riesgo
0.098,0.448,0.902,0.507,0.128,0.195,1,0.367,en_riesgo
-0.160,0.726,1.160,0.805,0.202,0.249,0,0.211,en_riesgo
0.350,0.016,0.650,0.408,0.174,0.150,2,0.182,saludable
0.524,0.019,0.476,0.286,0.127,0.680,3,0.271,saludable
0.090,0.292,0.910,0.667,0.223,0.351,1,0.082,en_riesgo
-0.181,0.481,1.181,0.654,0.342,0.187,0,0.118,en_riesgo
-0.105,0.785,1.105,0.559,0.128,0.490,0,0.244,en_riesgo
0.158,0.366,0.842,0.534,0.174,0.655,2,0.290,en_observacion
0.220,0.178,0.780,0.392,0.312,0.151,2,0.298,en_observacion
0.039,0.260,0.961,0.454,0.258,0.211,2,0.308,en_riesgo
0.156,0.168,0.844,0.545,0.214,0.407,1,0.108,en_observacion
-0.093,0.561,1.093,0.516,0.383,0.573,0,0.078,en_riesgo
-0.345,0.664,1.345,0.965,0.372,0.682,0,0.253,en_riesgo
-0.422,0.610,1.422,0.714,0.189,0.296,1,0.365,en_riesgo
-0.168,0.370,1.168,0.887,0.213,0.188,0,0.257,en_riesgo
0.545,0.215,0.455,0.341,0.088,0.493,3,0.097,saludable
0.085,0.215,0.915,0.647,0.153,0.329,1,0.191,en_observacion
0.446,0.239,0.554,0.434,0.080,0.216,3,0.407,saludable
0.405,0.062,0.595,0.461,0.131,0.440,2,0.028,saludable
0.337,0.242,0.663,0.505,0.148,0.197,3,0.132,saludable
0.220,0.218,0.780,0.621,0.134,0.444,2,0.143,saludable
0.119,0.332,0.881,0.557,0.125,0.288,2,0.344,en_observacion
0.218,0.394,0.782,0.520,0.164,0.779,1,0.072,en_observacion
0.455,0.210,0.545,0.407,0.121,0.112,2,0.404,saludable
0.343,0.126,0.657,0.325,0.187,0.238,3,0.176,saludable
-0.390,0.623,1.390,0.853,0.366,0.329,0,0.146,en_riesgo
0.010,0.780,0.990,0.524,0.162,0.167,1,0.089,en_riesgo
0.212,0.054,0.788,0.541,0.209,0.731,3,0.235,saludable
0.218,0.439,0.782,0.413,0.092,0.280,2,0.147,en_observacion
0.414,0.017,0.586,0.464,0.062,0.238,2,0.211,saludable
0.181,0.346,0.819,0.514,0.221,0.406,1,0.208,en_observacion
0.445,0.020,0.555,0.387,0.114,0.331,3,0.351,saludable
0.024,0.311,0.976,0.506,0.258,0.326,1,0.597,en_riesgo
-0.242,0.560,1.242,0.596,0.213,0.341,0,0.406,en_riesgo
0.162,0.313,0.838,0.401,0.301,0.342,2,0.431,en_observacion
0.103,0.283,0.897,0.624,0.186,0.389,1,0.299,en_riesgo
0.539,0.109,0.461,0.262,0.184,0.474,3,0.437,saludable
0.389,0.211,0.611,0.299,0.074,0.670,3,0.071,saludable
0.013,0.194,0.987,0.520,0.217,0.417,2,0.314,en_riesgo
0.041,0.795,0.959,0.592,0.253,0.207,0,0.335,en_riesgo
0.416,0.175,0.584,0.276,0.059,0.277,2,0.144,saludable
-0.379,0.798,1.379,0.763,0.408,0.535,1,0.274,en_riesgo
0.005,0.425,0.995,0.741,0.103,0.639,1,0.458,en_riesgo
0.020,0.649,0.980,0.456,0.153,0.522,0,0.147,en_riesgo
-0.063,0.467,1.063,0.754,0.194,0.571,0,0.076,en_riesgo
-0.361,0.623,1.361,0.957,0.324,0.437,0,0.389,en_riesgo
0.516,0.165,0.484,0.223,0.052,0.463,3,0.050,saludable
0.013,0.299,0.987,0.559,0.316,0.590,2,0.171,en_riesgo
0.434,0.146,0.566,0.317,0.115,0.431,3,0.280,saludable
0.410,0.116,0.590,0.324,0.110,0.778,3,0.475,saludable
-0.341,0.382,1.341,1.005,0.315,0.138,1,0.330,en_riesgo
0.223,0.234,0.777,0.437,0.139,0.513,3,0.340,saludable
0.410,0.135,0.590,0.435,0.141,0.203,3,0.178,saludable
0.480,0.166,0.520,0.276,0.162,0.324,3,0.083,saludable
0.320,0.058,0.680,0.370,0.099,0.180,3,0.170,saludable
0.363,0.008,0.637,0.336,0.093,0.474,3,0.156,saludable
-0.046,0.767,1.046,0.758,0.277,0.464,1,0.100,en_riesgo
-0.233,0.727,1.233,0.781,0.165,0.272,0,0.285,en_riesgo
0.066,0.301,0.934,0.718,0.200,0.822,2,0.181,en_riesgo
-0.109,0.375,1.109,0.577,0.156,0.572,0,0.567,en_riesgo
-0.134,0.700,1.134,0.589,0.278,0.379,0,0.039,en_riesgo
0.234,0.186,0.766,0.555,0.174,0.285,2,0.100,saludable
0.430,0.054,0.570,0.289,0.216,0.323,3,0.216,saludable
0.160,0.354,0.840,0.515,0.136,0.187,1,0.131,en_riesgo
0.284,0.044,0.716,0.514,0.093,0.600,3,0.235,saludable
-0.093,0.784,1.093,0.506,0.186,0.393,0,0.464,en_riesgo
0.510,0.098,0.490,0.319,0.113,0.317,2,0.596,saludable
-0.224,0.585,1.224,0.735,0.446,0.384,0,0.252,en_riesgo
0.141,0.166,0.859,0.459,0.164,0.353,1,0.387,en_observacion
0.109,0.255,0.891,0.624,0.249,0.340,1,0.051,en_observacion
0.454,0.203,0.546,0.362,0.099,0.292,2,0.154,saludable
0.043,0.712,0.957,0.734,0.162,0.473,0,0.395,en_riesgo
0.331,0.228,0.669,0.360,0.070,0.392,2,0.174,saludable
0.277,0.120,0.723,0.544,0.164,0.702,3,0.042,saludable
0.197,0.178,0.803,0.600,0.127,0.206,1,0.120,en_observacion
0.159,0.439,0.841,0.591,0.198,0.632,2,0.091,en_observacion
0.022,0.627,0.978,0.591,0.358,0.174,0,0.128,en_riesgo
0.318,0.005,0.682,0.469,0.094,0.611,3,0.223,saludable
0.154,0.429,0.846,0.560,0.172,0.227,2,0.304,en_observacion
-0.113,0.530,1.113,0.541,0.387,0.459,1,0.292,en_riesgo
0.123,0.289,0.877,0.615,0.228,0.233,2,0.227,en_observacion
-0.040,0.351,1.040,0.628,0.334,0.084,0,0.146,en_riesgo
0.247,0.206,0.753,0.502,0.177,0.302,2,0.270,en_observacion
-0.363,0.500,1.363,1.071,0.231,0.816,0,0.090,en_riesgo
-0.384,0.756,1.384,0.647,0.405,0.354,0,0.243,en_riesgo
0.336,0.200,0.664,0.486,0.130,0.272,2,0.134,saludable
-0.072,0.541,1.072,0.688,0.272,0.656,0,0.186,en_riesgo
-0.005,0.596,1.005,0.700,0.276,0.481,0,0.175,en_riesgo
-0.134,0.670,1.134,0.907,0.137,0.295,0,0.144,en_riesgo
-0.291,0.726,1.291,0.775,0.160,0.352,0,0.230,en_riesgo
0.334,0.102,0.666,0.444,0.110,0.463,3,0.453,saludable
0.502,0.128,0.498,0.383,0.083,0.161,3,0.363,saludable
-0.208,0.381,1.208,0.907,0.161,0.593,0,0.601,en_riesgo
0.039,0.325,0.961,0.618,0.207,0.264,2,0.256,en_riesgo
0.511,0.189,0.489,0.304,0.153,0.314,3,0.625,saludable
0.291,0.059,0.709,0.450,0.193,0.491,3,0.527,saludable
0.360,0.175,0.640,0.494,0.094,0.072,2,0.574,saludable
0.226,0.164,0.774,0.529,0.087,0.515,2,0.230,saludable
-0.035,0.412,1.035,0.584,0.214,0.249,0,0.033,en_riesgo
0.255,0.122,0.745,0.467,0.083,0.445,3,0.343,saludable
-0.184,0.732,1.184,0.725,0.179,0.358,1,0.248,en_riesgo
0.205,0.103,0.795,0.391,0.183,0.673,2,0.338,saludable
0.064,0.299,0.936,0.696,0.227,0.358,2,0.113,en_riesgo
0.002,0.201,0.998,0.655,0.261,0.728,2,0.347,en_riesgo
-0.079,0.662,1.079,0.736,0.155,0.369,0,0.120,en_riesgo
-0.337,0.632,1.337,0.983,0.289,0.314,0,0.190,en_riesgo
0.223,0.191,0.777,0.452,0.275,0.161,2,0.141,saludable
0.406,0.169,0.594,0.340,0.189,0.369,3,0.219,saludable
0.258,0.196,0.742,0.412,0.292,0.725,3,0.047,en_observacion
0.192,0.448,0.808,0.452,0.314,0.439,1,0.166,en_observacion
0.087,0.248,0.913,0.602,0.183,0.429,1,0.173,en_observacion
0.066,0.257,0.934,0.737,0.144,0.697,2,0.325,en_observacion
-0.153,0.411,1.153,0.723,0.210,0.467,0,0.284,en_riesgo
-0.372,0.724,1.372,0.933,0.218,0.373,0,0.341,en_riesgo
0.479,0.021,0.521,0.275,0.142,0.420,3,0.094,saludable
0.497,0.054,0.503,0.374,0.062,0.298,3,0.137,saludable
0.058,0.422,0.942,0.702,0.096,0.153,2,0.149,en_riesgo
0.342,0.063,0.658,0.403,0.109,0.617,2,0.151,saludable
0.053,0.267,0.947,0.639,0.264,0.347,1,0.643,en_riesgo
-0.030,0.380,1.030,0.557,0.409,0.312,0,0.078,en_riesgo
0.159,0.256,0.841,0.528,0.226,0.453,1,0.364,en_observacion
0.030,0.437,0.970,0.545,0.108,0.254,2,0.173,en_riesgo
0.124,0.414,0.876,0.563,0.160,0.302,2,0.031,en_riesgo
0.544,0.207,0.456,0.299,0.100,0.689,3,0.217,saludable
0.498,0.203,0.502,0.332,0.052,0.290,3,0.391,saludable
-0.256,0.795,1.256,0.905,0.270,0.227,0,0.226,en_riesgo
0.055,0.392,0.945,0.426,0.382,0.347,2,0.133,en_riesgo
-0.267,0.352,1.267,0.950,0.288,0.128,0,0.176,en_riesgo
0.219,0.290,0.781,0.511,0.223,0.887,2,0.108,en_observacion
0.521,0.063,0.479,0.321,0.117,0.428,3,0.265,saludable
0.028,0.384,0.972,0.576,0.199,0.775,2,0.292,en_riesgo
-0.407,0.492,1.407,1.075,0.302,0.410,0,0.080,en_riesgo
-0.228,0.435,1.228,0.790,0.310,0.278,0,0.532,en_riesgo
0.221,0.006,0.779,0.444,0.247,0.370,2,0.152,saludable
-0.324,0.632,1.324,0.808,0.322,0.309,0,0.574,en_riesgo
0.507,0.023,0.493,0.351,0.055,0.456,2,0.152,saludable
-0.099,0.743,1.099,0.879,0.123,0.557,0,0.154,en_riesgo
0.070,0.196,0.930,0.713,0.180,0.309,1,0.188,en_observacion
0.472,0.006,0.528,0.257,0.217,0.239,3,0.194,saludable
0.087,0.320,0.913,0.571,0.147,0.269,2,0.179,en_observacion
0.232,0.200,0.768,0.503,0.129,0.746,2,0.190,en_observacion
-0.345,0.370,1.345,0.916,0.347,0.364,0,0.081,en_riesgo
0.454,0.235,0.546,0.249,0.151,0.361,3,0.441,saludable
0.018,0.518,0.982,0.718,0.200,0.647,0,0.310,en_riesgo
0.001,0.618,0.999,0.629,0.143,0.472,0,0.217,en_riesgo
-0.384,0.691,1.384,0.863,0.181,0.350,0,0.057,en_riesgo
-0.039,0.783,1.039,0.568,0.462,0.631,1,0.464,en_riesgo
-0.415,0.590,1.415,0.709,0.636,0.497,0,0.082,en_riesgo
-0.263,0.461,1.263,0.706,0.233,0.338,1,0.185,en_riesgo
0.540,0.019,0.460,0.288,0.141,0.390,3,0.083,saludable
-0.204,0.771,1.204,0.729,0.168,0.109,1,0.287,en_riesgo
0.495,0.066,0.505,0.296,0.066,0.281,2,0.743,saludable
0.010,0.184,0.990,0.698,0.161,0.204,2,0.121,en_riesgo
0.008,0.383,0.992,0.663,0.148,0.639,1,0.164,en_riesgo
0.026,0.597,0.974,0.758,0.136,0.606,0,0.177,en_riesgo
-0.110,0.600,1.110,0.763,0.139,0.491,0,0.215,en_riesgo
0.045,0.745,0.955,0.754,0.141,0.632,0,0.030,en_riesgo
0.182,0.398,0.818,0.480,0.083,0.341,1,0.029,en_observacion
0.435,0.091,0.565,0.430,0.073,0.177,3,0.275,saludable
0.240,0.172,0.760,0.541,0.190,0.358,1,0.297,en_observacion
0.126,0.179,0.874,0.416,0.370,0.300,2,0.132,en_observacion
0.221,0.030,0.779,0.606,0.160,0.146,2,0.377,saludable
-0.254,0.775,1.254,0.756,0.379,0.257,0,0.252,en_riesgo
0.510,0.210,0.490,0.326,0.115,0.587,3,0.174,saludable
-0.360,0.447,1.360,0.904,0.312,0.165,0,0.175,en_riesgo
-0.078,0.546,1.078,0.527,0.311,0.297,0,0.368,en_riesgo
0.127,0.407,0.873,0.402,0.123,0.506,2,0.336,en_observacion
-0.428,0.638,1.428,1.003,0.370,0.267,0,0.237,en_riesgo
0.016,0.438,0.984,0.502,0.243,0.273,1,0.183,en_riesgo
-0.307,0.501,1.307,0.889,0.155,0.475,0,0.374,en_riesgo
0.389,0.021,0.611,0.424,0.172,0.129,3,0.010,saludable
0.481,0.016,0.519,0.401,0.055,0.634,3,0.125,saludable
0.269,0.147,0.731,0.518,0.175,0.348,3,0.316,saludable
-0.223,0.577,1.223,0.882,0.143,0.438,0,0.100,en_riesgo
0.103,0.368,0.897,0.465,0.116,0.845,2,0.247,en_observacion
0.084,0.176,0.916,0.524,0.172,0.695,2,0.225,en_observacion
0.456,0.100,0.544,0.391,0.088,0.954,3,0.091,saludable
0.251,0.050,0.749,0.565,0.145,0.293,2,0.226,saludable
-0.071,0.472,1.071,0.744,0.289,0.305,1,0.804,en_riesgo
0.065,0.272,0.935,0.474,0.266,0.497,2,0.241,en_observacion
-0.151,0.643,1.151,0.666,0.453,0.346,0,0.252,en_riesgo
0.272,0.198,0.728,0.395,0.242,0.238,3,0.151,saludable
0.318,0.150,0.682,0.414,0.089,0.134,3,0.626,saludable
0.393,0.211,0.607,0.454,0.106,0.368,3,0.359,saludable
-0.173,0.507,1.173,0.715,0.439,0.329,0,0.266,en_riesgo
-0.042,0.667,1.042,0.699,0.216,0.218,0,0.140,en_riesgo
0.270,0.249,0.730,0.575,0.127,0.696,3,0.034,en_observacion
0.237,0.179,0.763,0.503,0.153,0.495,1,0.074,en_observacion
0.002,0.686,0.998,0.747,0.236,0.237,1,0.526,en_riesgo
0.484,0.109,0.516,0.283,0.065,0.749,2,0.180,saludable
-0.121,0.464,1.121,0.549,0.491,0.470,0,0.150,en_riesgo
-0.081,0.353,1.081,0.764,0.163,0.263,0,0.123,en_riesgo
-0.201,0.509,1.201,0.562,0.342,0.430,0,0.531,en_riesgo
0.027,0.374,0.973,0.479,0.249,0.509,1,0.253,en_riesgo
0.210,0.381,0.790,0.497,0.134,0.363,1,0.506,en_observacion
0.148,0.426,0.852,0.651,0.193,0.608,2,0.285,en_riesgo
0.087,0.152,0.913,0.435,0.400,0.291,1,0.241,en_observacion
-0.087,0.611,1.087,0.675,0.294,0.419,0,0.282,en_riesgo
0.550,0.195,0.450,0.286,0.119,0.728,3,0.401,saludable
0.110,0.301,0.890,0.424,0.106,0.081,1,0.384,en_observacion
0.480,0.091,0.520,0.385,0.083,0.410,2,0.370,saludable
0.162,0.336,0.838,0.487,0.227,0.484,2,0.297,en_observacion
-0.142,0.629,1.142,0.848,0.179,0.883,0,0.230,en_riesgo
-0.041,0.710,1.041,0.744,0.197,0.554,0,0.347,en_riesgo
-0.220,0.755,1.220,0.919,0.220,0.383,1,0.196,en_riesgo
0.243,0.018,0.757,0.484,0.236,0.317,2,0.288,saludable
0.193,0.177,0.807,0.430,0.134,0.425,2,0.346,saludable
0.212,0.208,0.788,0.500,0.191,0.142,1,0.400,en_observacion
-0.016,0.512,1.016,0.652,0.138,0.270,1,0.129,en_riesgo
-0.142,0.788,1.142,0.516,0.495,0.261,0,0.768,en_riesgo
-0.448,0.513,1.448,1.107,0.286,0.266,1,0.103,en_riesgo
0.494,0.016,0.506,0.340,0.139,0.445,3,0.470,saludable
0.183,0.390,0.817,0.529,0.159,0.441,1,0.237,en_riesgo
0.399,0.167,0.601,0.456,0.081,0.229,3,0.608,saludable
-0.277,0.794,1.277,0.929,0.204,0.034,0,0.276,en_riesgo
-0.442,0.497,1.442,0.881,0.310,0.329,1,0.282,en_riesgo
0.247,0.156,0.753,0.425,0.211,0.343,3,0.107,saludable
0.013,0.379,0.987,0.569,0.358,0.254,2,0.553,en_riesgo
0.151,0.196,0.849,0.603,0.222,0.412,1,0.241,en_observacion
0.117,0.199,0.883,0.520,0.204,0.550,2,0.040,en_observacion
-0.088,0.799,1.088,0.825,0.254,0.193,0,0.178,en_riesgo
0.165,0.287,0.835,0.622,0.134,0.244,1,0.136,en_observacion
0.503,0.144,0.497,0.291,0.176,0.189,3,0.354,saludable
0.302,0.156,0.698,0.459,0.081,0.393,2,0.102,saludable
-0.246,0.768,1.246,0.625,0.223,0.406,1,0.251,en_riesgo
0.489,0.063,0.511,0.256,0.109,0.469,3,0.510,saludable
0.215,0.233,0.785,0.598,0.129,0.702,2,0.284,en_observacion
0.222,0.194,0.778,0.407,0.254,0.499,3,0.140,saludable
0.212,0.221,0.788,0.551,0.217,0.470,3,0.192,en_observacion
0.118,0.368,0.882,0.490,0.187,0.565,1,0.324,en_riesgo
-0.338,0.714,1.338,0.686,0.489,0.766,1,0.234,en_riesgo
0.463,0.201,0.537,0.277,0.082,0.273,2,0.428,saludable
-0.141,0.381,1.141,0.562,0.289,0.359,1,0.111,en_riesgo
0.029,0.436,0.971,0.580,0.360,0.317,1,0.090,en_riesgo
0.019,0.225,0.981,0.507,0.337,0.406,1,0.162,en_observacion
0.177,0.186,0.823,0.373,0.364,0.556,1,0.369,en_observacion
-0.254,0.570,1.254,0.806,0.240,0.134,0,0.170,en_riesgo
-0.029,0.547,1.029,0.781,0.198,0.820,0,0.123,en_riesgo
0.223,0.401,0.777,0.492,0.206,0.325,1,0.051,en_observacion
0.381,0.231,0.619,0.384,0.196,0.573,3,0.130,saludable
0.326,0.014,0.674,0.332,0.105,0.256,3,0.269,saludable
0.207,0.220,0.793,0.395,0.324,0.437,2,0.234,en_observacion
0.487,0.127,0.513,0.348,0.120,0.110,3,0.266,saludable
0.143,0.163,0.857,0.492,0.219,0.541,2,0.146,en_observacion
0.195,0.263,0.805,0.368,0.261,0.119,2,0.210,en_observacion
0.529,0.179,0.471,0.319,0.070,0.529,3,0.513,saludable
0.315,0.241,0.685,0.383,0.086,0.642,2,0.096,saludable
0.222,0.091,0.778,0.387,0.320,0.399,2,0.167,saludable
0.391,0.036,0.609,0.313,0.149,0.495,3,0.059,saludable
-0.050,0.790,1.050,0.620,0.430,0.242,0,0.574,en_riesgo
0.055,0.292,0.945,0.717,0.146,0.535,2,0.444,en_riesgo
-0.349,0.722,1.349,0.641,0.276,0.283,0,0.296,en_riesgo
-0.104,0.704,1.104,0.827,0.151,0.075,1,0.184,en_riesgo
-0.286,0.543,1.286,0.603,0.468,0.519,0,0.405,en_riesgo
0.224,0.344,0.776,0.595,0.124,0.757,1,0.208,en_riesgo
-0.006,0.519,1.006,0.542,0.140,0.517,1,0.107,en_riesgo
-0.346,0.509,1.346,0.684,0.344,0.044,1,0.190,en_riesgo
-0.337,0.386,1.337,0.730,0.167,0.165,1,0.473,en_riesgo
0.333,0.066,0.667,0.342,0.297,0.550,3,0.147,saludable
0.045,0.401,0.955,0.734,0.200,0.227,1,0.477,en_riesgo
-0.030,0.479,1.030,0.709,0.121,0.672,0,0.369,en_riesgo
-0.307,0.355,1.307,0.598,0.364,0.257,0,0.211,en_riesgo
-0.112,0.573,1.112,0.678,0.392,0.375,0,0.070,en_riesgo
-0.236,0.572,1.236,0.682,0.318,0.428,0,0.509,en_riesgo
0.050,0.758,0.950,0.489,0.370,0.597,0,0.212,en_riesgo
-0.093,0.590,1.093,0.747,0.208,0.423,0,0.127,en_riesgo
0.457,0.169,0.543,0.280,0.147,0.111,3,0.028,saludable
0.520,0.082,0.480,0.326,0.079,0.514,3,0.282,saludable
0.052,0.209,0.948,0.505,0.357,0.303,1,0.236,en_riesgo
0.043,0.281,0.957,0.615,0.322,0.293,2,0.403,en_observacion
-0.227,0.479,1.227,0.772,0.208,0.760,1,0.316,en_riesgo
0.090,0.315,0.910,0.417,0.223,0.276,1,0.503,en_riesgo
-0.428,0.405,1.428,0.959,0.453,0.592,0,0.096,en_riesgo
0.285,0.124,0.715,0.416,0.254,0.702,2,0.051,saludable
-0.313,0.360,1.313,0.623,0.409,0.354,0,0.018,en_riesgo
0.044,0.722,0.956,0.600,0.279,0.329,0,0.615,en_riesgo
0.144,0.447,0.856,0.587,0.186,0.285,2,0.308,en_riesgo
0.303,0.117,0.697,0.375,0.147,0.402,3,0.306,saludable
0.384,0.074,0.616,0.289,0.252,0.572,3,0.168,saludable
0.224,0.079,0.776,0.466,0.186,0.508,3,0.281,saludable
-0.131,0.724,1.131,0.784,0.184,0.261,0,0.341,en_riesgo
0.309,0.210,0.691,0.428,0.115,0.298,3,0.128,saludable
0.130,0.259,0.870,0.624,0.199,0.275,2,0.142,en_observacion
0.035,0.317,0.965,0.453,0.323,0.075,2,0.382,en_riesgo
-0.282,0.665,1.282,0.763,0.175,0.522,0,0.267,en_riesgo
-0.108,0.764,1.108,0.605,0.124,0.261,0,0.137,en_riesgo
0.019,0.767,0.981,0.597,0.351,0.510,0,0.284,en_riesgo
-0.278,0.661,1.278,0.824,0.199,0.371,0,0.185,en_riesgo
0.176,0.312,0.824,0.377,0.142,0.416,1,0.215,en_observacion
0.219,0.136,0.781,0.618,0.100,0.739,3,0.167,saludable
0.022,0.681,0.978,0.447,0.205,0.312,0,0.217,en_riesgo
0.485,0.100,0.515,0.391,0.089,0.461,3,0.071,saludable
-0.266,0.715,1.266,0.852,0.278,0.797,0,0.005,en_riesgo
-0.181,0.788,1.181,0.679,0.378,0.559,0,0.377,en_riesgo
0.362,0.122,0.638,0.491,0.141,0.603,3,0.207,saludable
0.399,0.064,0.601,0.432,0.132,0.518,3,0.244,saludable
-0.357,0.792,1.357,0.793,0.551,0.804,0,0.143,en_riesgo
0.230,0.073,0.770,0.445,0.293,0.105,3,0.210,saludable
0.162,0.265,0.838,0.654,0.121,0.192,1,0.230,en_observacion
-0.014,0.569,1.014,0.726,0.113,0.153,1,0.231,en_riesgo
0.249,0.085,0.751,0.557,0.170,0.162,2,0.258,saludable
-0.430,0.404,1.430,0.951,0.312,0.208,1,0.223,en_riesgo
0.194,0.408,0.806,0.563,0.124,0.442,1,0.598,en_riesgo
0.508,0.079,0.492,0.332,0.061,0.895,3,0.456,saludable
0.508,0.230,0.492,0.281,0.135,0.108,2,0.272,saludable
0.391,0.078,0.609,0.426,0.154,0.214,3,0.526,saludable
-0.242,0.378,1.242,0.841,0.258,0.771,1,0.010,en_riesgo
0.015,0.731,0.985,0.649,0.206,0.189,1,0.336,en_riesgo
-0.069,0.574,1.069,0.687,0.271,0.687,1,0.440,en_riesgo
-0.159,0.708,1.159,0.703,0.452,0.173,1,0.096,en_riesgo
0.320,0.051,0.680,0.494,0.089,0.201,3,0.125,saludable
0.522,0.153,0.478,0.362,0.053,0.502,3,0.428,saludable
0.412,0.097,0.588,0.282,0.075,0.131,2,0.290,saludable
0.539,0.077,0.461,0.208,0.156,0.738,3,0.180,saludable
0.315,0.213,0.685,0.370,0.152,0.397,2,0.196,saludable
0.114,0.328,0.886,0.412,0.264,0.238,1,0.074,en_observacion
0.049,0.480,0.951,0.543,0.122,0.405,0,0.502,en_riesgo
0.025,0.188,0.975,0.774,0.189,0.398,1,0.208,en_riesgo
-0.343,0.619,1.343,0.879,0.358,0.591,0,0.482,en_riesgo
-0.429,0.439,1.429,1.103,0.145,0.483,1,0.471,en_riesgo
0.228,0.231,0.772,0.588,0.079,0.420,3,0.091,en_observacion
0.293,0.239,0.707,0.553,0.104,0.424,3,0.180,saludable
0.305,0.027,0.695,0.349,0.138,0.430,3,0.294,saludable
0.248,0.024,0.752,0.445,0.231,0.700,2,0.081,saludable
0.264,0.141,0.736,0.458,0.202,0.429,3,0.344,saludable
0.027,0.283,0.973,0.455,0.119,0.346,1,0.448,en_riesgo
0.382,0.086,0.618,0.375,0.149,0.113,2,0.399,saludable
-0.097,0.767,1.097,0.578,0.217,0.569,0,0.080,en_riesgo
0.092,0.213,0.908,0.672,0.205,0.331,2,0.441,en_observacion
0.153,0.422,0.847,0.633,0.190,0.584,2,0.277,en_observacion
0.076,0.259,0.924,0.574,0.324,0.192,1,0.133,en_riesgo
0.042,0.423,0.958,0.605,0.291,0.664,1,0.265,en_riesgo
0.255,0.056,0.745,0.348,0.206,0.190,2,0.144,saludable
0.011,0.500,0.989,0.769,0.129,0.381,1,0.305,en_riesgo
0.364,0.013,0.636,0.405,0.204,0.504,3,0.487,saludable
0.218,0.177,0.782,0.592,0.127,0.297,1,0.170,en_observacion
0.007,0.442,0.993,0.711,0.244,0.706,1,0.078,en_riesgo
-0.420,0.540,1.420,1.084,0.146,0.624,1,0.230,en_riesgo
0.319,0.182,0.681,0.418,0.166,0.520,3,0.067,saludable
0.252,0.143,0.748,0.567,0.107,0.373,3,0.156,saludable
0.435,0.002,0.565,0.308,0.164,0.549,3,0.399,saludable
-0.198,0.735,1.198,0.732,0.245,0.134,0,0.115,en_riesgo
-0.423,0.459,1.423,0.814,0.425,0.029,0,0.127,en_riesgo
0.163,0.366,0.837,0.480,0.199,0.212,2,0.136,en_observacion
0.491,0.023,0.509,0.276,0.199,0.524,3,0.434,saludable
0.056,0.339,0.944,0.736,0.152,0.500,1,0.107,en_riesgo
0.462,0.010,0.538,0.382,0.084,0.319,3,0.380,saludable
-0.091,0.471,1.091,0.599,0.480,0.598,0,0.039,en_riesgo
0.483,0.110,0.517,0.341,0.061,0.710,3,0.316,saludable
0.432,0.247,0.568,0.451,0.106,0.441,3,0.428,saludable
-0.162,0.375,1.162,0.803,0.279,0.396,1,0.046,en_riesgo
-0.151,0.635,1.151,0.699,0.250,0.403,0,0.316,en_riesgo
0.237,0.208,0.763,0.582,0.140,0.251,2,0.092,saludable
0.162,0.335,0.838,0.464,0.240,0.230,1,0.065,en_observacion
0.516,0.231,0.484,0.283,0.076,0.441,3,0.207,saludable
0.209,0.340,0.791,0.361,0.348,0.781,1,0.170,en_observacion
0.219,0.170,0.781,0.549,0.102,0.716,3,0.193,saludable
-0.178,0.456,1.178,0.775,0.269,0.059,0,0.282,en_riesgo
0.150,0.398,0.850,0.584,0.136,0.620,2,0.232,en_riesgo
0.216,0.092,0.784,0.358,0.251,0.601,3,0.421,saludable
-0.439,0.543,1.439,0.971,0.337,0.655,1,0.395,en_riesgo
-0.170,0.474,1.170,0.910,0.230,0.095,0,0.122,en_riesgo
-0.154,0.430,1.154,0.640,0.372,0.614,0,0.016,en_riesgo
0.224,0.352,0.776,0.358,0.324,0.298,1,0.042,en_observacion
-0.227,0.585,1.227,0.865,0.267,0.496,0,0.184,en_riesgo
-0.340,0.756,1.340,0.754,0.277,0.772,0,0.085,en_riesgo
0.310,0.181,0.690,0.468,0.204,0.044,2,0.254,en_observacion
0.216,0.231,0.784,0.484,0.125,0.363,2,0.417,saludable
0.030,0.549,0.970,0.497,0.306,0.621,1,0.320,en_riesgo
0.023,0.413,0.977,0.676,0.208,0.143,1,0.181,en_riesgo
-0.446,0.778,1.446,0.954,0.256,0.498,1,0.277,en_riesgo
-0.372,0.427,1.372,0.906,0.214,0.312,0,0.181,en_riesgo
-0.220,0.755,1.220,0.765,0.398,0.507,0,0.195,en_riesgo
0.152,0.173,0.848,0.656,0.164,0.060,2,0.226,en_observacion
0.215,0.377,0.785,0.557,0.186,0.341,1,0.395,en_observacion
-0.110,0.562,1.110,0.859,0.237,0.481,0,0.363,en_riesgo
0.358,0.239,0.642,0.338,0.109,0.185,3,0.129,saludable
0.009,0.345,0.991,0.761,0.116,0.120,1,0.257,en_riesgo
0.210,0.424,0.790,0.460,0.140,0.713,1,0.469,en_riesgo
-0.212,0.401,1.212,0.926,0.261,0.279,0,0.156,en_riesgo
0.259,0.201,0.741,0.432,0.292,0.170,3,0.488,saludable
-0.220,0.785,1.220,0.674,0.370,0.374,0,0.195,en_riesgo
0.093,0.181,0.907,0.641,0.249,0.529,1,0.318,en_observacion
0.304,0.136,0.696,0.463,0.222,0.624,2,0.148,saludable
-0.329,0.470,1.329,0.954,0.327,0.405,1,0.468,en_riesgo
0.309,0.022,0.691,0.466,0.130,0.303,3,0.186,saludable
-0.213,0.412,1.213,0.602,0.498,0.681,0,0.451,en_riesgo
0.475,0.100,0.525,0.389,0.130,0.774,3,0.249,saludable
0.189,0.184,0.811,0.556,0.206,0.707,1,0.119,en_observacion
-0.133,0.443,1.133,0.565,0.145,0.263,0,0.212,en_riesgo
0.526,0.120,0.474,0.294,0.058,0.600,3,0.190,saludable
0.046,0.335,0.954,0.550,0.315,0.537,2,0.062,en_riesgo
0.502,0.116,0.498,0.309,0.157,0.426,3,0.171,saludable
0.165,0.434,0.835,0.461,0.328,0.603,1,0.300,en_riesgo
-0.165,0.790,1.165,0.847,0.184,0.357,1,0.090,en_riesgo
0.240,0.319,0.760,0.501,0.172,0.086,2,0.298,en_observacion
-0.448,0.464,1.448,0.678,0.152,0.462,1,0.023,en_riesgo
0.249,0.404,0.751,0.567,0.181,0.464,1,0.153,en_observacion
-0.115,0.424,1.115,0.883,0.123,0.215,1,0.154,en_riesgo
0.304,0.029,0.696,0.437,0.180,0.169,3,0.133,saludable
0.058,0.382,0.942,0.434,0.271,0.322,2,0.114,en_observacion
0.225,0.113,0.775,0.583,0.163,0.532,3,0.314,saludable
0.455,0.203,0.545,0.372,0.102,0.343,2,0.059,saludable
-0.171,0.633,1.171,0.829,0.321,0.650,1,0.229,en_riesgo
0.103,0.446,0.897,0.465,0.248,0.396,2,0.387,en_riesgo
0.227,0.361,0.773,0.403,0.200,0.302,1,0.090,en_observacion
0.234,0.235,0.766,0.578,0.121,0.142,1,0.130,en_observacion
0.189,0.439,0.811,0.419,0.089,0.173,1,0.030,en_riesgo
0.128,0.382,0.872,0.596,0.191,0.674,1,0.263,en_observacion
0.500,0.021,0.500,0.322,0.170,0.586,3,0.208,saludable
0.233,0.306,0.767,0.467,0.182,0.275,2,0.260,en_observacion
0.513,0.104,0.487,0.228,0.102,0.262,3,0.115,saludable
0.101,0.351,0.899,0.612,0.230,0.519,1,0.295,en_riesgo
0.208,0.095,0.792,0.586,0.174,0.433,3,0.467,saludable
0.377,0.067,0.623,0.417,0.124,0.683,3,0.294,saludable
0.450,0.139,0.550,0.341,0.058,0.621,2,0.163,saludable
0.145,0.405,0.855,0.605,0.234,0.635,1,0.213,en_riesgo
-0.437,0.601,1.437,0.665,0.210,0.580,1,0.134,en_riesgo
-0.261,0.528,1.261,0.783,0.193,0.174,1,0.154,en_riesgo
0.518,0.178,0.482,0.238,0.129,0.359,3,0.200,saludable
0.084,0.424,0.916,0.618,0.255,0.065,2,0.308,en_riesgo
0.306,0.045,0.694,0.536,0.137,0.328,3,0.253,saludable
-0.315,0.555,1.315,0.876,0.359,0.177,1,0.474,en_riesgo
0.190,0.158,0.810,0.462,0.117,0.900,1,0.044,en_observacion
-0.193,0.794,1.193,0.558,0.271,0.658,1,0.142,en_riesgo
-0.074,0.578,1.074,0.588,0.427,0.340,1,0.127,en_riesgo
0.337,0.030,0.663,0.530,0.074,0.656,3,0.489,saludable
0.402,0.099,0.598,0.383,0.168,0.282,3,0.227,saludable
0.500,0.026,0.500,0.245,0.054,0.380,3,0.315,saludable
0.114,0.389,0.886,0.688,0.101,0.686,1,0.558,en_riesgo
0.365,0.185,0.635,0.297,0.190,0.597,2,0.234,saludable
-0.224,0.453,1.224,0.721,0.377,0.446,0,0.160,en_riesgo
0.035,0.371,0.965,0.444,0.427,0.431,2,0.302,en_riesgo
0.060,0.418,0.940,0.522,0.119,0.065,1,0.038,en_riesgo
0.098,0.164,0.902,0.446,0.214,0.663,1,0.183,en_observacion
-0.207,0.393,1.207,0.898,0.178,0.180,0,0.205,en_riesgo
-0.208,0.546,1.208,0.705,0.329,0.593,1,0.272,en_riesgo
0.453,0.228,0.547,0.334,0.097,0.670,2,0.266,saludable
0.005,0.218,0.995,0.742,0.179,0.510,2,0.207,en_riesgo
0.009,0.208,0.991,0.464,0.280,0.806,1,0.226,en_riesgo
0.541,0.147,0.459,0.260,0.083,0.398,3,0.276,saludable
0.100,0.414,0.900,0.545,0.291,0.426,2,0.134,en_riesgo
0.045,0.392,0.955,0.657,0.256,0.681,1,0.050,en_riesgo
0.228,0.279,0.772,0.410,0.173,0.415,1,0.250,en_observacion
-0.047,0.679,1.047,0.594,0.245,0.171,0,0.127,en_riesgo
0.092,0.274,0.908,0.613,0.152,0.322,2,0.082,en_observacion
0.364,0.124,0.636,0.444,0.179,0.359,3,0.380,saludable
0.197,0.233,0.803,0.404,0.081,0.586,2,0.241,en_observacion
-0.213,0.720,1.213,0.702,0.202,0.195,0,0.184,en_riesgo
0.078,0.391,0.922,0.560,0.158,0.536,1,0.225,en_riesgo
0.220,0.176,0.780,0.505,0.258,0.391,1,0.214,en_observacion
0.012,0.353,0.988,0.558,0.124,0.247,1,0.074,en_riesgo
0.118,0.151,0.882,0.528,0.234,0.249,2,0.123,en_observacion
0.018,0.287,0.982,0.549,0.126,0.575,1,0.170,en_riesgo
0.467,0.248,0.533,0.412,0.054,0.644,3,0.495,saludable
0.276,0.140,0.724,0.373,0.314,0.095,2,0.098,saludable
-0.049,0.536,1.049,0.562,0.252,0.577,0,0.102,en_riesgo
0.357,0.225,0.643,0.317,0.142,0.529,2,0.202,en_observacion
0.249,0.304,0.751,0.443,0.298,0.167,2,0.388,en_observacion
0.029,0.258,0.971,0.672,0.285,0.619,2,0.207,en_riesgo
0.238,0.025,0.762,0.553,0.191,0.289,3,0.141,saludable
0.425,0.008,0.575,0.281,0.165,0.365,3,0.252,saludable
0.226,0.353,0.774,0.549,0.087,0.421,1,0.149,en_observacion
0.065,0.340,0.935,0.484,0.272,0.332,1,0.345,en_riesgo
0.225,0.437,0.775,0.542,0.098,0.523,1,0.213,en_observacion
-0.303,0.513,1.303,0.973,0.225,0.543,0,0.258,en_riesgo
0.521,0.049,0.479,0.375,0.057,0.439,2,0.335,saludable
-0.183,0.714,1.183,0.822,0.358,0.548,0,0.459,en_riesgo
0.086,0.330,0.914,0.631,0.153,0.144,1,0.190,en_riesgo
-0.100,0.675,1.100,0.654,0.400,0.217,0,0.111,en_riesgo
0.414,0.065,0.586,0.352,0.157,0.745,2,0.202,saludable
0.162,0.369,0.838,0.586,0.099,0.103,2,0.213,en_observacion
0.002,0.407,0.998,0.710,0.276,0.660,2,0.445,en_riesgo
-0.011,0.634,1.011,0.802,0.129,0.132,0,0.351,en_riesgo
0.338,0.063,0.662,0.352,0.263,0.643,2,0.056,saludable
0.246,0.422,0.754,0.342,0.131,0.469,2,0.271,en_observacion
0.049,0.797,0.951,0.515,0.195,0.252,0,0.550,en_riesgo
0.002,0.203,0.998,0.578,0.415,0.473,1,0.045,en_riesgo
0.459,0.199,0.541,0.275,0.126,0.455,3,0.561,saludable
0.124,0.412,0.876,0.510,0.301,0.453,2,0.360,en_riesgo
0.505,0.208,0.495,0.275,0.143,0.727,3,0.099,saludable
-0.208,0.497,1.208,0.656,0.385,0.277,0,0.292,en_riesgo
-0.362,0.787,1.362,1.049,0.199,0.357,1,0.337,en_riesgo
0.154,0.216,0.846,0.598,0.185,0.271,2,0.306,en_observacion
0.123,0.446,0.877,0.662,0.112,0.210,1,0.480,en_riesgo
0.210,0.302,0.790,0.395,0.217,0.584,1,0.123,en_observacion
0.518,0.199,0.482,0.260,0.087,0.339,3,0.268,saludable
-0.053,0.408,1.053,0.736,0.186,0.620,0,0.248,en_riesgo
0.381,0.026,0.619,0.424,0.100,0.392,3,0.242,saludable
-0.393,0.473,1.393,0.929,0.243,0.348,0,0.270,en_riesgo
0.006,0.425,0.994,0.725,0.142,0.730,1,0.145,en_riesgo
0.073,0.349,0.927,0.583,0.226,0.817,1,0.321,en_riesgo
0.140,0.150,0.860,0.439,0.120,0.461,2,0.270,en_observacion
0.085,0.446,0.915,0.627,0.280,0.674,2,0.141,en_riesgo
0.533,0.028,0.467,0.258,0.070,0.417,3,0.308,saludable
0.213,0.185,0.787,0.612,0.082,0.118,2,0.240,saludable
-0.432,0.460,1.432,0.719,0.570,0.378,0,0.466,en_riesgo
0.471,0.219,0.529,0.240,0.216,0.570,2,0.149,saludable
0.188,0.334,0.812,0.596,0.110,0.048,1,0.157,en_observacion
0.246,0.120,0.754,0.381,0.303,0.203,3,0.122,saludable
0.209,0.070,0.791,0.514,0.093,0.402,3,0.053,saludable
0.208,0.195,0.792,0.475,0.198,0.288,2,0.354,en_observacion
0.378,0.005,0.622,0.455,0.116,0.606,3,0.352,saludable
0.525,0.136,0.475,0.286,0.088,0.598,3,0.173,saludable
0.008,0.683,0.992,0.507,0.147,0.706,1,0.204,en_riesgo
-0.123,0.589,1.123,0.652,0.146,0.326,0,0.112,en_riesgo
-0.430,0.511,1.430,0.796,0.582,0.391,0,0.629,en_riesgo
0.137,0.433,0.863,0.569,0.130,0.251,2,0.086,en_riesgo
0.111,0.357,0.889,0.504,0.269,0.219,1,0.155,en_riesgo
0.302,0.021,0.698,0.437,0.093,0.510,2,0.103,saludable
0.283,0.024,0.717,0.466,0.217,0.282,3,0.552,saludable
0.272,0.186,0.728,0.510,0.132,0.263,3,0.346,saludable
0.185,0.342,0.815,0.428,0.126,0.236,2,0.178,en_observacion
0.264,0.071,0.736,0.557,0.132,0.431,3,0.111,saludable
0.147,0.293,0.853,0.407,0.243,0.724,2,0.573,en_observacion
0.088,0.279,0.912,0.558,0.298,0.680,2,0.230,en_observacion
0.035,0.449,0.965,0.455,0.115,0.136,1,0.106,en_riesgo
0.426,0.232,0.574,0.364,0.204,0.558,3,0.307,saludable
-0.446,0.486,1.446,0.780,0.577,0.192,0,0.095,en_riesgo
0.415,0.233,0.585,0.277,0.239,0.229,3,0.107,saludable
0.314,0.223,0.686,0.501,0.092,0.258,3,0.212,saludable
0.037,0.236,0.963,0.745,0.210,0.493,2,0.104,en_riesgo
0.270,0.061,0.730,0.440,0.164,0.871,3,0.133,saludable
0.356,0.238,0.644,0.372,0.112,0.587,2,0.039,saludable
0.258,0.181,0.742,0.416,0.184,0.078,2,0.469,saludable
0.006,0.212,0.994,0.538,0.111,0.083,2,0.535,en_riesgo
0.255,0.139,0.745,0.508,0.135,0.212,2,0.120,saludable
0.282,0.056,0.718,0.517,0.164,0.194,3,0.197,saludable
-0.152,0.566,1.152,0.764,0.290,0.302,0,0.337,en_riesgo
0.368,0.133,0.632,0.364,0.078,0.561,3,0.211,saludable
-0.022,0.608,1.022,0.477,0.374,0.154,0,0.013,en_riesgo
0.025,0.420,0.975,0.510,0.363,0.691,0,0.306,en_riesgo
0.222,0.384,0.778,0.604,0.146,0.649,2,0.225,en_observacion
0.079,0.340,0.921,0.553,0.310,0.730,2,0.481,en_riesgo
0.232,0.048,0.768,0.381,0.268,0.498,3,0.088,saludable
-0.092,0.426,1.092,0.588,0.274,0.438,0,0.134,en_riesgo
0.178,0.381,0.822,0.521,0.179,0.451,2,0.272,en_riesgo
0.123,0.324,0.877,0.399,0.231,0.207,2,0.309,en_observacion
0.145,0.193,0.855,0.501,0.259,0.193,2,0.117,en_observacion
0.160,0.229,0.840,0.596,0.163,0.467,2,0.073,en_observacion
0.320,0.225,0.680,0.482,0.094,0.473,3,0.569,en_observacion
0.418,0.186,0.582,0.465,0.063,0.419,3,0.146,saludable
0.311,0.143,0.689,0.335,0.140,0.250,2,0.176,saludable
0.160,0.444,0.840,0.548,0.188,0.682,2,0.268,en_observacion
0.020,0.441,0.980,0.708,0.233,0.020,2,0.315,en_riesgo
0.008,0.413,0.992,0.581,0.179,0.712,1,0.308,en_riesgo
0.152,0.198,0.848,0.612,0.116,0.171,2,0.232,en_observacion
0.189,0.156,0.811,0.570,0.158,0.673,1,0.149,en_observacion
0.108,0.201,0.892,0.637,0.119,0.241,2,0.333,en_observacion
-0.034,0.618,1.034,0.495,0.131,0.371,0,0.357,en_riesgo
0.189,0.286,0.811,0.574,0.113,0.213,2,0.180,en_observacion
-0.359,0.695,1.359,0.790,0.287,0.307,1,0.145,en_riesgo
0.140,0.273,0.860,0.619,0.236,0.462,1,0.097,en_observacion
0.002,0.771,0.998,0.705,0.199,0.288,1,0.031,en_riesgo
0.101,0.292,0.899,0.452,0.113,0.482,2,0.396,en_observacion
-0.295,0.730,1.295,0.885,0.351,0.570,0,0.205,en_riesgo
-0.406,0.491,1.406,1.066,0.208,0.706,1,0.066,en_riesgo
0.525,0.215,0.475,0.242,0.078,0.251,3,0.137,saludable
-0.223,0.637,1.223,0.765,0.219,0.288,0,0.118,en_riesgo
-0.115,0.683,1.115,0.552,0.200,0.395,0,0.713,en_riesgo
0.060,0.233,0.940,0.499,0.342,0.567,2,0.095,en_observacion
0.407,0.145,0.593,0.398,0.072,0.464,3,0.268,saludable
0.109,0.306,0.891,0.659,0.106,0.287,2,0.086,en_observacion
-0.105,0.423,1.105,0.649,0.329,0.479,0,0.289,en_riesgo
0.203,0.449,0.797,0.394,0.207,0.207,2,0.627,en_riesgo
0.048,0.639,0.952,0.684,0.121,0.806,1,0.414,en_riesgo
0.149,0.288,0.851,0.630,0.196,0.557,1,0.287,en_observacion
0.005,0.163,0.995,0.496,0.302,0.678,2,0.250,en_riesgo
-0.160,0.396,1.160,0.785,0.347,0.291,1,0.143,en_riesgo
0.495,0.162,0.505,0.245,0.152,0.567,3,0.406,saludable
0.450,0.198,0.550,0.340,0.173,0.618,2,0.291,saludable
0.055,0.256,0.945,0.626,0.155,0.726,1,0.273,en_riesgo
0.038,0.186,0.962,0.571,0.295,0.309,2,0.307,en_observacion
0.303,0.092,0.697,0.441,0.176,0.376,2,0.330,saludable
0.131,0.244,0.869,0.570,0.259,0.236,1,0.335,en_observacion
-0.249,0.575,1.249,0.939,0.157,0.480,0,0.382,en_riesgo
0.264,0.052,0.736,0.547,0.166,0.512,3,0.146,saludable
0.023,0.355,0.977,0.737,0.194,0.511,0,0.450,en_riesgo
-0.318,0.598,1.318,0.644,0.418,0.507,0,0.117,en_riesgo
0.500,0.107,0.500,0.388,0.057,0.428,3,0.186,saludable
-0.315,0.434,1.315,0.919,0.158,0.495,0,0.215,en_riesgo
0.459,0.103,0.541,0.418,0.061,0.440,3,0.212,saludable
0.086,0.173,0.914,0.641,0.158,0.551,1,0.083,en_observacion
0.267,0.065,0.733,0.582,0.139,0.459,3,0.148,saludable
0.019,0.647,0.981,0.737,0.146,0.280,1,0.343,en_riesgo
-0.166,0.590,1.166,0.815,0.190,0.754,1,0.141,en_riesgo
-0.349,0.471,1.349,0.803,0.537,0.342,1,0.089,en_riesgo
0.367,0.149,0.633,0.404,0.129,0.721,2,0.318,saludable
0.377,0.181,0.623,0.398,0.136,0.167,3,0.094,saludable
0.055,0.257,0.945,0.566,0.233,0.209,1,0.409,en_observacion
0.030,0.304,0.970,0.562,0.097,0.609,2,0.102,en_observacion
0.232,0.351,0.768,0.464,0.089,0.464,1,0.458,en_observacion
-0.076,0.408,1.076,0.588,0.262,0.574,0,0.182,en_riesgo
0.251,0.245,0.749,0.353,0.316,0.444,3,0.388,saludable
0.334,0.131,0.666,0.349,0.083,0.395,3,0.197,saludable
-0.111,0.676,1.111,0.792,0.178,0.606,0,0.553,en_riesgo
0.182,0.161,0.818,0.536,0.221,0.428,2,0.187,en_observacion
0.535,0.068,0.465,0.240,0.191,0.729,3,0.547,saludable
0.438,0.104,0.562,0.421,0.130,0.676,2,0.084,saludable
0.248,0.153,0.752,0.485,0.211,0.490,1,0.320,saludable
-0.165,0.407,1.165,0.610,0.236,0.531,0,0.172,en_riesgo
0.344,0.009,0.656,0.437,0.161,0.251,3,0.071,saludable
0.022,0.748,0.978,0.556,0.222,0.328,0,0.181,en_riesgo
0.237,0.446,0.763,0.514,0.175,0.382,2,0.150,en_observacion
