descripcion,categoria_slug,idioma,comercio
INVERSION GBM FONDOS CDMX,ahorro_inversion,es,Inversion GBM Fondos
TARJ Cinepolis,entretenimiento,es,Cinepolis
CARTAO Tarifa Bancaria Itau,finanzas,pt,Tarifa Bancaria Itau
Bonificacao RECIFE,ingresos,pt,Bonificacao
Food NEW YORK,alimentacion,en,Food
SITIO TAXI REFORMA,transporte,es,Sitio Taxi Reforma
Intereses CDMX,finanzas,es,Intereses
PAGO SERVICIO Cafe Punta del Cielo,alimentacion,es,Cafe Punta del Cielo
Entretenimento,entretenimiento,pt,Entretenimento
BRT RIO #2285,transporte,pt,BRT Rio
Sanborns #3924,alimentacion,es,Sanborns
COMPRA TDC Uber Eats,alimentacion,es,Uber Eats
PURCHASE APPLE STORE,compras,en,Apple Store
PIX Gol Linhas Aereas,transporte,pt,Gol Linhas Aereas
Gimnasio Smart Fit MEX,entretenimiento,es,Gimnasio Smart Fit
Aluguel,vivienda,pt,Aluguel
PIX RECEBIDO SALARIO,ingresos,pt,PIX Recebido Salario
Mexibus,transporte,es,Mexibus
Ropa PUEBLA,compras,es,Ropa
PIX MERCADO LIVRE,compras,pt,Mercado Livre
GOL LINHAS AEREAS,transporte,pt,Gol Linhas Aereas
Taxi MONTERREY,transporte,es,Taxi
Temu MERIDA,compras,es,Temu
Cobro a Cliente Freelance,ingresos,es,Cobro a Cliente Freelance
TALLER MECANICO LOPEZ,transporte,es,Taller Mecanico Lopez
FOOTWEAR,compras,en,Footwear
DROGA RAIA #4389,salud,pt,Droga Raia
Doctor Consulta General MEX,salud,es,Doctor Consulta General
Anualidad de Tarjeta TIJUANA,finanzas,es,Anualidad de Tarjeta
PAYMENT ADIDAS US,compras,en,Adidas US
COMPRA CARTAO RAPPI BRASIL,alimentacion,pt,Rappi Brasil
Tag IAVE,transporte,es,Tag IAVE
RECURRING College Bookstore,educacion,en,College Bookstore
PIX IMPOSTO DE RENDA RECEITA FEDERAL,finanzas,pt,Imposto de Renda Receita Federal
PIX Vivo Fibra,servicios,pt,Vivo Fibra
PURCHASE OVERDRAFT FEE,finanzas,en,Overdraft Fee
RESTAURANTE EL FAROLITO #3946,alimentacion,es,Restaurante El Farolito
JUROS CHEQUE ESPECIAL,finanzas,pt,Juros Cheque Especial
Padaria,alimentacion,pt,Padaria
COMPRA EN Udemy Curso,educacion,es,Udemy Curso
ACH Notary Fee,otros,en,Notary Fee
CARD TARGET,compras,en,Target
DOM Volaris,transporte,es,Volaris
UCI Cinemas *8VBOSQYW,entretenimiento,pt,UCI Cinemas
PAGO PEAJE AUTOPISTA MEXICO QUERETARO,transporte,es,Peaje Autopista Mexico Queretaro
DOM STAR PLUS,entretenimiento,es,Star Plus
OTROS,otros,es,Otros
COMPRA Bio Ritmo Academia,entretenimiento,pt,Bio Ritmo Academia
DEBITO AUTOMATICO Oi Telecomunicacoes,servicios,pt,Oi Telecomunicacoes
POUPANCA DEPOSITO,ahorro_inversion,pt,Poupanca Deposito
RECURRING EXXON MOBIL,transporte,en,Exxon Mobil
COMPRA EN LINEA,compras,es,Compra en Linea
Streaming BELO HORIZONTE,entretenimiento,pt,Streaming
ACADEMIA SMART FIT CURITIBA,entretenimiento,pt,Academia Smart Fit
Seguro Auto Porto Seguro,finanzas,pt,Seguro Auto Porto Seguro
Healthcare,salud,en,Healthcare
IKEA US,vivienda,en,IKEA
RESTAURANTE,alimentacion,es,Restaurante
DOM PALACIO DE HIERRO,compras,es,Palacio de Hierro
Combustible MERIDA,transporte,es,Combustible
COLEGIATURA UNIVERSIDAD UNAM QUERETARO,educacion,es,Colegiatura Universidad UNAM
Impostos CURITIBA,finanzas,pt,Impostos
LIBROS,educacion,es,Libros
PAYROLL,ingresos,en,Payroll
Suscripcion Streaming,entretenimiento,es,Suscripcion Streaming
DOM Gas Natural Fenosa,servicios,es,Gas Natural Fenosa
PAYMENT MTA SUBWAY,transporte,en,MTA Subway
Income HOUSTON,ingresos,en,Income
Lancamento Nao Identificado,otros,pt,Lancamento Nao Identificado
TARJ Abono de Sueldo,ingresos,es,Abono de Sueldo
COMPRA 99 Taxi,transporte,pt,99 Taxi
SUSCRIPCION STREAMING,entretenimiento,es,Suscripcion Streaming
Wegmans US,alimentacion,en,Wegmans
PAGO AHORRO PROGRAMADO,ahorro_inversion,es,Ahorro Programado
Verizon Wireless *5OD7B1U9,servicios,en,Verizon Wireless
IZZI TELECOM MEX,servicios,es,Izzi Telecom
DOM UBER EATS,alimentacion,es,Uber Eats
COMPRA EMPRESTIMO PESSOAL SANTANDER,finanzas,pt,Emprestimo Pessoal Santander
DEBITO AUTOMATICO CINEMARK BRASIL,entretenimiento,pt,Cinemark Brasil
POS EZ PASS TOLL,transporte,en,EZ Pass Toll
QUEST DIAGNOSTICS,salud,en,Quest Diagnostics
ACH Chipotle,alimentacion,en,Chipotle
Pharmacy,salud,en,Pharmacy
POS COMCAST XFINITY,servicios,en,Comcast Xfinity
Binance Compra PUEBLA,ahorro_inversion,es,Binance Compra
PAGO Panaderia La Espiga,alimentacion,es,Panaderia La Espiga
TED CPTM,transporte,pt,CPTM
CARD TACO BELL,alimentacion,en,Taco Bell
COMPRA TDC OFFICE DEPOT,compras,es,Office Depot
Otros QUERETARO,otros,es,Otros
PAGO SERVICIO Cuota Mantenimiento Condominio,vivienda,es,Cuota Mantenimiento Condominio
ACH Publix,alimentacion,en,Publix
PRESTAMO PERSONAL HSBC,finanzas,es,Prestamo Personal HSBC
WENDYS NEW YORK,alimentacion,en,Wendys
COMPRA TDC NOMINA QUINCENAL,ingresos,es,Nomina Quincenal
Walmart US,compras,en,Walmart US
Internet SALVADOR,servicios,pt,Internet
Video Games,entretenimiento,en,Video Games
Amil Saude SALVADOR,salud,pt,Amil Saude
Decimo Terceiro SALVADOR,ingresos,pt,Decimo Terceiro
Padaria BELO HORIZONTE,alimentacion,pt,Padaria
Folha de Pagamento PORTO ALEGRE,ingresos,pt,Folha de Pagamento
CARGO NO IDENTIFICADO MONTERREY,otros,es,Cargo No Identificado
TARJ CRUNCHYROLL,entretenimiento,es,Crunchyroll
COBRO A CLIENTE FREELANCE,ingresos,es,Cobro a Cliente Freelance
WATER,servicios,en,Water
Sabesp Agua #9380,servicios,pt,Sabesp Agua
Administracion Fraccionamiento,vivienda,es,Administracion Fraccionamiento
INCOME,ingresos,en,Income
PURCHASE WAYFAIR,compras,en,Wayfair
PONTO FRIO *8X2SH4,compras,pt,Ponto Frio
Prestamo Personal HSBC *OJSLYQ,finanzas,es,Prestamo Personal HSBC
Libros,educacion,es,Libros
Curso RIO DE JANEIRO,educacion,pt,Curso
TAXA DE CONDOMINIO,vivienda,pt,Taxa de Condominio
Padaria Bella Paulista,alimentacion,pt,Padaria Bella Paulista
Gas Encanado RIO DE JANEIRO,servicios,pt,Gas Encanado
Sitio Taxi Reforma MEX,transporte,es,Sitio Taxi Reforma
DEBIT Internet Service Provider,servicios,en,Internet Service Provider
Alimentacao,alimentacion,pt,Alimentacao
Chipotle US,alimentacion,en,Chipotle
Predial Municipal SUC 1461,finanzas,es,Predial Municipal
INSURANCE,finanzas,en,Insurance
MISC EXPENSE,otros,en,Misc Expense
CARD Direct Deposit Salary,ingresos,en,Direct Deposit Salary
PAYMENT Loan Interest Payment,finanzas,en,Loan Interest Payment
Metrobus,transporte,es,Metrobus
DEBIT Coinbase Purchase,ahorro_inversion,en,Coinbase Purchase
PAYMENT WHOLE FOODS MARKET,alimentacion,en,Whole Foods Market
Passagem Onibus BELO HORIZONTE,transporte,pt,Passagem Onibus
Poupanca,ahorro_inversion,pt,Poupanca
PAGO Home Depot Mexico,vivienda,es,Home Depot Mexico
Volaris MEX,transporte,es,Volaris
PAGO SERVICIO Best Buy Mexico,compras,es,Best Buy Mexico
Teatro Insurgentes,entretenimiento,es,Teatro Insurgentes
Pharmacy SEATTLE,salud,en,Pharmacy
Transferencia para Poupanca RECIFE,ahorro_inversion,pt,Transferencia para Poupanca
Mensalidade Faculdade USP BR,educacion,pt,Mensalidade Faculdade USP
Life Insurance Premium US,finanzas,en,Life Insurance Premium
DEBIT IKEA,vivienda,en,IKEA
Transporte GUADALAJARA,transporte,es,Transporte
Deposito Recibido,ingresos,es,Deposito Recibido
CREDITO HIPOTECARIO BBVA,vivienda,es,Credito Hipotecario BBVA
POS Hulu,entretenimiento,en,Hulu
Other HOUSTON,otros,en,Other
Saque em Caixa Eletronico BR,otros,pt,Saque em Caixa Eletronico
Etsy #4323,compras,en,Etsy
Transporte SAO PAULO,transporte,pt,Transporte
Casa e Video Moveis #5740,vivienda,pt,Casa e Video Moveis
PAGO Walmart,alimentacion,es,Walmart
ACH IRS Tax Payment,finanzas,en,IRS Tax Payment
Lavanderia Rapida *HD25,otros,pt,Lavanderia Rapida
PAGO SERVICIO Inscripcion Tec de Monterrey,educacion,es,Inscripcion Tec de Monterrey
DEBITO AUTOMATICO Leroy Merlin,vivienda,pt,Leroy Merlin
DEBITO AUTOMATICO SALAO DE BELEZA,otros,pt,Salao de Beleza
COMPRA EN PLOMERIA RAPIDA,vivienda,es,Plomeria Rapida
COMPRA TDC UBER,transporte,es,Uber
Riachuelo *NMTK1,compras,pt,Riachuelo
Sportsworld Gym SUC 2524,entretenimiento,es,Sportsworld Gym
SANBORNS CDMX,alimentacion,es,Sanborns
RECURRING Roth IRA Deposit,ahorro_inversion,en,Roth IRA Deposit
TEMU MEX,compras,es,Temu
DEBITO AUTOMATICO SARAIVA LIVROS,educacion,pt,Saraiva Livros
COMPRA EN Telmex,servicios,es,Telmex
Casas Bahia *U2T1Z0,compras,pt,Casas Bahia
GASTO VARIO,otros,es,Gasto Vario
PAGAMENTO IOF Operacao,finanzas,pt,IOF Operacao
McDonalds MONTERREY,alimentacion,es,McDonalds
SHELL GAS STATION,transporte,en,Shell Gas Station
Supermercado,alimentacion,es,Supermercado
AUTOBUSES ADO *PS5094DF,transporte,es,Autobuses ADO
Deposit Received SEATTLE,ingresos,en,Deposit Received
Tuition DENVER,educacion,en,Tuition
MERCADO LIBRE SUC 5804,compras,es,Mercado Libre
PIX Globoplay,entretenimiento,pt,Globoplay
PAGAMENTO POSTO SHELL,transporte,pt,Posto Shell
DOM Plomeria Rapida,vivienda,es,Plomeria Rapida
Metrobus *VAYT,transporte,es,Metrobus
TARJ TELMEX,servicios,es,Telmex
CERTIFICATE OF DEPOSIT,ahorro_inversion,en,Certificate of Deposit
PAYMENT Life Insurance Premium,finanzas,en,Life Insurance Premium
TRANSPORT,transporte,en,Transport
COMPRA EN HEB,alimentacion,es,HEB
SUPERMERCADO,alimentacion,es,Supermercado
Transferencia Recibida GUADALAJARA,ingresos,es,Transferencia Recibida
PAGO Mobil,transporte,es,Mobil
PLATZI SUSCRIPCION,educacion,es,Platzi Suscripcion
BANK FEE,finanzas,en,Bank Fee
TARJ Ferreteria El Tornillo,vivienda,es,Ferreteria El Tornillo
BONIFICACAO,ingresos,pt,Bonificacao
PLAYSTATION BRASIL #245,entretenimiento,pt,PlayStation Brasil
Comercial Mexicana SUC 3369,alimentacion,es,Comercial Mexicana
Cine QUERETARO,entretenimiento,es,Cine
Salida con Amigos,entretenimiento,es,Salida con Amigos
AMTRAK US,transporte,en,Amtrak
Colegiatura,educacion,es,Colegiatura
TARJ BP Gasolinera,transporte,es,BP Gasolinera
RECURRING Hair Salon,otros,en,Hair Salon
Phone Bill,servicios,en,Phone Bill
TARJ H&M MEXICO,compras,es,H&M Mexico
Footwear MIAMI,compras,en,Footwear
ACH IKEA,vivienda,en,IKEA
COMPRA CARTAO Renner,compras,pt,Renner
Saude,salud,pt,Saude
DEBIT GENERAL HOSPITAL,salud,en,General Hospital
Lab Test,salud,en,Lab Test
Public Transit CHICAGO,transporte,en,Public Transit
CARTAO Cartorio Taxa,otros,pt,Cartorio Taxa
Calzado PUEBLA,compras,es,Calzado
PIX Lavanderia Rapida,otros,pt,Lavanderia Rapida
Electricity MIAMI,servicios,en,Electricity
FOLHA DE PAGAMENTO,ingresos,pt,Folha de Pagamento
PAGO SERVICIO PAGO MINIMO BANAMEX,finanzas,es,Pago Minimo Banamex
INTERNET,servicios,es,Internet
DEBITO AUTOMATICO Fundo de Investimento,ahorro_inversion,pt,Fundo de Investimento
HOA DUES,vivienda,en,HOA Dues
MISCELLANEOUS,otros,en,Miscellaneous
GLOBOPLAY,entretenimiento,pt,Globoplay
Transfer to Savings #5019,ahorro_inversion,en,Transfer to Savings
POS Rite Aid,salud,en,Rite Aid
SCHOOL SUPPLIES,educacion,en,School Supplies
Ticketmaster Concierto MERIDA,entretenimiento,es,Ticketmaster Concierto
DEBIT Bank Service Fee,finanzas,en,Bank Service Fee
Ocio GUADALAJARA,entretenimiento,es,Ocio
Magazine Luiza,compras,pt,Magazine Luiza
Card Annual Fee SEATTLE,finanzas,en,Card Annual Fee
SUPERMARKET,alimentacion,en,Supermarket
TED Alura Cursos,educacion,pt,Alura Cursos
Spectrum Cable,servicios,en,Spectrum Cable
ENTRETENIMENTO,entretenimiento,pt,Entretenimento
Nike *BHMT69,compras,en,Nike
Sendas,alimentacion,pt,Sendas
DEBITO AUTOMATICO Padaria Bella Paulista,alimentacion,pt,Padaria Bella Paulista
Amazon Prime Video SUC 5284,entretenimiento,es,Amazon Prime Video
POS CVS Pharmacy,salud,en,CVS Pharmacy
Education LOS ANGELES,educacion,en,Education
Plomeria Rapida MEX,vivienda,es,Plomeria Rapida
Casa e Video Moveis BR,vivienda,pt,Casa e Video Moveis
Entretenimiento,entretenimiento,es,Entretenimiento
Cabify *5YHP5,transporte,es,Cabify
SEVEN ELEVEN,alimentacion,es,Seven Eleven
HONORARIOS PROFESIONALES,ingresos,es,Honorarios Profesionales
DOM Salon de Belleza Glamour,otros,es,Salon de Belleza Glamour
Fuel,transporte,en,Fuel
COMPRA DEEZER PREMIUM,entretenimiento,pt,Deezer Premium
VIVO FIBRA,servicios,pt,Vivo Fibra
BURGER KING MEX,alimentacion,es,Burger King
Aluguel Recebido BR,ingresos,pt,Aluguel Recebido
CARTAO Posto Shell,transporte,pt,Posto Shell
Uber *XKDZ,transporte,es,Uber
Gasoline MIAMI,transporte,en,Gasoline
Veterinary Clinic,otros,en,Veterinary Clinic
CARTAO CARREFOUR,alimentacion,pt,Carrefour
Previdencia Privada,ahorro_inversion,pt,Previdencia Privada
Curso de Ingles Wizard *W6APD,educacion,pt,Curso de Ingles Wizard
Gasolinera Total GUADALAJARA,transporte,es,Gasolinera Total
CLINICA MEDICA SUR,salud,es,Clinica Medica Sur
Previdencia Privada #1813,ahorro_inversion,pt,Previdencia Privada
UBER MERIDA,transporte,es,Uber
MERCADO LIVRE *43G8DUEM,compras,pt,Mercado Livre
Cinemex #1290,entretenimiento,es,Cinemex
COMPRA Copel Distribuicao,servicios,pt,Copel Distribuicao
Vanguard Investment US,ahorro_inversion,en,Vanguard Investment
Reforma Predial,vivienda,pt,Reforma Predial
PAGAMENTO Previdencia Privada,ahorro_inversion,pt,Previdencia Privada
Combustible,transporte,es,Combustible
UNIMED PLANO DE SAUDE SAO PAULO,salud,pt,Unimed Plano de Saude
POS DENTAL CLINIC,salud,en,Dental Clinic
DEBITO AUTOMATICO Cartorio Taxa,otros,pt,Cartorio Taxa
CENTAURO ESPORTES #6326,compras,pt,Centauro Esportes
Plano de Saude,salud,pt,Plano de Saude
BERSHKA,compras,es,Bershka
Dentist,salud,en,Dentist
WIRE TRANSFER RECEIVED *EH44KDM7,ingresos,en,Wire Transfer Received
PIX Latam Brasil,transporte,pt,Latam Brasil
Pedagio CCR RIO DE JANEIRO,transporte,pt,Pedagio CCR
Pedagio CURITIBA,transporte,pt,Pedagio
Bonus SEATTLE,ingresos,en,Bonus
PAYMENT Nordstrom,compras,en,Nordstrom
ELECTRONICA,compras,es,Electronica
DOM SEARS MEXICO,compras,es,Sears Mexico
FERRETERIA EL TORNILLO *KY9YCKVJ,vivienda,es,Ferreteria El Tornillo
TARJ Ahorro Programado,ahorro_inversion,es,Ahorro Programado
DOM Prestamo Personal HSBC,finanzas,es,Prestamo Personal HSBC
Outros,otros,pt,Outros
CFE ELECTRICIDAD,servicios,es,CFE Electricidad
Lowes Home Improvement,vivienda,en,Lowes Home Improvement
PAGO SERVICIO Nomina Quincenal,ingresos,es,Nomina Quincenal
Dominos Pizza MEX,alimentacion,es,Dominos Pizza
Payroll Deposit,ingresos,en,Payroll Deposit
NIKE STORE *YFJAVQM6,compras,es,Nike Store
POS Transfer to Savings,ahorro_inversion,en,Transfer to Savings
Plumbing Service *075N,vivienda,en,Plumbing Service
COMPRA LANCAMENTO NAO IDENTIFICADO,otros,pt,Lancamento Nao Identificado
DOM Lavanderia Express,otros,es,Lavanderia Express
DENTISTA,salud,es,Dentista
Cetes Directo *0RQ1MISM,ahorro_inversion,es,Cetes Directo
DEBIT Greyhound,transporte,en,Greyhound
Udemy Course SEATTLE,educacion,en,Udemy Course
EBAY US,compras,en,eBay
DEBIT Cash Advance,otros,en,Cash Advance
RECURRING Sprouts Farmers Market,alimentacion,en,Sprouts Farmers Market
DEBITO AUTOMATICO SKY BRASIL,servicios,pt,Sky Brasil
PURCHASE EQUINOX GYM,entretenimiento,en,Equinox Gym
Sueldo PUEBLA,ingresos,es,Sueldo
TARJ HOSPITAL ANGELES,salud,es,Hospital Angeles
RECURRING LOWES HOME IMPROVEMENT,vivienda,en,Lowes Home Improvement
COURSERA CURSOS SUC 7068,educacion,es,Coursera Cursos
HOA Dues HOUSTON,vivienda,en,HOA Dues
Interest Charge LOS ANGELES,finanzas,en,Interest Charge
Twitch Subscription CHICAGO,entretenimiento,en,Twitch Subscription
DOM KFC,alimentacion,es,KFC
Deposito de Nomina,ingresos,es,Deposito de Nomina
DISH MEXICO *2O90S1,servicios,es,Dish Mexico
ACH WAYFAIR FURNITURE,vivienda,en,Wayfair Furniture
Clothing CHICAGO,compras,en,Clothing
Rent SEATTLE,vivienda,en,Rent
Laboratorio,salud,es,Laboratorio
Laboratorio Chopo #845,salud,es,Laboratorio Chopo
PAYROLL DEPOSIT NEW YORK,ingresos,en,Payroll Deposit
DEPOSITO RECEBIDO,ingresos,pt,Deposito Recebido
Barberia El Corte SUC 3685,otros,es,Barberia El Corte
COMPRA TDC Telmex,servicios,es,Telmex
RITE AID #4959,salud,en,Rite Aid
Freelance Payment Received,ingresos,en,Freelance Payment Received
TED SARAIVA LIVROS,educacion,pt,Saraiva Livros
OFFICE DEPOT #6248,compras,es,Office Depot
Pasaje Autobus,transporte,es,Pasaje Autobus
TED Consulta Medica,salud,pt,Consulta Medica
DOM Pago Tarjeta de Credito BBVA,finanzas,es,Pago Tarjeta de Credito BBVA
COMPRA TDC FARMACIAS DEL AHORRO,salud,es,Farmacias del Ahorro
NORDSTROM #1759,compras,en,Nordstrom
BUS FARE,transporte,en,Bus Fare
PERSONAL LOAN PAYMENT,finanzas,en,Personal Loan Payment
TICKETMASTER EVENT,entretenimiento,en,Ticketmaster Event
Groceries,alimentacion,en,Groceries
WALMART US,compras,en,Walmart US
Enrollment,educacion,en,Enrollment
PAGO SEGURO DE AUTO QUALITAS,finanzas,es,Seguro de Auto Qualitas
Restaurante RIO DE JANEIRO,alimentacion,pt,Restaurante
Estacionamiento MONTERREY,transporte,es,Estacionamiento
Sprouts Farmers Market,alimentacion,en,Sprouts Farmers Market
Rent Payment,vivienda,en,Rent Payment
PAGAMENTO IPVA DETRAN,finanzas,pt,IPVA Detran
UTILITY BILL,servicios,en,Utility Bill
COMPRA TDC HBO Max,entretenimiento,es,HBO Max
Cinema RECIFE,entretenimiento,pt,Cinema
PURCHASE Safeway,alimentacion,en,Safeway
COMPRA Assai Atacadista,alimentacion,pt,Assai Atacadista
PIX ALURA CURSOS,educacion,pt,Alura Cursos
COMPRA EN INTERESES CREDITO NOMINA,finanzas,es,Intereses Credito Nomina
Expense Reimbursement,ingresos,en,Expense Reimbursement
COMPRA EN Home Depot Mexico,vivienda,es,Home Depot Mexico
Personal Loan Payment #6593,finanzas,en,Personal Loan Payment
Roupas,compras,pt,Roupas
COMPRA CARTAO TESOURO DIRETO,ahorro_inversion,pt,Tesouro Direto
Supermercado RECIFE,alimentacion,pt,Supermercado
TARJ Farmacias Benavides,salud,es,Farmacias Benavides
ACH School Supplies,educacion,en,School Supplies
CARD Expense Reimbursement,ingresos,en,Expense Reimbursement
COMPRA CARTAO 99 Taxi,transporte,pt,99 Taxi
COMPRA Taxa de Condominio,vivienda,pt,Taxa de Condominio
MEGACABLE QUERETARO,servicios,es,Megacable
CINE,entretenimiento,es,Cine
COMPRA CARTAO Pao de Acucar,alimentacion,pt,Pao de Acucar
Shell Mexico *FV2AQ,transporte,es,Shell Mexico
Pedagio CCR BR,transporte,pt,Pedagio CCR
TARJ REGALO CUMPLEANOS,otros,es,Regalo Cumpleanos
CARD Netflix US,entretenimiento,en,Netflix US
LEROY MERLIN CURITIBA,vivienda,pt,Leroy Merlin
CARTAO Deezer Premium,entretenimiento,pt,Deezer Premium
TRANSFER TO SAVINGS,ahorro_inversion,en,Transfer to Savings
Laundromat,otros,en,Laundromat
DEBITO AUTOMATICO BARBEARIA DO JOAO,otros,pt,Barbearia do Joao
MEDICATION,salud,en,Medication
APORTE EM FUNDO,ahorro_inversion,pt,Aporte em Fundo
PAGO SERVICIO FARMACIAS SIMILARES,salud,es,Farmacias Similares
PAGO SERVICIO Kumon Matematicas,educacion,es,Kumon Matematicas
SEM PARAR,transporte,pt,Sem Parar
Libros CDMX,educacion,es,Libros
Sitio Taxi Reforma MERIDA,transporte,es,Sitio Taxi Reforma
RAPPI,alimentacion,es,Rappi
Pago SAT Impuestos,finanzas,es,Pago SAT Impuestos
ACH Exxon Mobil,transporte,en,Exxon Mobil
Electricity,servicios,en,Electricity
AMIL SAUDE *CPKR8SE,salud,pt,Amil Saude
DEBITO AUTOMATICO CARREFOUR,alimentacion,pt,Carrefour
AMC Theatres US,entretenimiento,en,AMC Theatres
Seven Eleven,alimentacion,es,Seven Eleven
Electricidad,servicios,es,Electricidad
DEBITO AUTOMATICO Saque em Caixa Eletronico,otros,pt,Saque em Caixa Eletronico
POS Plumbing Service,vivienda,en,Plumbing Service
LANCHONETE,alimentacion,pt,Lanchonete
PURCHASE EZ Pass Toll,transporte,en,EZ Pass Toll
Compra de Dolares MEX,ahorro_inversion,es,Compra de Dolares
COMPRA EN DEPOSITO DE NOMINA,ingresos,es,Deposito de Nomina
PAGO SUPERAMA,alimentacion,es,Superama
Zona Sul *6XPYFXO,alimentacion,pt,Zona Sul
ALQUILER,vivienda,es,Alquiler
COMPRA TDC Consulta Dentista,salud,es,Consulta Dentista
CARD Uber US,transporte,en,Uber US
Salao de Beleza *Q5BNH9AV,otros,pt,Salao de Beleza
PONTO FRIO RECIFE,compras,pt,Ponto Frio
REEMBOLSO DE DESPESAS BR,ingresos,pt,Reembolso de Despesas
Sanborns SUC 4560,alimentacion,es,Sanborns
SALIDA CON AMIGOS,entretenimiento,es,Salida con Amigos
IRS TAX PAYMENT DENVER,finanzas,en,IRS Tax Payment
AHORRO,ahorro_inversion,es,Ahorro
MOVIES,entretenimiento,en,Movies
PIX Comgas,servicios,pt,Comgas
CARD Rite Aid,salud,en,Rite Aid
COMPRA TDC REPARTO DE UTILIDADES,ingresos,es,Reparto de Utilidades
Star Plus #2998,entretenimiento,es,Star Plus
DEBITO AUTOMATICO TESOURO DIRETO,ahorro_inversion,pt,Tesouro Direto
HABIBS,alimentacion,pt,Habibs
Estacionamiento Centro,transporte,es,Estacionamiento Centro
Lancamento Nao Identificado BELO HORIZONTE,otros,pt,Lancamento Nao Identificado
COMPRA CARTAO IPVA DETRAN,finanzas,pt,IPVA Detran
AliExpress SUC 6104,compras,es,AliExpress
PAGO SERVICIO YouTube Premium,entretenimiento,es,YouTube Premium
PIX Mensalidade Faculdade USP,educacion,pt,Mensalidade Faculdade USP
AZUL LINHAS AEREAS BR,transporte,pt,Azul Linhas Aereas
PAGO SERVICIO ZARA MEXICO,compras,es,Zara Mexico
TRANSFERENCIA RECIBIDA *BGBRM,ingresos,es,Transferencia Recibida
NIKE STORE,compras,es,Nike Store
RETIRO DE EFECTIVO,otros,es,Retiro de Efectivo
Gasolina,transporte,es,Gasolina
Material Escolar,educacion,pt,Material Escolar
BART US,transporte,en,BART
Despensa QUERETARO,alimentacion,es,Despensa
PAGO SERVICIO SPOTIFY PREMIUM,entretenimiento,es,Spotify Premium
Aplicacao em CDB BR,ahorro_inversion,pt,Aplicacao em CDB
CARTAO 99 Taxi,transporte,pt,99 Taxi
Pet Shop Clinica Veterinaria BR,otros,pt,Pet Shop Clinica Veterinaria
Peaje Autopista Mexico Queretaro MERIDA,transporte,es,Peaje Autopista Mexico Queretaro
OTHER,otros,en,Other
RAPPI BRASIL,alimentacion,pt,Rappi Brasil
COMPRA EN Chedraui,alimentacion,es,Chedraui
POS BEST BUY,compras,en,Best Buy
EQUINOX GYM,entretenimiento,en,Equinox Gym
PIX Leroy Merlin,vivienda,pt,Leroy Merlin
Credit Card Payment US,finanzas,en,Credit Card Payment
PAGAMENTO Fast Shop,compras,pt,Fast Shop
DEBITO AUTOMATICO Conta de Luz Enel,servicios,pt,Conta de Luz Enel
DOM BITSO CRIPTO,ahorro_inversion,es,Bitso Cripto
Pagamento Fatura Cartao Nubank,finanzas,pt,Pagamento Fatura Cartao Nubank
NETSHOES,compras,pt,Netshoes
Contas da Casa,servicios,pt,Contas da Casa
Papeleria Lumen TIJUANA,educacion,es,Papeleria Lumen
PAGO SERVICIO Notaria Publica Tramite,otros,es,Notaria Publica Tramite
LAVANDERIA RAPIDA,otros,pt,Lavanderia Rapida
Mortgage Payment,vivienda,en,Mortgage Payment
MUDANZA EXPRESS MEX,vivienda,es,Mudanza Express
PAYMENT Wayfair Furniture,vivienda,en,Wayfair Furniture
TED Anuidade Cartao Bradesco,finanzas,pt,Anuidade Cartao Bradesco
STEAM JUEGOS PUEBLA,entretenimiento,es,Steam Juegos
Latam Brasil BR,transporte,pt,Latam Brasil
Pago Hipoteca Infonavit #3925,vivienda,es,Pago Hipoteca Infonavit
PAYMENT NATURAL GAS COMPANY,servicios,en,Natural Gas Company
RECURRING REGAL CINEMAS,entretenimiento,en,Regal Cinemas
PRESTAMO PERSONAL HSBC SUC 156,finanzas,es,Prestamo Personal HSBC
RESTAURANTE EL FAROLITO,alimentacion,es,Restaurante El Farolito
DEBIT SCHOOL SUPPLIES,educacion,en,School Supplies
CARTAO TIM CELULAR,servicios,pt,TIM Celular
Livros,educacion,pt,Livros
Entretenimiento MONTERREY,entretenimiento,es,Entretenimiento
AHORRO PROGRAMADO,ahorro_inversion,es,Ahorro Programado
Loan Interest Payment,finanzas,en,Loan Interest Payment
CARTAO Descomplica,educacion,pt,Descomplica
Doctor Visit,salud,en,Doctor Visit
Taqueria El Paisa MEX,alimentacion,es,Taqueria El Paisa
DEBIT Whole Foods Market,alimentacion,en,Whole Foods Market
DOM AT&T MEXICO,servicios,es,AT&T Mexico
FIDELITY BROKERAGE,ahorro_inversion,en,Fidelity Brokerage
Electronica,compras,es,Electronica
C&A Brasil,compras,pt,C&A Brasil
Auto Insurance Geico US,finanzas,en,Auto Insurance Geico
Paramount Plus TIJUANA,entretenimiento,es,Paramount Plus
Telcel MEX,servicios,es,Telcel
RESTAURANTE FOGO DE CHAO *4QOD,alimentacion,pt,Restaurante Fogo de Chao
IMPUESTOS,finanzas,es,Impuestos
PIX Atacadao,alimentacion,pt,Atacadao
Overdraft Fee,finanzas,en,Overdraft Fee
DOM Taqueria El Paisa,alimentacion,es,Taqueria El Paisa
ACH LabCorp,salud,en,LabCorp
Material Escolar CURITIBA,educacion,pt,Material Escolar
ADMINISTRACION FRACCIONAMIENTO *Y7O0,vivienda,es,Administracion Fraccionamiento
HEB MEX,alimentacion,es,HEB
Student Loan Payment,educacion,en,Student Loan Payment
AMAZON MEXICO QUERETARO,compras,es,Amazon Mexico
COURSE,educacion,en,Course
Mensalidade,educacion,pt,Mensalidade
Imposto de Renda Receita Federal #8168,finanzas,pt,Imposto de Renda Receita Federal
DEBITO AUTOMATICO IOF Operacao,finanzas,pt,IOF Operacao
DEBIT Client Invoice Paid,ingresos,en,Client Invoice Paid
ASSINATURA STREAMING,entretenimiento,pt,Assinatura Streaming
COMPRA TDC TEMU,compras,es,Temu
Pago de Hipoteca CDMX,vivienda,es,Pago de Hipoteca
PAGO SERVICIO Pagare Bancario,ahorro_inversion,es,Pagare Bancario
GIFT,compras,en,Gift
Parking,transporte,en,Parking
Recibo de Luz PUEBLA,servicios,es,Recibo de Luz
Nordstrom,compras,en,Nordstrom
TICKETMASTER EVENT *U3469,entretenimiento,en,Ticketmaster Event
Certificate of Deposit,ahorro_inversion,en,Certificate of Deposit
Colegio Particular Cuota MEX,educacion,es,Colegio Particular Cuota
LIVRARIA CULTURA #3858,educacion,pt,Livraria Cultura
TARIFA BANCARIA,finanzas,pt,Tarifa Bancaria
POS WHOLE FOODS MARKET,alimentacion,en,Whole Foods Market
Comida PUEBLA,alimentacion,es,Comida
Toll HOUSTON,transporte,en,Toll
COMPRA CARTAO Barbearia do Joao,otros,pt,Barbearia do Joao
CONDOMINIO,vivienda,pt,Condominio
PAGAMENTO COMPRA DE BITCOIN,ahorro_inversion,pt,Compra de Bitcoin
Seguro Medico GNP #9808,salud,es,Seguro Medico GNP
PAGAMENTO RICO INVESTIMENTOS,ahorro_inversion,pt,Rico Investimentos
STEAM GAMES *0DFR9,entretenimiento,pt,Steam Games
Bonificacao,ingresos,pt,Bonificacao
TRANSPORTE PUBLICO,transporte,es,Transporte Publico
DOM Dominos Pizza,alimentacion,es,Dominos Pizza
TELMEX,servicios,es,Telmex
DEBITO AUTOMATICO Salario Mensal,ingresos,pt,Salario Mensal
CARD BONUS PAYMENT,ingresos,en,Bonus Payment
Cinepolis SUC 3700,entretenimiento,es,Cinepolis
Regalo,compras,es,Regalo
Suscripcion Streaming GUADALAJARA,entretenimiento,es,Suscripcion Streaming
BEAT MONTERREY,transporte,es,Beat
POS CASH ADVANCE,otros,en,Cash Advance
HEB,alimentacion,es,HEB
DOM CHEDRAUI,alimentacion,es,Chedraui
RECURRING MORTGAGE PAYMENT,vivienda,en,Mortgage Payment
Sin Clasificar,otros,es,Sin Clasificar
Calcados,compras,pt,Calcados
TICKETMASTER CONCIERTO,entretenimiento,es,Ticketmaster Concierto
CARD Bank Service Fee,finanzas,en,Bank Service Fee
DEBITO AUTOMATICO DOACAO ONG,otros,pt,Doacao ONG
RESTITUICAO IMPOSTO DE RENDA #2487,ingresos,pt,Restituicao Imposto de Renda
SAQUE,otros,pt,Saque
POS QUEST DIAGNOSTICS,salud,en,Quest Diagnostics
PIX Casa do Pao de Queijo,alimentacion,pt,Casa do Pao de Queijo
CARD XBOX LIVE,entretenimiento,en,Xbox Live
Uncategorized,otros,en,Uncategorized
Aluguel RIO DE JANEIRO,vivienda,pt,Aluguel
COMPRA TDC ESTACIONAMIENTO CENTRO,transporte,es,Estacionamiento Centro
Dentista BELO HORIZONTE,salud,pt,Dentista
TARJ BURGER KING,alimentacion,es,Burger King
Transport CHICAGO,transporte,en,Transport
COMPRA EN PLATZI SUSCRIPCION,educacion,es,Platzi Suscripcion
ACADEMIA SMART FIT BR,entretenimiento,pt,Academia Smart Fit
Subway SUC 7716,alimentacion,es,Subway
TED ATACADAO,alimentacion,pt,Atacadao
SHELL GAS STATION *EFKVOUU,transporte,en,Shell Gas Station
Compras PUEBLA,compras,es,Compras
MARISQUERIA LA COSTA *XGX8W,alimentacion,es,Marisqueria La Costa
Amazon Brasil,compras,pt,Amazon Brasil
RECURRING DOORDASH,alimentacion,en,DoorDash
PAGO SERVICIO CRUNCHYROLL,entretenimiento,es,Crunchyroll
Health Insurance Premium *DLMQ0,salud,en,Health Insurance Premium
Mudanza Express SUC 8254,vivienda,es,Mudanza Express
PAGO Cetes Directo,ahorro_inversion,es,Cetes Directo
RECURRING Wegmans,alimentacion,en,Wegmans
ACH BARBER SHOP,otros,en,Barber Shop
Despensa,alimentacion,es,Despensa
COMPRA EN Barberia El Corte,otros,es,Barberia El Corte
COMPRA TDC Administracion Fraccionamiento,vivienda,es,Administracion Fraccionamiento
POS WATER BILL,servicios,en,Water Bill
Pago de Alquiler,vivienda,es,Pago de Alquiler
JUROS,finanzas,pt,Juros
Salon de Belleza Glamour MEX,otros,es,Salon de Belleza Glamour
Padaria Bella Paulista *2PJGDS,alimentacion,pt,Padaria Bella Paulista
Lavanderia Rapida BR,otros,pt,Lavanderia Rapida
CARTAO LABORATORIO FLEURY,salud,pt,Laboratorio Fleury
Servicios del Hogar,servicios,es,Servicios del Hogar
Gol Linhas Aereas CURITIBA,transporte,pt,Gol Linhas Aereas
Mortgage,vivienda,en,Mortgage
Adidas Mexico SUC 3625,compras,es,Adidas Mexico
Mantenimiento del Hogar CDMX,vivienda,es,Mantenimiento del Hogar
TELECINE *QIUWZECB,entretenimiento,pt,Telecine
Libreria Gandhi,educacion,es,Libreria Gandhi
Student Loan Payment *4CDUFTAW,educacion,en,Student Loan Payment
POS Annual Card Fee,finanzas,en,Annual Card Fee
PAGO SERVICIO Palacio de Hierro,compras,es,Palacio de Hierro
COMPRA CARTAO SABESP AGUA,servicios,pt,Sabesp Agua
INSCRIPCION TEC DE MONTERREY,educacion,es,Inscripcion Tec de Monterrey
Bar do Zeca,entretenimiento,pt,Bar do Zeca
MULTA DE TRANSITO #4528,finanzas,es,Multa de Transito
DEBITO AUTOMATICO INGRESSO.COM SHOW,entretenimiento,pt,Ingresso.com Show
CINEMARK BRASIL #1509,entretenimiento,pt,Cinemark Brasil
POS ALBERTSONS,alimentacion,en,Albertsons
RECURRING University Tuition,educacion,en,University Tuition
Vanguard Investment,ahorro_inversion,en,Vanguard Investment
Sky Television GUADALAJARA,servicios,es,Sky Television
Salario RECIFE,ingresos,pt,Salario
Taco Bell *21YAN,alimentacion,en,Taco Bell
TED COPEL DISTRIBUICAO,servicios,pt,Copel Distribuicao
Energia Eletrica,servicios,pt,Energia Eletrica
SITIO TAXI REFORMA SUC 6124,transporte,es,Sitio Taxi Reforma
TRANSFERENCIA A AHORRO,ahorro_inversion,es,Transferencia a Ahorro
PAGO Anualidad Tarjeta Santander,finanzas,es,Anualidad Tarjeta Santander
Salary SEATTLE,ingresos,en,Salary
Personal Loan Payment US,finanzas,en,Personal Loan Payment
LIVERPOOL *N9MYXLA,compras,es,Liverpool
COMPRA CARTAO ALUGUEL APARTAMENTO,vivienda,pt,Aluguel Apartamento
OCIO,entretenimiento,es,Ocio
Planet Fitness,entretenimiento,en,Planet Fitness
DEBITO AUTOMATICO PlayStation Brasil,entretenimiento,pt,PlayStation Brasil
Brokerage Deposit,ahorro_inversion,en,Brokerage Deposit
CARGO NO IDENTIFICADO #3005,otros,es,Cargo No Identificado
PAGAMENTO TED RECEBIDA,ingresos,pt,TED Recebida
Taxes DENVER,finanzas,en,Taxes
Latam Brasil #7823,transporte,pt,Latam Brasil
Freelance Payment Received #3895,ingresos,en,Freelance Payment Received
Bobs *NS5MHIE,alimentacion,pt,Bobs
Nao Classificado BELO HORIZONTE,otros,pt,Nao Classificado
PAYMENT Annual Card Fee,finanzas,en,Annual Card Fee
MENSALIDADE ESCOLA OBJETIVO,educacion,pt,Mensalidade Escola Objetivo
XBOX GAME PASS #9524,entretenimiento,es,Xbox Game Pass
COMPRA EN Disposicion de Efectivo,otros,es,Disposicion de Efectivo
Imposto de Renda Receita Federal,finanzas,pt,Imposto de Renda Receita Federal
Phone Bill LOS ANGELES,servicios,en,Phone Bill
EZ PASS TOLL *WJ8G,transporte,en,EZ Pass Toll
POS T-MOBILE,servicios,en,T-Mobile
CARTAO Seguro Auto Porto Seguro,finanzas,pt,Seguro Auto Porto Seguro
Restaurant,alimentacion,en,Restaurant
PURCHASE TRADER JOES,alimentacion,en,Trader Joes
COMPRA TDC Anualidad Tarjeta Santander,finanzas,es,Anualidad Tarjeta Santander
RECURRING DISNEY PLUS US,entretenimiento,en,Disney Plus US
Netflix Brasil *1ZGQTTL,entretenimiento,pt,Netflix Brasil
Health Insurance,salud,en,Health Insurance
DOM AHORRO PROGRAMADO,ahorro_inversion,es,Ahorro Programado
TAXES,finanzas,en,Taxes
CARD ANNUAL FEE,finanzas,en,Card Annual Fee
COMPRA EN Taqueria El Paisa,alimentacion,es,Taqueria El Paisa
Tuition,educacion,en,Tuition
TAXI,transporte,es,Taxi
CONSULTA MEDICA,salud,pt,Consulta Medica
China in Box #4301,alimentacion,pt,China in Box
TOTALPLAY,servicios,es,Totalplay
TARJ RETIRO EN CAJERO,otros,es,Retiro en Cajero
Transporte Publico,transporte,es,Transporte Publico
Gasto Vario,otros,es,Gasto Vario
STAR PLUS SUC 7793,entretenimiento,es,Star Plus
WAYFAIR FURNITURE MIAMI,vivienda,en,Wayfair Furniture
COMPRA EN COMERCIAL MEXICANA,alimentacion,es,Comercial Mexicana
Gym,entretenimiento,en,Gym
Delta Air Lines *YLBXPUE8,transporte,en,Delta Air Lines
Farmacia TIJUANA,salud,es,Farmacia
CINEPOLIS,entretenimiento,es,Cinepolis
Uber Brasil,transporte,pt,Uber Brasil
COURSERA CURSOS,educacion,es,Coursera Cursos
MERCADO,alimentacion,pt,Mercado
ONLINE PURCHASE,compras,en,Online Purchase
SUPERAMA,alimentacion,es,Superama
Peaje Autopista Mexico Queretaro SUC 7337,transporte,es,Peaje Autopista Mexico Queretaro
OLIVE GARDEN *2HPN,alimentacion,en,Olive Garden
PAGO SERVICIO SUPERAMA,alimentacion,es,Superama
Livraria Cultura,educacion,pt,Livraria Cultura
TARJ VIVA AEROBUS,transporte,es,Viva Aerobus
COMPRA PAGAMENTO FATURA CARTAO NUBANK,finanzas,pt,Pagamento Fatura Cartao Nubank
ANNUAL CARD FEE #3630,finanzas,en,Annual Card Fee
CARTAO Oficina Mecanica Silva,transporte,pt,Oficina Mecanica Silva
COMPRA TDC SEGURO MEDICO GNP,salud,es,Seguro Medico GNP
COPPEL,compras,es,Coppel
SAUDE,salud,pt,Saude
Medicamentos SAO PAULO,salud,pt,Medicamentos
ACH Chevron,transporte,en,Chevron
HOA FEES,vivienda,en,HOA Fees
Compra en Linea,compras,es,Compra en Linea
RECURRING HEALTH INSURANCE PREMIUM,salud,en,Health Insurance Premium
401k Contribution #8985,ahorro_inversion,en,401k Contribution
POS Bonus Payment,ingresos,en,Bonus Payment
Donativo Cruz Roja,otros,es,Donativo Cruz Roja
PASAJE AUTOBUS,transporte,es,Pasaje Autobus
COMPRA TDC SEGURO DE VIDA METLIFE,finanzas,es,Seguro de Vida MetLife
CRUNCHYROLL,entretenimiento,es,Crunchyroll
Gimnasio,entretenimiento,es,Gimnasio
Food,alimentacion,en,Food
TED RESTITUICAO IMPOSTO DE RENDA,ingresos,pt,Restituicao Imposto de Renda
Mercadinho Sao Luiz BR,alimentacion,pt,Mercadinho Sao Luiz
Parking MIAMI,transporte,en,Parking
Planet Fitness CHICAGO,entretenimiento,en,Planet Fitness
Soriana,alimentacion,es,Soriana
PAGAMENTO Casas Bahia,compras,pt,Casas Bahia
LAZER,entretenimiento,pt,Lazer
BP FUEL #2338,transporte,en,BP Fuel
DISH MEXICO SUC 6018,servicios,es,Dish Mexico
AMAZON,compras,en,Amazon
PAGO Renta Recibida de Inquilino,ingresos,es,Renta Recibida de Inquilino
POS Tax Refund,ingresos,en,Tax Refund
Decimo Terceiro #9098,ingresos,pt,Decimo Terceiro
COMPRA TDC Curso de Ingles Harmon Hall,educacion,es,Curso de Ingles Harmon Hall
TARJ TALLER MECANICO LOPEZ,transporte,es,Taller Mecanico Lopez
Mercado SALVADOR,alimentacion,pt,Mercado
Videogames SALVADOR,entretenimiento,pt,Videogames
PAGO SERVICIO Vips,alimentacion,es,Vips
WAYFAIR FURNITURE #9237,vivienda,en,Wayfair Furniture
TEATRO INSURGENTES,entretenimiento,es,Teatro Insurgentes
COMPRA EN Doctor Consulta General,salud,es,Doctor Consulta General
Rite Aid LOS ANGELES,salud,en,Rite Aid
Juros Cheque Especial #5396,finanzas,pt,Juros Cheque Especial
YouTube Premium,entretenimiento,es,YouTube Premium
SEARS MEXICO MEX,compras,es,Sears Mexico
Tarifa Bancaria,finanzas,pt,Tarifa Bancaria
Gas Domestico TIJUANA,servicios,es,Gas Domestico
COMPRA Magazine Luiza,compras,pt,Magazine Luiza
Presente,compras,pt,Presente
CLARO NET *540V,servicios,pt,Claro Net
Pagamento de Divida SALVADOR,finanzas,pt,Pagamento de Divida
Gas Encanado,servicios,pt,Gas Encanado
CARD 401k Contribution,ahorro_inversion,en,401k Contribution
Cinemark Brasil,entretenimiento,pt,Cinemark Brasil
DEBITO AUTOMATICO ACADEMIA SMART FIT,entretenimiento,pt,Academia Smart Fit
Condominio,vivienda,pt,Condominio
DOM SPOTIFY PREMIUM,entretenimiento,es,Spotify Premium
COMPRA CARTAO Laboratorio Fleury,salud,pt,Laboratorio Fleury
Naturgy Gas,servicios,es,Naturgy Gas
PIX Pao de Acucar,alimentacion,pt,Pao de Acucar
ADIDAS US,compras,en,Adidas US
Compra de Bitcoin RECIFE,ahorro_inversion,pt,Compra de Bitcoin
WATER BILL DENVER,servicios,en,Water Bill
NATURAL GAS COMPANY US,servicios,en,Natural Gas Company
PAYMENT KHAN ACADEMY DONATION,educacion,en,Khan Academy Donation
Aportacion a Fondo,ahorro_inversion,es,Aportacion a Fondo
AGUA,servicios,es,Agua
Trader Joes *DI6SO,alimentacion,en,Trader Joes
INTEREST CHARGE,finanzas,en,Interest Charge
Aplicacao Financeira BELO HORIZONTE,ahorro_inversion,pt,Aplicacao Financeira
Water MIAMI,servicios,en,Water
Lyft US,transporte,en,Lyft
School Supplies SEATTLE,educacion,en,School Supplies
RENT PAYMENT,vivienda,en,Rent Payment
ACH UNITED AIRLINES,transporte,en,United Airlines
COMBUSTIVEL,transporte,pt,Combustivel
Condominio Edificio Aurora,vivienda,pt,Condominio Edificio Aurora
Seguro,finanzas,es,Seguro
CARTAO Hospital Albert Einstein,salud,pt,Hospital Albert Einstein
SALON DE BELLEZA GLAMOUR QUERETARO,otros,es,Salon de Belleza Glamour
Aeromexico #1030,transporte,es,Aeromexico
Parking Garage Downtown NEW YORK,transporte,en,Parking Garage Downtown
Investimento XP,ahorro_inversion,pt,Investimento XP
PAGAMENTO TIM CELULAR,servicios,pt,TIM Celular
TED MENSALIDADE FACULDADE USP,educacion,pt,Mensalidade Faculdade USP
Salida con Amigos TIJUANA,entretenimiento,es,Salida con Amigos
COMPRA TDC Aportacion Afore,ahorro_inversion,es,Aportacion Afore
TARJ CARGO NO IDENTIFICADO,otros,es,Cargo No Identificado
CLOTHING,compras,en,Clothing
COMPRA EN Nomina Quincenal,ingresos,es,Nomina Quincenal
Bonus Payment *LPXDRBX,ingresos,en,Bonus Payment
MATERIAL ESCOLAR,educacion,es,Material Escolar
Consulta Medica QUERETARO,salud,es,Consulta Medica
Fast Shop BR,compras,pt,Fast Shop
GLOBOPLAY SAO PAULO,entretenimiento,pt,Globoplay
PIX Giraffas,alimentacion,pt,Giraffas
OPTICA DEVLYN,salud,es,Optica Devlyn
Aldi US,alimentacion,en,Aldi
SOUTHWEST AIRLINES,transporte,en,Southwest Airlines
DOM Mudanza Express,vivienda,es,Mudanza Express
COMISION BANCARIA,finanzas,es,Comision Bancaria
Bank Fee,finanzas,en,Bank Fee
PIX Tarifa Bancaria Itau,finanzas,pt,Tarifa Bancaria Itau
COMPRA CARTAO PAGAMENTO FATURA CARTAO NUBANK,finanzas,pt,Pagamento Fatura Cartao Nubank
Reembolso de Despesas #5172,ingresos,pt,Reembolso de Despesas
DEBIT Apartment Rent,vivienda,en,Apartment Rent
Salon de Belleza Glamour,otros,es,Salon de Belleza Glamour
PARKING GARAGE DOWNTOWN *N4YTUKC9,transporte,en,Parking Garage Downtown
ConectCar,transporte,pt,ConectCar
TARJ MEGACABLE,servicios,es,Megacable
PURCHASE AMTRAK,transporte,en,Amtrak
DEBIT Spectrum Cable,servicios,en,Spectrum Cable
Consulta Dentista *A4AAL,salud,es,Consulta Dentista
CARTAO UCI CINEMAS,entretenimiento,pt,UCI Cinemas
SEGURO DE VIDA METLIFE,finanzas,es,Seguro de Vida MetLife
PAYMENT SAFEWAY,alimentacion,en,Safeway
TOKS SUC 9143,alimentacion,es,Toks
Medication,salud,en,Medication
TED iFood,alimentacion,pt,iFood
Healthcare DENVER,salud,en,Healthcare
DEBITO AUTOMATICO RENNER,compras,pt,Renner
DEBITO AUTOMATICO SHOPEE BRASIL,compras,pt,Shopee Brasil
SENDAS,alimentacion,pt,Sendas
Lanchonete PORTO ALEGRE,alimentacion,pt,Lanchonete
C&A Brasil BR,compras,pt,C&A Brasil
Videogames,entretenimiento,pt,Videogames
Best Buy HOUSTON,compras,en,Best Buy
DOCTOR VISIT,salud,en,Doctor Visit
DOM Bodega Aurrera,alimentacion,es,Bodega Aurrera
DISNEY PLUS,entretenimiento,es,Disney Plus
Cinemex SUC 6226,entretenimiento,es,Cinemex
LANCAMENTO DIVERSO,otros,pt,Lancamento Diverso
TARJ Seguro de Vida MetLife,finanzas,es,Seguro de Vida MetLife
DEBIT UNIVERSITY TUITION,educacion,en,University Tuition
VIDEOGAMES,entretenimiento,pt,Videogames
Shopping,compras,en,Shopping
Gym NEW YORK,entretenimiento,en,Gym
United Airlines US,transporte,en,United Airlines
DOM Liverpool,compras,es,Liverpool
ACH TWITCH SUBSCRIPTION,entretenimiento,en,Twitch Subscription
COMPRA Salario Mensal,ingresos,pt,Salario Mensal
Cuota Mantenimiento Condominio MEX,vivienda,es,Cuota Mantenimiento Condominio
COMPRA CARTAO Telha Norte,vivienda,pt,Telha Norte
DOM BAR LA CERVECERIA,entretenimiento,es,Bar La Cerveceria
COMPRA TDC MOBIL,transporte,es,Mobil
ACH Etsy,compras,en,Etsy
PIX NETFLIX BRASIL,entretenimiento,pt,Netflix Brasil
Property Tax *D1JN3LY,vivienda,en,Property Tax
DEBITO AUTOMATICO Onibus Viacao Cometa,transporte,pt,Onibus Viacao Cometa
TED CASAS BAHIA,compras,pt,Casas Bahia
Home Depot NEW YORK,vivienda,en,Home Depot
PAGO Steam Juegos,entretenimiento,es,Steam Juegos
NIKE STORE #6591,compras,es,Nike Store
Mortgage Payment #4316,vivienda,en,Mortgage Payment
TARJ NOTARIA PUBLICA TRAMITE,otros,es,Notaria Publica Tramite
DEBIT Robinhood Deposit,ahorro_inversion,en,Robinhood Deposit
PAGAMENTO Amil Saude,salud,pt,Amil Saude
PEAJE AUTOPISTA MEXICO QUERETARO,transporte,es,Peaje Autopista Mexico Queretaro
DEPOSITO DE NOMINA,ingresos,es,Deposito de Nomina
NOTARY FEE #1203,otros,en,Notary Fee
PAGO SAT IMPUESTOS SUC 2502,finanzas,es,Pago SAT Impuestos
CARTAO ALURA CURSOS,educacion,pt,Alura Cursos
Receita CURITIBA,ingresos,pt,Receita
DISNEY PLUS MEX,entretenimiento,es,Disney Plus
DEBITO AUTOMATICO APLICACAO EM CDB,ahorro_inversion,pt,Aplicacao em CDB
Bar La Cerveceria,entretenimiento,es,Bar La Cerveceria
RECURRING AMTRAK,transporte,en,Amtrak
DOM Didi Food,alimentacion,es,Didi Food
CARTAO CPTM,transporte,pt,CPTM
COURSERA CURSOS #2141,educacion,es,Coursera Cursos
Kuspit Inversiones SUC 2727,ahorro_inversion,es,Kuspit Inversiones
HEALTH INSURANCE,salud,en,Health Insurance
TED PIX Recebido Salario,ingresos,pt,PIX Recebido Salario
UNIMED PLANO DE SAUDE *KTM63RM,salud,pt,Unimed Plano de Saude
RECURRING NETFLIX US,entretenimiento,en,Netflix US
DESPENSA,alimentacion,es,Despensa
DoorDash US,alimentacion,en,DoorDash
Luz,servicios,es,Luz
Honorarios Profesionales #7522,ingresos,es,Honorarios Profesionales
PEDAGIO,transporte,pt,Pedagio
UNITED AIRLINES,transporte,en,United Airlines
TRANSFERENCIA A CUENTA DE AHORRO,ahorro_inversion,es,Transferencia a Cuenta de Ahorro
Beat,transporte,es,Beat
RECURRING Amazon,compras,en,Amazon
Nao Classificado,otros,pt,Nao Classificado
Taxes,finanzas,en,Taxes
PRESENTE,compras,pt,Presente
Combustivel,transporte,pt,Combustivel
MANTENIMIENTO DEL HOGAR,vivienda,es,Mantenimiento del Hogar
SEGURO MEDICO,salud,es,Seguro Medico
Kuspit Inversiones MEX,ahorro_inversion,es,Kuspit Inversiones
DOM Andrea Zapatos,compras,es,Andrea Zapatos
Educacao SALVADOR,educacion,pt,Educacao
Ponto Frio,compras,pt,Ponto Frio
Rico Investimentos,ahorro_inversion,pt,Rico Investimentos
Metrobus TIJUANA,transporte,es,Metrobus
PACHECO DROGARIA BR,salud,pt,Pacheco Drogaria
Coursera Subscription *H5KHOGS,educacion,en,Coursera Subscription
TELEFONIA,servicios,es,Telefonia
SABESP AGUA BR,servicios,pt,Sabesp Agua
CARTAO Sem Parar,transporte,pt,Sem Parar
COMPRA TDC Xbox Game Pass,entretenimiento,es,Xbox Game Pass
POSTO SHELL,transporte,pt,Posto Shell
DROGA RAIA *JS2M,salud,pt,Droga Raia
WEGMANS #7571,alimentacion,en,Wegmans
Pagare Bancario,ahorro_inversion,es,Pagare Bancario
COMPRA Sabesp Agua,servicios,pt,Sabesp Agua
COMPRA ALUGUEL RECEBIDO,ingresos,pt,Aluguel Recebido
COMPRA CARTAO iFood,alimentacion,pt,iFood
SAQUE EM CAIXA ELETRONICO *EJBJ4D,otros,pt,Saque em Caixa Eletronico
TWITCH SUBSCRIPTION,entretenimiento,en,Twitch Subscription
PIX CEMIG Energia,servicios,pt,CEMIG Energia
Extra,alimentacion,pt,Extra
PAGAMENTO Drogasil,salud,pt,Drogasil
HULU,entretenimiento,en,Hulu
Reembolso de Gastos MEX,ingresos,es,Reembolso de Gastos
Payroll SEATTLE,ingresos,en,Payroll
COMISION BANCARIA *1TNR0A,finanzas,es,Comision Bancaria
Restituicao Imposto de Renda BR,ingresos,pt,Restituicao Imposto de Renda
PAYMENT FREELANCE PAYMENT RECEIVED,ingresos,en,Freelance Payment Received
Disney Plus US *6FJAX3YU,entretenimiento,en,Disney Plus US
Gimnasio GUADALAJARA,entretenimiento,es,Gimnasio
Wire Transfer Received US,ingresos,en,Wire Transfer Received
Dentista,salud,es,Dentista
COMPRA PET SHOP CLINICA VETERINARIA,otros,pt,Pet Shop Clinica Veterinaria
Steam Games RECIFE,entretenimiento,pt,Steam Games
Americanas #2687,compras,pt,Americanas
COMPRA SKY BRASIL,servicios,pt,Sky Brasil
DOM PLAYSTATION STORE,entretenimiento,es,PlayStation Store
Salud,salud,es,Salud
Colegiatura PUEBLA,educacion,es,Colegiatura
AliExpress,compras,es,AliExpress
Shopee Brasil,compras,pt,Shopee Brasil
RECURRING HBO MAX US,entretenimiento,en,HBO Max US
Curso de Ingles Harmon Hall TIJUANA,educacion,es,Curso de Ingles Harmon Hall
PURCHASE CHARITY DONATION,otros,en,Charity Donation
Retiro de Efectivo QUERETARO,otros,es,Retiro de Efectivo
Electronics CHICAGO,compras,en,Electronics
COMPRA TDC Papeleria Lumen,educacion,es,Papeleria Lumen
DOM Bershka,compras,es,Bershka
Tarifa Bancaria PORTO ALEGRE,finanzas,pt,Tarifa Bancaria
COMPRA CARTAO DEPOSITO EM CONTA,ingresos,pt,Deposito em Conta
TARJ SKY TELEVISION,servicios,es,Sky Television
COMPRA TDC Comision Bancaria,finanzas,es,Comision Bancaria
RECURRING Wendys,alimentacion,en,Wendys
Gimnasio Smart Fit,entretenimiento,es,Gimnasio Smart Fit
COMPRA EN STEAM JUEGOS,entretenimiento,es,Steam Juegos
Telefonia,servicios,es,Telefonia
Bonificacion MONTERREY,ingresos,es,Bonificacion
DONATIVO CRUZ ROJA SUC 496,otros,es,Donativo Cruz Roja
CARD WAYFAIR,compras,en,Wayfair
Elektra SUC 7208,compras,es,Elektra
GENERAL HOSPITAL *POY7,salud,en,General Hospital
HBO Max #5404,entretenimiento,es,HBO Max
Comision Bancaria #1189,finanzas,es,Comision Bancaria
DOM Starbucks,alimentacion,es,Starbucks
TED Fast Shop,compras,pt,Fast Shop
COMPRA TDC PARAMOUNT PLUS,entretenimiento,es,Paramount Plus
Academia RECIFE,entretenimiento,pt,Academia
RESTAURANTE FOGO DE CHAO,alimentacion,pt,Restaurante Fogo de Chao
Investimento SALVADOR,ahorro_inversion,pt,Investimento
COMPRA CARTAO APLICACAO EM CDB,ahorro_inversion,pt,Aplicacao em CDB
TARJ MOVISTAR MEXICO,servicios,es,Movistar Mexico
CONTA DE GAS,servicios,pt,Conta de Gas
Anuidade do Cartao,finanzas,pt,Anuidade do Cartao
Walgreens,salud,en,Walgreens
CARD SPECTRUM CABLE,servicios,en,Spectrum Cable
Enrollment SEATTLE,educacion,en,Enrollment
Leisure,entretenimiento,en,Leisure
Bonus,ingresos,en,Bonus
DOM CURSO DE INGLES HARMON HALL,educacion,es,Curso de Ingles Harmon Hall
PAGAMENTO CLARO NET,servicios,pt,Claro Net
DOM Teatro Insurgentes,entretenimiento,es,Teatro Insurgentes
TUITION,educacion,en,Tuition
Rappi Brasil BELO HORIZONTE,alimentacion,pt,Rappi Brasil
AMAZON BRASIL BR,compras,pt,Amazon Brasil
TREN LIGERO #1831,transporte,es,Tren Ligero
Investimento,ahorro_inversion,pt,Investimento
Veterinaria Patitas MEX,otros,es,Veterinaria Patitas
Telefonia PUEBLA,servicios,es,Telefonia
DOM Movistar Mexico,servicios,es,Movistar Mexico
Deposito Recibido QUERETARO,ingresos,es,Deposito Recibido
Ikea Mexico *87C7G23C,vivienda,es,Ikea Mexico
Savings,ahorro_inversion,en,Savings
DEBITO AUTOMATICO BOBS,alimentacion,pt,Bobs
POS CREDIT CARD PAYMENT,finanzas,en,Credit Card Payment
PIX RAPPI BRASIL,alimentacion,pt,Rappi Brasil
ELECTRIC UTILITY BILL,servicios,en,Electric Utility Bill
POS ALDI,alimentacion,en,Aldi
PUBLIX US,alimentacion,en,Publix
Zona Sul #9091,alimentacion,pt,Zona Sul
PLAYSTATION BRASIL BR,entretenimiento,pt,PlayStation Brasil
Netflix,entretenimiento,es,Netflix
CLIENT INVOICE PAID,ingresos,en,Client Invoice Paid
Telefonia BELO HORIZONTE,servicios,pt,Telefonia
PAGO SERVICIO Retiro en Cajero,otros,es,Retiro en Cajero
Pagamento de Aluguel RIO DE JANEIRO,vivienda,pt,Pagamento de Aluguel
PAYMENT UNITED AIRLINES,transporte,en,United Airlines
CARTAO ConectCar,transporte,pt,ConectCar
NOMINA,ingresos,es,Nomina
Nintendo eShop #5567,entretenimiento,es,Nintendo eShop
AMC THEATRES #2667,entretenimiento,en,AMC Theatres
Uncategorized DENVER,otros,en,Uncategorized
CALZADO,compras,es,Calzado
OFFICE DEPOT,compras,es,Office Depot
Renta Recibida de Inquilino MERIDA,ingresos,es,Renta Recibida de Inquilino
UDEMY COURSE,educacion,en,Udemy Course
GASOLINA,transporte,es,Gasolina
Renta,vivienda,es,Renta
RECURRING Urgent Care Visit,salud,en,Urgent Care Visit
PIX Clinica Odontologica,salud,pt,Clinica Odontologica
ELECTRICITY,servicios,en,Electricity
SEGURO DE VIDA METLIFE MERIDA,finanzas,es,Seguro de Vida MetLife
PHONE BILL,servicios,en,Phone Bill
COMPRA Deposito em Conta,ingresos,pt,Deposito em Conta
ACH AT&T Internet,servicios,en,AT&T Internet
COMPRA Spoleto,alimentacion,pt,Spoleto
Movistar Mexico MEX,servicios,es,Movistar Mexico
CARTAO IPTU Prefeitura,vivienda,pt,IPTU Prefeitura
OI TELECOMUNICACOES,servicios,pt,Oi Telecomunicacoes
Matricula MONTERREY,educacion,es,Matricula
CARD TWITCH SUBSCRIPTION,entretenimiento,en,Twitch Subscription
Consulta Medica CURITIBA,salud,pt,Consulta Medica
Internet,servicios,es,Internet
CARD General Hospital,salud,en,General Hospital
Lancamento Diverso,otros,pt,Lancamento Diverso
Streaming MIAMI,entretenimiento,en,Streaming
Gas Natural Fenosa MERIDA,servicios,es,Gas Natural Fenosa
Fidelity Brokerage,ahorro_inversion,en,Fidelity Brokerage
GAS DOMESTICO,servicios,es,Gas Domestico
Manutencao do Lar BELO HORIZONTE,vivienda,pt,Manutencao do Lar
Dentista QUERETARO,salud,es,Dentista
Assai Atacadista #2915,alimentacion,pt,Assai Atacadista
PAGO SERVICIO Credito Hipotecario BBVA,vivienda,es,Credito Hipotecario BBVA
Savings LOS ANGELES,ahorro_inversion,en,Savings
COFFEE SHOP,alimentacion,en,Coffee Shop
ATM WITHDRAWAL,otros,en,ATM Withdrawal
CARTAO POSTO IPIRANGA,transporte,pt,Posto Ipiranga
Gasolina TIJUANA,transporte,es,Gasolina
Nintendo eShop,entretenimiento,es,Nintendo eShop
RECURRING LabCorp,salud,en,LabCorp
PURCHASE 401k Contribution,ahorro_inversion,en,401k Contribution
Consulta Medica #2134,salud,pt,Consulta Medica
Video Games MIAMI,entretenimiento,en,Video Games
Magazine Luiza RECIFE,compras,pt,Magazine Luiza
DOM Reembolso de Gastos,ingresos,es,Reembolso de Gastos
PAGAMENTO NUINVEST APORTE,ahorro_inversion,pt,Nuinvest Aporte
SEGURO DE AUTO QUALITAS,finanzas,es,Seguro de Auto Qualitas
PAGO CUOTA MANTENIMIENTO CONDOMINIO,vivienda,es,Cuota Mantenimiento Condominio
Conta de Luz SALVADOR,servicios,pt,Conta de Luz
POSTO BR PETROBRAS BR,transporte,pt,Posto BR Petrobras
Alquiler GUADALAJARA,vivienda,es,Alquiler
Energia Eletrica RECIFE,servicios,pt,Energia Eletrica
Restaurant LOS ANGELES,alimentacion,en,Restaurant
PARKING GARAGE DOWNTOWN,transporte,en,Parking Garage Downtown
DEPOSITO RECIBIDO,ingresos,es,Deposito Recibido
Calcados CURITIBA,compras,pt,Calcados
PURCHASE SPOTIFY USA,entretenimiento,en,Spotify USA
PAGO TARJETA DE CREDITO BBVA MONTERREY,finanzas,es,Pago Tarjeta de Credito BBVA
Salario,ingresos,es,Salario
UCI CINEMAS,entretenimiento,pt,UCI Cinemas
EDUCACION,educacion,es,Educacion
Superama *JPKL0BLV,alimentacion,es,Superama
PAGO Cinepolis,entretenimiento,es,Cinepolis
COMPRA EN TALLER MECANICO LOPEZ,transporte,es,Taller Mecanico Lopez
Entertainment NEW YORK,entretenimiento,en,Entertainment
STREAMING,entretenimiento,es,Streaming
Colegio Particular Cuota,educacion,es,Colegio Particular Cuota
Colegiatura Universidad UNAM #3567,educacion,es,Colegiatura Universidad UNAM
Juros,finanzas,pt,Juros
Dining SEATTLE,alimentacion,en,Dining
Outros SALVADOR,otros,pt,Outros
Roupas RECIFE,compras,pt,Roupas
Plano de Saude SAO PAULO,salud,pt,Plano de Saude
COMPRA EN HBO MAX,entretenimiento,es,HBO Max
FARMACIAS GUADALAJARA SUC 9484,salud,es,Farmacias Guadalajara
CARD Home Depot,vivienda,en,Home Depot
CARTAO POUPANCA DEPOSITO,ahorro_inversion,pt,Poupanca Deposito
DEBIT Veterinary Clinic,otros,en,Veterinary Clinic
COMPRA CARTAO Posto Ipiranga,transporte,pt,Posto Ipiranga
Bio Ritmo Academia,entretenimiento,pt,Bio Ritmo Academia
TED MENSALIDADE ESCOLA OBJETIVO,educacion,pt,Mensalidade Escola Objetivo
Anuidade Cartao Bradesco,finanzas,pt,Anuidade Cartao Bradesco
PAGO AEROMEXICO,transporte,es,Aeromexico
MEXIBUS,transporte,es,Mexibus
POS Delta Air Lines,transporte,en,Delta Air Lines
Farmacia RECIFE,salud,pt,Farmacia
ELECTRICIDAD,servicios,es,Electricidad
PAGO Laboratorio Chopo,salud,es,Laboratorio Chopo
Pagare Bancario #5411,ahorro_inversion,es,Pagare Bancario
Pago Minimo Banamex,finanzas,es,Pago Minimo Banamex
Credito Hipotecario BBVA SUC 8013,vivienda,es,Credito Hipotecario BBVA
DOM YOUTUBE PREMIUM,entretenimiento,es,YouTube Premium
PlayStation Brasil *DG9YS83,entretenimiento,pt,PlayStation Brasil
BAR DO ZECA SALVADOR,entretenimiento,pt,Bar do Zeca
POS Fidelity Brokerage,ahorro_inversion,en,Fidelity Brokerage
Pacheco Drogaria CURITIBA,salud,pt,Pacheco Drogaria
PEMEX QUERETARO,transporte,es,Pemex
ACH Comcast Xfinity,servicios,en,Comcast Xfinity
Veterinary Clinic US,otros,en,Veterinary Clinic
IOF OPERACAO,finanzas,pt,IOF Operacao
PEDAGIO CCR,transporte,pt,Pedagio CCR
Liverpool QUERETARO,compras,es,Liverpool
PAGAMENTO Pedagio CCR,transporte,pt,Pedagio CCR
COMPRA DE BITCOIN,ahorro_inversion,pt,Compra de Bitcoin
COMPRA EN Estacionamiento Centro,transporte,es,Estacionamiento Centro
Sportsworld Gym #4696,entretenimiento,es,Sportsworld Gym
COMPRA CARTAO Padaria Bella Paulista,alimentacion,pt,Padaria Bella Paulista
CARTAO Clinica Odontologica,salud,pt,Clinica Odontologica
GREYHOUND,transporte,en,Greyhound
Bonificacion,ingresos,es,Bonificacion
CARD Exxon Mobil,transporte,en,Exxon Mobil
DOM ELEKTRA,compras,es,Elektra
DOMINOS PIZZA,alimentacion,es,Dominos Pizza
COLEGIO PARTICULAR CUOTA,educacion,es,Colegio Particular Cuota
RECURRING DUNKIN DONUTS,alimentacion,en,Dunkin Donuts
PAYMENT CREDIT CARD PAYMENT,finanzas,en,Credit Card Payment
Cash Withdrawal,otros,en,Cash Withdrawal
PARKING,transporte,en,Parking
Pagamento de Cliente #7523,ingresos,pt,Pagamento de Cliente
Taxa de Condominio,vivienda,pt,Taxa de Condominio
Supermarket,alimentacion,en,Supermarket
CARD OLIVE GARDEN,alimentacion,en,Olive Garden
CINEMA,entretenimiento,pt,Cinema
PAGO YOUTUBE PREMIUM,entretenimiento,es,YouTube Premium
ETN Turistar MEX,transporte,es,ETN Turistar
RECURRING Vanguard Investment,ahorro_inversion,en,Vanguard Investment
UNIDENTIFIED CHARGE,otros,en,Unidentified Charge
BARBER SHOP,otros,en,Barber Shop
Academia Smart Fit,entretenimiento,pt,Academia Smart Fit
ROUPAS,compras,pt,Roupas
FARMACIAS BENAVIDES TIJUANA,salud,es,Farmacias Benavides
COMPRA EN Cobro a Cliente Freelance,ingresos,es,Cobro a Cliente Freelance
CARTAO ASSAI ATACADISTA,alimentacion,pt,Assai Atacadista
PET SHOP CLINICA VETERINARIA,otros,pt,Pet Shop Clinica Veterinaria
TARJ ETN Turistar,transporte,es,ETN Turistar
Regalo MONTERREY,compras,es,Regalo
Dentist DENVER,salud,en,Dentist
ASSAI ATACADISTA,alimentacion,pt,Assai Atacadista
COMPRA TDC BITSO CRIPTO,ahorro_inversion,es,Bitso Cripto
ALBERTSONS US,alimentacion,en,Albertsons
ABARROTES,alimentacion,es,Abarrotes
Anuidade do Cartao PORTO ALEGRE,finanzas,pt,Anuidade do Cartao
CONTAS DA CASA,servicios,pt,Contas da Casa
TED ONIBUS VIACAO COMETA,transporte,pt,Onibus Viacao Cometa
WALGREENS,salud,en,Walgreens
PAGAMENTO Conta de Luz Enel,servicios,pt,Conta de Luz Enel
CARTAO Unimed Plano de Saude,salud,pt,Unimed Plano de Saude
PAGO Libreria Gandhi,educacion,es,Libreria Gandhi
ACH Credit Card Payment,finanzas,en,Credit Card Payment
DEBITO AUTOMATICO C&A BRASIL,compras,pt,C&A Brasil
GAS ENCANADO,servicios,pt,Gas Encanado
DEBITO AUTOMATICO Curso de Ingles Wizard,educacion,pt,Curso de Ingles Wizard
PAYMENT Shell Gas Station,transporte,en,Shell Gas Station
Macys *59Y7,compras,en,Macys
PAGO SERVICIO SHEIN,compras,es,Shein
Nomina,ingresos,es,Nomina
COMPRA Centauro Esportes,compras,pt,Centauro Esportes
TARJ McDonalds,alimentacion,es,McDonalds
Estacionamiento Centro #6375,transporte,es,Estacionamiento Centro
POS IRS Tax Payment,finanzas,en,IRS Tax Payment
PLAYSTATION STORE MEX,entretenimiento,es,PlayStation Store
SPROUTS FARMERS MARKET,alimentacion,en,Sprouts Farmers Market
Cafe Punta del Cielo MEX,alimentacion,es,Cafe Punta del Cielo
PlayStation Store,entretenimiento,es,PlayStation Store
Fundo de Investimento *2IU1UL,ahorro_inversion,pt,Fundo de Investimento
ESTACIONAMIENTO,transporte,es,Estacionamiento
PURCHASE Amazon,compras,en,Amazon
DOM Ticketmaster Concierto,entretenimiento,es,Ticketmaster Concierto
PAPELERIA LUMEN SUC 7427,educacion,es,Papeleria Lumen
COMPRA TDC Taller Mecanico Lopez,transporte,es,Taller Mecanico Lopez
CARTAO REFORMA PREDIAL,vivienda,pt,Reforma Predial
PAGO SERVICIO FARMACIAS DEL AHORRO,salud,es,Farmacias del Ahorro
UNCATEGORIZED,otros,en,Uncategorized
COMPRA EN Shell Mexico,transporte,es,Shell Mexico
Conta de Luz,servicios,pt,Conta de Luz
PAGAMENTO IPTU Prefeitura,vivienda,pt,IPTU Prefeitura
CARTAO Spoleto,alimentacion,pt,Spoleto
Best Buy Mexico SUC 3783,compras,es,Best Buy Mexico
Xbox Live #6549,entretenimiento,en,Xbox Live
Peaje MONTERREY,transporte,es,Peaje
PIX BOBS,alimentacion,pt,Bobs
Wendys US,alimentacion,en,Wendys
Course CHICAGO,educacion,en,Course
COMPRA EN PAGO TARJETA DE CREDITO BBVA,finanzas,es,Pago Tarjeta de Credito BBVA
POS Expense Reimbursement,ingresos,en,Expense Reimbursement
Seguro Auto Porto Seguro *RJXD4,finanzas,pt,Seguro Auto Porto Seguro
Steam Juegos,entretenimiento,es,Steam Juegos
Wendys #5210,alimentacion,en,Wendys
Curso,educacion,es,Curso
Card Annual Fee,finanzas,en,Card Annual Fee
PAGO SERVICIO Comercial Mexicana,alimentacion,es,Comercial Mexicana
TRADER JOES,alimentacion,en,Trader Joes
REEMBOLSO DE GASTOS,ingresos,es,Reembolso de Gastos
RENTA RECIBIDA DE INQUILINO #1885,ingresos,es,Renta Recibida de Inquilino
SIN CLASIFICAR,otros,es,Sin Clasificar
PURCHASE DENTAL CLINIC,salud,en,Dental Clinic
Despesa Diversa BELO HORIZONTE,otros,pt,Despesa Diversa
Multa de Transito,finanzas,es,Multa de Transito
Tesouro Direto #2484,ahorro_inversion,pt,Tesouro Direto
COMPRA TDC TOTALPLAY,servicios,es,Totalplay
Movistar Mexico SUC 3538,servicios,es,Movistar Mexico
COMPRA TDC NATURGY GAS,servicios,es,Naturgy Gas
PURCHASE Direct Deposit Salary,ingresos,en,Direct Deposit Salary
LabCorp *65XDY1,salud,en,LabCorp
Online Purchase CHICAGO,compras,en,Online Purchase
PAGAMENTO Emprestimo Pessoal Santander,finanzas,pt,Emprestimo Pessoal Santander
Fund Contribution NEW YORK,ahorro_inversion,en,Fund Contribution
Planet Fitness *5OVCT2,entretenimiento,en,Planet Fitness
FINANCIAMENTO IMOBILIARIO CAIXA #5053,vivienda,pt,Financiamento Imobiliario Caixa
COMPRA EN MARISQUERIA LA COSTA,alimentacion,es,Marisqueria La Costa
Transfer to Savings MIAMI,ahorro_inversion,en,Transfer to Savings
PURCHASE Taco Bell,alimentacion,en,Taco Bell
Drogasil,salud,pt,Drogasil
DEBITO AUTOMATICO METRO SAO PAULO,transporte,pt,Metro Sao Paulo
TED Financiamento Imobiliario Caixa,vivienda,pt,Financiamento Imobiliario Caixa
DUNKIN DONUTS US,alimentacion,en,Dunkin Donuts
Farmacias Benavides,salud,es,Farmacias Benavides
Adidas Mexico,compras,es,Adidas Mexico
Cabify #6518,transporte,es,Cabify
Saude SALVADOR,salud,pt,Saude
Books,educacion,en,Books
COMPRA TDC OXXO,alimentacion,es,Oxxo
PAYMENT NOTARY FEE,otros,en,Notary Fee
POS Sprouts Farmers Market,alimentacion,en,Sprouts Farmers Market
Metro Sao Paulo,transporte,pt,Metro Sao Paulo
DEBITO AUTOMATICO LIVRARIA CULTURA,educacion,pt,Livraria Cultura
Saque,otros,pt,Saque
LUZ,servicios,es,Luz
SALUD DIGNA *PVDV7PE,salud,es,Salud Digna
TARJ ADIDAS MEXICO,compras,es,Adidas Mexico
RECURRING ROBINHOOD DEPOSIT,ahorro_inversion,en,Robinhood Deposit
COMPRA TDC Gas Natural Fenosa,servicios,es,Gas Natural Fenosa
DOM METRO CDMX,transporte,es,Metro CDMX
School Supplies,educacion,en,School Supplies
CPTM,transporte,pt,CPTM
PIX Sky Brasil,servicios,pt,Sky Brasil
TED Pagamento de Cliente,ingresos,pt,Pagamento de Cliente
CARTAO Spotify Brasil,entretenimiento,pt,Spotify Brasil
Anualidad Tarjeta Santander SUC 8590,finanzas,es,Anualidad Tarjeta Santander
Robinhood Deposit *F98T9TGZ,ahorro_inversion,en,Robinhood Deposit
RETIRO EN CAJERO *282RTKI,otros,es,Retiro en Cajero
LAVANDERIA EXPRESS TIJUANA,otros,es,Lavanderia Express
SAVINGS,ahorro_inversion,en,Savings
Deposito Recebido SALVADOR,ingresos,pt,Deposito Recebido
COMPRA CARTAO Riachuelo,compras,pt,Riachuelo
PAYMENT HOA Fees,vivienda,en,HOA Fees
PAGAMENTO Conta de Gas,servicios,pt,Conta de Gas
Toll,transporte,en,Toll
TED Netshoes,compras,pt,Netshoes
Restaurante,alimentacion,es,Restaurante
IPTU Prefeitura,vivienda,pt,IPTU Prefeitura
Oficina Mecanica Silva,transporte,pt,Oficina Mecanica Silva
COMPRA EN LIBRERIA GANDHI,educacion,es,Libreria Gandhi
COMPRA CARTAO ATACADAO,alimentacion,pt,Atacadao
COMPRA EN Salud Digna,salud,es,Salud Digna
Bar La Cerveceria MEX,entretenimiento,es,Bar La Cerveceria
Drogasil BR,salud,pt,Drogasil
Transport,transporte,en,Transport
TED Leroy Merlin,vivienda,pt,Leroy Merlin
Matricula,educacion,es,Matricula
Inversion MERIDA,ahorro_inversion,es,Inversion
Renta MERIDA,vivienda,es,Renta
PURCHASE COINBASE PURCHASE,ahorro_inversion,en,Coinbase Purchase
Pago de Deuda,finanzas,es,Pago de Deuda
INTERNET SERVICE PROVIDER *K1DZCJD,servicios,en,Internet Service Provider
Sem Parar BR,transporte,pt,Sem Parar
POS Hair Salon,otros,en,Hair Salon
CARTAO Taxa de Condominio,vivienda,pt,Taxa de Condominio
Andrea Zapatos MONTERREY,compras,es,Andrea Zapatos
DEBITO AUTOMATICO AMIL SAUDE,salud,pt,Amil Saude
Descomplica,educacion,pt,Descomplica
CARD Wire Transfer Received,ingresos,en,Wire Transfer Received
TED Centauro Esportes,compras,pt,Centauro Esportes
TED TAXA DE CONDOMINIO,vivienda,pt,Taxa de Condominio
PAGO COPPEL,compras,es,Coppel
TED DROGARIA SAO PAULO,salud,pt,Drogaria Sao Paulo
RECURRING Student Loan Payment,educacion,en,Student Loan Payment
Rent Payment SEATTLE,vivienda,en,Rent Payment
PIX Barbearia do Joao,otros,pt,Barbearia do Joao
RECURRING LAUNDROMAT,otros,en,Laundromat
Fuel CHICAGO,transporte,en,Fuel
Utilities LOS ANGELES,servicios,en,Utilities
XBOX GAME PASS,entretenimiento,es,Xbox Game Pass
CARTAO Steam Games,entretenimiento,pt,Steam Games
PAYMENT Emergency Fund Transfer,ahorro_inversion,en,Emergency Fund Transfer
ESTACIONAMENTO,transporte,pt,Estacionamento
DEBITO AUTOMATICO Habibs,alimentacion,pt,Habibs
RECURRING Jiffy Lube,transporte,en,Jiffy Lube
VIPS TIJUANA,alimentacion,es,Vips
HEALTHCARE,salud,en,Healthcare
COMPRA EN Mudanza Express,vivienda,es,Mudanza Express
Credito Hipotecario BBVA,vivienda,es,Credito Hipotecario BBVA
Comision Bancaria,finanzas,es,Comision Bancaria
DEBIT Southwest Airlines,transporte,en,Southwest Airlines
Spotify USA *JYFE,entretenimiento,en,Spotify USA
FARMACIAS GUADALAJARA PUEBLA,salud,es,Farmacias Guadalajara
Investment,ahorro_inversion,en,Investment
Entretenimento SAO PAULO,entretenimiento,pt,Entretenimento
ROPA,compras,es,Ropa
PREDIAL MUNICIPAL MEX,finanzas,es,Predial Municipal
RESTITUICAO IMPOSTO DE RENDA *1ZYEDHY6,ingresos,pt,Restituicao Imposto de Renda
COMPRA EN DIDI,transporte,es,DiDi
CARD JIFFY LUBE,transporte,en,Jiffy Lube
Oi Telecomunicacoes *OBB9OF3M,servicios,pt,Oi Telecomunicacoes
CARGO VARIOS,otros,es,Cargo Varios
Transferencia a Ahorro,ahorro_inversion,es,Transferencia a Ahorro
BART,transporte,en,BART
EMPRESTIMO PESSOAL SANTANDER,finanzas,pt,Emprestimo Pessoal Santander
Seguro Medico GNP *BO1EPMKV,salud,es,Seguro Medico GNP
ATM Withdrawal *MYFTZ,otros,en,ATM Withdrawal
STREAMING SUBSCRIPTION,entretenimiento,en,Streaming Subscription
CARTAO OUTBACK,alimentacion,pt,Outback
COMPRA EN Megacable,servicios,es,Megacable
PURCHASE Jiffy Lube,transporte,en,Jiffy Lube
Sueldo,ingresos,es,Sueldo
Charity Donation *OC1IQZ4J,otros,en,Charity Donation
WHOLE FOODS MARKET US,alimentacion,en,Whole Foods Market
PAYMENT Walmart US,compras,en,Walmart US
Mortgage Payment MIAMI,vivienda,en,Mortgage Payment
Sportsworld Gym,entretenimiento,es,Sportsworld Gym
Hulu *SVUHF0,entretenimiento,en,Hulu
Aporte em Fundo,ahorro_inversion,pt,Aporte em Fundo
CARTAO Telecine,entretenimiento,pt,Telecine
Educacion,educacion,es,Educacion
SAFEWAY,alimentacion,en,Safeway
ETN Turistar TIJUANA,transporte,es,ETN Turistar
CARTAO Condominio Edificio Aurora,vivienda,pt,Condominio Edificio Aurora
Dish Mexico MONTERREY,servicios,es,Dish Mexico
AMAZON MEXICO MEX,compras,es,Amazon Mexico
Cargo Varios TIJUANA,otros,es,Cargo Varios
PAGO SERVICIO CABIFY,transporte,es,Cabify
PURCHASE General Hospital,salud,en,General Hospital
CARD GREYHOUND,transporte,en,Greyhound
PAGO Devolucion de Impuestos SAT,ingresos,es,Devolucion de Impuestos SAT
TRANSFERENCIA PARA POUPANCA,ahorro_inversion,pt,Transferencia para Poupanca
PAYMENT Property Tax,vivienda,en,Property Tax
PAGO Binance Compra,ahorro_inversion,es,Binance Compra
RECURRING PANERA BREAD,alimentacion,en,Panera Bread
FOOD,alimentacion,en,Food
TARJ DiDi,transporte,es,DiDi
Drogasil SALVADOR,salud,pt,Drogasil
COMPRA TDC AEROMEXICO,transporte,es,Aeromexico
Olive Garden,alimentacion,en,Olive Garden
COMPRA Posto Ipiranga,transporte,pt,Posto Ipiranga
Livros SAO PAULO,educacion,pt,Livros
PAYMENT Roth IRA Deposit,ahorro_inversion,en,Roth IRA Deposit
DOM CONSULTA DENTISTA,salud,es,Consulta Dentista
Anualidad Tarjeta Santander,finanzas,es,Anualidad Tarjeta Santander
TARJ Agua y Saneamiento SACMEX,servicios,es,Agua y Saneamiento SACMEX
PAGAMENTO Salario Mensal,ingresos,pt,Salario Mensal
CARTAO CONTA DE GAS,servicios,pt,Conta de Gas
Quest Diagnostics,salud,en,Quest Diagnostics
Laundromat *9ZN0UP0I,otros,en,Laundromat
COMPRA SAQUE EM CAIXA ELETRONICO,otros,pt,Saque em Caixa Eletronico
CARTAO Onibus Viacao Cometa,transporte,pt,Onibus Viacao Cometa
TED RIACHUELO,compras,pt,Riachuelo
IZZI TELECOM QUERETARO,servicios,es,Izzi Telecom
Estacionamento Estapar #1136,transporte,pt,Estacionamento Estapar
REGALO CUMPLEANOS *Y9PGZD9,otros,es,Regalo Cumpleanos
Miscellaneous MIAMI,otros,en,Miscellaneous
CARTAO MENSALIDADE FACULDADE USP,educacion,pt,Mensalidade Faculdade USP
PAGO SERVICIO Toks,alimentacion,es,Toks
DOM NATURGY GAS,servicios,es,Naturgy Gas
Disposicion de Efectivo,otros,es,Disposicion de Efectivo
HOA Fees #5503,vivienda,en,HOA Fees
Shein SUC 5306,compras,es,Shein
COMPRA TDC AGUA Y SANEAMIENTO SACMEX,servicios,es,Agua y Saneamiento SACMEX
Farmacia,salud,es,Farmacia
BARBER SHOP #9393,otros,en,Barber Shop
FARMACIAS DEL AHORRO MEX,salud,es,Farmacias del Ahorro
Pago SAT Impuestos *TEXU2,finanzas,es,Pago SAT Impuestos
DEEZER PREMIUM,entretenimiento,pt,Deezer Premium
H&M Mexico *N4Y3PGY,compras,es,H&M Mexico
Outback *0B58ST4P,alimentacion,pt,Outback
PEMEX MEX,transporte,es,Pemex
HOSPITAL ALBERT EINSTEIN PORTO ALEGRE,salud,pt,Hospital Albert Einstein
Agua RIO DE JANEIRO,servicios,pt,Agua
DOCTOR CONSULTA GENERAL,salud,es,Doctor Consulta General
Compra en Linea QUERETARO,compras,es,Compra en Linea
DEBIT Udemy Course,educacion,en,Udemy Course
Lazer,entretenimiento,pt,Lazer
EMERGENCY FUND TRANSFER #4676,ahorro_inversion,en,Emergency Fund Transfer
FARMACIAS BENAVIDES,salud,es,Farmacias Benavides
Mercado Libre,compras,es,Mercado Libre
Pago de Renta GUADALAJARA,vivienda,es,Pago de Renta
TARJ Farmacias Similares,salud,es,Farmacias Similares
Carrefour BR,alimentacion,pt,Carrefour
NINTENDO ESHOP MERIDA,entretenimiento,es,Nintendo eShop
Bonus Payment,ingresos,en,Bonus Payment
Bitso Cripto MEX,ahorro_inversion,es,Bitso Cripto
Urgent Care Visit,salud,en,Urgent Care Visit
UTILITIES,servicios,en,Utilities
PIX CONECTCAR,transporte,pt,ConectCar
DEBITO AUTOMATICO GIRAFFAS,alimentacion,pt,Giraffas
PAGO SERVICIO SEARS MEXICO,compras,es,Sears Mexico
Autobuses ADO,transporte,es,Autobuses ADO
POUPANCA DEPOSITO *516C96E,ahorro_inversion,pt,Poupanca Deposito
PIX Pacheco Drogaria,salud,pt,Pacheco Drogaria
Pet Shop Clinica Veterinaria SAO PAULO,otros,pt,Pet Shop Clinica Veterinaria
Ahorro,ahorro_inversion,es,Ahorro
BIG BOMPRECO BR,alimentacion,pt,Big Bompreco
CARTAO RICO INVESTIMENTOS,ahorro_inversion,pt,Rico Investimentos
Regal Cinemas NEW YORK,entretenimiento,en,Regal Cinemas
CUOTA MANTENIMIENTO CONDOMINIO SUC 8431,vivienda,es,Cuota Mantenimiento Condominio
PAGAMENTO ALUGUEL APARTAMENTO,vivienda,pt,Aluguel Apartamento
PAGO SERVICIO Starbucks,alimentacion,es,Starbucks
Dunkin Donuts #4873,alimentacion,en,Dunkin Donuts
Lavanderia Express MEX,otros,es,Lavanderia Express
Netflix US,entretenimiento,en,Netflix US
Mantenimiento del Hogar,vivienda,es,Mantenimiento del Hogar
MOBIL SUC 8143,transporte,es,Mobil
COMPRA TDC Rappi,alimentacion,es,Rappi
COMPRAS,compras,es,Compras
PAGO Optica Devlyn,salud,es,Optica Devlyn
CFE Electricidad MEX,servicios,es,CFE Electricidad
Netflix MEX,entretenimiento,es,Netflix
iFood,alimentacion,pt,iFood
LabCorp SEATTLE,salud,en,LabCorp
Otros,otros,es,Otros
Cuenta de Ahorro,ahorro_inversion,es,Cuenta de Ahorro
AGUINALDO TIJUANA,ingresos,es,Aguinaldo
COMPRA EN Pago SAT Impuestos,finanzas,es,Pago SAT Impuestos
PAGO SERVICIO BURGER KING,alimentacion,es,Burger King
TED Mercadinho Sao Luiz,alimentacion,pt,Mercadinho Sao Luiz
DOM UBER,transporte,es,Uber
PURCHASE CHEVRON,transporte,en,Chevron
PAGO SERVICIO DONATIVO CRUZ ROJA,otros,es,Donativo Cruz Roja
SHOPEE BRASIL BR,compras,pt,Shopee Brasil
INVESTIMENTO XP,ahorro_inversion,pt,Investimento XP
PAGO SERVICIO Temu,compras,es,Temu
ATM Withdrawal SEATTLE,otros,en,ATM Withdrawal
T-MOBILE #2215,servicios,en,T-Mobile
PAYMENT COURSERA SUBSCRIPTION,educacion,en,Coursera Subscription
UNIVERSITY TUITION,educacion,en,University Tuition
Estacionamiento,transporte,es,Estacionamiento
CASH WITHDRAWAL,otros,en,Cash Withdrawal
Dining,alimentacion,en,Dining
AGUINALDO,ingresos,es,Aguinaldo
CARREFOUR *I9D99V,alimentacion,pt,Carrefour
Assinatura Streaming SAO PAULO,entretenimiento,pt,Assinatura Streaming
ENTERTAINMENT,entretenimiento,en,Entertainment
PIX Estacionamento Estapar,transporte,pt,Estacionamento Estapar
TED LABORATORIO FLEURY,salud,pt,Laboratorio Fleury
COMPRA TDC IKEA MEXICO,vivienda,es,Ikea Mexico
Walgreens *XCEN0T,salud,en,Walgreens
COMPRA TDC Tortilleria San Juan,alimentacion,es,Tortilleria San Juan
Electricidad QUERETARO,servicios,es,Electricidad
Passagem Onibus,transporte,pt,Passagem Onibus
China in Box *8R9RI,alimentacion,pt,China in Box
COINBASE PURCHASE,ahorro_inversion,en,Coinbase Purchase
Transferencia a Cuenta de Ahorro,ahorro_inversion,es,Transferencia a Cuenta de Ahorro
UBER EATS CDMX,alimentacion,es,Uber Eats
PIX POSTO BR PETROBRAS,transporte,pt,Posto BR Petrobras
Clinica Medica Sur,salud,es,Clinica Medica Sur
Pago Hipoteca Infonavit,vivienda,es,Pago Hipoteca Infonavit
TRADER JOES HOUSTON,alimentacion,en,Trader Joes
POS Grubhub,alimentacion,en,Grubhub
PAYMENT Veterinary Clinic,otros,en,Veterinary Clinic
COMPRA TDC PLAYSTATION STORE,entretenimiento,es,PlayStation Store
TARJ KUMON MATEMATICAS,educacion,es,Kumon Matematicas
POS Five Guys,alimentacion,en,Five Guys
Five Guys,alimentacion,en,Five Guys
DOM Cargo No Identificado,otros,es,Cargo No Identificado
Presente RIO DE JANEIRO,compras,pt,Presente
Marcenaria Souza,vivienda,pt,Marcenaria Souza
Home Maintenance MIAMI,vivienda,en,Home Maintenance
COMPRA CARTAO Latam Brasil,transporte,pt,Latam Brasil
PAGO DE ALQUILER,vivienda,es,Pago de Alquiler
GYM,entretenimiento,en,Gym
APLICACAO EM CDB *Q70K65I,ahorro_inversion,pt,Aplicacao em CDB
PAYMENT Unidentified Charge,otros,en,Unidentified Charge
PURCHASE Adidas US,compras,en,Adidas US
Movies SEATTLE,entretenimiento,en,Movies
COMPRA IPVA Detran,finanzas,pt,IPVA Detran
Academia,entretenimiento,pt,Academia
COMPRA CARTAO Estacionamento Estapar,transporte,pt,Estacionamento Estapar
TED C&A BRASIL,compras,pt,C&A Brasil
RECURRING Unidentified Charge,otros,en,Unidentified Charge
Agua MERIDA,servicios,es,Agua
Tax Refund,ingresos,en,Tax Refund
Big Bompreco,alimentacion,pt,Big Bompreco
ACH WEGMANS,alimentacion,en,Wegmans
Deposito de Nomina PUEBLA,ingresos,es,Deposito de Nomina
Mensalidade SALVADOR,educacion,pt,Mensalidade
RECURRING Lyft,transporte,en,Lyft
Multa de Transito MERIDA,finanzas,es,Multa de Transito
COMPRA EN BITSO CRIPTO,ahorro_inversion,es,Bitso Cripto
CHARITY DONATION,otros,en,Charity Donation
Gift CHICAGO,compras,en,Gift
Abarrotes,alimentacion,es,Abarrotes
Cuenta de Ahorro MERIDA,ahorro_inversion,es,Cuenta de Ahorro
TARJ Home Depot Mexico,vivienda,es,Home Depot Mexico
CHARITY DONATION US,otros,en,Charity Donation
Shell Mexico MEX,transporte,es,Shell Mexico
COMPRA CARTAO DOACAO ONG,otros,pt,Doacao ONG
DIDI TIJUANA,transporte,es,DiDi
DEBIT BP FUEL,transporte,en,BP Fuel
ACH Nike,compras,en,Nike
GRUBHUB,alimentacion,en,Grubhub
Disney Plus US,entretenimiento,en,Disney Plus US
PURCHASE PROPERTY TAX,vivienda,en,Property Tax
Target SEATTLE,compras,en,Target
UBER US US,transporte,en,Uber US
ACH TICKETMASTER EVENT,entretenimiento,en,Ticketmaster Event
PIX UBER BRASIL,transporte,pt,Uber Brasil
Hipoteca,vivienda,es,Hipoteca
ACH Laundromat,otros,en,Laundromat
DOM GASOLINERA TOTAL,transporte,es,Gasolinera Total
PAGO SERVICIO Amazon Prime Video,entretenimiento,es,Amazon Prime Video
PAGO SERVICIO Transferencia Recibida,ingresos,es,Transferencia Recibida
SERVICIOS DEL HOGAR,servicios,es,Servicios del Hogar
COMPRA Telecine,entretenimiento,pt,Telecine
TED CASA DO PAO DE QUEIJO,alimentacion,pt,Casa do Pao de Queijo
TED Pagamento Fatura Cartao Nubank,finanzas,pt,Pagamento Fatura Cartao Nubank
MARISQUERIA LA COSTA SUC 522,alimentacion,es,Marisqueria La Costa
Health Insurance SEATTLE,salud,en,Health Insurance
PAGAMENTO Comgas,servicios,pt,Comgas
SHOPPING,compras,en,Shopping
Spotify Brasil #4860,entretenimiento,pt,Spotify Brasil
COMPRA TDC Viva Aerobus,transporte,es,Viva Aerobus
PAGO SERVICIO Paramount Plus,entretenimiento,es,Paramount Plus
Clothing,compras,en,Clothing
Spotify Brasil,entretenimiento,pt,Spotify Brasil
TARJ Pemex,transporte,es,Pemex
DEBITO AUTOMATICO Netshoes,compras,pt,Netshoes
PAGO SERVICIO CONSULTA DENTISTA,salud,es,Consulta Dentista
CARTORIO TAXA,otros,pt,Cartorio Taxa
DEBITO AUTOMATICO Big Bompreco,alimentacion,pt,Big Bompreco
Alimentacao BELO HORIZONTE,alimentacion,pt,Alimentacao
RIACHUELO BR,compras,pt,Riachuelo
Pedagio,transporte,pt,Pedagio
Hulu SEATTLE,entretenimiento,en,Hulu
Salao de Beleza CURITIBA,otros,pt,Salao de Beleza
IMPOSTOS,finanzas,pt,Impostos
Taxi,transporte,es,Taxi
Inversion,ahorro_inversion,es,Inversion
DOM BINANCE COMPRA,ahorro_inversion,es,Binance Compra
Seguro QUERETARO,finanzas,es,Seguro
COMPRA CARTAO CINEMARK BRASIL,entretenimiento,pt,Cinemark Brasil
Client Invoice Paid US,ingresos,en,Client Invoice Paid
PAGO SALUD DIGNA,salud,es,Salud Digna
CARD Cash Advance,otros,en,Cash Advance
RECURRING Overdraft Fee,finanzas,en,Overdraft Fee
COMPRA DE DOLARES #5708,ahorro_inversion,es,Compra de Dolares
Deposito Recebido,ingresos,pt,Deposito Recebido
Ingreso MERIDA,ingresos,es,Ingreso
MATRICULA,educacion,es,Matricula
DINING,alimentacion,en,Dining
PAGO ZARA MEXICO,compras,es,Zara Mexico
DOM Telcel,servicios,es,Telcel
Insurance,finanzas,en,Insurance
Transfer to Savings,ahorro_inversion,en,Transfer to Savings
TED GIRAFFAS,alimentacion,pt,Giraffas
DEBT PAYMENT,finanzas,en,Debt Payment
Entertainment,entretenimiento,en,Entertainment
Medication NEW YORK,salud,en,Medication
Clinica Medica Sur MEX,salud,es,Clinica Medica Sur
Other,otros,en,Other
PAYMENT Lyft,transporte,en,Lyft
UDEMY CURSO #1665,educacion,es,Udemy Curso
Compras SAO PAULO,compras,pt,Compras
Albertsons HOUSTON,alimentacion,en,Albertsons
POS Publix,alimentacion,en,Publix
PLATZI SUSCRIPCION MEX,educacion,es,Platzi Suscripcion
PAGAMENTO CHINA IN BOX,alimentacion,pt,China in Box
Interest Charge,finanzas,en,Interest Charge
RESTAURANT,alimentacion,en,Restaurant
Peaje,transporte,es,Peaje
Income,ingresos,en,Income
Compra de Bitcoin #2678,ahorro_inversion,pt,Compra de Bitcoin
Teatro Insurgentes *UAVN,entretenimiento,es,Teatro Insurgentes
COMPRA TDC BERSHKA,compras,es,Bershka
DEBITO AUTOMATICO BIO RITMO ACADEMIA,entretenimiento,pt,Bio Ritmo Academia
DEBIT DOORDASH,alimentacion,en,DoorDash
INGRESSO.COM SHOW *RYTFDR,entretenimiento,pt,Ingresso.com Show
AT&T Internet *N4JP,servicios,en,AT&T Internet
SENDAS #7037,alimentacion,pt,Sendas
PIX PAGAMENTO DE CLIENTE,ingresos,pt,Pagamento de Cliente
COMPRA Tarifa Bancaria Itau,finanzas,pt,Tarifa Bancaria Itau
DENTIST,salud,en,Dentist
NETSHOES *CDNSX0K,compras,pt,Netshoes
Seguro de Auto Qualitas #6690,finanzas,es,Seguro de Auto Qualitas
Cargo Varios,otros,es,Cargo Varios
Pago de Alquiler TIJUANA,vivienda,es,Pago de Alquiler
PAGO INVERSION GBM FONDOS,ahorro_inversion,es,Inversion GBM Fondos
Papeleria Lumen,educacion,es,Papeleria Lumen
PAGAMENTO Onibus Viacao Cometa,transporte,pt,Onibus Viacao Cometa
PAGAMENTO Metro Sao Paulo,transporte,pt,Metro Sao Paulo
COMPRA TDC Bodega Aurrera,alimentacion,es,Bodega Aurrera
Coffee Shop MIAMI,alimentacion,en,Coffee Shop
ABONO DE SUELDO,ingresos,es,Abono de Sueldo
TESOURO DIRETO PORTO ALEGRE,ahorro_inversion,pt,Tesouro Direto
EXXON MOBIL,transporte,en,Exxon Mobil
Streaming TIJUANA,entretenimiento,es,Streaming
ELECTRIC UTILITY BILL HOUSTON,servicios,en,Electric Utility Bill
DEBITO AUTOMATICO SPOLETO,alimentacion,pt,Spoleto
CHIPOTLE *UBR25OW,alimentacion,en,Chipotle
Servicios del Hogar TIJUANA,servicios,es,Servicios del Hogar
WALMART,alimentacion,es,Walmart
PASSAGEM ONIBUS,transporte,pt,Passagem Onibus
Casas Bahia,compras,pt,Casas Bahia
Aportacion Afore SUC 4054,ahorro_inversion,es,Aportacion Afore
MCDONALDS MEX,alimentacion,es,McDonalds
DEBIT Khan Academy Donation,educacion,en,Khan Academy Donation
ACH Udemy Course,educacion,en,Udemy Course
TARJ LIVERPOOL MUEBLES,vivienda,es,Liverpool Muebles
Habibs #4598,alimentacion,pt,Habibs
RETIRO EN CAJERO MEX,otros,es,Retiro en Cajero
TED BIO RITMO ACADEMIA,entretenimiento,pt,Bio Ritmo Academia
INGRESO,ingresos,es,Ingreso
Compra Online,compras,pt,Compra Online
POS College Bookstore,educacion,en,College Bookstore
COLEGIATURA,educacion,es,Colegiatura
Aportacion Afore GUADALAJARA,ahorro_inversion,es,Aportacion Afore
COMPRA EN La Comer,alimentacion,es,La Comer
Cash Withdrawal SEATTLE,otros,en,Cash Withdrawal
ELECTRONICS,compras,en,Electronics
ACH Health Insurance Premium,salud,en,Health Insurance Premium
JIFFY LUBE #7642,transporte,en,Jiffy Lube
Medicamentos TIJUANA,salud,es,Medicamentos
Educacion GUADALAJARA,educacion,es,Educacion
DEBITO AUTOMATICO Laboratorio Fleury,salud,pt,Laboratorio Fleury
Tag IAVE SUC 3487,transporte,es,Tag IAVE
PAGO Telcel,servicios,es,Telcel
COMPRA TDC INSCRIPCION TEC DE MONTERREY,educacion,es,Inscripcion Tec de Monterrey
TED Recebida,ingresos,pt,TED Recebida
PHARMACY,salud,en,Pharmacy
PAYMENT Rental Income,ingresos,en,Rental Income
Compra Online BELO HORIZONTE,compras,pt,Compra Online
VOLARIS SUC 5599,transporte,es,Volaris
Books MIAMI,educacion,en,Books
BRT Rio *9146,transporte,pt,BRT Rio
DESPESA DIVERSA,otros,pt,Despesa Diversa
CONTA DE LUZ ENEL,servicios,pt,Conta de Luz Enel
ALURA CURSOS,educacion,pt,Alura Cursos
PLANET FITNESS,entretenimiento,en,Planet Fitness
Amazon Mexico,compras,es,Amazon Mexico
DOM Coppel,compras,es,Coppel
Anualidad de Tarjeta,finanzas,es,Anualidad de Tarjeta
DOM Veterinaria Patitas,otros,es,Veterinaria Patitas
University Tuition #6694,educacion,en,University Tuition
COMPRA CLARO NET,servicios,pt,Claro Net
Annual Card Fee,finanzas,en,Annual Card Fee
LIVROS,educacion,pt,Livros
TARJ Bodega Aurrera,alimentacion,es,Bodega Aurrera
ENERGIA ELETRICA,servicios,pt,Energia Eletrica
Cabify SUC 9946,transporte,es,Cabify
BART DENVER,transporte,en,BART
Internet CDMX,servicios,es,Internet
Notaria Publica Tramite MERIDA,otros,es,Notaria Publica Tramite
DOCTOR CONSULTA GENERAL #2355,salud,es,Doctor Consulta General
CAFETERIA SUPLICY SAO PAULO,alimentacion,pt,Cafeteria Suplicy
Panera Bread,alimentacion,en,Panera Bread
Medicamentos,salud,es,Medicamentos
PAGO SERVICIO SEVEN ELEVEN,alimentacion,es,Seven Eleven
Renta Departamento *1SZJI,vivienda,es,Renta Departamento
Impuestos,finanzas,es,Impuestos
COMPRA Globoplay,entretenimiento,pt,Globoplay
Dental Clinic NEW YORK,salud,en,Dental Clinic
DOM Amazon Mexico,compras,es,Amazon Mexico
Mortgage DENVER,vivienda,en,Mortgage
Devolucion de Impuestos SAT SUC 439,ingresos,es,Devolucion de Impuestos SAT
Pago Tarjeta de Credito BBVA #5111,finanzas,es,Pago Tarjeta de Credito BBVA
LEISURE,entretenimiento,en,Leisure
TARJ Pago Hipoteca Infonavit,vivienda,es,Pago Hipoteca Infonavit
Cine,entretenimiento,es,Cine
Impuestos GUADALAJARA,finanzas,es,Impuestos
BANK SERVICE FEE,finanzas,en,Bank Service Fee
DOM COLEGIATURA UNIVERSIDAD UNAM,educacion,es,Colegiatura Universidad UNAM
INTERESES CREDITO NOMINA,finanzas,es,Intereses Credito Nomina
DOM RAPPI,alimentacion,es,Rappi
H&M Mexico QUERETARO,compras,es,H&M Mexico
Transporte Publico QUERETARO,transporte,es,Transporte Publico
POS DIRECT DEPOSIT SALARY,ingresos,en,Direct Deposit Salary
Online Purchase,compras,en,Online Purchase
SEVEN ELEVEN MERIDA,alimentacion,es,Seven Eleven
FUND CONTRIBUTION,ahorro_inversion,en,Fund Contribution
CASA DO PAO DE QUEIJO *CZ5LS,alimentacion,pt,Casa do Pao de Queijo
Impostos,finanzas,pt,Impostos
PAGO SERVICIO Izzi Telecom,servicios,es,Izzi Telecom
PAYMENT Cash Advance,otros,en,Cash Advance
FREELANCE PAYMENT RECEIVED NEW YORK,ingresos,en,Freelance Payment Received
Natural Gas,servicios,en,Natural Gas
PAGO SERVICIO Autobuses ADO,transporte,es,Autobuses ADO
Pagamento de Aluguel,vivienda,pt,Pagamento de Aluguel
PAGO KUSPIT INVERSIONES,ahorro_inversion,es,Kuspit Inversiones
BERSHKA #4376,compras,es,Bershka
ANUIDADE CARTAO BRADESCO,finanzas,pt,Anuidade Cartao Bradesco
BRT Rio,transporte,pt,BRT Rio
Course,educacion,en,Course
Juros BELO HORIZONTE,finanzas,pt,Juros
TARJ SHEIN,compras,es,Shein
REGALO CUMPLEANOS SUC 2433,otros,es,Regalo Cumpleanos
LIVERPOOL MUEBLES SUC 2827,vivienda,es,Liverpool Muebles
Transferencia para Poupanca,ahorro_inversion,pt,Transferencia para Poupanca
POS Coursera Subscription,educacion,en,Coursera Subscription
Streaming Subscription MIAMI,entretenimiento,en,Streaming Subscription
DEBIT HOA Fees,vivienda,en,HOA Fees
ELETRONICOS,compras,pt,Eletronicos
COMPRA CARTAO Pacheco Drogaria,salud,pt,Pacheco Drogaria
RECURRING Five Guys,alimentacion,en,Five Guys
Liverpool Muebles,vivienda,es,Liverpool Muebles
Telcel PUEBLA,servicios,es,Telcel
SEGURO MEDICO GNP,salud,es,Seguro Medico GNP
PAYMENT Uber US,transporte,en,Uber US
RENT,vivienda,en,Rent
Miscellaneous,otros,en,Miscellaneous
COSTCO *GD8AFPK0,alimentacion,es,Costco
RECURRING Water Bill,servicios,en,Water Bill
Etsy LOS ANGELES,compras,en,Etsy
PAGO Gasolinera Total,transporte,es,Gasolinera Total
DOACAO ONG *09OG,otros,pt,Doacao ONG
LA COMER #4161,alimentacion,es,La Comer
PIX COPEL DISTRIBUICAO,servicios,pt,Copel Distribuicao
Recibo de Luz,servicios,es,Recibo de Luz
BP GASOLINERA CDMX,transporte,es,BP Gasolinera
APLICACAO FINANCEIRA,ahorro_inversion,pt,Aplicacao Financeira
OPTICA DEVLYN SUC 6047,salud,es,Optica Devlyn
COLLEGE BOOKSTORE,educacion,en,College Bookstore
COMPRA EN Gimnasio Smart Fit,entretenimiento,es,Gimnasio Smart Fit
Salary,ingresos,en,Salary
Soriana MERIDA,alimentacion,es,Soriana
PAGO HEB,alimentacion,es,HEB
POS CHEVRON,transporte,en,Chevron
Laboratorio Chopo GUADALAJARA,salud,es,Laboratorio Chopo
DOM CETES DIRECTO,ahorro_inversion,es,Cetes Directo
PAGO Office Depot,compras,es,Office Depot
IZZI TELECOM,servicios,es,Izzi Telecom
DEBIT HOME DEPOT,vivienda,en,Home Depot
Zara Mexico #6231,compras,es,Zara Mexico
Internet HOUSTON,servicios,en,Internet
Anuidade Cartao Bradesco CURITIBA,finanzas,pt,Anuidade Cartao Bradesco
MTA SUBWAY,transporte,en,MTA Subway
Poupanca Deposito CURITIBA,ahorro_inversion,pt,Poupanca Deposito
DOORDASH,alimentacion,en,DoorDash
POS LOAN INTEREST PAYMENT,finanzas,en,Loan Interest Payment
PAGO SERVICIO APORTACION AFORE,ahorro_inversion,es,Aportacion Afore
PIX CONDOMINIO EDIFICIO AURORA,vivienda,pt,Condominio Edificio Aurora
COMPRA TDC Nintendo eShop,entretenimiento,es,Nintendo eShop
STAR PLUS *G58G26C,entretenimiento,es,Star Plus
COMPRA EN RENTA DEPARTAMENTO,vivienda,es,Renta Departamento
PAGARE BANCARIO PUEBLA,ahorro_inversion,es,Pagare Bancario
DEBITO AUTOMATICO Reembolso de Despesas,ingresos,pt,Reembolso de Despesas
PAGO Didi Food,alimentacion,es,Didi Food
Aluguel Apartamento,vivienda,pt,Aluguel Apartamento
Amazon Prime Video *AXXBTT6H,entretenimiento,es,Amazon Prime Video
Movies,entretenimiento,en,Movies
PAGO DE RENTA,vivienda,es,Pago de Renta
TED DROGA RAIA,salud,pt,Droga Raia
POS EQUINOX GYM,entretenimiento,en,Equinox Gym
iFood RIO DE JANEIRO,alimentacion,pt,iFood
PAO DE ACUCAR #5851,alimentacion,pt,Pao de Acucar
Steam Store,entretenimiento,en,Steam Store
HOME MAINTENANCE,vivienda,en,Home Maintenance
COMIDA,alimentacion,es,Comida
H&M MEXICO,compras,es,H&M Mexico
CLINICA ODONTOLOGICA #9985,salud,pt,Clinica Odontologica
Cuota de Mantenimiento,vivienda,es,Cuota de Mantenimiento
TARJ Intereses Credito Nomina,finanzas,es,Intereses Credito Nomina
TARJ Oxxo,alimentacion,es,Oxxo
BONIFICACION,ingresos,es,Bonificacion
ZARA MEXICO MEX,compras,es,Zara Mexico
DOM CINEMEX,entretenimiento,es,Cinemex
NAO CLASSIFICADO,otros,pt,Nao Classificado
FUEL,transporte,en,Fuel
TARJ Vips,alimentacion,es,Vips
Doctor Visit DENVER,salud,en,Doctor Visit
ALUGUEL,vivienda,pt,Aluguel
TARJ Farmacias del Ahorro,salud,es,Farmacias del Ahorro
Comida,alimentacion,es,Comida
TREN LIGERO *0H8WN2,transporte,es,Tren Ligero
PAGAMENTO SKY BRASIL,servicios,pt,Sky Brasil
SEARS MEXICO *LWTK,compras,es,Sears Mexico
Auto Insurance Geico *EQ2H,finanzas,en,Auto Insurance Geico
INTERESES,finanzas,es,Intereses
Receita,ingresos,pt,Receita
COMPRA TDC Abono de Sueldo,ingresos,es,Abono de Sueldo
Reparto de Utilidades,ingresos,es,Reparto de Utilidades
RECURRING ELECTRIC UTILITY BILL,servicios,en,Electric Utility Bill
PAYMENT SPECTRUM CABLE,servicios,en,Spectrum Cable
Utility Bill NEW YORK,servicios,en,Utility Bill
SEGURO,finanzas,es,Seguro
Target,compras,en,Target
Target #8938,compras,en,Target
TIM CELULAR,servicios,pt,TIM Celular
Predial Municipal *B0KXQM6,finanzas,es,Predial Municipal
DEBIT BART,transporte,en,BART
CHINA IN BOX,alimentacion,pt,China in Box
DEBIT AMAZON,compras,en,Amazon
ADIDAS US HOUSTON,compras,en,Adidas US
CFE Electricidad,servicios,es,CFE Electricidad
DEBIT Regal Cinemas,entretenimiento,en,Regal Cinemas
Zona Sul,alimentacion,pt,Zona Sul
Atacadao *L532,alimentacion,pt,Atacadao
MORTGAGE PAYMENT,vivienda,en,Mortgage Payment
Intereses,finanzas,es,Intereses
Bus Fare,transporte,en,Bus Fare
PIX SHOPEE BRASIL,compras,pt,Shopee Brasil
COMPRA NETFLIX BRASIL,entretenimiento,pt,Netflix Brasil
PANADERIA LA ESPIGA MONTERREY,alimentacion,es,Panaderia La Espiga
COMPRA EN Curso de Ingles Harmon Hall,educacion,es,Curso de Ingles Harmon Hall
Gasolina BELO HORIZONTE,transporte,pt,Gasolina
KFC *5NWQV,alimentacion,es,KFC
Gasto Vario GUADALAJARA,otros,es,Gasto Vario
NATURAL GAS COMPANY SEATTLE,servicios,en,Natural Gas Company
PAGAMENTO Marcenaria Souza,vivienda,pt,Marcenaria Souza
INVERSION,ahorro_inversion,es,Inversion
Dunkin Donuts *V1ITUM4,alimentacion,en,Dunkin Donuts
Ingreso,ingresos,es,Ingreso
Overdraft Fee DENVER,finanzas,en,Overdraft Fee
GOL LINHAS AEREAS BR,transporte,pt,Gol Linhas Aereas
OXXO SUC 5238,alimentacion,es,Oxxo
COMPRA Nuinvest Aporte,ahorro_inversion,pt,Nuinvest Aporte
RECEITA,ingresos,pt,Receita
PAGO AGUA Y SANEAMIENTO SACMEX,servicios,es,Agua y Saneamiento SACMEX
Greyhound *PSFZVE,transporte,en,Greyhound
Macys,compras,en,Macys
PAYMENT Bank Service Fee,finanzas,en,Bank Service Fee
ACH Home Depot,vivienda,en,Home Depot
HOSPITAL ALBERT EINSTEIN BR,salud,pt,Hospital Albert Einstein
Home Maintenance,vivienda,en,Home Maintenance
Tortilleria San Juan TIJUANA,alimentacion,es,Tortilleria San Juan
BOOKS,educacion,en,Books
Salao de Beleza #2364,otros,pt,Salao de Beleza
Abono de Sueldo TIJUANA,ingresos,es,Abono de Sueldo
Manutencao do Lar,vivienda,pt,Manutencao do Lar
PURCHASE Parking Garage Downtown,transporte,en,Parking Garage Downtown
PAGO STARBUCKS,alimentacion,es,Starbucks
COMPRA TDC INTERESES CREDITO NOMINA,finanzas,es,Intereses Credito Nomina
Farmacias Similares,salud,es,Farmacias Similares
IPVA Detran,finanzas,pt,IPVA Detran
MERCADO LIVRE #9384,compras,pt,Mercado Livre
POS CERTIFICATE OF DEPOSIT,ahorro_inversion,en,Certificate of Deposit
Binance Compra,ahorro_inversion,es,Binance Compra
POS AT&T Internet,servicios,en,AT&T Internet
Cafe Punta del Cielo *76RKQ4,alimentacion,es,Cafe Punta del Cielo
XBOX LIVE CHICAGO,entretenimiento,en,Xbox Live
MENSALIDADE,educacion,pt,Mensalidade
Khan Academy Donation,educacion,en,Khan Academy Donation
RECURRING Olive Garden,alimentacion,en,Olive Garden
Hair Salon US,otros,en,Hair Salon
POSTO IPIRANGA,transporte,pt,Posto Ipiranga
PAGO DE HIPOTECA,vivienda,es,Pago de Hipoteca
MENSALIDADE ESCOLA OBJETIVO RIO DE JANEIRO,educacion,pt,Mensalidade Escola Objetivo
DOM DEVOLUCION DE IMPUESTOS SAT,ingresos,es,Devolucion de Impuestos SAT
SALARY,ingresos,en,Salary
PAGO GIMNASIO SMART FIT,entretenimiento,es,Gimnasio Smart Fit
Cartorio Taxa,otros,pt,Cartorio Taxa
Didi Food,alimentacion,es,Didi Food
Apartment Rent SEATTLE,vivienda,en,Apartment Rent
Udemy Curso,educacion,es,Udemy Curso
KFC,alimentacion,es,KFC
Oi Telecomunicacoes #3428,servicios,pt,Oi Telecomunicacoes
ACH Walmart US,compras,en,Walmart US
Wayfair LOS ANGELES,compras,en,Wayfair
Kumon Matematicas #4101,educacion,es,Kumon Matematicas
Plomeria Rapida,vivienda,es,Plomeria Rapida
CURSO,educacion,es,Curso
PEAJE,transporte,es,Peaje
Life Insurance Premium,finanzas,en,Life Insurance Premium
Matricula PORTO ALEGRE,educacion,pt,Matricula
RENTAL INCOME #6162,ingresos,en,Rental Income
ACH WATER BILL,servicios,en,Water Bill
COMBUSTIBLE,transporte,es,Combustible
HOA Dues,vivienda,en,HOA Dues
RICO INVESTIMENTOS,ahorro_inversion,pt,Rico Investimentos
Pago de Deuda TIJUANA,finanzas,es,Pago de Deuda
PAYMENT Amtrak,transporte,en,Amtrak
Education,educacion,en,Education
RECURRING ALBERTSONS,alimentacion,en,Albertsons
DOM DISH MEXICO,servicios,es,Dish Mexico
COMPRA CARTAO Habibs,alimentacion,pt,Habibs
Restaurante El Farolito *8H3XQY,alimentacion,es,Restaurante El Farolito
COMPRA EN Inversion GBM Fondos,ahorro_inversion,es,Inversion GBM Fondos
Barberia El Corte #2008,otros,es,Barberia El Corte
TARJ Reparto de Utilidades,ingresos,es,Reparto de Utilidades
HEALTH INSURANCE PREMIUM,salud,en,Health Insurance Premium
CAFETERIA,alimentacion,es,Cafeteria
BP Gasolinera *V4B1,transporte,es,BP Gasolinera
Costco #7360,alimentacion,es,Costco
PAO DE ACUCAR,alimentacion,pt,Pao de Acucar
INVESTIMENTO,ahorro_inversion,pt,Investimento
ACH T-MOBILE,servicios,en,T-Mobile
ELEKTRA TIJUANA,compras,es,Elektra
Tax Refund MIAMI,ingresos,en,Tax Refund
CARD Payroll Deposit,ingresos,en,Payroll Deposit
AT&T Mexico,servicios,es,AT&T Mexico
Salud GUADALAJARA,salud,es,Salud
PIX SPTrans,transporte,pt,SPTrans
COMPRA TDC DiDi,transporte,es,DiDi
SEGURO AUTO PORTO SEGURO,finanzas,pt,Seguro Auto Porto Seguro
Lab Test NEW YORK,salud,en,Lab Test
Estacionamento,transporte,pt,Estacionamento
Walmart,alimentacion,es,Walmart
Alquiler,vivienda,es,Alquiler
PERSONAL LOAN PAYMENT *IVW328,finanzas,en,Personal Loan Payment
Gift,compras,en,Gift
COMPRA EN Cetes Directo,ahorro_inversion,es,Cetes Directo
COMPRA Condominio Edificio Aurora,vivienda,pt,Condominio Edificio Aurora
VETERINARIA PATITAS,otros,es,Veterinaria Patitas
AT&T MEXICO,servicios,es,AT&T Mexico
Financiamento da Casa SALVADOR,vivienda,pt,Financiamento da Casa
PAGO SERVICIO HOSPITAL ANGELES,salud,es,Hospital Angeles
PAYMENT Macys,compras,en,Macys
PAGO DE DEUDA,finanzas,es,Pago de Deuda
Luz CURITIBA,servicios,pt,Luz
PAGO SERVICIO McDonalds,alimentacion,es,McDonalds
WAYFAIR,compras,en,Wayfair
COMPRA EN Tag IAVE,transporte,es,Tag IAVE
CONTA DE LUZ,servicios,pt,Conta de Luz
Videojuegos,entretenimiento,es,Videojuegos
MEDICAMENTOS,salud,es,Medicamentos
PAGO SERVICIO Taqueria El Paisa,alimentacion,es,Taqueria El Paisa
PIX Drogaria Sao Paulo,salud,pt,Drogaria Sao Paulo
ACH Loan Interest Payment,finanzas,en,Loan Interest Payment
Curso de Ingles Wizard #2046,educacion,pt,Curso de Ingles Wizard
COMPRA DE DOLARES GUADALAJARA,ahorro_inversion,es,Compra de Dolares
PROPERTY TAX #3869,vivienda,en,Property Tax
Eletronicos,compras,pt,Eletronicos
PAGAMENTO Copel Distribuicao,servicios,pt,Copel Distribuicao
COMPRA TDC Metro CDMX,transporte,es,Metro CDMX
PAGO COMERCIAL MEXICANA,alimentacion,es,Comercial Mexicana
ACH Life Insurance Premium,finanzas,en,Life Insurance Premium
COMPRA RENNER,compras,pt,Renner
SALARIO,ingresos,es,Salario
DEBITO AUTOMATICO Droga Raia,salud,pt,Droga Raia
Misc Expense,otros,en,Misc Expense
Ocio,entretenimiento,es,Ocio
Khan Academy Donation *J90PNOD,educacion,en,Khan Academy Donation
DEBIT KROGER,alimentacion,en,Kroger
DEBITO AUTOMATICO Outback,alimentacion,pt,Outback
RECURRING Kroger,alimentacion,en,Kroger
CARD DELTA AIR LINES,transporte,en,Delta Air Lines
Pasaje Autobus TIJUANA,transporte,es,Pasaje Autobus
ACH SAFEWAY,alimentacion,en,Safeway
Renner RECIFE,compras,pt,Renner
CARTAO Emprestimo Pessoal Santander,finanzas,pt,Emprestimo Pessoal Santander
Starbucks #5833,alimentacion,es,Starbucks
RECURRING 401K CONTRIBUTION,ahorro_inversion,en,401k Contribution
TARJ TOTALPLAY,servicios,es,Totalplay
PAGO SERVICIO Inversion GBM Fondos,ahorro_inversion,es,Inversion GBM Fondos
Apple Store US,compras,en,Apple Store
Sportsworld Gym *CHDTEQ,entretenimiento,es,Sportsworld Gym
Uber Eats,alimentacion,es,Uber Eats
DEBIT Aldi,alimentacion,en,Aldi
Conta de Luz Enel BELO HORIZONTE,servicios,pt,Conta de Luz Enel
Material Escolar MONTERREY,educacion,es,Material Escolar
PUBLIC TRANSIT,transporte,en,Public Transit
TED VIVO FIBRA,servicios,pt,Vivo Fibra
AMC THEATRES MIAMI,entretenimiento,en,AMC Theatres
INVESTMENT,ahorro_inversion,en,Investment
AMERICANAS,compras,pt,Americanas
PAGO SERVICIO LA COMER,alimentacion,es,La Comer
EDUCACAO,educacion,pt,Educacao
TRANSFER TO SAVINGS US,ahorro_inversion,en,Transfer to Savings
GIMNASIO,entretenimiento,es,Gimnasio
PAGO Elektra,compras,es,Elektra
Azul Linhas Aereas,transporte,pt,Azul Linhas Aereas
TARJ MOBIL,transporte,es,Mobil
Investment SEATTLE,ahorro_inversion,en,Investment
FARMACIAS GUADALAJARA,salud,es,Farmacias Guadalajara
BOBS RECIFE,alimentacion,pt,Bobs
AT&T Internet US,servicios,en,AT&T Internet
Retiro de Efectivo,otros,es,Retiro de Efectivo
Best Buy US,compras,en,Best Buy
SARAIVA LIVROS,educacion,pt,Saraiva Livros
Seguro Medico,salud,es,Seguro Medico
Hospital Albert Einstein,salud,pt,Hospital Albert Einstein
COMPRA EN Cafe Punta del Cielo,alimentacion,es,Cafe Punta del Cielo
COMPRA EN Compra de Dolares,ahorro_inversion,es,Compra de Dolares
Nomina QUERETARO,ingresos,es,Nomina
Taxa de Condominio RECIFE,vivienda,pt,Taxa de Condominio
MENSALIDADE ESCOLA OBJETIVO *1L8RG2,educacion,pt,Mensalidade Escola Objetivo
LAVANDERIA EXPRESS *KWBFTM4R,otros,es,Lavanderia Express
CURSO DE INGLES WIZARD,educacion,pt,Curso de Ingles Wizard
Marisqueria La Costa MONTERREY,alimentacion,es,Marisqueria La Costa
Vivo Fibra #9041,servicios,pt,Vivo Fibra
DEBITO AUTOMATICO Comgas,servicios,pt,Comgas
COMPRA EN Tortilleria San Juan,alimentacion,es,Tortilleria San Juan
ACH AMC Theatres,entretenimiento,en,AMC Theatres
COMPRA TDC Beat,transporte,es,Beat
Pago de Hipoteca,vivienda,es,Pago de Hipoteca
PURCHASE CVS PHARMACY,salud,en,CVS Pharmacy
PAYMENT Plumbing Service,vivienda,en,Plumbing Service
Notary Fee *L0VSD,otros,en,Notary Fee
RECURRING EBAY,compras,en,eBay
RENTA,vivienda,es,Renta
Ahorro CDMX,ahorro_inversion,es,Ahorro
Footwear,compras,en,Footwear
SALUD DIGNA,salud,es,Salud Digna
CARD BP FUEL,transporte,en,BP Fuel
WIRE TRANSFER RECEIVED,ingresos,en,Wire Transfer Received
SKY TELEVISION MEX,servicios,es,Sky Television
Uber Brasil #4523,transporte,pt,Uber Brasil
AGUA Y SANEAMIENTO SACMEX #6500,servicios,es,Agua y Saneamiento SACMEX
PAYMENT Steam Store,entretenimiento,en,Steam Store
DEBITO AUTOMATICO Posto BR Petrobras,transporte,pt,Posto BR Petrobras
Bar La Cerveceria CDMX,entretenimiento,es,Bar La Cerveceria
Regal Cinemas,entretenimiento,en,Regal Cinemas
MORTGAGE,vivienda,en,Mortgage
DOM CFE ELECTRICIDAD,servicios,es,CFE Electricidad
Combustivel RECIFE,transporte,pt,Combustivel
Home Depot Mexico,vivienda,es,Home Depot Mexico
COMPRA Investimento XP,ahorro_inversion,pt,Investimento XP
CARD MTA Subway,transporte,en,MTA Subway
PURCHASE STEAM STORE,entretenimiento,en,Steam Store
COMPRA EN ANDREA ZAPATOS,compras,es,Andrea Zapatos
COMPRA Posto BR Petrobras,transporte,pt,Posto BR Petrobras
LIVRARIA CULTURA PORTO ALEGRE,educacion,pt,Livraria Cultura
Libreria Gandhi PUEBLA,educacion,es,Libreria Gandhi
Folha de Pagamento,ingresos,pt,Folha de Pagamento
Sanborns MEX,alimentacion,es,Sanborns
Coursera Cursos MEX,educacion,es,Coursera Cursos
CARD EQUINOX GYM,entretenimiento,en,Equinox Gym
Telha Norte BR,vivienda,pt,Telha Norte
Abarrotes MONTERREY,alimentacion,es,Abarrotes
CARD CVS Pharmacy,salud,en,CVS Pharmacy
Sin Clasificar TIJUANA,otros,es,Sin Clasificar
Netflix US *X0E1SJBU,entretenimiento,en,Netflix US
Urgent Care Visit US,salud,en,Urgent Care Visit
ETN TURISTAR *47WO,transporte,es,ETN Turistar
Bank Fee SEATTLE,finanzas,en,Bank Fee
CALCADOS,compras,pt,Calcados
DEBITO AUTOMATICO TIM Celular,servicios,pt,TIM Celular
RENTA DEPARTAMENTO SUC 8691,vivienda,es,Renta Departamento
CARTAO LANCAMENTO NAO IDENTIFICADO,otros,pt,Lancamento Nao Identificado
Lancamento Diverso SAO PAULO,otros,pt,Lancamento Diverso
COMPRA TDC DEVOLUCION DE IMPUESTOS SAT,ingresos,es,Devolucion de Impuestos SAT
Ingresso.com Show,entretenimiento,pt,Ingresso.com Show
LIVERPOOL MUEBLES #1970,vivienda,es,Liverpool Muebles
DOM UDEMY CURSO,educacion,es,Udemy Curso
INTERNET SERVICE PROVIDER #1240,servicios,en,Internet Service Provider
Pagamento de Divida,finanzas,pt,Pagamento de Divida
CLIENT INVOICE PAID MIAMI,ingresos,en,Client Invoice Paid
ALUGUEL RECEBIDO *DXORR,ingresos,pt,Aluguel Recebido
TRANSPORTE,transporte,es,Transporte
Cinema,entretenimiento,pt,Cinema
LAB TEST,salud,en,Lab Test
PURCHASE Plumbing Service,vivienda,en,Plumbing Service
Transporte Publico SAO PAULO,transporte,pt,Transporte Publico
PAGO SERVICIO NETFLIX,entretenimiento,es,Netflix
SENDAS BR,alimentacion,pt,Sendas
CARTAO SPTrans,transporte,pt,SPTrans
PURCHASE Auto Insurance Geico,finanzas,en,Auto Insurance Geico
DEBIT Shell Gas Station,transporte,en,Shell Gas Station
COMPRA CONSULTA MEDICA,salud,pt,Consulta Medica
Fast Shop *2IAT44QI,compras,pt,Fast Shop
Juros Cheque Especial *ZKT9ROM,finanzas,pt,Juros Cheque Especial
PALACIO DE HIERRO,compras,es,Palacio de Hierro
PAGAMENTO DE CLIENTE PORTO ALEGRE,ingresos,pt,Pagamento de Cliente
PAYMENT Comcast Xfinity,servicios,en,Comcast Xfinity
COMPRA EN PEMEX,transporte,es,Pemex
Panaderia La Espiga,alimentacion,es,Panaderia La Espiga
Comgas #1141,servicios,pt,Comgas
FERRETERIA EL TORNILLO #7534,vivienda,es,Ferreteria El Tornillo
PAGO TOKS,alimentacion,es,Toks
PAGAMENTO MERCADINHO SAO LUIZ,alimentacion,pt,Mercadinho Sao Luiz
Deposito em Conta *FBYJ3EUN,ingresos,pt,Deposito em Conta
Streaming,entretenimiento,es,Streaming
PIX Recebido Salario,ingresos,pt,PIX Recebido Salario
Public Transit,transporte,en,Public Transit
ACH UBER US,transporte,en,Uber US
GIRAFFAS,alimentacion,pt,Giraffas
HBO MAX US *SQGOR,entretenimiento,en,HBO Max US
Barberia El Corte MEX,otros,es,Barberia El Corte
Megacable,servicios,es,Megacable
DISPOSICION DE EFECTIVO *V4C7N1,otros,es,Disposicion de Efectivo
CONECTCAR,transporte,pt,ConectCar
HBO Max,entretenimiento,es,HBO Max
PLANO DE SAUDE,salud,pt,Plano de Saude
METRO CDMX,transporte,es,Metro CDMX
MANUTENCAO DO LAR,vivienda,pt,Manutencao do Lar
TED Telecine,entretenimiento,pt,Telecine
Nuinvest Aporte #1448,ahorro_inversion,pt,Nuinvest Aporte
CARD TAX REFUND,ingresos,en,Tax Refund
DEBIT NIKE,compras,en,Nike
Natural Gas LOS ANGELES,servicios,en,Natural Gas
PAGAMENTO Cafeteria Suplicy,alimentacion,pt,Cafeteria Suplicy
Electronica QUERETARO,compras,es,Electronica
CARD ATM Withdrawal,otros,en,ATM Withdrawal
PAYMENT Dental Clinic,salud,en,Dental Clinic
DEBIT CHIPOTLE,alimentacion,en,Chipotle
RENTA RECIBIDA DE INQUILINO,ingresos,es,Renta Recibida de Inquilino
DISNEY PLUS #5485,entretenimiento,es,Disney Plus
Water,servicios,en,Water
DEBITO AUTOMATICO Reforma Predial,vivienda,pt,Reforma Predial
FERRETERIA EL TORNILLO,vivienda,es,Ferreteria El Tornillo
PIX Americanas,compras,pt,Americanas
Electronics,compras,en,Electronics
IRS Tax Payment,finanzas,en,IRS Tax Payment
PIX Doacao ONG,otros,pt,Doacao ONG
COLEGIO PARTICULAR CUOTA *SO53J,educacion,es,Colegio Particular Cuota
BARBEARIA DO JOAO,otros,pt,Barbearia do Joao
Luz MERIDA,servicios,es,Luz
Debt Payment HOUSTON,finanzas,en,Debt Payment
PAGAMENTO Material Escolar,educacion,pt,Material Escolar
PAGO SERVICIO AliExpress,compras,es,AliExpress
PREDIAL MUNICIPAL MERIDA,finanzas,es,Predial Municipal
Nike,compras,en,Nike
Aportacion a Fondo MERIDA,ahorro_inversion,es,Aportacion a Fondo
DEBITO AUTOMATICO Deezer Premium,entretenimiento,pt,Deezer Premium
Consulta Medica,salud,es,Consulta Medica
TARJ La Comer,alimentacion,es,La Comer
Debt Payment,finanzas,en,Debt Payment
ACH Apple Store,compras,en,Apple Store
Cafeteria QUERETARO,alimentacion,es,Cafeteria
METRO CDMX MEX,transporte,es,Metro CDMX
Condominio CURITIBA,vivienda,pt,Condominio
TED Big Bompreco,alimentacion,pt,Big Bompreco
TED CAFETERIA SUPLICY,alimentacion,pt,Cafeteria Suplicy
Unimed Plano de Saude,salud,pt,Unimed Plano de Saude
Lazer RECIFE,entretenimiento,pt,Lazer
REGALO,compras,es,Regalo
Transporte,transporte,es,Transporte
PIX Material Escolar,educacion,pt,Material Escolar
FUNDO DE INVESTIMENTO,ahorro_inversion,pt,Fundo de Investimento
CAFETERIA SUPLICY,alimentacion,pt,Cafeteria Suplicy
PAGO SERVICIO Gasolinera Total,transporte,es,Gasolinera Total
Supermercado TIJUANA,alimentacion,es,Supermercado
Clinica Medica Sur *YHDMPP,salud,es,Clinica Medica Sur
EBAY,compras,en,eBay
COMPRA EN VOLARIS,transporte,es,Volaris
DEBIT MTA Subway,transporte,en,MTA Subway
Rent,vivienda,en,Rent
RECURRING T-MOBILE,servicios,en,T-Mobile
SORIANA SUC 3833,alimentacion,es,Soriana
CERTIFICATE OF DEPOSIT US,ahorro_inversion,en,Certificate of Deposit
PAYMENT EZ PASS TOLL,transporte,en,EZ Pass Toll
SPTRANS *645KE,transporte,pt,SPTrans
VIDEOJUEGOS,entretenimiento,es,Videojuegos
PAGO SERVICIO Kuspit Inversiones,ahorro_inversion,es,Kuspit Inversiones
Panera Bread *5M3GI,alimentacion,en,Panera Bread
ACH FIVE GUYS,alimentacion,en,Five Guys
Utilities,servicios,en,Utilities
PAGO SERVICIO OXXO,alimentacion,es,Oxxo
NOMINA QUINCENAL,ingresos,es,Nomina Quincenal
COMPRA CARTAO Decimo Terceiro,ingresos,pt,Decimo Terceiro
COMPRA EN Metrobus,transporte,es,Metrobus
Insurance MIAMI,finanzas,en,Insurance
COMPRA TELHA NORTE,vivienda,pt,Telha Norte
Shopping CHICAGO,compras,en,Shopping
PARAMOUNT PLUS #6544,entretenimiento,es,Paramount Plus
TOLL,transporte,en,Toll
PAGAMENTO BAR DO ZECA,entretenimiento,pt,Bar do Zeca
PAGO SERVICIO GAS NATURAL FENOSA,servicios,es,Gas Natural Fenosa
DOM FARMACIAS SIMILARES,salud,es,Farmacias Similares
Laboratorio PUEBLA,salud,es,Laboratorio
PAGAMENTO UBER BRASIL,transporte,pt,Uber Brasil
PANERA BREAD,alimentacion,en,Panera Bread
COMPRA TDC COSTCO,alimentacion,es,Costco
COMPRA TDC Liverpool,compras,es,Liverpool
MULTA DE TRANSITO *610VIW,finanzas,es,Multa de Transito
CARTAO CEMIG Energia,servicios,pt,CEMIG Energia
EDUCATION,educacion,en,Education
RECURRING Verizon Wireless,servicios,en,Verizon Wireless
Gas Domestico,servicios,es,Gas Domestico
Mercado Libre MEX,compras,es,Mercado Libre
TELHA NORTE #9393,vivienda,pt,Telha Norte
TARJ Colegiatura Universidad UNAM,educacion,es,Colegiatura Universidad UNAM
TED Conta de Gas,servicios,pt,Conta de Gas
Cuota de Mantenimiento GUADALAJARA,vivienda,es,Cuota de Mantenimiento
PUBLIX,alimentacion,en,Publix
PAYMENT Xbox Live,entretenimiento,en,Xbox Live
COMPRA EN Notaria Publica Tramite,otros,es,Notaria Publica Tramite
AUTO INSURANCE GEICO #1866,finanzas,en,Auto Insurance Geico
PAGO Kumon Matematicas,educacion,es,Kumon Matematicas
PURCHASE Rental Income,ingresos,en,Rental Income
ACH Grubhub,alimentacion,en,Grubhub
KROGER SEATTLE,alimentacion,en,Kroger
Toks CDMX,alimentacion,es,Toks
COMPRA TDC WALMART,alimentacion,es,Walmart
Curso TIJUANA,educacion,es,Curso
Roth IRA Deposit,ahorro_inversion,en,Roth IRA Deposit
Leisure DENVER,entretenimiento,en,Leisure
PAYMENT Apartment Rent,vivienda,en,Apartment Rent
Chedraui *EYY37Q9,alimentacion,es,Chedraui
IKEA MEXICO GUADALAJARA,vivienda,es,Ikea Mexico
ENROLLMENT,educacion,en,Enrollment
Supermarket LOS ANGELES,alimentacion,en,Supermarket
PAGO Pago Minimo Banamex,finanzas,es,Pago Minimo Banamex
Payroll,ingresos,en,Payroll
Seguro Medico MERIDA,salud,es,Seguro Medico
RECURRING Emergency Fund Transfer,ahorro_inversion,en,Emergency Fund Transfer
ANDREA ZAPATOS SUC 6176,compras,es,Andrea Zapatos
DOM TRANSFERENCIA A CUENTA DE AHORRO,ahorro_inversion,es,Transferencia a Cuenta de Ahorro
LYFT *WZIHO2,transporte,en,Lyft
DEBITO AUTOMATICO ALUGUEL APARTAMENTO,vivienda,pt,Aluguel Apartamento
Spotify USA US,entretenimiento,en,Spotify USA
DEBIT Roth IRA Deposit,ahorro_inversion,en,Roth IRA Deposit
PIX STEAM GAMES,entretenimiento,pt,Steam Games
PURCHASE Aldi,alimentacion,en,Aldi
Misc Expense LOS ANGELES,otros,en,Misc Expense
COMPRA TDC MEXIBUS,transporte,es,Mexibus
Assinatura Streaming,entretenimiento,pt,Assinatura Streaming
IOF Operacao #1389,finanzas,pt,IOF Operacao
Contas da Casa SALVADOR,servicios,pt,Contas da Casa
Apartment Rent #294,vivienda,en,Apartment Rent
Despesa Diversa,otros,pt,Despesa Diversa
Verizon Wireless,servicios,en,Verizon Wireless
SPOTIFY USA #3882,entretenimiento,en,Spotify USA
GROCERIES,alimentacion,en,Groceries
Casa e Video Moveis CURITIBA,vivienda,pt,Casa e Video Moveis
DISPOSICION DE EFECTIVO,otros,es,Disposicion de Efectivo
Poupanca RECIFE,ahorro_inversion,pt,Poupanca
PALACIO DE HIERRO SUC 1121,compras,es,Palacio de Hierro
PURCHASE LOWES HOME IMPROVEMENT,vivienda,en,Lowes Home Improvement
DEBITO AUTOMATICO POSTO SHELL,transporte,pt,Posto Shell
Aporte em Fundo SALVADOR,ahorro_inversion,pt,Aporte em Fundo
HOSPITAL ANGELES MEX,salud,es,Hospital Angeles
DEBITO AUTOMATICO PIX Recebido Salario,ingresos,pt,PIX Recebido Salario
CARTAO Magazine Luiza,compras,pt,Magazine Luiza
Laboratorio SALVADOR,salud,pt,Laboratorio
MARCENARIA SOUZA *IAEBJ,vivienda,pt,Marcenaria Souza
APORTACION A FONDO,ahorro_inversion,es,Aportacion a Fondo
SHEIN #3010,compras,es,Shein
HIPOTECA,vivienda,es,Hipoteca
SALUD,salud,es,Salud
PAGAMENTO DE ALUGUEL,vivienda,pt,Pagamento de Aluguel
Southwest Airlines DENVER,transporte,en,Southwest Airlines
CARD APPLE STORE,compras,en,Apple Store
Salario QUERETARO,ingresos,es,Salario
IMPOSTO DE RENDA RECEITA FEDERAL *IJG7,finanzas,pt,Imposto de Renda Receita Federal
COMPRA CARTAO NUINVEST APORTE,ahorro_inversion,pt,Nuinvest Aporte
Financiamento da Casa,vivienda,pt,Financiamento da Casa
TARJ TREN LIGERO,transporte,es,Tren Ligero
REFORMA PREDIAL,vivienda,pt,Reforma Predial
Fidelity Brokerage US,ahorro_inversion,en,Fidelity Brokerage
PAGO SERVICIO Costco,alimentacion,es,Costco
BP GASOLINERA #2736,transporte,es,BP Gasolinera
DEBITO AUTOMATICO CENTAURO ESPORTES,compras,pt,Centauro Esportes
SUBWAY #9372,alimentacion,es,Subway
Reparto de Utilidades MEX,ingresos,es,Reparto de Utilidades
Laboratorio Chopo MEX,salud,es,Laboratorio Chopo
Deposit Received,ingresos,en,Deposit Received
ANUALIDAD DE TARJETA,finanzas,es,Anualidad de Tarjeta
PAGAMENTO Investimento XP,ahorro_inversion,pt,Investimento XP
Mercado,alimentacion,pt,Mercado
Financiamento Imobiliario Caixa,vivienda,pt,Financiamento Imobiliario Caixa
PAGO Viva Aerobus,transporte,es,Viva Aerobus
Didi Food SUC 6817,alimentacion,es,Didi Food
IKEA MEXICO SUC 3451,vivienda,es,Ikea Mexico
COMPRA EN DISNEY PLUS,entretenimiento,es,Disney Plus
Tortilleria San Juan MEX,alimentacion,es,Tortilleria San Juan
DOM Honorarios Profesionales,ingresos,es,Honorarios Profesionales
Pago de Renta,vivienda,es,Pago de Renta
SHELL MEXICO SUC 9397,transporte,es,Shell Mexico
Bus Fare CHICAGO,transporte,en,Bus Fare
PAGAMENTO Fundo de Investimento,ahorro_inversion,pt,Fundo de Investimento
POS INTERNET SERVICE PROVIDER,servicios,en,Internet Service Provider
Restaurante CDMX,alimentacion,es,Restaurante
OUTROS,otros,pt,Outros
COMPRA CARTAO EXTRA,alimentacion,pt,Extra
PREVIDENCIA PRIVADA BELO HORIZONTE,ahorro_inversion,pt,Previdencia Privada
DOM Tren Ligero,transporte,es,Tren Ligero
LABORATORIO,salud,es,Laboratorio
COMPRA ONLINE,compras,pt,Compra Online
RECIBO DE LUZ,servicios,es,Recibo de Luz
CARD Southwest Airlines,transporte,en,Southwest Airlines
VIDEO GAMES,entretenimiento,en,Video Games
PADARIA,alimentacion,pt,Padaria
PAGAMENTO DE DIVIDA,finanzas,pt,Pagamento de Divida
Student Loan Payment US,educacion,en,Student Loan Payment
Eletronicos BELO HORIZONTE,compras,pt,Eletronicos
COMPRA EN Subway,alimentacion,es,Subway
CUOTA DE MANTENIMIENTO,vivienda,es,Cuota de Mantenimiento
Reembolso de Despesas,ingresos,pt,Reembolso de Despesas
SKY TELEVISION,servicios,es,Sky Television
COMPRA TDC Regalo Cumpleanos,otros,es,Regalo Cumpleanos
Comision Bancaria PUEBLA,finanzas,es,Comision Bancaria
Honorarios Profesionales SUC 8872,ingresos,es,Honorarios Profesionales
DEBITO AUTOMATICO IPTU PREFEITURA,vivienda,pt,IPTU Prefeitura
PAGAMENTO AMAZON BRASIL,compras,pt,Amazon Brasil
CVS PHARMACY,salud,en,CVS Pharmacy
UNIDENTIFIED CHARGE US,otros,en,Unidentified Charge
Cafeteria,alimentacion,es,Cafeteria
DROGARIA SAO PAULO,salud,pt,Drogaria Sao Paulo
PURCHASE Vanguard Investment,ahorro_inversion,en,Vanguard Investment
Saque PORTO ALEGRE,otros,pt,Saque
Calzado,compras,es,Calzado
COMPRA Outback,alimentacion,pt,Outback
Agua,servicios,es,Agua
PAYMENT HBO MAX US,entretenimiento,en,HBO Max US
DEBIT Rental Income,ingresos,en,Rental Income
SEM PARAR RECIFE,transporte,pt,Sem Parar
PAGO SERVICIO Seguro de Auto Qualitas,finanzas,es,Seguro de Auto Qualitas
ANUIDADE DO CARTAO,finanzas,pt,Anuidade do Cartao
Estacionamento SALVADOR,transporte,pt,Estacionamento
TARJ Soriana,alimentacion,es,Soriana
Coppel SUC 3364,compras,es,Coppel
SARAIVA LIVROS #5369,educacion,pt,Saraiva Livros
METRO SAO PAULO BR,transporte,pt,Metro Sao Paulo
Viva Aerobus #1050,transporte,es,Viva Aerobus
DEBITO AUTOMATICO Ponto Frio,compras,pt,Ponto Frio
COINBASE PURCHASE *H0Q5AHZM,ahorro_inversion,en,Coinbase Purchase
DIRECT DEPOSIT SALARY #2086,ingresos,en,Direct Deposit Salary
DOMINOS PIZZA SUC 575,alimentacion,es,Dominos Pizza
DOM MEXIBUS,transporte,es,Mexibus
DEBITO AUTOMATICO SPTRANS,transporte,pt,SPTrans
HBO Max US #4658,entretenimiento,en,HBO Max US
CARD Hair Salon,otros,en,Hair Salon
Decimo Terceiro,ingresos,pt,Decimo Terceiro
ALIMENTACAO,alimentacion,pt,Alimentacao
Groceries CHICAGO,alimentacion,en,Groceries
SPOLETO #4835,alimentacion,pt,Spoleto
RAPPI MEX,alimentacion,es,Rappi
TED Juros Cheque Especial,finanzas,pt,Juros Cheque Especial
DOM AUTOBUSES ADO,transporte,es,Autobuses ADO
Coffee Shop,alimentacion,en,Coffee Shop
Aguinaldo #1037,ingresos,es,Aguinaldo
TARIFA BANCARIA ITAU *M5L4SD2,finanzas,pt,Tarifa Bancaria Itau
PAGO SERVICIO MERCADO LIBRE,compras,es,Mercado Libre
Robinhood Deposit,ahorro_inversion,en,Robinhood Deposit
Fund Contribution,ahorro_inversion,en,Fund Contribution
Farmacias Guadalajara *Z97ZQ512,salud,es,Farmacias Guadalajara
TARJ DONATIVO CRUZ ROJA,otros,es,Donativo Cruz Roja
Hipoteca TIJUANA,vivienda,es,Hipoteca
Vips *MN4R7,alimentacion,es,Vips
COMPRA CARTAO CLINICA ODONTOLOGICA,salud,pt,Clinica Odontologica
PAGO BODEGA AURRERA,alimentacion,es,Bodega Aurrera
Mercadinho Sao Luiz SALVADOR,alimentacion,pt,Mercadinho Sao Luiz
DEBITO AUTOMATICO ESTACIONAMENTO ESTAPAR,transporte,pt,Estacionamento Estapar
PAYMENT Etsy,compras,en,Etsy
COMPRA EN Veterinaria Patitas,otros,es,Veterinaria Patitas
DEBIT Best Buy,compras,en,Best Buy
ACH EBAY,compras,en,eBay
DROGARIA SAO PAULO #4919,salud,pt,Drogaria Sao Paulo
Marcenaria Souza #3045,vivienda,pt,Marcenaria Souza
POUPANCA,ahorro_inversion,pt,Poupanca
BARBER SHOP NEW YORK,otros,en,Barber Shop
Ticketmaster Event,entretenimiento,en,Ticketmaster Event
FARMACIA,salud,es,Farmacia
PAGAMENTO Casa do Pao de Queijo,alimentacion,pt,Casa do Pao de Queijo
Videojuegos MONTERREY,entretenimiento,es,Videojuegos
Aeromexico SUC 6728,transporte,es,Aeromexico
PAGO CINEMEX,entretenimiento,es,Cinemex
COMPRA TDC PAGO MINIMO BANAMEX,finanzas,es,Pago Minimo Banamex
Best Buy Mexico,compras,es,Best Buy Mexico
Aplicacao Financeira,ahorro_inversion,pt,Aplicacao Financeira
Spotify Premium,entretenimiento,es,Spotify Premium
Taco Bell MIAMI,alimentacion,en,Taco Bell
PAGO BEST BUY MEXICO,compras,es,Best Buy Mexico
DEBITO AUTOMATICO BRT RIO,transporte,pt,BRT Rio
Salario Mensal,ingresos,pt,Salario Mensal
Emergency Fund Transfer,ahorro_inversion,en,Emergency Fund Transfer
COMPRA TDC Optica Devlyn,salud,es,Optica Devlyn
MERCADO LIVRE,compras,pt,Mercado Livre
TAG IAVE *L49WWKQ,transporte,es,Tag IAVE
Transferencia a Ahorro CDMX,ahorro_inversion,es,Transferencia a Ahorro
COMPRA TDC Burger King,alimentacion,es,Burger King
PAGO HIPOTECA INFONAVIT SUC 7979,vivienda,es,Pago Hipoteca Infonavit
Deposito em Conta,ingresos,pt,Deposito em Conta
Utility Bill,servicios,en,Utility Bill
SUELDO,ingresos,es,Sueldo
ENTRETENIMIENTO,entretenimiento,es,Entretenimiento
EXTRA BELO HORIZONTE,alimentacion,pt,Extra
RESTAURANTE FOGO DE CHAO CURITIBA,alimentacion,pt,Restaurante Fogo de Chao
PURCHASE BP FUEL,transporte,en,BP Fuel
COMPRA TDC AGUINALDO,ingresos,es,Aguinaldo
Lanchonete,alimentacion,pt,Lanchonete
FINANCIAMENTO DA CASA,vivienda,pt,Financiamento da Casa
TED RECEBIDA,ingresos,pt,TED Recebida
Ropa,compras,es,Ropa
CARD Grubhub,alimentacion,en,Grubhub
KFC GUADALAJARA,alimentacion,es,KFC
CHEDRAUI,alimentacion,es,Chedraui
COMCAST XFINITY US,servicios,en,Comcast Xfinity
PURCHASE Coursera Subscription,educacion,en,Coursera Subscription
Hospital Angeles,salud,es,Hospital Angeles
DOM Subway,alimentacion,es,Subway
DEBIT Delta Air Lines,transporte,en,Delta Air Lines
DEBITO AUTOMATICO RESTAURANTE FOGO DE CHAO,alimentacion,pt,Restaurante Fogo de Chao
Renta Departamento,vivienda,es,Renta Departamento
IKEA,vivienda,en,IKEA
CLARO NET,servicios,pt,Claro Net
Inscripcion Tec de Monterrey SUC 9536,educacion,es,Inscripcion Tec de Monterrey
Brokerage Deposit LOS ANGELES,ahorro_inversion,en,Brokerage Deposit
Kroger,alimentacion,en,Kroger
ACADEMIA,entretenimiento,pt,Academia
Streaming Subscription,entretenimiento,en,Streaming Subscription
ELECTRIC UTILITY BILL #3059,servicios,en,Electric Utility Bill
POS Urgent Care Visit,salud,en,Urgent Care Visit
DEPOSIT RECEIVED,ingresos,en,Deposit Received
AT&T Mexico *MLGK8UUT,servicios,es,AT&T Mexico
ALUGUEL RECEBIDO,ingresos,pt,Aluguel Recebido
EXTRA *520RN6H,alimentacion,pt,Extra
Educacao,educacion,pt,Educacao
CUENTA DE AHORRO,ahorro_inversion,es,Cuenta de Ahorro
PAYMENT Chevron,transporte,en,Chevron
Naturgy Gas #5350,servicios,es,Naturgy Gas
CARTAO Azul Linhas Aereas,transporte,pt,Azul Linhas Aereas
BONUS,ingresos,en,Bonus
DOM Amazon Prime Video,entretenimiento,es,Amazon Prime Video
SPOTIFY PREMIUM MERIDA,entretenimiento,es,Spotify Premium
Compras,compras,es,Compras
CEMIG ENERGIA,servicios,pt,CEMIG Energia
GASOLINE,transporte,en,Gasoline
COMPRA CARTAO DESCOMPLICA,educacion,pt,Descomplica
BROKERAGE DEPOSIT,ahorro_inversion,en,Brokerage Deposit
DEBIT Walgreens,salud,en,Walgreens
Financiamento Imobiliario Caixa BR,vivienda,pt,Financiamento Imobiliario Caixa
Disney Plus US #841,entretenimiento,en,Disney Plus US
ACH NATURAL GAS COMPANY,servicios,en,Natural Gas Company
COMPRA TDC Ticketmaster Concierto,entretenimiento,es,Ticketmaster Concierto
Cobro a Cliente Freelance #1094,ingresos,es,Cobro a Cliente Freelance
Seguro SAO PAULO,finanzas,pt,Seguro
99 Taxi BELO HORIZONTE,transporte,pt,99 Taxi
COMPRA CARTAO Zona Sul,alimentacion,pt,Zona Sul
POS School Supplies,educacion,en,School Supplies
TARJ TRANSFERENCIA RECIBIDA,ingresos,es,Transferencia Recibida
DEBITO AUTOMATICO Netflix Brasil,entretenimiento,pt,Netflix Brasil
COMPRA CARTAO CASA E VIDEO MOVEIS,vivienda,pt,Casa e Video Moveis
Gasoline,transporte,en,Gasoline
POS STEAM STORE,entretenimiento,en,Steam Store
Oficina Mecanica Silva BR,transporte,pt,Oficina Mecanica Silva
NATURAL GAS,servicios,en,Natural Gas
